origin_geoid,Tot_Population_ACS_15_19,pct_NH_White_alone_ACS_15_19,pct_Prs_Blw_Pov_Lev_ACS_15_19,pct_Minority,Race,Poverty,origin_geoid_type,latitude,longitude
170310633032,705.0,78.72,5.39,2.41,White,Low_poverty,LPW,41.9332411,-87.6314673
170310812024,850.0,80.82,5.29,4.12,White,Low_poverty,LPW,41.90281,-87.6265543
170312420003,963.0,42.68,12.15,45.79,Other,Low_poverty,LPO,41.9024823,-87.6650756
170318241132,1367.0,96.42,0.0,0.0,White,Low_poverty,LPW,41.6223338,-87.8996399
170318428005,1512.0,6.42,30.36,93.58,Minority,High_poverty,HPM,41.8102442,-87.696345
170318130001,800.0,40.13,3.5,52.88,Minority,Low_poverty,LPM,41.8782613,-87.777035
170312431002,699.0,55.22,8.15,34.19,White,Low_poverty,LPW,41.8909869,-87.6744667
170318310002,1236.0,88.03,1.38,3.56,White,Low_poverty,LPW,41.9160088,-87.675141
170318133011,1261.0,4.12,27.76,95.88,Minority,Low_poverty,LPM,41.8621421,-87.7556382
170318124002,1089.0,71.35,7.71,13.22,White,Low_poverty,LPW,41.893443,-87.7935479
170318143001,2107.0,1.14,12.72,98.86,Minority,Low_poverty,LPM,41.8373598,-87.756008
170318277002,1052.0,16.73,24.31,79.28,Minority,Low_poverty,LPM,41.5826668,-87.6723683
170318068022,1549.0,35.05,2.97,42.8,Other,Low_poverty,LPO,42.0461836,-87.7439572
170318146003,797.0,23.34,3.26,72.27,Minority,Low_poverty,LPM,41.8598062,-87.7862518
170312213001,1303.0,45.13,29.85,48.12,Other,Low_poverty,LPO,41.9232152,-87.6998306
170318034001,896.0,89.4,3.46,2.46,White,Low_poverty,LPW,42.0771542,-87.9591633
170317505002,733.0,5.73,5.17,91.54,Minority,Low_poverty,LPM,41.6811457,-87.6775758
170311403023,2001.0,31.38,21.75,39.38,Other,Low_poverty,LPO,41.9736151,-87.7254913
170310608001,1500.0,72.0,5.87,10.73,White,Low_poverty,LPW,41.9529983,-87.6487977
170312105011,738.0,26.96,13.96,61.92,Minority,Low_poverty,LPM,41.9374886,-87.7188946
170316009001,537.0,39.66,9.12,18.44,Other,Low_poverty,LPO,41.8361686,-87.6479495
170318005002,1012.0,96.34,0.2,3.06,White,Low_poverty,LPW,42.0977522,-87.7323889
170318096003,1128.0,13.21,16.22,77.66,Minority,Low_poverty,LPM,42.0446618,-87.7043573
170318174002,1391.0,17.97,11.05,79.94,Minority,Low_poverty,LPM,41.8960169,-87.8386326
170310306012,999.0,31.03,22.22,29.23,Other,Low_poverty,LPO,41.9886687,-87.6588466
170318231015,1141.0,80.02,6.92,14.9,White,Low_poverty,LPW,41.6836399,-87.7927321
170317608034,1180.0,93.39,5.85,1.69,White,Low_poverty,LPW,41.9720847,-87.8401934
170318188002,496.0,98.39,6.85,1.61,White,Low_poverty,LPW,41.8239389,-87.8501487
170317306002,1716.0,0.7,28.21,98.55,Minority,Low_poverty,LPM,41.7102605,-87.6509789
170312519004,1520.0,1.38,44.61,97.76,Minority,High_poverty,HPM,41.8822713,-87.762559
170318347001,519.0,0.0,36.99,100.0,Minority,High_poverty,HPM,41.7906504,-87.6462795
170311505022,1020.0,63.63,12.75,25.78,White,Low_poverty,LPW,41.9567998,-87.7781071
170311913013,2218.0,0.72,4.82,97.93,Minority,Low_poverty,LPM,41.9201298,-87.7830304
170318300051,2459.0,30.01,0.75,67.26,Minority,Low_poverty,LPM,41.5201609,-87.7013575
170318072005,874.0,70.71,11.56,5.15,White,Low_poverty,LPW,42.0381726,-87.7298373
170312504002,1011.0,15.13,38.38,84.87,Minority,High_poverty,HPM,41.91099,-87.7685513
170311801003,1290.0,33.57,10.2,65.9,Minority,Low_poverty,LPM,41.9326488,-87.7998219
170318221021,1168.0,51.2,1.49,39.99,White,Low_poverty,LPW,41.7239031,-87.7273882
170318317001,2459.0,32.09,12.03,57.5,Minority,Low_poverty,LPM,41.9526506,-87.7452551
170318177001,479.0,8.98,5.01,91.02,Minority,Low_poverty,LPM,41.8694663,-87.8583072
170313008002,2058.0,0.73,37.9,99.27,Minority,High_poverty,HPM,41.8462961,-87.7075274
170310204002,1157.0,47.54,22.66,25.33,Other,Low_poverty,LPO,42.0085918,-87.6859123
170311405002,908.0,28.19,3.52,47.69,Other,Low_poverty,LPO,41.9658244,-87.7338713
170318194005,615.0,83.41,0.0,16.59,White,Low_poverty,LPW,41.8077118,-87.8562562
170318419002,3997.0,42.26,24.96,32.52,Other,Low_poverty,LPO,41.8657562,-87.6414114
170312522011,563.0,0.0,32.15,100.0,Minority,High_poverty,HPM,41.8794579,-87.7522068
170317608012,1636.0,70.29,8.99,22.56,White,Low_poverty,LPW,41.9821948,-87.8391838
170317108003,1312.0,0.0,18.29,100.0,Minority,Low_poverty,LPM,41.7447358,-87.647425
170315807001,408.0,7.35,22.3,80.88,Minority,Low_poverty,LPM,41.8134059,-87.6862811
170318302022,1113.0,13.3,10.87,85.18,Minority,Low_poverty,LPM,41.4864856,-87.6982608
170318412001,1110.0,21.35,6.85,74.77,Minority,Low_poverty,LPM,41.8532938,-87.6807733
170310312003,1671.0,29.08,43.03,66.01,Minority,High_poverty,HPM,41.9748083,-87.6580986
170318027014,2295.0,66.27,0.26,10.46,White,Low_poverty,LPW,42.0842043,-87.9122688
170318260003,806.0,11.04,22.95,88.95,Minority,Low_poverty,LPM,41.626556,-87.5342709
170318005005,1131.0,86.3,2.48,1.24,White,Low_poverty,LPW,42.106538,-87.7441452
170318085002,778.0,44.6,1.16,4.5,Other,Low_poverty,LPO,42.044543,-87.7665125
170317403001,1313.0,85.91,0.0,10.97,White,Low_poverty,LPW,41.6931305,-87.7167589
170314403002,1108.0,1.81,2.62,98.19,Minority,Low_poverty,LPM,41.7437571,-87.6163503
170311302001,1571.0,56.59,4.72,24.44,White,Low_poverty,LPW,41.9809134,-87.7328798
170310621002,852.0,82.86,10.8,7.39,White,Low_poverty,LPW,41.9447849,-87.6518126
170313017021,1178.0,7.39,31.68,92.61,Minority,High_poverty,HPM,41.8384984,-87.7195127
170310205002,1629.0,2.82,24.68,61.94,Minority,Low_poverty,LPM,41.9989011,-87.6880948
170318029002,1593.0,88.26,2.7,8.66,White,Low_poverty,LPW,42.098694,-87.9676896
170318220005,1250.0,68.96,15.04,25.76,White,Low_poverty,LPW,41.7294801,-87.7250896
170317106001,762.0,0.66,33.07,97.24,Minority,High_poverty,HPM,41.747677,-87.6597297
170318013004,1174.0,90.72,5.44,4.94,White,Low_poverty,LPW,42.0775453,-87.7062302
170311507002,1146.0,27.49,12.39,66.32,Minority,Low_poverty,LPM,41.9477954,-87.7594369
170318032002,2487.0,89.79,3.0,3.26,White,Low_poverty,LPW,42.0966353,-87.99433
170316408002,866.0,20.44,3.93,78.17,Minority,Low_poverty,LPM,41.7729937,-87.7396934
170313907002,1253.0,14.37,8.06,78.85,Minority,Low_poverty,LPM,41.8050274,-87.5904384
170317112003,469.0,0.0,9.81,100.0,Minority,Low_poverty,LPM,41.7384454,-87.6686041
170318114015,1152.0,48.61,23.09,50.0,Minority,Low_poverty,LPM,41.9329092,-87.8617748
170318281003,880.0,33.86,27.84,66.13,Minority,Low_poverty,LPM,41.5675428,-87.5370824
170317114003,667.0,0.0,25.79,100.0,Minority,Low_poverty,LPM,41.7341462,-87.6545051
170311907011,1750.0,8.0,19.83,89.26,Minority,Low_poverty,LPM,41.9297124,-87.7637324
170318269011,1822.0,3.73,36.88,95.99,Minority,High_poverty,HPM,41.6210473,-87.6644797
170312514003,1617.0,12.68,18.45,85.53,Minority,Low_poverty,LPM,41.8928856,-87.7725677
170318413001,955.0,27.23,11.62,72.77,Minority,Low_poverty,LPM,41.8509247,-87.680464
170312004023,1272.0,13.52,10.53,82.78,Minority,Low_poverty,LPM,41.9216908,-87.7300915
170318032003,1212.0,97.77,3.3,1.16,White,Low_poverty,LPW,42.0917942,-88.0002087
170314802001,639.0,0.0,17.21,97.18,Minority,Low_poverty,LPM,41.7350659,-87.5874557
170318161001,982.0,62.83,11.2,25.46,White,Low_poverty,LPW,41.8718582,-87.8085068
170314604004,670.0,2.24,25.07,97.76,Minority,Low_poverty,LPM,41.7390468,-87.5636064
170318285054,1438.0,47.43,29.76,52.57,Minority,Low_poverty,LPM,41.5469421,-87.5434088
170318321001,1946.0,43.73,21.13,50.41,Minority,Low_poverty,LPM,41.9519362,-87.6520495
170317005014,1040.0,0.0,8.94,84.04,Minority,Low_poverty,LPM,41.7467396,-87.6975223
170318282013,946.0,43.87,8.88,56.13,Minority,Low_poverty,LPM,41.5681403,-87.5517619
170310609003,1478.0,73.21,1.96,11.37,White,Low_poverty,LPW,41.9510738,-87.6461016
170318313001,995.0,2.71,10.75,93.67,Minority,Low_poverty,LPM,41.9077662,-87.7442596
170318228022,842.0,58.31,11.52,40.5,White,Low_poverty,LPW,41.697822,-87.7245648
170316204001,1428.0,6.3,6.58,93.7,Minority,Low_poverty,LPM,41.7915032,-87.7157828
170318319001,1899.0,80.31,4.9,10.64,White,Low_poverty,LPW,41.9452046,-87.6663893
170314911005,976.0,0.0,35.96,100.0,Minority,High_poverty,HPM,41.703308,-87.6402942
170318053013,970.0,58.45,14.54,11.86,White,Low_poverty,LPW,42.0424202,-87.8240118
170318028024,1197.0,72.1,15.54,27.9,White,Low_poverty,LPW,42.0680484,-87.9324897
170316308001,1610.0,8.82,19.44,90.12,Minority,Low_poverty,LPM,41.7926941,-87.6986487
170313005001,769.0,4.68,13.91,95.32,Minority,Low_poverty,LPM,41.8494683,-87.7215845
170312504004,628.0,0.0,8.44,100.0,Minority,Low_poverty,LPM,41.9110629,-87.7771094
170314602002,1791.0,10.05,33.96,89.95,Minority,High_poverty,HPM,41.7411067,-87.5485056
170318030141,2009.0,63.76,2.19,23.99,White,Low_poverty,LPW,42.1188515,-87.9327845
170318062023,1981.0,81.73,9.24,7.68,White,Low_poverty,LPW,42.0398057,-87.8896481
170318030172,1865.0,85.36,2.95,0.7,White,Low_poverty,LPW,42.1190143,-88.0006726
170318016032,2387.0,35.23,19.02,31.38,Other,Low_poverty,LPO,42.1009084,-87.8761338
170314909021,1005.0,0.0,4.68,97.11,Minority,Low_poverty,LPM,41.7012836,-87.6105288
170311005001,799.0,83.85,0.0,10.02,White,Low_poverty,LPW,41.9807826,-87.8109767
170311603002,675.0,61.78,6.52,21.48,White,Low_poverty,LPW,41.9548696,-87.7312827
170318428001,735.0,3.4,37.55,96.6,Minority,High_poverty,HPM,41.810156,-87.6905965
170318261004,860.0,28.6,10.47,71.4,Minority,Low_poverty,LPM,41.6098666,-87.5347083
170318058011,798.0,89.1,23.93,0.0,White,Low_poverty,LPW,42.0212688,-87.8576525
170310402012,1324.0,50.38,4.83,28.32,White,Low_poverty,LPW,41.9748726,-87.6954747
170310626001,2442.0,73.1,2.09,12.94,White,Low_poverty,LPW,41.9359751,-87.6709843
170318254002,2649.0,77.39,8.15,10.91,White,Low_poverty,LPW,41.5677885,-87.7858501
170314304004,802.0,4.36,38.06,95.64,Minority,High_poverty,HPM,41.7596312,-87.5907528
170318289003,835.0,3.83,49.39,87.3,Minority,High_poverty,HPM,41.5078753,-87.638517
170318343004,216.0,0.0,18.52,100.0,Minority,Low_poverty,LPM,41.7387017,-87.5880009
170318009002,876.0,65.18,0.0,4.68,White,Low_poverty,LPW,42.0678062,-87.7507749
170316903001,550.0,0.0,61.45,100.0,Minority,High_poverty,HPM,41.7708987,-87.6282174
170311606022,1319.0,31.92,7.58,45.26,Other,Low_poverty,LPO,41.9559273,-87.7064897
170315401012,1046.0,0.0,32.98,100.0,Minority,High_poverty,HPM,41.6527235,-87.6168394
170318117012,1910.0,9.06,28.48,90.94,Minority,Low_poverty,LPM,41.9333693,-87.8896309
170318166002,1889.0,3.18,19.8,89.62,Minority,Low_poverty,LPM,41.9045236,-87.8797159
170318227014,1212.0,50.25,8.5,49.75,White,Low_poverty,LPW,41.7125413,-87.7382528
170318138021,650.0,2.62,13.38,97.38,Minority,Low_poverty,LPM,41.8479912,-87.7527568
170314604002,727.0,0.0,32.87,98.76,Minority,High_poverty,HPM,41.7463089,-87.5637201
170318051111,489.0,93.87,0.0,3.48,White,Low_poverty,LPW,42.0337019,-87.9244045
170318089002,724.0,94.75,1.13,2.76,White,Low_poverty,LPW,42.0667536,-87.7136007
170312827001,1062.0,11.21,21.37,78.81,Minority,Low_poverty,LPM,41.8688963,-87.6885901
170318103011,623.0,53.77,1.61,39.49,White,Low_poverty,LPW,42.0306493,-87.7045993
170318197004,1158.0,94.3,1.9,3.97,White,Low_poverty,LPW,41.805071,-87.8806474
170317502003,742.0,64.82,0.0,33.96,White,Low_poverty,LPW,41.6971612,-87.6761133
170310701023,763.0,76.8,5.95,18.87,White,Low_poverty,LPW,41.931346,-87.642523
170318036114,731.0,67.03,6.29,23.4,White,Low_poverty,LPW,42.1511459,-88.0216729
170311903004,1432.0,22.0,10.2,66.34,Minority,Low_poverty,LPM,41.9322503,-87.7613635
170314305001,1410.0,0.92,43.48,99.08,Minority,High_poverty,HPM,41.7643495,-87.5777965
170318253041,2026.0,62.64,14.07,31.1,White,Low_poverty,LPW,41.5696774,-87.8051433
170313012002,1001.0,0.5,32.17,99.5,Minority,High_poverty,HPM,41.8459859,-87.6926009
170312104001,1595.0,30.6,27.15,64.46,Minority,Low_poverty,LPM,41.9372349,-87.7300274
170318398001,565.0,58.76,25.31,16.64,White,Low_poverty,LPW,41.8362379,-87.6450169
170312521023,2170.0,0.0,49.4,100.0,Minority,High_poverty,HPM,41.8738388,-87.7597258
170318042021,539.0,81.26,16.88,7.98,White,Low_poverty,LPW,42.1519408,-88.1259465
170316501004,690.0,6.96,29.28,93.04,Minority,Low_poverty,LPM,41.7841547,-87.7204597
170311707001,1160.0,49.48,2.5,33.1,Other,Low_poverty,LPO,41.9432392,-87.820388
170318226021,1379.0,76.29,1.45,23.71,White,Low_poverty,LPW,41.7036112,-87.7497593
170311505012,1053.0,73.5,16.81,21.75,White,Low_poverty,LPW,41.9633641,-87.7838139
170318060041,1883.0,59.64,13.83,18.7,White,Low_poverty,LPW,42.0515195,-87.830467
170312309003,1705.0,3.58,34.9,89.5,Minority,High_poverty,HPM,41.9073203,-87.7130452
170318192004,1611.0,24.71,16.14,74.61,Minority,Low_poverty,LPM,41.8093516,-87.8370397
170316203002,935.0,21.6,13.58,78.4,Minority,Low_poverty,LPM,41.7877317,-87.7254582
170311904021,2258.0,29.32,11.03,69.49,Minority,Low_poverty,LPM,41.9366861,-87.7712946
170315205001,899.0,17.24,7.56,82.76,Minority,Low_poverty,LPM,41.6954645,-87.5334724
170316812002,896.0,0.11,29.63,97.1,Minority,Low_poverty,LPM,41.7668865,-87.6382111
170318070004,1015.0,47.78,10.15,7.29,Other,Low_poverty,LPO,42.0461725,-87.75385
170312309002,2158.0,31.97,14.78,66.36,Minority,Low_poverty,LPM,41.9046277,-87.7092888
170318198011,868.0,85.48,0.0,8.06,White,Low_poverty,LPW,41.8172905,-87.8941633
170318123013,1314.0,66.29,0.99,25.87,White,Low_poverty,LPW,41.8889027,-87.7942727
170318201015,980.0,88.57,2.86,0.0,White,Low_poverty,LPW,41.7716112,-87.9013222
170310710001,2766.0,69.34,20.48,17.57,White,Low_poverty,LPW,41.9235168,-87.6559703
170318068014,620.0,53.06,15.41,15.32,White,Low_poverty,LPW,42.049355,-87.7405218
170310609005,1031.0,52.57,20.27,46.26,White,Low_poverty,LPW,41.9490243,-87.6472516
170310315013,1388.0,31.48,39.27,50.14,Minority,High_poverty,HPM,41.966369,-87.6516447
170315301002,1412.0,0.0,23.7,97.38,Minority,Low_poverty,LPM,41.6803181,-87.6196948
170316305001,1563.0,2.3,18.08,97.7,Minority,Low_poverty,LPM,41.7992903,-87.6866244
170317114001,955.0,0.0,26.07,97.38,Minority,Low_poverty,LPM,41.7340682,-87.6599777
170311707003,1104.0,88.5,19.57,11.5,White,Low_poverty,LPW,41.9414224,-87.8246186
170318431002,571.0,19.79,21.54,74.08,Minority,Low_poverty,LPM,41.8569257,-87.700792
170318195003,986.0,57.61,1.83,39.86,White,Low_poverty,LPW,41.8151799,-87.8655211
170311408004,777.0,63.32,0.0,33.08,White,Low_poverty,LPW,41.9629563,-87.7064674
170318360002,996.0,1.61,7.13,96.68,Minority,Low_poverty,LPM,41.8140022,-87.612773
170316608002,782.0,9.46,14.12,84.15,Minority,Low_poverty,LPM,41.7736968,-87.6889822
170311203001,1144.0,61.54,1.31,11.02,White,Low_poverty,LPW,41.9955693,-87.7319548
170318258032,922.0,3.04,15.51,96.97,Minority,Low_poverty,LPM,41.6193129,-87.557577
170318211011,1604.0,48.44,10.79,45.82,Other,Low_poverty,LPO,41.7407355,-87.7651488
170318223024,878.0,79.27,17.88,13.67,White,Low_poverty,LPW,41.7116945,-87.774859
170318045053,1715.0,59.53,19.3,25.71,White,Low_poverty,LPW,41.989897,-88.1767035
170311613001,597.0,29.82,1.84,56.28,Minority,Low_poverty,LPM,41.9451525,-87.7293042
170310711002,1526.0,74.57,12.19,9.57,White,Low_poverty,LPW,41.9211878,-87.6523342
170318346001,106.0,0.0,0.0,100.0,Minority,Low_poverty,LPM,41.7911319,-87.6380004
170318245061,773.0,77.62,0.0,22.38,White,Low_poverty,LPW,41.6213142,-87.7587731
170318109003,776.0,37.89,0.0,44.59,Other,Low_poverty,LPO,41.9143107,-87.8090007
170310301041,2822.0,64.78,29.67,16.69,White,Low_poverty,LPW,41.9978056,-87.6552368
170318286022,2572.0,23.17,1.3,72.79,Minority,Low_poverty,LPM,41.5443899,-87.6433531
170318196001,942.0,95.44,6.48,3.61,White,Low_poverty,LPW,41.8106628,-87.8693599
170318154003,1612.0,45.04,47.95,54.97,Minority,High_poverty,HPM,41.8284354,-87.7996649
170314911002,850.0,0.0,23.53,100.0,Minority,Low_poverty,LPM,41.7001031,-87.6354993
170318112004,1141.0,68.8,8.41,27.61,White,Low_poverty,LPW,41.9240935,-87.8498417
170311710004,1186.0,68.04,0.0,24.79,White,Low_poverty,LPW,41.9436595,-87.795293
170318238052,652.0,72.7,5.98,14.57,White,Low_poverty,LPW,41.6864648,-87.8317525
170318176003,1173.0,0.68,22.01,99.32,Minority,Low_poverty,LPM,41.8679912,-87.8409101
170313008001,1902.0,1.89,55.05,97.48,Minority,High_poverty,HPM,41.8499223,-87.7076361
170318210022,1045.0,70.62,13.88,29.38,White,Low_poverty,LPW,41.7467249,-87.7749146
170318347002,382.0,1.05,41.92,98.16,Minority,High_poverty,HPM,41.7906147,-87.6487093
170312205002,783.0,62.07,12.01,33.97,White,Low_poverty,LPW,41.9263874,-87.7053444
170312522023,771.0,5.97,41.37,94.04,Minority,High_poverty,HPM,41.8750452,-87.7422633
170318312002,2492.0,2.45,12.12,96.03,Minority,Low_poverty,LPM,41.9153235,-87.7362789
170318217004,539.0,93.51,3.53,6.5,White,Low_poverty,LPW,41.7159589,-87.717552
170311912002,724.0,7.04,32.04,92.96,Minority,High_poverty,HPM,41.9194936,-87.7618709
170316403005,1245.0,33.33,17.11,62.17,Minority,Low_poverty,LPM,41.779697,-87.7715632
170318278022,1743.0,9.01,12.16,90.99,Minority,Low_poverty,LPM,41.597231,-87.5906885
170317202002,1230.0,27.97,22.52,66.99,Minority,Low_poverty,LPM,41.7106921,-87.6614568
170318280002,860.0,55.12,17.44,44.89,White,Low_poverty,LPW,41.5740156,-87.5351585
170311703004,1055.0,77.25,13.74,14.03,White,Low_poverty,LPW,41.9490548,-87.8022222
170316004003,1547.0,14.16,18.94,11.06,Other,Low_poverty,LPO,41.8426193,-87.644773
170318281005,1053.0,24.98,33.8,72.93,Minority,High_poverty,HPM,41.5614163,-87.5461364
170310627001,917.0,94.22,6.43,2.51,White,Low_poverty,LPW,41.9374666,-87.6649505
170312209013,777.0,12.23,18.57,87.77,Minority,Low_poverty,LPM,41.9193086,-87.723791
170318090001,589.0,94.74,0.0,0.0,White,Low_poverty,LPW,42.0584688,-87.7123317
170318267004,815.0,4.54,13.13,95.46,Minority,Low_poverty,LPM,41.6343595,-87.6390431
170310319002,1294.0,67.23,9.66,19.86,White,Low_poverty,LPW,41.9624847,-87.6700772
170318187003,1334.0,79.01,8.7,19.56,White,Low_poverty,LPW,41.8304554,-87.8453134
170318026084,875.0,97.03,5.14,1.6,White,Low_poverty,LPW,42.091668,-87.9416702
170310609004,3653.0,73.64,2.33,20.67,White,Low_poverty,LPW,41.9482732,-87.6445035
170318036074,916.0,82.64,0.88,10.48,White,Low_poverty,LPW,42.113272,-88.0183832
170318282022,1190.0,33.78,0.76,66.22,Minority,Low_poverty,LPM,41.5608622,-87.5630546
170318067002,1143.0,83.81,0.0,10.24,White,Low_poverty,LPW,42.0516944,-87.7221141
170318236022,1261.0,84.46,0.0,13.01,White,Low_poverty,LPW,41.6504758,-87.7526041
170314912003,592.0,1.86,2.0,87.84,Minority,Low_poverty,LPM,41.6905739,-87.6393012
170318209012,1631.0,67.63,15.82,21.83,White,Low_poverty,LPW,41.7501879,-87.7851671
170313102001,939.0,24.71,8.84,57.51,Minority,Low_poverty,LPM,41.8560545,-87.6432837
170315705002,1259.0,20.17,9.45,74.1,Minority,Low_poverty,LPM,41.7978418,-87.7342153
170315103001,1207.0,0.0,26.32,100.0,Minority,Low_poverty,LPM,41.7196048,-87.5672081
170318407002,552.0,1.81,21.56,92.93,Minority,Low_poverty,LPM,41.8498739,-87.6972072
170310634002,1047.0,86.06,5.92,4.78,White,Low_poverty,LPW,41.9357761,-87.6463004
170318135001,943.0,4.03,12.09,95.97,Minority,Low_poverty,LPM,41.8618089,-87.7740278
170312516001,2286.0,0.17,25.37,98.99,Minority,Low_poverty,LPM,41.8931503,-87.7506426
170312518003,813.0,6.89,8.12,79.21,Minority,Low_poverty,LPM,41.884164,-87.7429548
170311510021,905.0,27.85,0.0,70.61,Minority,Low_poverty,LPM,41.940921,-87.7498002
170318285062,1336.0,7.19,10.7,89.37,Minority,Low_poverty,LPM,41.5379258,-87.5527228
170318036044,887.0,54.68,18.04,30.67,White,Low_poverty,LPW,42.1274334,-88.0409322
170318144006,1451.0,4.69,27.08,95.31,Minority,Low_poverty,LPM,41.8337071,-87.7670225
170318044032,1320.0,53.94,3.71,42.12,White,Low_poverty,LPW,42.0568262,-88.2586063
170315905001,1865.0,19.09,20.16,51.74,Minority,Low_poverty,LPM,41.8248983,-87.6804757
170318227013,633.0,72.51,0.0,27.49,White,Low_poverty,LPW,41.7116382,-87.7338184
170316115001,1049.0,0.48,35.84,99.52,Minority,High_poverty,HPM,41.8065808,-87.6758539
170318113021,1191.0,24.94,1.43,71.87,Minority,Low_poverty,LPM,41.9186153,-87.8688266
170318201033,1190.0,70.17,8.24,26.55,White,Low_poverty,LPW,41.7952657,-87.8691573
170316716002,698.0,0.0,14.47,100.0,Minority,Low_poverty,LPM,41.766764,-87.6614282
170318147002,1083.0,15.05,6.56,75.35,Minority,Low_poverty,LPM,41.8596917,-87.7936698
170317501001,955.0,0.0,1.88,94.24,Minority,Low_poverty,LPM,41.6959734,-87.6449269
170318247013,1179.0,50.47,11.96,39.28,White,Low_poverty,LPW,41.6298332,-87.7123151
170315906002,755.0,14.04,9.14,53.25,Minority,Low_poverty,LPM,41.8269631,-87.671899
170317112001,1199.0,0.58,29.52,96.16,Minority,Low_poverty,LPM,41.7431366,-87.6660201
170318085003,872.0,71.33,5.16,3.44,White,Low_poverty,LPW,42.0445392,-87.7713922
170317505004,714.0,22.83,6.72,73.25,Minority,Low_poverty,LPM,41.6808772,-87.6679955
170312430002,1306.0,63.25,3.83,29.55,White,Low_poverty,LPW,41.891651,-87.6799145
170318041053,1061.0,69.37,0.0,10.55,White,Low_poverty,LPW,42.0941774,-88.0960709
170310208022,1620.0,13.02,30.93,31.98,Other,High_poverty,HPO,41.9922317,-87.6970203
170310307022,1279.0,63.8,18.3,6.1,White,Low_poverty,LPW,41.9811079,-87.6548837
170316915001,582.0,1.89,26.98,98.11,Minority,Low_poverty,LPM,41.7567791,-87.6035138
170316501001,1745.0,6.99,32.9,93.01,Minority,High_poverty,HPM,41.7842353,-87.7154516
170311101003,474.0,90.93,2.53,0.0,White,Low_poverty,LPW,41.984688,-87.7760932
170314302004,894.0,0.45,17.9,92.17,Minority,Low_poverty,LPM,41.7700147,-87.5821804
170311502005,1441.0,46.7,5.14,47.61,Other,Low_poverty,LPO,41.9588356,-87.7524007
170318230014,1369.0,57.27,15.49,42.73,White,Low_poverty,LPW,41.699927,-87.781923
170318210025,1152.0,71.27,2.26,28.73,White,Low_poverty,LPW,41.737413,-87.7846826
170318058024,752.0,88.3,2.93,7.98,White,Low_poverty,LPW,42.0090894,-87.840747
170318331003,2086.0,56.47,14.91,24.88,White,Low_poverty,LPW,41.8793914,-87.6626225
170310705002,1147.0,76.55,7.83,17.17,White,Low_poverty,LPW,41.92633,-87.660739
170316501003,1129.0,43.05,9.83,56.95,Minority,Low_poverty,LPM,41.7805144,-87.7203579
170312503003,1349.0,0.0,34.41,100.0,Minority,High_poverty,HPM,41.9116135,-87.7630401
170318294022,848.0,27.36,8.11,72.64,Minority,Low_poverty,LPM,41.4814716,-87.6721671
170311103005,1346.0,57.28,24.07,32.32,White,Low_poverty,LPW,41.9701691,-87.7820435
170310205004,523.0,10.9,49.71,33.08,Other,High_poverty,HPO,41.9989455,-87.6850417
170318164014,1471.0,3.33,19.55,95.99,Minority,Low_poverty,LPM,41.892201,-87.8593866
170310205003,1840.0,21.9,17.77,22.39,Other,Low_poverty,LPO,42.0025423,-87.6845206
170310315021,1441.0,52.46,9.3,47.53,White,Low_poverty,LPW,41.9627225,-87.6523487
170318428003,1483.0,1.55,38.77,84.15,Minority,High_poverty,HPM,41.8101482,-87.70246
170318049022,1084.0,98.62,3.51,1.38,White,Low_poverty,LPW,42.0486206,-87.9359157
170317706012,1653.0,68.24,2.44,10.11,White,Low_poverty,LPW,42.0291857,-87.9005381
170312109001,2034.0,43.81,10.32,46.06,Other,Low_poverty,LPO,41.9363832,-87.6935241
170318135005,1325.0,6.04,1.58,86.79,Minority,Low_poverty,LPM,41.8626788,-87.7771248
170318030133,1044.0,72.89,5.27,15.71,White,Low_poverty,LPW,42.1429799,-87.9813345
170318312001,593.0,26.81,17.71,73.19,Minority,Low_poverty,LPM,41.9152318,-87.7248119
170318107023,1805.0,49.97,5.41,46.6,Other,Low_poverty,LPO,41.9252404,-87.8225636
170317302022,1359.0,1.47,7.58,97.5,Minority,Low_poverty,LPM,41.7271391,-87.6518959
170318387004,493.0,0.0,80.53,100.0,Minority,High_poverty,HPM,41.8606644,-87.7170838
170318238053,907.0,90.41,3.09,5.18,White,Low_poverty,LPW,41.6912611,-87.8219936
170312414004,1382.0,83.57,8.47,12.08,White,Low_poverty,LPW,41.9047582,-87.6772864
170317706013,768.0,55.6,19.53,0.0,White,Low_poverty,LPW,42.0255467,-87.9000283
170315907001,1686.0,11.03,13.24,59.96,Minority,Low_poverty,LPM,41.8268235,-87.6690844
170313510001,372.0,0.0,18.55,100.0,Minority,Low_poverty,LPM,41.8322773,-87.6048413
170318043051,1901.0,37.56,1.89,61.33,Minority,Low_poverty,LPM,42.0276296,-88.1644404
170314805003,1091.0,1.65,42.8,98.35,Minority,High_poverty,HPM,41.7306439,-87.5599123
170318049014,674.0,70.62,1.93,14.99,White,Low_poverty,LPW,42.0569587,-87.9328133
170315401014,414.0,0.0,64.25,100.0,Minority,High_poverty,HPM,41.6501436,-87.5882371
170311801001,1025.0,56.39,15.51,42.24,White,Low_poverty,LPW,41.9363657,-87.7938451
170318070002,1011.0,30.66,3.17,43.42,Other,Low_poverty,LPO,42.0419977,-87.7537598
170318017021,1567.0,84.17,0.96,2.8,White,Low_poverty,LPW,42.1328725,-87.8355172
170310624001,1571.0,85.68,5.47,9.93,White,Low_poverty,LPW,41.9415556,-87.6662882
170318398003,1027.0,64.07,6.4,28.05,White,Low_poverty,LPW,41.8326228,-87.6424964
170316111002,631.0,8.72,21.87,88.59,Minority,Low_poverty,LPM,41.8026032,-87.6572762
170314402023,852.0,0.0,3.87,98.94,Minority,Low_poverty,LPM,41.7395066,-87.6123821
170313514001,1841.0,3.48,60.29,93.27,Minority,High_poverty,HPM,41.8274019,-87.6240909
170318364002,902.0,10.2,35.81,87.81,Minority,High_poverty,HPM,41.8202733,-87.6020062
170310715004,966.0,73.6,12.53,8.38,White,Low_poverty,LPW,41.9139752,-87.6376192
170316716003,275.0,1.82,49.45,98.18,Minority,High_poverty,HPM,41.771302,-87.6627789
170315807003,1529.0,4.97,29.69,91.82,Minority,Low_poverty,LPM,41.8156477,-87.6877138
170311407012,1569.0,16.19,12.17,66.73,Minority,Low_poverty,LPM,41.9674664,-87.7157806
170317108006,1170.0,0.34,35.56,97.26,Minority,High_poverty,HPM,41.745972,-87.6517952
170316114001,1269.0,4.57,21.28,95.43,Minority,Low_poverty,LPM,41.8061785,-87.6708601
170318408001,1435.0,0.0,29.83,100.0,Minority,Low_poverty,LPM,41.8426595,-87.7074246
170316403002,1001.0,41.26,25.67,56.94,Minority,Low_poverty,LPM,41.7797918,-87.7666804
170311607002,1122.0,36.81,35.2,49.11,Other,High_poverty,HPO,41.9521303,-87.7024649
170312513003,784.0,4.85,33.04,95.15,Minority,High_poverty,HPM,41.8965986,-87.7707298
170318047151,1873.0,26.64,15.75,57.23,Minority,Low_poverty,LPM,42.0443215,-88.0947547
170318175003,810.0,3.7,19.38,96.3,Minority,Low_poverty,LPM,41.8859583,-87.840176
170310105021,1124.0,49.2,37.11,41.54,Other,High_poverty,HPO,42.0034899,-87.6632645
170313017023,2105.0,0.38,12.83,98.48,Minority,Low_poverty,LPM,41.8390465,-87.7162345
170318065011,1074.0,53.26,5.96,36.69,White,Low_poverty,LPW,42.02008,-87.8918486
170318292001,1139.0,41.79,18.35,40.47,Other,Low_poverty,LPO,41.5168514,-87.6490749
170317003021,1287.0,35.43,17.09,64.57,Minority,Low_poverty,LPM,41.7364269,-87.7366872
170314904001,742.0,0.0,2.16,100.0,Minority,Low_poverty,LPM,41.7236539,-87.6108237
170318282024,929.0,46.72,10.36,42.2,Other,Low_poverty,LPO,41.5593209,-87.5544524
170312209021,1142.0,8.76,17.25,88.96,Minority,Low_poverty,LPM,41.9226799,-87.7242814
170310602002,990.0,60.3,20.0,31.71,White,Low_poverty,LPW,41.9560849,-87.6714696
170311910001,1117.0,10.03,22.02,89.97,Minority,Low_poverty,LPM,41.9224422,-87.7439179
170318266001,1724.0,5.16,20.94,80.92,Minority,Low_poverty,LPM,41.6418167,-87.619617
170315703001,1210.0,14.3,26.45,84.88,Minority,Low_poverty,LPM,41.8060107,-87.7259768
170316914004,664.0,0.0,22.14,100.0,Minority,Low_poverty,LPM,41.7566584,-87.6108177
170310107022,817.0,46.63,17.39,50.67,Minority,Low_poverty,LPM,42.0081642,-87.672732
170318206061,1829.0,89.34,7.49,8.64,White,Low_poverty,LPW,41.7349672,-87.868536
170316904003,737.0,0.0,35.99,100.0,Minority,High_poverty,HPM,41.7673822,-87.6225519
170318223011,1224.0,52.94,6.94,42.73,White,Low_poverty,LPW,41.7315807,-87.7642188
170314601004,1029.0,2.24,43.63,97.76,Minority,High_poverty,HPM,41.7455809,-87.5503483
170311406021,1042.0,18.33,50.3,63.53,Minority,High_poverty,HPM,41.9674242,-87.7194471
170312518001,1571.0,1.34,50.6,98.66,Minority,High_poverty,HPM,41.8817191,-87.7526675
170311908001,687.0,14.7,8.88,77.44,Minority,Low_poverty,LPM,41.9301414,-87.7489941
170314804007,671.0,0.0,2.09,100.0,Minority,Low_poverty,LPM,41.7324658,-87.5788122
170318236032,848.0,1.89,44.69,93.86,Minority,High_poverty,HPM,41.6490966,-87.7230096
170318188001,1290.0,79.92,0.0,12.48,White,Low_poverty,LPW,41.8321194,-87.8516974
170312508001,747.0,2.14,46.45,96.92,Minority,High_poverty,HPM,41.9077454,-87.7509779
170318145003,1662.0,12.09,0.0,86.28,Minority,Low_poverty,LPM,41.8234315,-87.7741666
170312315002,474.0,3.38,70.46,96.63,Minority,High_poverty,HPM,41.889959,-87.7131019
170318026081,2006.0,85.0,13.01,5.18,White,Low_poverty,LPW,42.0983395,-87.952858
170318059013,1070.0,90.84,6.07,4.3,White,Low_poverty,LPW,42.0276628,-87.8606146
170314610001,1288.0,6.13,31.5,93.56,Minority,High_poverty,HPM,41.7273925,-87.5465424
170310319001,1264.0,72.47,7.59,19.22,White,Low_poverty,LPW,41.9643036,-87.6702958
170318205023,2025.0,62.17,5.72,23.01,White,Low_poverty,LPW,41.7445116,-87.8040184
170310209021,2763.0,38.58,21.75,34.35,Other,Low_poverty,LPO,41.9949459,-87.6780479
170318399002,1524.0,42.59,14.24,32.28,Other,Low_poverty,LPO,41.827841,-87.6520036
170310801004,937.0,79.3,4.7,0.0,White,Low_poverty,LPW,41.9103536,-87.6269005
170317207003,662.0,61.93,1.51,34.75,White,Low_poverty,LPW,41.7038622,-87.6644949
170315611005,1679.0,45.5,8.87,53.19,Minority,Low_poverty,LPM,41.7887862,-87.7761881
170312503002,1033.0,0.0,18.45,99.22,Minority,Low_poverty,LPM,41.9103729,-87.7593654
170318022002,1679.0,87.91,1.19,8.82,White,Low_poverty,LPW,42.0700585,-87.7979038
170318211024,1194.0,83.25,18.68,14.24,White,Low_poverty,LPW,41.7362766,-87.7457901
170316502005,317.0,34.38,0.0,65.62,Minority,Low_poverty,LPM,41.7839853,-87.7357925
170318026093,982.0,23.73,0.0,64.66,Minority,Low_poverty,LPM,42.1043136,-87.9000036
170310209011,2612.0,24.73,40.77,47.4,Other,High_poverty,HPO,41.9964361,-87.6855555
170317106002,957.0,5.22,33.12,92.27,Minority,High_poverty,HPM,41.7476431,-87.6621564
170317706021,1666.0,39.26,15.51,60.08,Minority,Low_poverty,LPM,42.0175137,-87.9098032
170311301003,2353.0,69.61,8.37,9.39,White,Low_poverty,LPW,41.9937346,-87.715127
170318106001,1522.0,69.71,20.83,16.17,White,Low_poverty,LPW,41.9643173,-87.7924012
170318205013,879.0,64.16,3.64,34.13,White,Low_poverty,LPW,41.7532114,-87.8169249
170311903003,1561.0,46.0,14.03,47.34,Other,Low_poverty,LPO,41.934076,-87.7614327
170316504005,1529.0,2.49,4.93,93.2,Minority,Low_poverty,LPM,41.7691359,-87.7200673
170318163002,1838.0,16.81,3.67,83.19,Minority,Low_poverty,LPM,41.9024082,-87.8546082
170318289002,411.0,3.41,22.38,96.11,Minority,Low_poverty,LPM,41.5089874,-87.6335609
170315906001,1883.0,21.93,14.71,69.46,Minority,Low_poverty,LPM,41.828891,-87.6736125
170311511003,1173.0,31.54,10.66,63.68,Minority,Low_poverty,LPM,41.9404328,-87.7641108
170312515002,714.0,0.0,27.59,100.0,Minority,Low_poverty,LPM,41.8894747,-87.7579226
170318035004,1339.0,95.89,0.0,1.19,White,Low_poverty,LPW,42.0744343,-87.996627
170318339001,1545.0,1.49,35.02,96.51,Minority,High_poverty,HPM,41.7328486,-87.5474599
170318164023,818.0,48.29,6.92,51.71,Minority,Low_poverty,LPM,41.8936233,-87.8471607
170318088002,2199.0,81.13,5.02,6.23,White,Low_poverty,LPW,42.066045,-87.6783161
170316305002,1079.0,0.0,19.74,100.0,Minority,Low_poverty,LPM,41.7956467,-87.6865285
170312205003,629.0,46.26,8.27,33.23,Other,Low_poverty,LPO,41.9303221,-87.7061599
170314303001,967.0,1.86,45.89,98.13,Minority,High_poverty,HPM,41.7714908,-87.5887034
170310605001,1197.0,70.34,26.23,15.71,White,Low_poverty,LPW,41.95272,-87.6605008
170318330001,2467.0,73.98,11.43,11.23,White,Low_poverty,LPW,41.8853673,-87.6509741
170315607002,2070.0,51.55,18.38,48.45,White,Low_poverty,LPW,41.7977864,-87.7576908
170310621003,1642.0,77.77,19.24,14.92,White,Low_poverty,LPW,41.9414164,-87.6518521
170318360001,784.0,2.68,30.0,94.01,Minority,High_poverty,HPM,41.8139231,-87.6153454
170318047092,1462.0,33.99,6.43,40.22,Other,Low_poverty,LPO,42.0383257,-88.098172
170312315006,1980.0,0.0,49.7,100.0,Minority,High_poverty,HPM,41.8935656,-87.7223621
170318310001,941.0,79.91,0.0,17.11,White,Low_poverty,LPW,41.9131769,-87.6794749
170310208024,1091.0,31.81,29.24,37.95,Other,Low_poverty,LPO,41.9958752,-87.6922607
170316201002,1888.0,12.13,10.49,79.77,Minority,Low_poverty,LPM,41.7968213,-87.7183577
170318159003,1920.0,38.85,19.06,55.52,Minority,Low_poverty,LPM,41.8817624,-87.8118457
170318348001,313.0,0.0,16.93,100.0,Minority,Low_poverty,LPM,41.7851699,-87.6473525
170316604004,1903.0,8.25,0.0,91.75,Minority,Low_poverty,LPM,41.7843143,-87.7105235
170318191003,987.0,43.36,10.49,52.28,Minority,Low_poverty,LPM,41.8182045,-87.8179219
170318036073,1905.0,83.41,3.2,8.24,White,Low_poverty,LPW,42.1182267,-88.0079707
170318094004,1302.0,47.62,56.91,15.36,Other,High_poverty,HPO,42.0477258,-87.6784767
170318258022,1471.0,2.24,21.41,97.76,Minority,Low_poverty,LPM,41.6259007,-87.5627268
170317303001,1103.0,0.0,16.68,97.91,Minority,Low_poverty,LPM,41.7274693,-87.6645667
170318428002,951.0,3.15,37.43,86.54,Minority,High_poverty,HPM,41.8099279,-87.6933999
170312435002,2361.0,76.37,2.5,11.86,White,Low_poverty,LPW,41.8937332,-87.6512908
170318210014,1402.0,61.13,7.2,33.31,White,Low_poverty,LPW,41.7363221,-87.7943642
170310706002,1386.0,91.2,5.92,5.91,White,Low_poverty,LPW,41.9268825,-87.6650132
170316304003,1813.0,1.1,45.7,98.9,Minority,High_poverty,HPM,41.7953843,-87.7011696
170318048102,1018.0,88.02,0.0,1.38,White,Low_poverty,LPW,42.0186351,-88.08597
170313018022,1178.0,1.44,28.95,98.56,Minority,Low_poverty,LPM,41.8467055,-87.7280227
170318021003,1923.0,86.12,3.24,2.44,White,Low_poverty,LPW,42.0703182,-87.812983
170318403002,710.0,24.51,38.03,53.94,Minority,High_poverty,HPM,41.8345368,-87.6787666
170315203001,1677.0,7.16,35.96,92.84,Minority,High_poverty,HPM,41.7063906,-87.5383048
170318195002,593.0,84.82,10.79,10.46,White,Low_poverty,LPW,41.8138482,-87.8740155
170318176002,1394.0,4.3,1.87,95.69,Minority,Low_poverty,LPM,41.8680617,-87.8360049
170317102001,401.0,2.99,11.22,97.01,Minority,Low_poverty,LPM,41.7552062,-87.6453728
170316911002,660.0,5.76,57.88,90.15,Minority,High_poverty,HPM,41.7599709,-87.6300645
170318226023,2721.0,50.46,16.1,39.88,White,Low_poverty,LPW,41.702208,-87.7608988
170318043063,1238.0,23.67,10.5,64.3,Minority,Low_poverty,LPM,42.0204115,-88.1647972
170318128012,1292.0,51.93,8.05,30.34,White,Low_poverty,LPW,41.8830325,-87.8037315
170312302001,2258.0,17.76,11.87,78.26,Minority,Low_poverty,LPM,41.9118582,-87.7100991
170310309001,416.0,91.83,5.05,3.61,White,Low_poverty,LPW,41.9825259,-87.6715801
170313404001,1949.0,12.31,22.32,6.97,Other,Low_poverty,LPO,41.8418857,-87.6320356
170316606004,1215.0,1.32,19.34,98.69,Minority,Low_poverty,LPM,41.7772474,-87.6963907
170318099001,2846.0,71.75,3.85,14.13,White,Low_poverty,LPW,42.0376185,-87.6752631
170318202013,1164.0,97.77,0.0,0.0,White,Low_poverty,LPW,41.742274,-87.9004436
170315610002,1144.0,32.26,4.81,67.74,Minority,Low_poverty,LPM,41.7885905,-87.7865547
170314403004,1159.0,0.0,25.28,100.0,Minority,Low_poverty,LPM,41.7473822,-87.6196688
170312002002,1385.0,13.86,26.71,85.42,Minority,Low_poverty,LPM,41.9261627,-87.7326324
170318349002,1130.0,1.24,58.23,95.14,Minority,High_poverty,HPM,41.7741176,-87.656785
170316709002,810.0,3.83,61.03,96.18,Minority,High_poverty,HPM,41.7826605,-87.6577442
170310630003,703.0,80.51,19.35,9.11,White,Low_poverty,LPW,41.9356793,-87.6515353
170318240042,2213.0,89.2,9.67,4.02,White,Low_poverty,LPW,41.6772095,-87.9934901
170317702023,1247.0,98.56,0.0,1.44,White,Low_poverty,LPW,41.9985312,-87.9994024
170318263032,1314.0,2.36,15.37,96.43,Minority,Low_poverty,LPM,41.6163493,-87.5917416
170318411001,1321.0,1.67,27.02,7.57,Other,Low_poverty,LPO,41.8550345,-87.6341963
170313018033,1171.0,0.0,15.54,100.0,Minority,Low_poverty,LPM,41.8385223,-87.7303421
170315205002,2834.0,23.85,6.39,74.95,Minority,Low_poverty,LPM,41.6954423,-87.5281419
170314401023,707.0,9.19,13.01,90.81,Minority,Low_poverty,LPM,41.7421532,-87.6031624
170314112001,1100.0,60.09,16.64,9.45,White,Low_poverty,LPW,41.7932625,-87.5940955
170311607001,800.0,62.88,6.87,15.13,White,Low_poverty,LPW,41.951934,-87.6972849
170313818001,716.0,7.12,19.55,91.62,Minority,Low_poverty,LPM,41.8044833,-87.621789
170318261002,1113.0,24.26,20.22,75.75,Minority,Low_poverty,LPM,41.6043855,-87.5275437
170312410001,1227.0,33.5,15.64,59.65,Minority,Low_poverty,LPM,41.9079732,-87.6932829
170311703005,1702.0,61.22,8.52,34.37,White,Low_poverty,LPW,41.9490225,-87.805299
170310313004,3040.0,34.44,28.67,40.46,Other,Low_poverty,LPO,41.9706313,-87.6526512
170313018031,1227.0,10.19,21.68,89.81,Minority,Low_poverty,LPM,41.8414453,-87.7278167
170314801001,1078.0,0.93,21.24,98.42,Minority,Low_poverty,LPM,41.73532,-87.5695936
170318214023,777.0,0.0,10.55,92.02,Minority,Low_poverty,LPM,41.6609522,-87.6603188
170318357001,434.0,0.0,0.0,96.54,Minority,Low_poverty,LPM,41.8128443,-87.6275978
170318246021,1059.0,87.82,4.91,8.97,White,Low_poverty,LPW,41.6137806,-87.7495014
170315302005,1922.0,0.0,26.27,100.0,Minority,Low_poverty,LPM,41.6815591,-87.632385
170318120004,480.0,85.42,0.0,3.96,White,Low_poverty,LPW,41.8850088,-87.8187366
170318049015,955.0,80.84,3.46,14.04,White,Low_poverty,LPW,42.0620548,-87.9409113
170312210001,1283.0,47.93,16.76,50.66,Minority,Low_poverty,LPM,41.9227924,-87.7153096
170318221014,1204.0,82.06,12.54,16.94,White,Low_poverty,LPW,41.7154258,-87.7448863
170310107024,677.0,23.04,22.01,67.06,Minority,Low_poverty,LPM,42.0120527,-87.6729163
170315001001,696.0,1.01,9.2,98.99,Minority,Low_poverty,LPM,41.7204569,-87.5951841
170310813004,2007.0,76.08,12.46,4.73,White,Low_poverty,LPW,41.8977626,-87.6190648
170316904002,916.0,0.0,15.28,98.8,Minority,Low_poverty,LPM,41.7674777,-87.6177349
170318183001,1223.0,16.93,6.5,83.08,Minority,Low_poverty,LPM,41.8786133,-87.9089284
170312305001,2026.0,5.53,37.51,94.07,Minority,High_poverty,HPM,41.9117269,-87.7288324
170312407001,1876.0,34.33,16.31,60.83,Minority,Low_poverty,LPM,41.9120878,-87.6945986
170315303004,1880.0,0.0,15.8,97.18,Minority,Low_poverty,LPM,41.681219,-87.6590542
170318138011,783.0,0.0,4.56,100.0,Minority,Low_poverty,LPM,41.8480388,-87.7478466
170318421006,1662.0,0.0,11.61,100.0,Minority,Low_poverty,LPM,41.8998711,-87.7299137
170318172001,1801.0,2.39,17.79,94.01,Minority,Low_poverty,LPM,41.8880569,-87.8558402
170312809001,890.0,10.9,55.84,88.54,Minority,High_poverty,HPM,41.8786261,-87.6851324
170310632005,725.0,62.62,3.59,16.28,White,Low_poverty,LPW,41.9389822,-87.6417798
170318048042,2320.0,45.09,6.59,18.02,Other,Low_poverty,LPO,41.992539,-88.1390833
170318241073,1958.0,83.35,4.44,14.61,White,Low_poverty,LPW,41.6058478,-87.8197257
170311911001,886.0,3.27,8.24,96.73,Minority,Low_poverty,LPM,41.9214794,-87.7474599
170316009004,1429.0,31.84,11.76,29.54,Other,Low_poverty,LPO,41.8365679,-87.6582973
170311903002,1518.0,26.15,31.29,67.92,Minority,High_poverty,HPM,41.9359018,-87.7614966
170318039023,1539.0,69.14,4.76,25.41,White,Low_poverty,LPW,42.0832533,-88.021335
170318292002,1462.0,39.6,20.73,59.78,Minority,Low_poverty,LPM,41.5096326,-87.6482649
170318046113,1003.0,75.47,1.0,10.47,White,Low_poverty,LPW,42.0227027,-88.0651174
170318255031,372.0,6.99,9.68,92.48,Minority,Low_poverty,LPM,41.5816621,-87.6838642
170318156001,877.0,59.18,5.36,36.83,White,Low_poverty,LPW,41.8466759,-87.8101488
170318391002,2745.0,50.67,8.47,24.08,White,Low_poverty,LPW,41.8774763,-87.634081
170316006002,1100.0,14.73,6.18,35.55,Other,Low_poverty,LPO,41.8441945,-87.6569479
170318169004,2233.0,2.37,9.27,94.35,Minority,Low_poverty,LPM,41.8869128,-87.8940813
170318256002,1972.0,5.02,24.04,91.68,Minority,Low_poverty,LPM,41.597158,-87.696062
170315806001,1393.0,11.77,7.47,77.75,Minority,Low_poverty,LPM,41.8216194,-87.6920174
170313018021,683.0,3.66,8.96,96.34,Minority,Low_poverty,LPM,41.8451338,-87.7270151
170313511002,264.0,6.44,18.56,86.74,Minority,Low_poverty,LPM,41.8257608,-87.6144407
170314208002,1434.0,1.39,21.27,93.51,Minority,Low_poverty,LPM,41.7749835,-87.6033751
170318147005,768.0,48.83,8.72,38.93,Other,Low_poverty,LPO,41.8613674,-87.8027659
170318045102,962.0,17.78,2.39,78.37,Minority,Low_poverty,LPM,41.9990818,-88.147139
170318051051,2801.0,6.93,11.57,93.07,Minority,Low_poverty,LPM,42.0626299,-88.0097311
170318163003,1441.0,23.04,16.32,76.96,Minority,Low_poverty,LPM,41.9022721,-87.8612498
170318145002,1619.0,6.05,2.22,92.09,Minority,Low_poverty,LPM,41.8271021,-87.7742782
170318087021,2628.0,57.76,22.12,19.37,White,Low_poverty,LPW,42.0515852,-87.6792233
170318026082,2576.0,84.78,3.63,7.3,White,Low_poverty,LPW,42.1062723,-87.9562279
170310401002,1678.0,60.37,6.5,32.48,White,Low_poverty,LPW,41.9769701,-87.6800008
170318128023,1086.0,59.3,16.67,26.89,White,Low_poverty,LPW,41.8815697,-87.7963713
170310208011,1861.0,42.61,15.05,32.03,Other,Low_poverty,LPO,41.9849779,-87.6919261
170318364001,1857.0,0.75,38.4,98.6,Minority,High_poverty,HPM,41.8190118,-87.5951761
170317005015,1056.0,6.25,37.78,93.75,Minority,High_poverty,HPM,41.745027,-87.7004227
170318399003,964.0,45.02,6.12,26.97,Other,Low_poverty,LPO,41.8280532,-87.6429937
170310633024,948.0,67.93,16.14,16.87,White,Low_poverty,LPW,41.9359513,-87.6407536
170318380002,1440.0,10.21,33.61,84.59,Minority,High_poverty,HPM,41.8759317,-87.6805048
170318055013,1092.0,80.95,0.82,11.72,White,Low_poverty,LPW,42.0199011,-87.8376746
170316304004,1397.0,6.66,28.0,93.34,Minority,Low_poverty,LPM,41.7990361,-87.7012733
170310203013,2191.0,75.22,6.75,14.97,White,Low_poverty,LPW,42.0084045,-87.7021505
170318165003,724.0,24.72,25.55,75.28,Minority,Low_poverty,LPM,41.901435,-87.8911135
170315611001,486.0,60.91,1.85,39.09,White,Low_poverty,LPW,41.7890305,-87.763977
170315608003,632.0,33.7,12.27,66.3,Minority,Low_poverty,LPM,41.7963543,-87.7739304
170310714002,2018.0,78.25,21.01,14.62,White,Low_poverty,LPW,41.9227255,-87.6295259
170318129002,1098.0,74.86,6.28,17.67,White,Low_poverty,LPW,41.8743213,-87.7898133
170312101001,1448.0,59.25,2.0,28.94,White,Low_poverty,LPW,41.9446552,-87.7005368
170310321001,1501.0,80.61,14.93,15.79,White,Low_poverty,LPW,41.9602585,-87.6519944
170311605011,2318.0,29.21,5.22,54.79,Minority,Low_poverty,LPM,41.9591461,-87.7106559
170314909013,860.0,0.0,21.74,100.0,Minority,Low_poverty,LPM,41.6961078,-87.6159029
170311508003,2050.0,28.83,4.39,59.95,Minority,Low_poverty,LPM,41.9469761,-87.7520291
170318095002,1548.0,55.04,20.69,30.49,White,Low_poverty,LPW,42.0456402,-87.6866335
170318270003,1454.0,1.38,22.63,95.73,Minority,Low_poverty,LPM,41.6260064,-87.6520939
170311907023,2643.0,3.25,31.04,96.29,Minority,High_poverty,HPM,41.924962,-87.7610808
170316707002,449.0,0.22,34.3,99.77,Minority,High_poverty,HPM,41.7812482,-87.6666868
170318125001,1078.0,61.5,12.06,33.77,White,Low_poverty,LPW,41.8941637,-87.7775505
170314907001,660.0,0.0,25.0,100.0,Minority,Low_poverty,LPM,41.7125863,-87.6260249
170310208023,3592.0,29.84,41.99,14.51,Other,High_poverty,HPO,41.9958052,-87.6971367
170318003003,1528.0,92.08,3.27,2.36,White,Low_poverty,LPW,42.1125387,-87.7574932
170310107011,1381.0,38.81,22.74,51.34,Minority,Low_poverty,LPM,42.0070613,-87.6782605
170318080022,1543.0,46.53,9.19,5.58,Other,Low_poverty,LPO,42.0065484,-87.715899
170318179001,788.0,0.0,20.69,100.0,Minority,Low_poverty,LPM,41.8677602,-87.8507248
170318048092,1633.0,80.77,4.93,1.71,White,Low_poverty,LPW,42.0090607,-88.0976805
170310502003,1623.0,73.44,6.65,12.26,White,Low_poverty,LPW,41.9561907,-87.6856973
170310107012,2239.0,42.56,6.83,48.37,Other,Low_poverty,LPO,42.0106545,-87.6788803
170310501002,1943.0,81.42,3.0,6.38,White,Low_poverty,LPW,41.9567959,-87.6769777
170318309002,1122.0,45.28,0.28,50.54,Minority,Low_poverty,LPM,41.9266238,-87.690237
170310208013,1361.0,25.57,8.89,41.95,Other,Low_poverty,LPO,41.9849518,-87.6967886
170317302015,917.0,0.0,6.11,100.0,Minority,Low_poverty,LPM,41.7240442,-87.6572704
170318246022,1445.0,88.93,0.0,5.26,White,Low_poverty,LPW,41.6188761,-87.74137
170314304002,700.0,3.43,31.43,96.57,Minority,High_poverty,HPM,41.7632934,-87.5898013
170318147001,646.0,24.15,6.04,72.14,Minority,Low_poverty,LPM,41.8633335,-87.7937752
170318300042,847.0,5.08,0.0,92.21,Minority,Low_poverty,LPM,41.5102035,-87.7256617
170310631002,1022.0,77.79,10.76,5.77,White,Low_poverty,LPW,41.9393105,-87.6469697
170310311002,1131.0,50.66,25.91,25.91,White,Low_poverty,LPW,41.9706778,-87.6638104
170318168003,1130.0,23.81,1.86,71.15,Minority,Low_poverty,LPM,41.8857317,-87.9162123
170318141003,862.0,3.48,3.25,89.1,Minority,Low_poverty,LPM,41.8406583,-87.7635307
170316604002,1188.0,4.88,28.62,95.12,Minority,Low_poverty,LPM,41.7807524,-87.7056152
170316302001,1825.0,6.85,23.89,88.88,Minority,Low_poverty,LPM,41.8027454,-87.6940453
170316814003,1192.0,0.0,36.16,98.41,Minority,High_poverty,HPM,41.7597202,-87.6479134
170310306032,1412.0,48.37,17.14,39.94,Other,Low_poverty,LPO,41.986389,-87.6584254
170316915002,750.0,4.67,43.33,95.33,Minority,High_poverty,HPM,41.7551086,-87.5984209
170311611001,1044.0,71.07,3.83,23.85,White,Low_poverty,LPW,41.9517298,-87.7373996
170318298005,1518.0,39.66,5.2,56.06,Minority,Low_poverty,LPM,41.5390476,-87.6858186
170311909001,2235.0,7.83,19.89,92.17,Minority,Low_poverty,LPM,41.9279225,-87.7441048
170318112005,317.0,73.5,0.0,26.5,White,Low_poverty,LPW,41.9295279,-87.8544898
170314203001,2768.0,33.89,34.52,46.82,Other,High_poverty,HPO,41.7832241,-87.598697
170311202001,1604.0,73.5,2.93,20.08,White,Low_poverty,LPW,42.0034197,-87.7648596
170318051082,1575.0,47.94,3.17,5.59,Other,Low_poverty,LPO,42.0452413,-87.9645476
170314914002,709.0,4.8,28.07,91.4,Minority,Low_poverty,LPM,41.6882801,-87.6206521
170317502001,539.0,10.39,23.56,89.61,Minority,Low_poverty,LPM,41.6965042,-87.6638933
170318060012,2095.0,43.68,12.32,9.16,Other,Low_poverty,LPO,42.0563205,-87.8531101
170312227002,1740.0,33.05,7.95,60.58,Minority,Low_poverty,LPM,41.9154757,-87.7118574
170318048041,1150.0,37.57,4.35,32.87,Other,Low_poverty,LPO,41.9999421,-88.1327743
170314202001,1713.0,24.23,38.06,68.65,Minority,High_poverty,HPM,41.783468,-87.5935208
170318261006,1144.0,10.84,32.08,88.99,Minority,High_poverty,HPM,41.6120866,-87.5407834
170318371001,453.0,13.47,32.01,79.69,Minority,High_poverty,HPM,41.8855159,-87.7037925
170318199002,1243.0,89.38,0.0,5.63,White,Low_poverty,LPW,41.8027649,-87.9070559
170318230011,2026.0,56.56,27.82,36.38,White,Low_poverty,LPW,41.7069305,-87.7922626
170318245053,1738.0,74.22,4.89,14.56,White,Low_poverty,LPW,41.6125339,-87.7621304
170314004002,840.0,2.5,31.7,96.07,Minority,High_poverty,HPM,41.7893221,-87.6174659
170316407003,552.0,62.86,0.0,37.14,White,Low_poverty,LPW,41.7762648,-87.7547876
170312505005,475.0,44.21,0.0,50.53,Minority,Low_poverty,LPM,41.9181038,-87.7987451
170315501002,627.0,59.97,15.79,40.03,White,Low_poverty,LPW,41.6481128,-87.532624
170318260002,1260.0,13.41,13.97,86.58,Minority,Low_poverty,LPM,41.6164881,-87.5287249
170318257001,832.0,22.36,39.9,77.16,Minority,High_poverty,HPM,41.6349743,-87.5348725
170317107001,867.0,0.46,36.73,99.54,Minority,High_poverty,HPM,41.7507595,-87.6565749
170318133013,1329.0,1.73,19.41,98.27,Minority,Low_poverty,LPM,41.8639756,-87.7508024
170318383002,699.0,57.08,10.76,22.89,White,Low_poverty,LPW,41.9013968,-87.6358705
170317104003,721.0,0.0,7.49,100.0,Minority,Low_poverty,LPM,41.7521067,-87.668941
170318095003,830.0,56.02,5.46,12.65,White,Low_poverty,LPW,42.0426756,-87.6862171
170311607005,1074.0,32.31,1.68,54.1,Minority,Low_poverty,LPM,41.95211,-87.7061309
170313904001,1343.0,11.76,41.77,85.18,Minority,High_poverty,HPM,41.8059413,-87.6027246
170315801001,1437.0,2.92,22.27,56.44,Minority,Low_poverty,LPM,41.8300368,-87.6908885
170318216002,1223.0,39.74,16.43,54.7,Minority,Low_poverty,LPM,41.7328543,-87.6938411
170318225003,1102.0,49.46,26.06,46.73,Other,Low_poverty,LPO,41.7194984,-87.7638005
170311708002,1663.0,56.52,6.28,30.13,White,Low_poverty,LPW,41.9415656,-87.8123534
170317103001,1544.0,0.0,34.91,97.28,Minority,High_poverty,HPM,41.7540485,-87.6611057
170314908005,756.0,0.0,20.5,97.49,Minority,Low_poverty,LPM,41.7090216,-87.6211215
170310717002,888.0,72.64,2.7,11.49,White,Low_poverty,LPW,41.9119642,-87.6410406
170311612002,1937.0,33.71,5.29,60.3,Minority,Low_poverty,LPM,41.940805,-87.7386011
170311610002,1171.0,66.44,6.49,26.3,White,Low_poverty,LPW,41.9481632,-87.7306293
170311608003,792.0,40.78,3.41,47.35,Other,Low_poverty,LPO,41.9483651,-87.7146016
170311605023,1208.0,25.25,10.1,72.85,Minority,Low_poverty,LPM,41.9550927,-87.7157691
170311604002,1289.0,67.49,9.19,17.69,White,Low_poverty,LPW,41.955286,-87.7240242
170311512002,1050.0,55.52,24.57,40.0,White,Low_poverty,LPW,41.9398826,-87.7714101
170311510012,1198.0,20.62,6.99,79.38,Minority,Low_poverty,LPM,41.9401005,-87.7542847
170311508004,854.0,50.59,11.36,38.64,White,Low_poverty,LPW,41.9492203,-87.7545689
170311507003,611.0,48.45,6.38,43.7,Other,Low_poverty,LPO,41.9477617,-87.7643409
170311506002,753.0,52.59,2.12,36.12,White,Low_poverty,LPW,41.9476758,-87.7692568
170311504011,1040.0,69.81,5.29,24.81,White,Low_poverty,LPW,41.9668624,-87.7699524
170311503003,1490.0,40.2,7.11,42.75,Other,Low_poverty,LPO,41.9582894,-87.7597764
170311408003,1519.0,42.86,10.14,52.07,Minority,Low_poverty,LPM,41.9629867,-87.7021877
170311407024,1564.0,18.16,10.17,79.86,Minority,Low_poverty,LPM,41.963103,-87.7152836
170311404002,1429.0,42.34,0.0,52.97,Minority,Low_poverty,LPM,41.9718182,-87.7343002
170318318002,809.0,19.78,21.6,22.87,Other,Low_poverty,LPO,41.9766229,-87.7123496
170311301002,2010.0,45.57,20.55,18.36,Other,Low_poverty,LPO,41.9881599,-87.7239044
170311203005,866.0,77.02,8.43,8.31,White,Low_poverty,LPW,41.9943738,-87.7396671
170311202002,721.0,81.83,4.02,5.96,White,Low_poverty,LPW,41.997696,-87.7602369
170311105011,1052.0,90.21,2.19,8.75,White,Low_poverty,LPW,41.9775913,-87.7628316
170318016031,1710.0,60.53,22.78,24.39,White,Low_poverty,LPW,42.083843,-87.8824841
170318013002,1152.0,86.81,1.74,0.0,White,Low_poverty,LPW,42.0725836,-87.6947555
170318012002,658.0,83.74,0.0,6.24,White,Low_poverty,LPW,42.0818293,-87.7021257
170318010003,1411.0,72.86,10.35,0.64,White,Low_poverty,LPW,42.0683172,-87.7358754
170318006002,1223.0,89.04,3.27,2.04,White,Low_poverty,LPW,42.0867423,-87.7213534
170318005003,930.0,94.3,2.37,1.29,White,Low_poverty,LPW,42.0977408,-87.745537
170318003001,1430.0,89.16,3.49,4.48,White,Low_poverty,LPW,42.1153506,-87.7460223
170317709022,1933.0,85.1,5.23,12.42,White,Low_poverty,LPW,41.9689747,-87.8421824
170317709011,1106.0,83.54,0.9,10.04,White,Low_poverty,LPW,41.9701411,-87.8197236
170312312004,1782.0,2.19,24.5,97.81,Minority,Low_poverty,LPM,41.9008811,-87.7219818
170312312001,1311.0,0.84,30.27,90.77,Minority,High_poverty,HPM,41.9009145,-87.7183262
170312306006,1816.0,0.0,28.47,100.0,Minority,Low_poverty,LPM,41.9063904,-87.738045
170312227001,824.0,33.98,27.68,63.35,Minority,Low_poverty,LPM,41.9155054,-87.7085725
170318324002,1198.0,77.05,6.34,15.94,White,Low_poverty,LPW,41.915762,-87.6898082
170318322001,508.0,84.06,5.71,12.01,White,Low_poverty,LPW,41.9231965,-87.6803034
170312213003,467.0,52.89,14.13,31.69,White,Low_poverty,LPW,41.919529,-87.7010966
170312211003,1532.0,33.62,18.8,63.06,Minority,Low_poverty,LPM,41.9209966,-87.7128077
170312206025,689.0,46.88,10.6,51.23,Minority,Low_poverty,LPM,41.9310299,-87.7147284
170311103002,1178.0,75.38,2.55,12.05,White,Low_poverty,LPW,41.9776996,-87.7838222
170311007005,1298.0,66.33,3.62,21.96,White,Low_poverty,LPW,41.9719027,-87.8047797
170311007002,1002.0,80.94,1.0,11.98,White,Low_poverty,LPW,41.9722132,-87.7933942
170311005003,943.0,88.65,0.0,11.35,White,Low_poverty,LPW,41.9786797,-87.8159665
170311004001,975.0,71.08,6.36,28.92,White,Low_poverty,LPW,41.9943265,-87.8190378
170311002007,967.0,74.04,19.23,23.06,White,Low_poverty,LPW,41.9970287,-87.7970253
170311001001,1272.0,84.83,23.9,15.17,White,Low_poverty,LPW,41.9942117,-87.7853422
170311001005,698.0,95.13,4.3,0.57,White,Low_poverty,LPW,41.9888922,-87.7849959
170310901003,856.0,85.4,3.15,7.71,White,Low_poverty,LPW,42.0132824,-87.8169803
170310819001,1026.0,57.12,19.1,39.08,White,Low_poverty,LPW,41.89799,-87.641487
170310817001,1590.0,67.61,15.66,12.45,White,Low_poverty,LPW,41.8957237,-87.6319652
170318383001,1011.0,37.98,18.1,37.89,Other,Low_poverty,LPO,41.9016719,-87.6399768
170310804002,553.0,0.0,38.52,84.09,Minority,High_poverty,HPM,41.9049679,-87.6406694
170310716001,1914.0,73.04,9.93,15.05,White,Low_poverty,LPW,41.9164725,-87.6411828
170310713002,1992.0,76.15,7.43,2.51,White,Low_poverty,LPW,41.921911,-87.6425757
170310707002,1611.0,52.39,29.92,41.59,White,Low_poverty,LPW,41.9269956,-87.6738163
170310702001,1956.0,80.01,11.0,12.58,White,Low_poverty,LPW,41.9308566,-87.6465087
170312107002,1627.0,31.9,29.07,64.11,Minority,Low_poverty,LPM,41.9329652,-87.7037783
170312107001,617.0,17.99,6.16,61.26,Minority,Low_poverty,LPM,41.9366031,-87.7014026
170318311003,1564.0,51.79,9.08,36.13,White,Low_poverty,LPW,41.9433462,-87.7252669
170312505004,1309.0,39.95,7.87,51.41,Minority,Low_poverty,LPM,41.9144438,-87.7986223
170312434003,1135.0,64.05,2.56,23.62,White,Low_poverty,LPW,41.8910842,-87.6607476
170312433001,1037.0,55.26,15.04,33.95,White,Low_poverty,LPW,41.895202,-87.6648212
170312427001,1682.0,30.98,20.15,63.67,Minority,Low_poverty,LPM,41.8974254,-87.6993742
170312426001,1221.0,29.4,20.48,70.6,Minority,Low_poverty,LPM,41.9043164,-87.6944493
170312423002,2027.0,87.72,7.69,5.38,White,Low_poverty,LPW,41.8976885,-87.6795508
170312422001,1797.0,74.9,5.34,15.03,White,Low_poverty,LPW,41.9014101,-87.6747711
170312415002,702.0,86.47,3.7,10.68,White,Low_poverty,LPW,41.9072224,-87.6693959
170312414001,1254.0,63.48,23.6,35.32,White,Low_poverty,LPW,41.9085815,-87.6774278
170312412001,831.0,68.23,4.33,18.17,White,Low_poverty,LPW,41.9067278,-87.6834649
170312408002,894.0,43.29,13.79,47.21,Other,Low_poverty,LPO,41.9120582,-87.7005314
170318421002,937.0,18.68,4.16,81.32,Minority,Low_poverty,LPM,41.8970163,-87.7359906
170310629001,1080.0,76.76,10.65,14.44,White,Low_poverty,LPW,41.937614,-87.6552435
170310622002,1500.0,88.27,4.2,9.46,White,Low_poverty,LPW,41.9425929,-87.6578318
170310612001,2164.0,78.47,7.99,12.94,White,Low_poverty,LPW,41.9490599,-87.6616427
170310604003,1183.0,82.5,10.4,13.19,White,Low_poverty,LPW,41.9508719,-87.6682599
170310601001,789.0,87.58,1.27,9.0,White,Low_poverty,LPW,41.9591015,-87.6663174
170310514001,1239.0,73.37,7.99,16.38,White,Low_poverty,LPW,41.9377203,-87.6807253
170310513001,1314.0,84.78,3.12,12.86,White,Low_poverty,LPW,41.9377805,-87.6758484
170310510001,1829.0,62.11,2.24,29.75,White,Low_poverty,LPW,41.9413024,-87.6857317
170310506002,992.0,90.93,4.44,7.56,White,Low_poverty,LPW,41.9487176,-87.6761343
170310505001,1410.0,90.57,5.74,1.21,White,Low_poverty,LPW,41.9522287,-87.6865936
170310503002,711.0,67.23,0.0,12.52,White,Low_poverty,LPW,41.9555569,-87.6904305
170318308003,955.0,68.27,5.55,24.29,White,Low_poverty,LPW,41.9624001,-87.676497
170310407004,1077.0,70.94,5.14,9.1,White,Low_poverty,LPW,41.9674071,-87.6974413
170310407002,968.0,75.52,6.71,17.98,White,Low_poverty,LPW,41.9667031,-87.6925178
170318308001,926.0,91.9,6.48,3.02,White,Low_poverty,LPW,41.9669607,-87.6766291
170310404021,502.0,86.65,0.0,4.98,White,Low_poverty,LPW,41.9742919,-87.6759129
170310402021,1189.0,80.32,1.26,8.58,White,Low_poverty,LPW,41.9822177,-87.6960638
170310401003,1094.0,66.91,19.1,29.7,White,Low_poverty,LPW,41.9776445,-87.6855899
170310317002,1403.0,63.15,23.17,32.43,White,Low_poverty,LPW,41.9662369,-87.6632766
170318307002,735.0,53.47,25.58,40.82,White,Low_poverty,LPW,41.9681441,-87.6572368
170310314002,595.0,57.48,10.08,15.13,White,Low_poverty,LPW,41.9569758,-87.647885
170310311001,1927.0,69.12,4.26,17.8,White,Low_poverty,LPW,41.9742558,-87.6621048
170310309002,1160.0,66.29,15.6,17.93,White,Low_poverty,LPW,41.980707,-87.6714421
170310305002,1697.0,78.55,2.94,12.31,White,Low_poverty,LPW,41.9886099,-87.6674622
170310302003,1144.0,79.2,12.24,13.2,White,Low_poverty,LPW,41.9926485,-87.6676589
170310208012,582.0,61.86,0.0,13.57,White,Low_poverty,LPW,41.988614,-87.6969068
170310207023,2041.0,25.43,40.18,41.45,Other,High_poverty,HPO,41.99219,-87.701883
170310206021,1004.0,50.9,6.92,25.5,White,Low_poverty,LPW,42.0031671,-87.6918539
170310202002,1592.0,30.4,29.33,58.85,Minority,Low_poverty,LPM,42.0144676,-87.6937705
170312101003,1067.0,22.31,5.62,58.76,Minority,Low_poverty,LPM,41.9448081,-87.7055716
170312002004,1124.0,13.79,10.85,84.7,Minority,Low_poverty,LPM,41.9294701,-87.7392892
170312001002,1175.0,9.28,1.36,85.19,Minority,Low_poverty,LPM,41.9352455,-87.736994
170311912001,3329.0,4.12,22.26,95.85,Minority,Low_poverty,LPM,41.9217196,-87.7582933
170311910002,1613.0,3.72,12.96,87.11,Minority,Low_poverty,LPM,41.9174035,-87.7437345
170311908002,1578.0,12.17,15.34,82.83,Minority,Low_poverty,LPM,41.927423,-87.748885
170311906023,1764.0,15.19,18.7,82.77,Minority,Low_poverty,LPM,41.927537,-87.7721948
170311904011,1653.0,35.33,12.68,46.1,Other,Low_poverty,LPO,41.9365568,-87.7810167
170311902004,928.0,20.47,6.47,73.38,Minority,Low_poverty,LPM,41.9323794,-87.7515457
170318316006,573.0,13.09,34.03,84.12,Minority,High_poverty,HPM,41.925412,-87.8034819
170318316001,2281.0,18.15,13.28,78.03,Minority,Low_poverty,LPM,41.9281806,-87.7935851
170311711001,1586.0,54.1,7.82,38.9,White,Low_poverty,LPW,41.9439014,-87.7800829
170311710002,731.0,57.32,26.68,31.87,White,Low_poverty,LPW,41.9401029,-87.7891174
170311705002,846.0,80.26,0.0,19.74,White,Low_poverty,LPW,41.9556292,-87.834375
170311704001,867.0,50.63,4.84,45.79,White,Low_poverty,LPW,41.950786,-87.8096695
170311703001,632.0,62.66,6.86,36.23,White,Low_poverty,LPW,41.9492007,-87.7912682
170312607001,531.0,1.32,58.0,92.09,Minority,High_poverty,HPM,41.8793222,-87.728076
170312520004,973.0,0.0,65.98,96.92,Minority,High_poverty,HPM,41.8856346,-87.7723898
170312518005,864.0,0.0,43.17,100.0,Minority,High_poverty,HPM,41.8841689,-87.7490809
170312516002,999.0,0.0,55.76,100.0,Minority,High_poverty,HPM,41.8895999,-87.7505117
170312515001,903.0,0.0,55.04,96.13,Minority,High_poverty,HPM,41.893048,-87.7573999
170312513005,1087.0,0.0,16.28,100.0,Minority,Low_poverty,LPM,41.8982314,-87.7739198
170318167001,754.0,14.59,32.76,84.88,Minority,High_poverty,HPM,41.9046676,-87.889074
170313009002,1428.0,12.68,28.57,87.32,Minority,Low_poverty,LPM,41.8481537,-87.7039201
170313005002,2147.0,0.33,18.07,99.4,Minority,Low_poverty,LPM,41.8461159,-87.7221666
170312925003,791.0,0.0,16.06,100.0,Minority,Low_poverty,LPM,41.8529327,-87.7321097
170318180001,1617.0,3.46,7.36,91.46,Minority,Low_poverty,LPM,41.8571392,-87.858282
170318179004,628.0,17.68,0.0,82.32,Minority,Low_poverty,LPM,41.8604714,-87.8504355
170318177002,1924.0,0.62,8.16,99.37,Minority,Low_poverty,LPM,41.8675157,-87.8458007
170318226022,2986.0,57.33,1.84,14.13,White,Low_poverty,LPW,41.6962808,-87.75218
170318230022,1309.0,85.41,0.0,14.59,White,Low_poverty,LPW,41.6974326,-87.7689963
170318221022,1251.0,43.57,11.51,43.73,Other,Low_poverty,LPO,41.7222822,-87.7375382
170318225001,1220.0,82.46,0.0,16.39,White,Low_poverty,LPW,41.7152719,-87.7522537
170318219002,1056.0,49.91,0.0,50.1,Minority,Low_poverty,LPM,41.7140272,-87.6942394
170318219004,732.0,77.6,4.41,20.22,White,Low_poverty,LPW,41.7097987,-87.7033145
170318217005,798.0,56.02,24.19,43.98,White,Low_poverty,LPW,41.7194583,-87.7188383
170318271002,819.0,2.69,26.37,79.98,Minority,Low_poverty,LPM,41.6184851,-87.6468478
170318217001,606.0,55.45,0.99,44.56,White,Low_poverty,LPW,41.7259485,-87.7085547
170318216001,953.0,29.7,3.25,64.01,Minority,Low_poverty,LPM,41.7285908,-87.6865654
170318210024,1196.0,50.33,8.27,49.66,White,Low_poverty,LPW,41.738176,-87.7762061
170318210011,1274.0,56.59,7.46,39.01,White,Low_poverty,LPW,41.7447411,-87.7837505
170318209014,748.0,52.14,10.96,47.86,White,Low_poverty,LPW,41.7504342,-87.7723919
170317503003,837.0,93.79,3.11,6.21,White,Low_poverty,LPW,41.6953583,-87.6892477
170318304001,707.0,15.42,2.83,84.58,Minority,Low_poverty,LPM,41.4803699,-87.6978181
170318284022,1609.0,54.13,3.18,41.89,White,Low_poverty,LPW,41.5683165,-87.649693
170318278042,812.0,9.48,1.63,84.61,Minority,Low_poverty,LPM,41.5879399,-87.5937456
170318278012,736.0,2.45,41.44,96.2,Minority,High_poverty,HPM,41.5973715,-87.6143999
170318263011,1375.0,3.35,12.65,96.65,Minority,Low_poverty,LPM,41.6190641,-87.6029384
170318245034,1714.0,68.84,0.0,29.23,White,Low_poverty,LPW,41.6409843,-87.8016566
170318264025,880.0,4.2,12.95,94.09,Minority,Low_poverty,LPM,41.6252709,-87.5998517
170318237033,3038.0,84.73,19.29,15.27,White,Low_poverty,LPW,41.7241755,-87.813928
170318286012,897.0,71.57,3.23,26.53,White,Low_poverty,LPW,41.5515758,-87.658897
170318266003,1554.0,1.29,30.57,97.68,Minority,High_poverty,HPM,41.6316492,-87.6242793
170318255041,1592.0,3.83,0.0,93.66,Minority,Low_poverty,LPM,41.5686982,-87.7054033
170318205014,1159.0,75.32,6.3,24.67,White,Low_poverty,LPW,41.7456285,-87.8139945
170318263012,1237.0,12.29,17.78,83.91,Minority,Low_poverty,LPM,41.612522,-87.6024859
170318293021,938.0,3.73,54.26,82.3,Minority,High_poverty,HPM,41.5092994,-87.6693868
170318285053,1064.0,33.83,31.86,66.17,Minority,High_poverty,HPM,41.5459021,-87.5342273
170318279025,946.0,37.42,29.18,61.0,Minority,Low_poverty,LPM,41.5844469,-87.5519968
170317301002,852.0,1.06,20.31,98.94,Minority,Low_poverty,LPM,41.7233459,-87.6402342
170317203002,877.0,32.73,15.96,60.78,Minority,Low_poverty,LPM,41.7191854,-87.6783753
170317115001,1326.0,0.0,10.11,98.94,Minority,Low_poverty,LPM,41.732438,-87.6362478
170317113001,645.0,3.26,25.27,96.75,Minority,Low_poverty,LPM,41.7348175,-87.6675897
170317111003,696.0,0.0,11.49,98.85,Minority,Low_poverty,LPM,41.7402475,-87.6606643
170317107003,847.0,1.06,10.15,98.94,Minority,Low_poverty,LPM,41.7453084,-87.6556205
170317105001,959.0,0.0,53.08,100.0,Minority,High_poverty,HPM,41.7476072,-87.6645825
170317104002,620.0,0.0,39.03,100.0,Minority,High_poverty,HPM,41.7521524,-87.6653028
170317102004,1019.0,5.5,48.68,93.42,Minority,High_poverty,HPM,41.7551004,-87.6526456
170317005011,1575.0,0.0,7.11,74.86,Minority,Low_poverty,LPM,41.7473238,-87.685839
170317002002,1545.0,6.08,36.57,90.03,Minority,High_poverty,HPM,41.7511879,-87.7366365
170316914005,519.0,0.0,26.73,100.0,Minority,Low_poverty,LPM,41.7547823,-87.6138148
170316914001,656.0,0.0,38.57,99.39,Minority,High_poverty,HPM,41.7567247,-87.6071744
170318138013,898.0,2.23,6.9,97.77,Minority,Low_poverty,LPM,41.8482523,-87.7430716
170318135002,1486.0,4.64,3.63,95.36,Minority,Low_poverty,LPM,41.8545316,-87.7738266
170318132004,763.0,65.79,3.54,16.51,White,Low_poverty,LPW,41.8704961,-87.7966098
170318131004,549.0,59.38,2.37,18.03,White,Low_poverty,LPW,41.8711176,-87.7828614
170318128022,726.0,65.84,1.52,24.38,White,Low_poverty,LPW,41.88513,-87.7964962
170318126003,960.0,43.54,14.58,48.12,Other,Low_poverty,LPO,41.8818846,-87.7819923
170318125004,678.0,50.74,3.69,37.02,White,Low_poverty,LPW,41.8940859,-87.7824206
170318061031,1531.0,64.92,1.05,16.46,White,Low_poverty,LPW,42.0627001,-87.9156384
170318060034,1022.0,31.6,0.0,13.5,Other,Low_poverty,LPO,42.0491909,-87.8476861
170318060021,439.0,38.5,0.0,0.0,Other,Low_poverty,LPO,42.0521918,-87.8575456
170318059025,782.0,89.0,7.93,0.0,White,Low_poverty,LPW,42.0306897,-87.85063
170318059021,625.0,73.76,9.76,8.0,White,Low_poverty,LPW,42.0362265,-87.8381508
170318058013,717.0,89.4,0.0,4.46,White,Low_poverty,LPW,42.01501,-87.8588674
170318057021,1155.0,95.06,3.46,2.77,White,Low_poverty,LPW,41.9934152,-87.8408117
170318056003,1127.0,87.22,1.6,4.88,White,Low_poverty,LPW,42.0003707,-87.8263151
170318054024,1206.0,80.51,5.72,9.37,White,Low_poverty,LPW,42.0258809,-87.8103344
170318054012,947.0,69.9,0.74,6.44,White,Low_poverty,LPW,42.0295656,-87.8199363
170318052022,992.0,88.91,5.24,2.12,White,Low_poverty,LPW,42.0579407,-87.8084347
170318051115,908.0,10.13,24.34,88.77,Minority,Low_poverty,LPM,42.0272871,-87.9557615
170318051103,754.0,79.58,9.15,12.2,White,Low_poverty,LPW,42.0639888,-87.9797337
170318051101,2333.0,87.4,6.26,1.67,White,Low_poverty,LPW,42.0626314,-87.9650753
170318038003,1431.0,80.22,4.68,10.2,White,Low_poverty,LPW,42.1030685,-88.0388991
170318038001,1178.0,78.01,6.11,15.88,White,Low_poverty,LPW,42.1140021,-88.0293102
170318036112,1347.0,19.15,39.87,78.03,Minority,High_poverty,HPM,42.1447134,-88.0196525
170318204003,2329.0,8.59,18.16,90.21,Minority,Low_poverty,LPM,41.7770188,-87.8056635
170318203002,743.0,26.65,24.76,73.35,Minority,Low_poverty,LPM,41.7917194,-87.8070947
170318201032,718.0,49.72,15.71,39.55,Other,Low_poverty,LPO,41.7881158,-87.8639743
170318201014,844.0,64.69,1.78,0.0,White,Low_poverty,LPW,41.7664763,-87.9115427
170318199003,913.0,96.17,0.0,3.83,White,Low_poverty,LPW,41.7951826,-87.9035353
170318197001,794.0,85.01,2.64,1.76,White,Low_poverty,LPW,41.7983787,-87.8762461
170318195004,1004.0,35.16,2.73,61.16,Minority,Low_poverty,LPM,41.8105685,-87.8618997
170318192001,1494.0,46.79,26.77,53.22,Minority,Low_poverty,LPM,41.8096885,-87.8184105
170318191002,1099.0,25.66,7.01,74.34,Minority,Low_poverty,LPM,41.8158567,-87.8129664
170318188006,1087.0,63.85,2.94,30.45,White,Low_poverty,LPW,41.8319638,-87.8578059
170318185002,1694.0,63.4,8.09,33.18,White,Low_poverty,LPW,41.8450111,-87.8924354
170317505001,2100.0,33.95,8.18,65.81,Minority,Low_poverty,LPM,41.6883435,-87.6768348
170318205024,1080.0,57.87,31.2,38.05,White,High_poverty,HPW,41.7366678,-87.8044178
170318214011,777.0,0.0,24.58,90.99,Minority,Low_poverty,LPM,41.6681502,-87.6587878
170315003001,735.0,22.72,19.46,68.57,Minority,Low_poverty,LPM,41.6895681,-87.6035306
170318212003,1831.0,10.98,7.86,86.01,Minority,Low_poverty,LPM,41.6693935,-87.6768751
170315001004,1338.0,0.97,10.24,99.03,Minority,Low_poverty,LPM,41.7129898,-87.5933889
170317404002,752.0,86.57,5.59,13.43,White,Low_poverty,LPW,41.6864745,-87.7043035
170318174003,1575.0,10.41,25.07,88.63,Minority,Low_poverty,LPM,41.8924465,-87.8418574
170318172003,1020.0,0.0,11.76,100.0,Minority,Low_poverty,LPM,41.8804056,-87.8554039
170318171014,1280.0,0.86,12.97,99.14,Minority,Low_poverty,LPM,41.8722503,-87.8787061
170318170005,1432.0,23.39,14.72,76.61,Minority,Low_poverty,LPM,41.8904792,-87.8736255
170318170001,668.0,7.49,48.94,92.52,Minority,High_poverty,HPM,41.8891256,-87.8635822
170318169001,1092.0,3.94,1.01,96.06,Minority,Low_poverty,LPM,41.8902932,-87.8886448
170318165001,1287.0,8.16,18.49,91.84,Minority,Low_poverty,LPM,41.9018401,-87.8696532
170318164011,1277.0,19.97,8.03,80.03,Minority,Low_poverty,LPM,41.8990327,-87.8605089
170318163001,911.0,13.83,33.26,83.64,Minority,High_poverty,HPM,41.9060865,-87.8544459
170318161003,808.0,29.7,0.0,65.35,Minority,Low_poverty,LPM,41.8602653,-87.8063014
170318159002,1976.0,50.61,7.69,34.11,White,Low_poverty,LPW,41.8820512,-87.8070106
170318157024,682.0,56.3,13.93,24.93,White,Low_poverty,LPW,41.825276,-87.8272968
170318156002,803.0,49.56,6.97,50.44,Minority,Low_poverty,LPM,41.8470737,-87.8196992
170318155002,811.0,33.42,2.22,66.58,Minority,Low_poverty,LPM,41.8233512,-87.7802804
170318154004,1005.0,58.71,18.71,41.29,White,Low_poverty,LPW,41.8357254,-87.8005485
170318424003,317.0,6.31,40.69,93.69,Minority,High_poverty,HPM,41.7472267,-87.6367119
170314403001,801.0,0.0,0.0,88.26,Minority,Low_poverty,LPM,41.740019,-87.6226654
170314314003,2132.0,8.49,28.84,90.81,Minority,Low_poverty,LPM,41.7572084,-87.546555
170314313021,1216.0,0.74,57.81,98.52,Minority,High_poverty,HPM,41.7606346,-87.5639361
170315102001,911.0,12.4,34.36,86.72,Minority,High_poverty,HPM,41.7194609,-87.5595182
170314912001,744.0,6.72,61.02,93.28,Minority,High_poverty,HPM,41.6888126,-87.6344159
170314910001,208.0,0.0,0.0,100.0,Minority,Low_poverty,LPM,41.70531,-87.6258473
170314908002,670.0,0.0,33.13,97.16,Minority,High_poverty,HPM,41.7100486,-87.6119982
170314905001,1007.0,4.77,13.45,89.57,Minority,Low_poverty,LPM,41.7178484,-87.6101441
170314804003,995.0,0.0,19.7,100.0,Minority,Low_poverty,LPM,41.7247943,-87.5755652
170314804001,1065.0,0.0,1.41,100.0,Minority,Low_poverty,LPM,41.7316756,-87.5688977
170318042023,750.0,92.27,3.2,3.2,White,Low_poverty,LPW,42.1497926,-88.1325975
170318041061,2122.0,47.36,5.75,4.1,Other,Low_poverty,LPO,42.0920291,-88.054996
170318041043,1275.0,63.06,0.71,10.98,White,Low_poverty,LPW,42.1000202,-88.116653
170318041022,2228.0,84.43,2.95,4.72,White,Low_poverty,LPW,42.0920024,-88.083845
170314607003,913.0,6.24,22.96,91.34,Minority,Low_poverty,LPM,41.7364599,-87.5521083
170314605005,1030.0,0.0,4.08,100.0,Minority,Low_poverty,LPM,41.7469453,-87.5753477
170314605001,556.0,0.0,8.81,100.0,Minority,Low_poverty,LPM,41.74988,-87.5686395
170314603013,1081.0,4.53,46.9,95.46,Minority,High_poverty,HPM,41.741848,-87.5564678
170314602001,677.0,10.19,45.79,89.81,Minority,High_poverty,HPM,41.742027,-87.5436046
170313807001,1330.0,5.71,19.1,92.86,Minority,Low_poverty,LPM,41.813806,-87.623768
170313504001,1979.0,0.45,59.17,99.55,Minority,High_poverty,HPM,41.8419291,-87.6283695
170318411002,1863.0,10.63,41.76,0.0,Other,High_poverty,HPO,41.8491659,-87.633981
170313301001,4196.0,52.14,2.69,28.48,White,Low_poverty,LPW,41.865798,-87.6249692
170317506003,720.0,2.92,17.38,97.09,Minority,Low_poverty,LPM,41.6899006,-87.6532511
170317204001,814.0,85.38,0.62,14.62,White,Low_poverty,LPW,41.7100148,-87.6842114
170317402001,1835.0,71.34,15.5,21.36,White,Low_poverty,LPW,41.7079997,-87.716524
170315303002,613.0,1.31,25.61,96.25,Minority,Low_poverty,LPM,41.6813397,-87.6493352
170315303001,770.0,3.12,38.18,96.88,Minority,High_poverty,HPM,41.681413,-87.6444628
170318223014,1157.0,96.97,25.84,3.03,White,Low_poverty,LPW,41.7279698,-87.7773589
170318222002,1065.0,78.97,7.32,21.03,White,Low_poverty,LPW,41.7252952,-87.755003
170318221013,831.0,74.37,14.56,25.63,White,Low_poverty,LPW,41.720887,-87.7451034
170318220004,829.0,54.76,2.9,41.62,White,Low_poverty,LPW,41.7293674,-87.7347341
170318218003,710.0,61.27,3.38,38.73,White,Low_poverty,LPW,41.7226813,-87.6979883
170318153002,1326.0,30.69,7.01,65.01,Minority,Low_poverty,LPM,41.8415415,-87.7985886
170315610005,1041.0,72.43,12.01,27.57,White,Low_poverty,LPW,41.7884311,-87.795731
170315609006,765.0,48.63,2.75,51.37,Minority,Low_poverty,LPM,41.7939097,-87.7984506
170315607001,1694.0,22.37,7.02,76.63,Minority,Low_poverty,LPM,41.7941584,-87.7572232
170315302003,451.0,2.22,43.24,97.78,Minority,High_poverty,HPM,41.6787843,-87.6371403
170315103004,1954.0,0.77,12.59,99.23,Minority,Low_poverty,LPM,41.7139026,-87.5691443
170316305004,1427.0,5.75,14.96,94.25,Minority,Low_poverty,LPM,41.7992056,-87.6915103
170316304002,1556.0,4.88,8.74,93.0,Minority,Low_poverty,LPM,41.7954719,-87.696289
170316204003,1277.0,18.17,1.25,77.37,Minority,Low_poverty,LPM,41.787795,-87.7205601
170316203001,1143.0,16.89,14.87,79.44,Minority,Low_poverty,LPM,41.7913678,-87.7255609
170316117002,683.0,0.0,80.09,100.0,Minority,High_poverty,HPM,41.795957,-87.6727834
170316116002,484.0,1.03,48.55,97.11,Minority,High_poverty,HPM,41.7956599,-87.6768704
170316113003,1217.0,5.51,26.71,94.49,Minority,Low_poverty,LPM,41.8058431,-87.668138
170316112001,936.0,7.26,35.47,92.74,Minority,High_poverty,HPM,41.8063739,-87.6612612
170318438001,782.0,41.43,23.27,44.37,Other,Low_poverty,LPO,41.8053115,-87.640584
170316103001,1914.0,4.13,41.54,90.13,Minority,High_poverty,HPM,41.8188464,-87.6704461
170318399004,513.0,53.8,4.68,43.08,White,Low_poverty,LPW,41.8262308,-87.6429528
170318107021,1339.0,62.43,3.44,36.37,White,Low_poverty,LPW,41.9260766,-87.8104547
170318106002,1563.0,68.97,1.92,24.83,White,Low_poverty,LPW,41.9612796,-87.8000673
170318105021,915.0,70.93,9.07,10.93,White,Low_poverty,LPW,41.9653499,-87.8117844
170318039021,882.0,76.42,3.74,21.2,White,Low_poverty,LPW,42.0856871,-88.0112258
170317704002,1876.0,66.68,0.69,24.47,White,Low_poverty,LPW,42.0187903,-87.9826018
170313902001,723.0,6.22,5.67,77.18,Minority,Low_poverty,LPM,41.8128053,-87.5982118
170313602001,1477.0,0.74,15.44,95.73,Minority,Low_poverty,LPM,41.8268855,-87.6098876
170318396001,767.0,0.0,12.78,100.0,Minority,Low_poverty,LPM,41.8275215,-87.6175383
170312511004,1617.0,0.0,29.45,100.0,Minority,Low_poverty,LPM,41.9004346,-87.7538942
170312508002,1874.0,0.0,12.06,100.0,Minority,Low_poverty,LPM,41.904103,-87.7521366
170312507002,1071.0,0.0,31.37,86.65,Minority,High_poverty,HPM,41.9042447,-87.7574941
170312506003,1036.0,0.0,8.59,100.0,Minority,Low_poverty,LPM,41.9038456,-87.7729937
170312505006,646.0,59.44,0.0,24.15,White,Low_poverty,LPW,41.9211164,-87.8029132
170318022001,1205.0,96.18,0.0,0.0,White,Low_poverty,LPW,42.0713266,-87.7795346
170318019023,643.0,84.45,4.82,0.93,White,Low_poverty,LPW,42.084122,-87.7944748
170318017024,583.0,73.58,0.0,13.04,White,Low_poverty,LPW,42.1207102,-87.8332187
170318016083,698.0,55.73,0.0,0.0,White,Low_poverty,LPW,42.1026832,-87.8439618
170318152001,1827.0,16.26,30.93,81.11,Minority,High_poverty,HPM,41.8443469,-87.7809147
170318150002,914.0,19.8,4.65,71.11,Minority,Low_poverty,LPM,41.8544093,-87.7824239
170318147004,1507.0,26.28,5.97,70.27,Minority,Low_poverty,LPM,41.8632467,-87.7989151
170318146001,1274.0,27.16,24.49,72.84,Minority,Low_poverty,LPM,41.8635336,-87.781451
170318144003,1334.0,25.86,1.5,74.14,Minority,Low_poverty,LPM,41.8233732,-87.7606472
170318142005,1039.0,2.31,19.25,96.92,Minority,Low_poverty,LPM,41.8393025,-87.7503785
170318140002,881.0,12.94,1.02,86.83,Minority,Low_poverty,LPM,41.8469521,-87.7750009
170318139002,1305.0,3.07,8.66,93.79,Minority,Low_poverty,LPM,41.8454914,-87.7656044
170316006001,2044.0,22.16,18.54,34.44,Other,Low_poverty,LPO,41.8399664,-87.653735
170318401001,1207.0,12.59,5.72,10.36,Other,Low_poverty,LPO,41.8443349,-87.6401699
170314408002,1138.0,0.0,48.5,98.68,Minority,High_poverty,HPM,41.7283973,-87.6037573
170318105014,954.0,79.87,1.57,13.31,White,Low_poverty,LPW,41.9609426,-87.8198555
170318104002,1274.0,92.62,0.86,3.69,White,Low_poverty,LPW,41.9896524,-87.8264032
170318103014,1359.0,31.86,22.88,66.23,Minority,Low_poverty,LPM,42.0221955,-87.6924926
170318101005,1204.0,62.13,2.33,10.22,White,Low_poverty,LPW,42.0324173,-87.6870312
170318100002,1979.0,77.97,10.16,10.87,White,Low_poverty,LPW,42.0297058,-87.6756341
170318097002,1895.0,32.24,7.43,59.73,Minority,Low_poverty,LPM,42.0378048,-87.7000079
170318051071,1406.0,30.8,3.24,43.38,Other,Low_poverty,LPO,42.0489498,-87.9778271
170318050023,1023.0,59.73,13.49,17.6,White,Low_poverty,LPW,42.0407395,-87.9575814
170318050011,1072.0,92.16,0.93,5.5,White,Low_poverty,LPW,42.062967,-87.9482432
170318049013,1270.0,69.29,4.65,0.94,White,Low_poverty,LPW,42.0547864,-87.9263446
170318048101,978.0,52.35,1.64,14.42,White,Low_poverty,LPW,42.0241173,-88.0852797
170318048074,1187.0,62.17,1.18,29.23,White,Low_poverty,LPW,42.0078989,-88.1148732
170318048063,1576.0,53.87,19.16,40.04,White,Low_poverty,LPW,42.0086745,-88.1405759
170318047122,1110.0,79.64,13.79,7.74,White,Low_poverty,LPW,42.0287254,-88.1234732
170318063003,640.0,100.0,8.75,0.0,White,Low_poverty,LPW,42.0345906,-87.8964024
170318062022,2183.0,72.84,3.72,16.99,White,Low_poverty,LPW,42.0348148,-87.8858216
170318036041,1153.0,85.78,5.87,7.37,White,Low_poverty,LPW,42.1229619,-88.0416687
170318035001,1116.0,99.1,6.27,0.0,White,Low_poverty,LPW,42.0783222,-87.9866117
170318031001,1783.0,88.56,4.21,6.17,White,Low_poverty,LPW,42.105218,-87.9863225
170318080023,985.0,95.23,6.6,1.12,White,Low_poverty,LPW,42.0000708,-87.7166776
170318080021,1443.0,35.41,2.36,36.59,Other,Low_poverty,LPO,42.0099409,-87.7261902
170318080011,1474.0,41.18,1.97,5.02,Other,Low_poverty,LPO,42.0124573,-87.7371719
170318077003,865.0,66.24,3.24,13.18,White,Low_poverty,LPW,42.021045,-87.7549076
170318076005,1046.0,69.12,15.39,8.99,White,Low_poverty,LPW,42.0190867,-87.7346226
170318075001,1350.0,42.52,9.19,22.44,Other,Low_poverty,LPO,42.0317061,-87.7280312
170318030104,2197.0,84.66,2.12,4.01,White,Low_poverty,LPW,42.1491255,-87.9941785
170318030082,1009.0,90.49,1.29,2.48,White,Low_poverty,LPW,42.1212313,-87.9612198
170318029004,1186.0,98.65,0.93,1.35,White,Low_poverty,LPW,42.0964457,-87.9792297
170318028013,722.0,96.95,4.58,2.36,White,Low_poverty,LPW,42.0840114,-87.9575257
170318028011,1049.0,92.66,0.0,0.95,White,Low_poverty,LPW,42.086392,-87.9683468
170318027013,784.0,73.09,0.0,14.03,White,Low_poverty,LPW,42.0841183,-87.9238612
170318025042,1508.0,19.23,11.8,77.39,Minority,Low_poverty,LPM,42.1352391,-87.9338601
170318025031,1294.0,6.72,2.32,0.0,Other,Low_poverty,LPO,42.1262765,-87.9586279
170318047111,2831.0,24.23,17.74,43.38,Other,Low_poverty,LPO,42.0430161,-88.1408864
170318047134,1298.0,54.16,0.0,35.67,White,Low_poverty,LPW,42.0517136,-88.0950465
170318047012,974.0,48.77,12.73,19.1,Other,Low_poverty,LPO,42.0573046,-88.1312547
170318047011,1415.0,25.72,11.17,54.21,Minority,Low_poverty,LPM,42.0597636,-88.1346093
170318046033,1990.0,33.47,3.0,5.68,Other,Low_poverty,LPO,42.0477069,-88.0484687
170318045104,1374.0,34.57,4.0,63.54,Minority,Low_poverty,LPM,41.9986646,-88.1526634
170318045081,2399.0,28.05,16.38,49.02,Other,Low_poverty,LPO,42.0073185,-88.1800993
170318073004,1230.0,23.58,0.0,31.87,Other,Low_poverty,LPO,42.0371172,-87.7558153
170318073001,2938.0,24.78,12.25,19.2,Other,Low_poverty,LPO,42.0350706,-87.7496641
170318071003,1315.0,71.25,10.34,12.4,White,Low_poverty,LPW,42.0454765,-87.7219504
170318068023,871.0,53.27,4.94,12.86,White,Low_poverty,LPW,42.0422574,-87.7410175
170318067004,638.0,54.08,2.19,17.87,White,Low_poverty,LPW,42.0587608,-87.7297695
170318065022,699.0,55.08,14.88,15.02,White,Low_poverty,LPW,42.0190137,-87.8775944
170318164021,1502.0,12.45,4.93,87.55,Minority,Low_poverty,LPM,41.8987237,-87.8537445
170318122002,936.0,82.69,0.53,12.5,White,Low_poverty,LPW,41.9037472,-87.7888638
170318121004,1109.0,55.73,15.96,35.43,White,Low_poverty,LPW,41.9018079,-87.7818593
170318116004,1352.0,62.8,19.16,22.56,White,Low_poverty,LPW,41.9517376,-87.8747333
170318115003,1105.0,62.35,2.08,35.75,White,Low_poverty,LPW,41.9382624,-87.8779405
170318114013,847.0,56.08,3.31,36.37,White,Low_poverty,LPW,41.9339329,-87.8726903
170318109002,2005.0,75.51,2.0,19.9,White,Low_poverty,LPW,41.9179696,-87.8091179
170318253034,955.0,95.6,13.19,4.4,White,Low_poverty,LPW,41.5775153,-87.785774
170318230021,1078.0,93.14,41.84,5.57,White,High_poverty,HPW,41.6968438,-87.7766114
170318120003,1539.0,93.7,0.0,6.3,White,Low_poverty,LPW,41.8904586,-87.8191848
170318117021,1509.0,27.63,30.82,66.4,Minority,High_poverty,HPM,41.9258575,-87.9155971
170318111002,1483.0,55.9,4.45,44.1,White,Low_poverty,LPW,41.9254968,-87.8310504
170317501002,935.0,0.0,8.13,100.0,Minority,Low_poverty,LPM,41.6965392,-87.6492203
170317306001,1001.0,0.0,35.76,100.0,Minority,High_poverty,HPM,41.711218,-87.6561236
170317304001,825.0,2.55,22.42,88.24,Minority,Low_poverty,LPM,41.7194492,-87.6472529
170316708001,373.0,0.0,44.24,100.0,Minority,High_poverty,HPM,41.7840736,-87.6606849
170316706002,389.0,0.0,13.37,100.0,Minority,Low_poverty,LPM,41.7811825,-87.6715295
170316701001,545.0,0.0,33.21,100.0,Minority,High_poverty,HPM,41.7905123,-87.6559945
170316611003,1561.0,3.78,17.4,93.53,Minority,Low_poverty,LPM,41.7625959,-87.700316
170316608005,1032.0,2.13,35.39,96.31,Minority,High_poverty,HPM,41.7735341,-87.7005666
170316608003,1003.0,2.09,20.54,97.9,Minority,Low_poverty,LPM,41.7736419,-87.6926507
170316606003,1191.0,2.85,39.97,92.45,Minority,High_poverty,HPM,41.7772882,-87.6927303
170316605003,982.0,0.0,52.88,100.0,Minority,High_poverty,HPM,41.773379,-87.7103237
170316603021,1140.0,0.0,50.53,100.0,Minority,High_poverty,HPM,41.7845544,-87.6953727
170318350002,1109.0,1.62,33.99,98.38,Minority,High_poverty,HPM,41.781056,-87.6855223
170316505001,1573.0,10.04,22.44,89.13,Minority,Low_poverty,LPM,41.768611,-87.7244122
170316504002,1059.0,3.02,10.48,96.22,Minority,Low_poverty,LPM,41.7660228,-87.7152075
170316502006,1468.0,16.01,34.06,83.99,Minority,High_poverty,HPM,41.7803372,-87.735646
170316502003,1378.0,5.95,8.35,94.05,Minority,Low_poverty,LPM,41.7803794,-87.7313573
170318284014,1036.0,57.82,5.5,33.78,White,Low_poverty,LPW,41.5599495,-87.6631335
170318241072,1290.0,82.87,7.67,15.97,White,Low_poverty,LPW,41.6135262,-87.8210062
170318241162,594.0,83.84,3.2,16.16,White,Low_poverty,LPW,41.6217539,-87.858407
170318271003,937.0,0.0,37.32,98.4,Minority,High_poverty,HPM,41.6175365,-87.6530666
170318273003,1155.0,3.03,20.0,76.54,Minority,Low_poverty,LPM,41.6090085,-87.6535116
170318248004,1589.0,11.08,18.19,83.76,Minority,Low_poverty,LPM,41.6228613,-87.6921634
170318264022,908.0,4.63,12.11,93.39,Minority,Low_poverty,LPM,41.6284755,-87.5856523
170318264021,1055.0,5.31,18.98,84.83,Minority,Low_poverty,LPM,41.6305161,-87.5809615
170318258013,1245.0,2.57,20.16,96.55,Minority,Low_poverty,LPM,41.6406181,-87.5732236
170315306003,498.0,2.41,19.28,97.59,Minority,Low_poverty,LPM,41.6757819,-87.6201699
170318263042,1155.0,2.08,12.47,88.4,Minority,Low_poverty,LPM,41.6192406,-87.583859
170318262025,1582.0,3.1,28.82,96.91,Minority,Low_poverty,LPM,41.597459,-87.54566
170318237042,1505.0,80.4,1.15,17.07,White,Low_poverty,LPW,41.728616,-87.8426444
170318240052,2262.0,92.79,4.11,4.6,White,Low_poverty,LPW,41.6612048,-88.0061817
170317403005,963.0,89.51,4.26,10.49,White,Low_poverty,LPW,41.6967773,-87.7169074
170318233045,585.0,63.59,2.74,36.41,White,Low_poverty,LPW,41.6806159,-87.7177288
170318202023,707.0,71.29,10.33,28.71,White,Low_poverty,LPW,41.7440048,-87.859058
170318258031,1076.0,13.75,15.35,86.25,Minority,Low_poverty,LPM,41.6198407,-87.5634345
170318282021,1497.0,38.08,3.27,61.93,Minority,Low_poverty,LPM,41.5610063,-87.5749761
170318286021,1974.0,48.23,9.12,43.72,Other,Low_poverty,LPO,41.5530208,-87.6470596
170318223023,1136.0,69.28,4.23,28.61,White,Low_poverty,LPW,41.716988,-87.7763217
170318230024,1490.0,75.97,11.43,24.03,White,Low_poverty,LPW,41.6928647,-87.7670633
170316406003,1936.0,52.38,11.36,46.07,White,Low_poverty,LPW,41.7759162,-87.7775306
170316403006,1089.0,41.6,2.94,58.4,Minority,Low_poverty,LPM,41.7811385,-87.7764393
170316910004,503.0,0.0,6.16,100.0,Minority,Low_poverty,LPM,41.7637414,-87.622454
170316910002,391.0,0.0,16.37,100.0,Minority,Low_poverty,LPM,41.7601886,-87.6175634
170316909003,445.0,1.8,47.42,83.15,Minority,High_poverty,HPM,41.7603073,-87.6109038
170316904001,733.0,0.0,32.2,100.0,Minority,High_poverty,HPM,41.7711096,-87.6178309
170316814001,271.0,0.0,5.9,100.0,Minority,Low_poverty,LPM,41.7633547,-87.6461855
170316812001,366.0,0.0,45.36,100.0,Minority,High_poverty,HPM,41.7670492,-87.6426263
170316811004,625.0,0.96,26.08,97.12,Minority,Low_poverty,LPM,41.7705755,-87.6500089
170316809003,719.0,3.06,16.83,96.94,Minority,Low_poverty,LPM,41.7741,-87.6338844
170318349001,313.0,0.0,43.45,100.0,Minority,High_poverty,HPM,41.7668375,-87.6565892
170316715001,625.0,1.12,22.08,98.88,Minority,Low_poverty,LPM,41.7721632,-87.6664525
170316712002,402.0,0.0,55.22,100.0,Minority,High_poverty,HPM,41.7766827,-87.6678175
170318403003,2026.0,14.76,5.82,69.3,Minority,Low_poverty,LPM,41.8321517,-87.6811672
170318428006,1477.0,3.05,23.49,82.06,Minority,Low_poverty,LPM,41.80983,-87.699511
170315808001,2261.0,1.37,20.26,96.9,Minority,Low_poverty,LPM,41.8102197,-87.6866436
170315805011,1039.0,19.83,21.94,74.78,Minority,Low_poverty,LPM,41.8212855,-87.7020137
170315804002,718.0,2.37,41.78,84.26,Minority,High_poverty,HPM,41.8113394,-87.7063473
170318433001,1877.0,7.99,38.89,91.32,Minority,High_poverty,HPM,41.8637638,-87.6925503
170318415001,1390.0,0.65,34.03,99.35,Minority,High_poverty,HPM,41.8644299,-87.7080491
170312909004,1272.0,0.0,45.44,98.66,Minority,High_poverty,HPM,41.8634334,-87.7356877
170312838002,3154.0,38.11,18.9,50.35,Minority,Low_poverty,LPM,41.8620889,-87.6537396
170312828001,1607.0,30.24,22.53,50.03,Minority,Low_poverty,LPM,41.8702682,-87.6849136
170312819001,2594.0,58.33,1.23,12.26,White,Low_poverty,LPW,41.8786346,-87.6429236
170318090004,943.0,73.38,1.7,11.88,White,Low_poverty,LPW,42.0613748,-87.7248165
170318084003,1900.0,58.42,0.89,10.63,White,Low_poverty,LPW,42.0488221,-87.8027436
170318083022,1994.0,60.68,4.91,5.87,White,Low_poverty,LPW,42.0327943,-87.7652065
170318304003,1911.0,40.35,9.52,59.03,Minority,Low_poverty,LPM,41.4725996,-87.6871583
170315306002,1016.0,0.0,27.76,91.43,Minority,Low_poverty,LPM,41.6705051,-87.6202192
170318294011,1096.0,0.73,40.22,99.27,Minority,High_poverty,HPM,41.4969457,-87.6597613
170318285066,1188.0,44.78,4.21,55.22,Minority,Low_poverty,LPM,41.5131393,-87.5276085
170318238061,1100.0,78.73,16.06,11.82,White,Low_poverty,LPW,41.6844935,-87.8032021
170318241152,2009.0,73.22,14.14,19.86,White,Low_poverty,LPW,41.6196719,-87.8478649
170318241164,1359.0,91.91,10.52,4.78,White,Low_poverty,LPW,41.6076791,-87.8676051
170318300032,1270.0,3.23,11.81,93.07,Minority,Low_poverty,LPM,41.5224505,-87.7669671
170318241071,897.0,76.59,12.04,23.41,White,Low_poverty,LPW,41.6140864,-87.8100593
170317401004,1413.0,80.18,14.58,15.64,White,Low_poverty,LPW,41.6910849,-87.6986329
170318230013,745.0,83.36,0.0,16.64,White,Low_poverty,LPW,41.7047701,-87.782456
170318253033,545.0,71.19,0.0,14.13,White,Low_poverty,LPW,41.5855691,-87.7844916
170313109002,1723.0,9.0,34.07,87.46,Minority,High_poverty,HPM,41.8530253,-87.6741553
170313108001,1075.0,22.88,22.14,75.82,Minority,Low_poverty,LPM,41.8586663,-87.6686484
170313017022,1362.0,0.0,10.27,100.0,Minority,Low_poverty,LPM,41.8389346,-87.7228178
170313016002,2191.0,3.06,32.86,96.95,Minority,High_poverty,HPM,41.8389298,-87.7122021
170314309001,769.0,0.0,26.14,98.83,Minority,Low_poverty,LPM,41.761551,-87.5812066
170314305003,922.0,4.23,62.04,93.6,Minority,High_poverty,HPM,41.7642806,-87.5843405
170314302005,1632.0,2.33,41.67,97.67,Minority,High_poverty,HPM,41.7721557,-87.5836319
170314212001,490.0,0.0,24.73,95.92,Minority,Low_poverty,LPM,41.7721656,-87.6100793
170314208001,943.0,2.55,24.41,87.91,Minority,Low_poverty,LPM,41.7786254,-87.6031516
170315802001,1229.0,12.37,25.79,75.18,Minority,Low_poverty,LPM,41.8279305,-87.6988037
170315703003,1395.0,14.41,27.46,81.29,Minority,Low_poverty,LPM,41.8042785,-87.7296144
170314207004,292.0,0.0,44.18,100.0,Minority,High_poverty,HPM,41.7784972,-87.6113527
170314204001,1142.0,16.73,50.79,66.02,Minority,High_poverty,HPM,41.7831699,-87.6035584
170314110003,1620.0,34.01,16.69,48.58,Other,Low_poverty,LPO,41.7934934,-87.5853085
170314107001,2186.0,52.42,30.79,26.17,White,High_poverty,HPW,41.7980493,-87.5941996
170314102001,1475.0,38.37,29.43,37.49,Other,Low_poverty,LPO,41.8016709,-87.5942651
170313904002,1239.0,16.38,28.65,81.84,Minority,Low_poverty,LPM,41.8059104,-87.6051531
170313901001,1626.0,5.04,11.22,78.35,Minority,Low_poverty,LPM,41.8135545,-87.5905449
170312715001,1527.0,4.39,30.26,92.67,Minority,High_poverty,HPM,41.8717861,-87.7131559
170318369002,689.0,16.4,38.61,81.28,Minority,High_poverty,HPM,41.8818556,-87.7085915
170318275003,809.0,0.87,54.76,96.54,Minority,High_poverty,HPM,41.6013959,-87.6507939
170318236043,2234.0,80.39,2.24,14.55,White,Low_poverty,LPW,41.6530519,-87.7855513
170318233033,926.0,31.43,23.0,66.85,Minority,Low_poverty,LPM,41.6784561,-87.7228937
170318233034,679.0,64.65,12.81,32.4,White,Low_poverty,LPW,41.6787065,-87.7300839
170318227021,2340.0,70.17,18.51,26.46,White,Low_poverty,LPW,41.7057907,-87.7257428
170318439004,526.0,2.85,11.79,91.83,Minority,Low_poverty,LPM,41.7707841,-87.5699007
170315305021,1456.0,0.0,16.69,99.45,Minority,Low_poverty,LPM,41.6660796,-87.6250251
170318314002,2506.0,10.69,17.37,87.15,Minority,Low_poverty,LPM,41.8688096,-87.7636869
170310404022,542.0,94.65,16.97,5.35,White,Low_poverty,LPW,41.974586,-87.6809973
170311407022,1882.0,29.81,29.62,56.11,Minority,Low_poverty,LPM,41.9631195,-87.7125422
170311907021,868.0,16.01,5.41,83.99,Minority,Low_poverty,LPM,41.9269758,-87.7636344
170311907022,1545.0,8.16,41.64,91.84,Minority,High_poverty,HPM,41.9271864,-87.7586129
170312004022,1719.0,1.16,22.05,90.4,Minority,Low_poverty,LPM,41.9198675,-87.7300058
170312207024,849.0,30.62,16.84,68.55,Minority,Low_poverty,LPM,41.9298392,-87.71836
170312522022,685.0,0.0,45.69,100.0,Minority,High_poverty,HPM,41.8776646,-87.7472474
170312522024,333.0,0.0,47.15,82.89,Minority,High_poverty,HPM,41.87952,-87.7473121
170314402013,664.0,0.0,25.75,86.6,Minority,Low_poverty,LPM,41.7463622,-87.6069172
170315305013,808.0,1.24,15.1,98.76,Minority,Low_poverty,LPM,41.6724734,-87.6309157
170314401012,1135.0,0.0,44.49,100.0,Minority,High_poverty,HPM,41.7467317,-87.6032631
170310315023,2157.0,22.16,44.37,73.9,Minority,High_poverty,HPM,41.9649734,-87.6523934
170310621001,1228.0,83.22,6.81,7.08,White,Low_poverty,LPW,41.9434801,-87.6515491
170310701022,737.0,71.64,4.61,22.52,White,Low_poverty,LPW,41.932116,-87.6429013
170310715001,1102.0,84.03,1.91,1.54,White,Low_poverty,LPW,41.912969,-87.6357444
170310801001,523.0,91.01,4.78,4.97,White,Low_poverty,LPW,41.9049772,-87.6279765
170310633031,538.0,93.31,4.09,0.93,White,Low_poverty,LPW,41.9350807,-87.6351518
170310813005,852.0,94.72,15.73,1.88,White,Low_poverty,LPW,41.899463,-87.6210488
170318390004,1632.0,69.24,5.18,16.61,White,Low_poverty,LPW,41.8734104,-87.6285723
170318390003,1672.0,42.11,18.06,22.37,Other,Low_poverty,LPO,41.8709693,-87.6290215
170314101002,1068.0,37.92,18.35,53.09,Minority,Low_poverty,LPM,41.8015822,-87.5810259
170313011002,1229.0,1.55,33.36,96.58,Minority,High_poverty,HPM,41.8455119,-87.6974951
170314313011,342.0,4.68,24.27,95.32,Minority,Low_poverty,LPM,41.7534106,-87.5561976
170310307032,528.0,83.14,46.78,12.5,White,High_poverty,HPW,41.9772921,-87.6560891
170314301013,711.0,0.0,33.61,100.0,Minority,High_poverty,HPM,41.7707425,-87.5739785
170314301014,1043.0,0.0,12.08,100.0,Minority,Low_poverty,LPM,41.7725659,-87.57403
170310103001,936.0,74.15,18.27,22.33,White,Low_poverty,LPW,42.01593,-87.665006
170310105022,1965.0,53.79,27.94,33.94,White,Low_poverty,LPW,42.0055382,-87.6633897
170310106002,508.0,62.8,17.84,30.12,White,Low_poverty,LPW,42.0115289,-87.6680137
170310203011,1591.0,77.25,16.84,14.83,White,Low_poverty,LPW,42.0095379,-87.7070293
170310306011,1037.0,31.05,10.32,62.97,Minority,Low_poverty,LPM,41.9887066,-87.6567714
170310313002,1333.0,50.56,15.98,38.48,White,Low_poverty,LPW,41.9725966,-87.6523307
170312105023,1149.0,22.02,20.45,74.16,Minority,Low_poverty,LPM,41.9336651,-87.7255302
170317608031,1574.0,75.54,7.62,14.24,White,Low_poverty,LPW,41.9760014,-87.8434366
170312212002,1635.0,58.35,2.81,37.07,White,Low_poverty,LPW,41.9231098,-87.7047136
170318111001,311.0,77.17,35.37,22.83,White,High_poverty,HPW,41.9300611,-87.8305234
170318137021,1093.0,0.0,26.99,100.0,Minority,Low_poverty,LPM,41.8539848,-87.746807
170318128021,726.0,55.23,9.23,30.72,White,Low_poverty,LPW,41.8832453,-87.7992493
170318020041,876.0,51.71,3.42,2.17,White,Low_poverty,LPW,42.0696591,-87.8601417
170318241062,2236.0,83.45,4.85,10.33,White,Low_poverty,LPW,41.6046788,-87.8342039
170318241133,4578.0,73.61,13.42,16.32,White,Low_poverty,LPW,41.6368582,-87.9021587
170318051054,1194.0,39.36,11.81,60.64,Minority,Low_poverty,LPM,42.06126,-88.0252886
170317703004,1911.0,73.89,2.67,9.68,White,Low_poverty,LPW,42.002258,-87.9924034
170310101003,1714.0,55.66,12.76,39.09,White,Low_poverty,LPW,42.0207472,-87.6665209
170310103003,1411.0,60.74,22.19,28.7,White,Low_poverty,LPW,42.013934,-87.6643481
170310104003,2831.0,68.63,28.98,24.87,White,Low_poverty,LPW,42.0041688,-87.6588541
170310301031,1251.0,53.32,5.93,25.18,White,Low_poverty,LPW,41.9954083,-87.6592138
170310306031,998.0,30.26,21.85,40.58,Other,Low_poverty,LPO,41.9845648,-87.6583704
170310321005,1228.0,74.59,7.85,13.11,White,Low_poverty,LPW,41.9557446,-87.6519927
170310315022,1030.0,38.83,38.54,43.01,Other,High_poverty,HPO,41.9640603,-87.6523702
170310402011,1811.0,64.22,3.92,35.18,White,Low_poverty,LPW,41.9725027,-87.6906194
170310633023,598.0,84.95,12.37,12.21,White,Low_poverty,LPW,41.9336145,-87.6403567
170310801005,1628.0,76.17,9.46,2.95,White,Low_poverty,LPW,41.9079107,-87.6263397
170317003013,2761.0,13.98,4.1,83.09,Minority,Low_poverty,LPM,41.7456018,-87.73631
170310816001,3289.0,67.74,5.38,10.77,White,Low_poverty,LPW,41.8906516,-87.6288234
170310815001,1405.0,59.15,6.61,14.73,White,Low_poverty,LPW,41.8945801,-87.627472
170311403012,1810.0,15.3,21.6,57.63,Minority,Low_poverty,LPM,41.969179,-87.7256118
170311406011,2886.0,22.9,14.71,52.39,Minority,Low_poverty,LPM,41.9646471,-87.7258909
170312207011,1080.0,24.81,1.11,71.39,Minority,Low_poverty,LPM,41.9261559,-87.7207029
170312206024,1577.0,51.3,19.28,41.85,White,Low_poverty,LPW,41.9295532,-87.7135506
170312522012,690.0,8.55,32.96,90.29,Minority,High_poverty,HPM,41.877601,-87.7521385
170313011001,988.0,9.82,15.38,90.18,Minority,Low_poverty,LPM,41.8477593,-87.698951
170310102022,1591.0,27.09,24.0,60.03,Minority,Low_poverty,LPM,42.0143138,-87.6730354
170314109003,2189.0,51.85,15.89,30.52,White,Low_poverty,LPW,41.7967097,-87.5780937
170311004003,1203.0,81.46,3.57,11.39,White,Low_poverty,LPW,41.9861043,-87.8166981
170311502004,2333.0,61.08,25.74,32.92,White,Low_poverty,LPW,41.963561,-87.7546962
170311303003,1934.0,38.11,8.12,37.08,Other,Low_poverty,LPO,41.9876027,-87.7128869
170311505021,2067.0,52.25,7.2,44.12,White,Low_poverty,LPW,41.9585981,-87.783182
170311510011,1605.0,32.96,10.84,58.44,Minority,Low_poverty,LPM,41.9437503,-87.7543934
170311907012,985.0,21.52,13.3,75.74,Minority,Low_poverty,LPM,41.9298864,-87.7589167
170312107003,1996.0,43.59,20.9,49.0,Other,Low_poverty,LPO,41.9366145,-87.7051052
170312204002,1615.0,85.57,5.88,10.83,White,Low_poverty,LPW,41.9281136,-87.7009832
170310102013,1824.0,26.1,51.21,58.77,Minority,High_poverty,HPM,42.0146832,-87.677657
170312435001,1240.0,47.9,10.56,49.92,Other,Low_poverty,LPO,41.8910855,-87.6542983
170312504005,1354.0,0.0,16.99,100.0,Minority,Low_poverty,LPM,41.9132671,-87.7809473
170312522013,1393.0,5.67,14.58,93.68,Minority,Low_poverty,LPM,41.8748385,-87.7520367
170312606002,1272.0,0.79,56.08,99.21,Minority,High_poverty,HPM,41.87573,-87.732796
170312713001,1110.0,0.0,52.25,98.56,Minority,High_poverty,HPM,41.877304,-87.7084528
170318382001,1308.0,40.83,11.01,38.23,Other,Low_poverty,LPO,41.8715694,-87.6794415
170313018012,2394.0,3.05,22.35,96.91,Minority,Low_poverty,LPM,41.8419905,-87.7352341
170313106003,1331.0,18.71,30.13,69.95,Minority,High_poverty,HPM,41.8542574,-87.6599911
170311505013,1325.0,52.53,4.6,36.53,White,Low_poverty,LPW,41.9621501,-87.7806382
170314004001,1244.0,0.0,36.54,100.0,Minority,High_poverty,HPM,41.7920305,-87.6187497
170314309002,712.0,0.42,28.93,99.44,Minority,Low_poverty,LPM,41.7597304,-87.5811637
170314313023,2270.0,0.0,41.59,100.0,Minority,High_poverty,HPM,41.7562938,-87.561686
170314503001,1245.0,0.0,7.15,100.0,Minority,Low_poverty,LPM,41.7453281,-87.5827103
170314805002,900.0,3.89,28.78,95.11,Minority,Low_poverty,LPM,41.7245104,-87.556689
170314910004,1154.0,0.35,29.08,98.88,Minority,Low_poverty,LPM,41.700298,-87.6257116
170314914003,1198.0,1.59,15.84,96.41,Minority,Low_poverty,LPM,41.6893836,-87.6163196
170315203004,1295.0,12.74,11.58,87.26,Minority,Low_poverty,LPM,41.6982342,-87.5417638
170315501006,2137.0,38.84,30.93,61.07,Minority,High_poverty,HPM,41.6571373,-87.5466781
170316404002,1853.0,64.06,10.09,35.94,White,Low_poverty,LPW,41.7811364,-87.7936889
170315305032,2642.0,0.0,27.18,100.0,Minority,Low_poverty,LPM,41.6675867,-87.635717
170316120002,974.0,5.03,30.9,94.25,Minority,High_poverty,HPM,41.7967607,-87.6521427
170316713001,991.0,0.0,27.95,100.0,Minority,Low_poverty,LPM,41.7766362,-87.6714266
170316715002,1004.0,1.39,42.53,89.84,Minority,High_poverty,HPM,41.7666146,-87.6742685
170316809001,961.0,0.1,54.21,99.9,Minority,High_poverty,HPM,41.774969,-87.6400386
170316911004,900.0,0.0,27.67,100.0,Minority,Low_poverty,LPM,41.7635918,-87.6313776
170317004023,1906.0,5.04,2.57,94.96,Minority,Low_poverty,LPM,41.7383121,-87.706927
170317105004,1109.0,0.0,19.55,99.19,Minority,Low_poverty,LPM,41.7474881,-87.6744287
170317203003,1335.0,74.91,2.4,21.72,White,Low_poverty,LPW,41.7099093,-87.677777
170317207002,745.0,15.44,3.49,82.55,Minority,Low_poverty,LPM,41.7028067,-87.660598
170317402003,1743.0,85.26,2.58,11.93,White,Low_poverty,LPW,41.7006297,-87.7060394
170318130004,1040.0,56.92,5.77,43.07,White,Low_poverty,LPW,41.8781744,-87.7819476
170311407021,1548.0,20.8,13.43,66.54,Minority,Low_poverty,LPM,41.9630016,-87.7098429
170311913021,2427.0,4.9,12.56,95.1,Minority,Low_poverty,LPM,41.9199021,-87.7725862
170314909012,1052.0,0.19,21.2,98.96,Minority,Low_poverty,LPM,41.6958695,-87.6207728
170317003023,1135.0,17.44,1.98,82.56,Minority,Low_poverty,LPM,41.7401869,-87.7364974
170310307033,1504.0,49.14,11.64,41.75,Other,Low_poverty,LPO,41.9799969,-87.657529
170318137012,1765.0,4.14,33.94,95.86,Minority,High_poverty,HPM,41.8530293,-87.7516837
170318137011,1945.0,2.88,22.83,97.12,Minority,Low_poverty,LPM,41.8554812,-87.755005
170318025032,1603.0,79.29,5.93,5.43,White,Low_poverty,LPW,42.1362446,-87.9538491
170318043101,2599.0,50.4,7.54,20.58,White,Low_poverty,LPW,42.0200881,-88.1880291
170318061041,1583.0,28.3,28.3,42.14,Other,Low_poverty,LPO,42.062081,-87.866436
170318030142,1551.0,67.12,13.48,23.02,White,Low_poverty,LPW,42.1126592,-87.9316104
170318036034,1117.0,91.32,0.0,0.0,White,Low_poverty,LPW,42.1249678,-88.1097695
170318036063,4423.0,29.03,18.77,69.93,Minority,Low_poverty,LPM,42.1366275,-88.0137519
170318046081,1380.0,57.68,1.38,22.25,White,Low_poverty,LPW,42.0366447,-88.0650478
170318051052,1171.0,28.35,15.12,25.28,Other,Low_poverty,LPO,42.0635534,-88.0153461
170318048031,1091.0,70.3,7.06,7.06,White,Low_poverty,LPW,41.9964865,-88.0963995
170318047131,2109.0,27.36,4.46,34.76,Other,Low_poverty,LPO,42.052413,-88.0835336
170318047162,2278.0,37.45,5.27,15.89,Other,Low_poverty,LPO,42.0431048,-88.1197222
170318060044,896.0,32.25,8.82,33.37,Other,Low_poverty,LPO,42.043896,-87.8285504
170318241203,1746.0,90.09,18.79,5.84,White,Low_poverty,LPW,41.5610024,-87.8719093
170318123011,775.0,69.94,1.55,10.32,White,Low_poverty,LPW,41.8911509,-87.8010513
170318186003,1374.0,94.83,1.82,2.33,White,Low_poverty,LPW,41.8373795,-87.8692451
170318185004,802.0,79.93,2.74,10.97,White,Low_poverty,LPW,41.8417281,-87.8961031
170318036122,1348.0,56.97,6.75,10.39,White,Low_poverty,LPW,42.149015,-88.0074332
170318047123,2004.0,69.16,0.45,8.03,White,Low_poverty,LPW,42.0346856,-88.1275296
170318051122,1347.0,69.64,2.23,8.31,White,Low_poverty,LPW,42.0275739,-87.929849
170318071002,1631.0,45.55,11.71,40.16,Other,Low_poverty,LPO,42.0435743,-87.7157407
170318118004,1695.0,29.56,20.88,69.2,Minority,Low_poverty,LPM,41.9097335,-87.8967017
170318183003,2326.0,11.65,5.25,88.35,Minority,Low_poverty,LPM,41.8798723,-87.8940514
170318133022,1954.0,4.09,23.44,95.91,Minority,Low_poverty,LPM,41.8640607,-87.7447251
170318299013,1610.0,14.47,15.71,76.27,Minority,Low_poverty,LPM,41.5497125,-87.727755
170318279023,322.0,25.47,2.48,59.62,Minority,Low_poverty,LPM,41.5803913,-87.5370168
170318285044,1822.0,13.56,54.56,83.87,Minority,High_poverty,HPM,41.4872434,-87.5631697
170318294023,1532.0,13.05,18.15,76.11,Minority,Low_poverty,LPM,41.4932232,-87.6597212
170318320001,1621.0,78.22,12.03,7.47,White,Low_poverty,LPW,41.9462941,-87.6542982
170318325001,1252.0,73.48,12.22,19.49,White,Low_poverty,LPW,41.9228607,-87.6672806
170311105013,1935.0,41.91,4.91,30.75,Other,Low_poverty,LPO,41.9747067,-87.7588648
170318367001,1055.0,1.99,41.52,97.35,Minority,High_poverty,HPM,41.8918399,-87.7088864
170318330002,2013.0,63.49,11.72,20.67,White,Low_poverty,LPW,41.8852412,-87.6607331
170318370001,663.0,4.98,54.75,89.29,Minority,High_poverty,HPM,41.8765001,-87.6986256
170318236024,1194.0,94.22,1.42,5.78,White,Low_poverty,LPW,41.6524504,-87.7692615
170318241223,2456.0,80.37,3.5,16.65,White,Low_poverty,LPW,41.5668642,-87.8171047
170318258035,1180.0,0.0,18.22,100.0,Minority,Low_poverty,LPM,41.6212612,-87.5730497
170318300071,1152.0,28.04,17.53,70.84,Minority,Low_poverty,LPM,41.4887933,-87.7225617
170318300072,2088.0,4.45,24.19,95.55,Minority,Low_poverty,LPM,41.4769993,-87.7272403
170318045063,2460.0,57.6,3.37,13.9,White,Low_poverty,LPW,42.0117098,-88.1943636
170310404014,988.0,65.08,0.92,24.19,White,Low_poverty,LPW,41.9703805,-87.6842125
170310505002,1585.0,96.15,4.04,0.19,White,Low_poverty,LPW,41.9522956,-87.6817371
170310712002,926.0,73.87,13.82,9.29,White,Low_poverty,LPW,41.920574,-87.6464108
170311001002,1980.0,64.9,2.78,31.97,White,Low_poverty,LPW,41.9908425,-87.7804668
170318331002,1310.0,58.63,7.84,32.44,White,Low_poverty,LPW,41.8777734,-87.6556437
170318429003,1706.0,8.38,57.5,91.62,Minority,High_poverty,HPM,41.8642634,-87.6590484
170318416001,579.0,0.52,28.67,99.48,Minority,Low_poverty,LPM,41.8553771,-87.7076032
170318305003,1212.0,0.0,18.89,100.0,Minority,Low_poverty,LPM,41.8291245,-87.7193198
170318401002,2301.0,25.25,20.56,11.34,Other,Low_poverty,LPO,41.8406529,-87.6387482
170318355001,722.0,2.35,41.83,97.65,Minority,High_poverty,HPM,41.8200874,-87.6326016
170318355002,712.0,3.93,38.34,96.06,Minority,High_poverty,HPM,41.8127537,-87.6324836
170318360003,1044.0,1.53,50.83,98.46,Minority,High_poverty,HPM,41.8140489,-87.6091135
170318362001,1492.0,65.62,23.96,16.15,White,Low_poverty,LPW,41.7904691,-87.6012847
170318343002,1319.0,0.0,53.3,100.0,Minority,High_poverty,HPM,41.7519001,-87.5929737
170314603024,1359.0,0.52,34.66,99.49,Minority,High_poverty,HPM,41.7463914,-87.5576501
170318352001,1993.0,29.25,9.38,67.19,Minority,Low_poverty,LPM,41.7966437,-87.7452866
170318438002,738.0,0.0,9.76,98.92,Minority,Low_poverty,LPM,41.7980263,-87.6403679
170318346003,215.0,0.0,27.91,100.0,Minority,Low_poverty,LPM,41.7835357,-87.6321089
170318044044,1306.0,7.96,4.52,89.51,Minority,Low_poverty,LPM,42.0430329,-88.2560488
170318241142,1440.0,91.94,3.82,4.93,White,Low_poverty,LPW,41.623046,-87.8665793
170316910001,972.0,0.51,18.11,99.48,Minority,Low_poverty,LPM,41.7638385,-87.6176414
170318028012,1207.0,66.78,7.79,13.58,White,Low_poverty,LPW,42.0827622,-87.9683137
170310208021,1613.0,59.7,16.68,5.7,White,Low_poverty,LPW,41.9922752,-87.6921477
170316203004,1907.0,5.93,20.29,94.07,Minority,Low_poverty,LPM,41.7913032,-87.7322972
170310402014,2225.0,51.24,4.45,30.07,White,Low_poverty,LPW,41.9718762,-87.6947943
170312306004,879.0,3.75,11.45,96.24,Minority,Low_poverty,LPM,41.9075367,-87.7325831
170313510002,735.0,2.86,35.37,64.08,Minority,High_poverty,HPM,41.832362,-87.6140353
170318156005,1321.0,82.74,0.0,17.26,White,Low_poverty,LPW,41.8455478,-87.8335389
170318034006,1046.0,93.59,2.39,0.0,White,Low_poverty,LPW,42.0776792,-87.9792985
170318133021,1103.0,5.44,10.68,94.2,Minority,Low_poverty,LPM,41.8604351,-87.7446076
170317502002,847.0,19.48,9.68,67.65,Minority,Low_poverty,LPM,41.6952455,-87.6684501
170310206012,4393.0,54.88,47.89,9.72,White,High_poverty,HPW,41.9991235,-87.7040834
170311503002,1227.0,41.4,5.95,56.32,Minority,Low_poverty,LPM,41.9615112,-87.7598064
170318269021,520.0,4.62,23.46,95.38,Minority,Low_poverty,LPM,41.6159494,-87.6690772
170314402011,1199.0,0.0,33.53,100.0,Minority,High_poverty,HPM,41.7494248,-87.6070032
170318041092,1694.0,68.77,3.49,18.78,White,Low_poverty,LPW,42.0805538,-88.0370997
170312204001,1132.0,58.66,2.99,22.52,White,Low_poverty,LPW,41.9288378,-87.6986709
170310505005,905.0,90.06,2.65,7.85,White,Low_poverty,LPW,41.9485816,-87.6864899
170318426003,1048.0,84.92,14.03,13.27,White,Low_poverty,LPW,41.8134,-87.6420695
170318046091,2429.0,39.36,3.42,3.99,Other,Low_poverty,LPO,42.0343267,-88.0531536
170312109002,1024.0,63.77,7.13,31.54,White,Low_poverty,LPW,41.9330343,-87.6933566
170310633011,1033.0,73.48,25.36,14.33,White,Low_poverty,LPW,41.9341942,-87.6427723
170318256001,1338.0,0.0,21.67,89.23,Minority,Low_poverty,LPM,41.5923948,-87.6836855
170311801004,548.0,91.97,23.72,8.03,White,Low_poverty,LPW,41.936274,-87.800393
170318350005,724.0,7.04,29.7,92.95,Minority,Low_poverty,LPM,41.7846514,-87.6892781
170316503014,588.0,25.17,8.67,74.83,Minority,Low_poverty,LPM,41.7730656,-87.7265576
170318201011,520.0,87.5,0.0,7.69,White,Low_poverty,LPW,41.784838,-87.8925909
170317005016,1499.0,1.67,1.87,98.33,Minority,Low_poverty,LPM,41.743471,-87.6891796
170317608032,1848.0,79.38,22.02,16.18,White,Low_poverty,LPW,41.9764068,-87.8478943
170318193001,532.0,72.18,4.7,24.44,White,Low_poverty,LPW,41.8175844,-87.8428143
170312603001,1668.0,1.44,34.71,98.56,Minority,High_poverty,HPM,41.8842766,-87.7331362
170318121001,654.0,38.69,2.6,44.95,Other,Low_poverty,LPO,41.9065987,-87.7774252
170318236042,661.0,89.11,10.74,10.89,White,Low_poverty,LPW,41.6606244,-87.7928961
170316610001,811.0,0.0,24.17,96.79,Minority,Low_poverty,LPM,41.7657627,-87.6810586
170316201001,1855.0,6.09,10.57,84.85,Minority,Low_poverty,LPM,41.8005717,-87.7176526
170312309001,945.0,32.8,14.6,61.69,Minority,Low_poverty,LPM,41.9082766,-87.7094007
170312424001,1287.0,80.81,6.92,12.67,White,Low_poverty,LPW,41.9012409,-87.6845374
170318122004,786.0,78.63,9.97,13.87,White,Low_poverty,LPW,41.9071347,-87.7997895
170318134006,1098.0,0.0,6.8,94.81,Minority,Low_poverty,LPM,41.863984,-87.7708102
170318235001,1172.0,50.34,5.12,49.65,White,Low_poverty,LPW,41.6736143,-87.6830292
170318255053,1045.0,2.11,7.94,97.89,Minority,Low_poverty,LPM,41.5683986,-87.7180101
170318142006,743.0,13.06,25.58,83.99,Minority,Low_poverty,LPM,41.8426825,-87.7500652
170317702012,1798.0,77.09,2.17,10.79,White,Low_poverty,LPW,41.998574,-88.0098293
170311706001,971.0,80.12,7.31,15.66,White,Low_poverty,LPW,41.9413528,-87.8283073
170318140004,939.0,14.16,2.77,85.83,Minority,Low_poverty,LPM,41.8414526,-87.7757723
170316407004,962.0,35.45,9.25,64.56,Minority,Low_poverty,LPM,41.7762723,-87.7592255
170310304001,1669.0,57.52,12.34,31.87,White,Low_poverty,LPW,41.9887321,-87.6722777
170318084002,698.0,69.34,10.6,6.73,White,Low_poverty,LPW,42.0432527,-87.7965725
170318130003,740.0,86.62,5.27,9.19,White,Low_poverty,LPW,41.8744922,-87.7818138
170316911003,577.0,2.25,21.14,93.41,Minority,Low_poverty,LPM,41.7597308,-87.6336677
170310204003,2184.0,26.56,18.54,59.76,Minority,Low_poverty,LPM,42.0061672,-87.6853658
170318030083,1528.0,85.73,1.31,9.23,White,Low_poverty,LPW,42.1207099,-87.973479
170318037021,747.0,86.88,13.99,10.57,White,Low_poverty,LPW,42.1055398,-88.0462537
170311801002,1792.0,34.21,19.53,54.41,Minority,Low_poverty,LPM,41.9327301,-87.7937078
170315202003,1897.0,8.54,48.18,91.46,Minority,High_poverty,HPM,41.7176403,-87.5399048
170318280004,1390.0,64.1,26.19,30.5,White,Low_poverty,LPW,41.5683647,-87.5454153
170312209012,1156.0,25.52,32.35,70.16,Minority,High_poverty,HPM,41.9190976,-87.7180507
170313108002,301.0,17.61,19.93,46.18,Other,Low_poverty,LPO,41.8568447,-87.6685952
170318268003,860.0,10.81,38.6,88.03,Minority,High_poverty,HPM,41.6429389,-87.6737933
170315608004,1185.0,23.29,8.52,76.71,Minority,Low_poverty,LPM,41.795866,-87.7768907
170311104002,1494.0,64.19,4.57,24.57,White,Low_poverty,LPW,41.969863,-87.772783
170312225001,1692.0,44.98,21.87,52.95,Minority,Low_poverty,LPM,41.9157082,-87.6995969
170318038002,937.0,66.92,4.59,23.48,White,Low_poverty,LPW,42.1073114,-88.0284374
170318342001,1264.0,1.03,27.03,93.59,Minority,Low_poverty,LPM,41.7533938,-87.5784676
170318139005,994.0,26.46,27.54,69.82,Minority,Low_poverty,LPM,41.8491,-87.7706081
170316910003,390.0,0.0,32.56,100.0,Minority,High_poverty,HPM,41.7600979,-87.6223795
170316704001,1689.0,0.0,25.7,100.0,Minority,Low_poverty,LPM,41.7902996,-87.6717698
170318255013,1765.0,6.35,14.84,93.65,Minority,Low_poverty,LPM,41.579947,-87.7073821
170311606011,1176.0,40.14,5.95,52.81,Minority,Low_poverty,LPM,41.9593811,-87.7063565
170318131005,1700.0,54.0,2.53,32.53,White,Low_poverty,LPW,41.8683398,-87.7865502
170310718002,615.0,83.09,5.85,6.18,White,Low_poverty,LPW,41.9145452,-87.6477834
170314109001,522.0,49.62,1.53,35.24,Other,Low_poverty,LPO,41.7988817,-87.583897
170314308002,1000.0,0.0,35.93,100.0,Minority,High_poverty,HPM,41.759842,-87.5712787
170318280001,928.0,53.99,0.75,41.92,White,Low_poverty,LPW,41.5738908,-87.5287797
170318048032,1570.0,53.57,2.87,12.23,White,Low_poverty,LPW,42.0088636,-88.0752538
170310902002,1479.0,79.92,0.95,13.05,White,Low_poverty,LPW,42.0031984,-87.809093
170316308004,1403.0,4.92,13.83,95.08,Minority,Low_poverty,LPM,41.7872361,-87.6984945
170318056004,896.0,93.75,4.46,0.67,White,Low_poverty,LPW,41.997846,-87.8327063
170315205003,1542.0,23.87,15.89,72.37,Minority,Low_poverty,LPM,41.6881496,-87.5328241
170318137024,1141.0,4.47,18.23,94.65,Minority,Low_poverty,LPM,41.8558194,-87.7462449
170311608002,858.0,33.68,8.23,61.65,Minority,Low_poverty,LPM,41.9481152,-87.7107183
170311504012,1479.0,52.6,14.6,32.32,White,Low_poverty,LPW,41.962732,-87.7697609
170318148005,442.0,42.31,0.0,57.69,Minority,Low_poverty,LPM,41.8458645,-87.7994843
170316004002,890.0,36.74,29.89,18.65,Other,Low_poverty,LPO,41.8393452,-87.6442405
170318109001,1469.0,43.36,3.81,56.64,Minority,Low_poverty,LPM,41.9215923,-87.8092804
170318127003,1237.0,56.51,10.75,35.89,White,Low_poverty,LPW,41.8833451,-87.7927248
170313301002,4254.0,67.7,10.96,28.96,White,Low_poverty,LPW,41.8578079,-87.6236098
170318206041,2813.0,79.49,13.58,19.2,White,Low_poverty,LPW,41.7423244,-87.8218378
170316408001,871.0,18.6,7.46,81.4,Minority,Low_poverty,LPM,41.776642,-87.7397908
170318239033,926.0,83.91,14.15,16.09,White,Low_poverty,LPW,41.6598395,-87.8106593
170316118001,1671.0,0.0,10.17,99.28,Minority,Low_poverty,LPM,41.7983985,-87.6667471
170318285034,811.0,15.17,26.76,80.02,Minority,Low_poverty,LPM,41.491761,-87.5700554
170315603001,1445.0,17.23,14.6,76.19,Minority,Low_poverty,LPM,41.8057325,-87.7480339
170318285033,909.0,27.5,13.64,72.5,Minority,Low_poverty,LPM,41.4923778,-87.5656777
170312609002,252.0,1.19,25.52,98.01,Minority,Low_poverty,LPM,41.8712363,-87.7241225
170318280003,1769.0,16.62,16.94,77.78,Minority,Low_poverty,LPM,41.5745633,-87.5526375
170318037023,1417.0,88.78,0.0,8.54,White,Low_poverty,LPW,42.1072479,-88.055222
170318016082,1081.0,84.09,6.33,1.39,White,Low_poverty,LPW,42.1130316,-87.8393869
170318210021,1038.0,63.58,7.79,36.41,White,Low_poverty,LPW,41.7460014,-87.7660183
170318247012,1289.0,71.06,1.47,25.06,White,Low_poverty,LPW,41.630978,-87.7216042
170310611001,1368.0,87.65,4.46,7.82,White,Low_poverty,LPW,41.9491398,-87.6568035
170310601002,1273.0,70.93,2.04,15.39,White,Low_poverty,LPW,41.955642,-87.6653004
170310308003,1145.0,83.14,5.85,4.71,White,Low_poverty,LPW,41.9789928,-87.6641249
170311702001,1127.0,63.62,1.15,36.38,White,Low_poverty,LPW,41.9507433,-87.7791314
170318140003,1229.0,3.01,16.19,96.42,Minority,Low_poverty,LPM,41.8439175,-87.7748552
170318045111,1972.0,24.59,19.81,58.32,Minority,Low_poverty,LPM,41.99198,-88.1532215
170318044041,1446.0,8.23,23.31,88.46,Minority,Low_poverty,LPM,42.040418,-88.2534959
170315703002,1062.0,12.62,10.63,79.75,Minority,Low_poverty,LPM,41.8023488,-87.7258739
170316909002,611.0,2.95,29.95,97.05,Minority,Low_poverty,LPM,41.7603728,-87.6072686
170318057011,1098.0,94.9,2.37,5.1,White,Low_poverty,LPW,42.0039095,-87.8421831
170310630002,1465.0,68.19,8.19,14.88,White,Low_poverty,LPW,41.9338819,-87.6514757
170318107011,1309.0,61.88,22.92,37.51,White,Low_poverty,LPW,41.9335051,-87.8114665
170318068013,954.0,63.42,0.84,1.36,White,Low_poverty,LPW,42.0516265,-87.7353984
170310107021,2114.0,28.38,20.25,65.51,Minority,Low_poverty,LPM,42.010226,-87.6727377
170318021002,770.0,69.35,17.14,1.95,White,Low_poverty,LPW,42.0715125,-87.8084513
170318262023,1541.0,24.01,23.62,73.39,Minority,Low_poverty,LPM,41.5924348,-87.5361776
170318070003,1062.0,35.4,3.77,23.07,Other,Low_poverty,LPO,42.044821,-87.7607558
170312403001,1215.0,82.72,6.17,10.04,White,Low_poverty,LPW,41.9123677,-87.67507
170318121003,1081.0,60.78,5.6,26.27,White,Low_poverty,LPW,41.8980129,-87.780776
170317502004,775.0,56.77,6.19,41.29,White,Low_poverty,LPW,41.6935602,-87.6766922
170318241233,1892.0,89.85,25.58,8.45,White,Low_poverty,LPW,41.5835546,-87.8069139
170312106023,1656.0,30.56,7.37,51.81,Minority,Low_poverty,LPM,41.9349241,-87.7149403
170312207022,737.0,29.99,29.31,66.35,Minority,Low_poverty,LPM,41.9290838,-87.7272169
170315301001,851.0,1.18,21.39,94.13,Minority,Low_poverty,LPM,41.6828287,-87.6168222
170312004011,1242.0,4.11,30.35,94.68,Minority,High_poverty,HPM,41.9188461,-87.7389329
170318209023,815.0,64.05,16.07,25.4,White,Low_poverty,LPW,41.75068,-87.7566864
170318036042,1022.0,84.74,1.76,6.45,White,Low_poverty,LPW,42.1352801,-88.0448764
170318218002,893.0,52.74,11.87,45.91,White,Low_poverty,LPW,41.7176956,-87.6978366
170314305002,1149.0,0.26,52.65,98.52,Minority,High_poverty,HPM,41.7643202,-87.5808659
170310701011,1411.0,83.35,9.92,2.34,White,Low_poverty,LPW,41.9301104,-87.6402397
170312101002,1587.0,44.42,20.04,53.81,Minority,Low_poverty,LPM,41.9409896,-87.7047112
170310701012,1064.0,87.69,14.94,7.71,White,Low_poverty,LPW,41.9270736,-87.6401683
170310802013,615.0,80.0,0.0,13.98,White,Low_poverty,LPW,41.9086396,-87.6294617
170310206013,647.0,39.72,20.25,19.48,Other,Low_poverty,LPO,41.9993901,-87.6990857
170318090003,1609.0,86.51,3.88,11.0,White,Low_poverty,LPW,42.0589996,-87.7211969
170318359001,1380.0,1.45,45.87,96.38,Minority,High_poverty,HPM,41.8201306,-87.6239331
170311704002,1158.0,52.07,22.88,37.82,White,Low_poverty,LPW,41.9470383,-87.8094975
170315704001,1208.0,6.71,2.9,89.32,Minority,Low_poverty,LPM,41.8070282,-87.7189318
170316608001,940.0,0.0,34.57,96.28,Minority,High_poverty,HPM,41.7737685,-87.6853275
170318065021,1099.0,47.32,1.64,47.77,Other,Low_poverty,LPO,42.0225091,-87.8791756
170312205001,1091.0,69.48,9.9,21.27,White,Low_poverty,LPW,41.929329,-87.7036703
170317203001,839.0,60.07,2.03,39.33,White,Low_poverty,LPW,41.7156354,-87.673422
170318194001,1112.0,55.49,11.69,40.11,White,Low_poverty,LPW,41.8113701,-87.8431486
170317304002,1070.0,8.5,4.77,88.6,Minority,Low_poverty,LPM,41.7186508,-87.6585
170317706011,813.0,75.15,0.49,0.12,White,Low_poverty,LPW,42.0304955,-87.9149717
170315610003,1078.0,67.16,0.0,29.12,White,Low_poverty,LPW,41.7885366,-87.7896059
170318210013,1219.0,69.81,12.98,26.66,White,Low_poverty,LPW,41.7436073,-87.7964946
170318399005,531.0,51.22,6.78,1.88,White,Low_poverty,LPW,41.824409,-87.6429095
170312512004,1412.0,1.56,15.86,98.44,Minority,Low_poverty,LPM,41.9003794,-87.7597441
170310507001,1742.0,91.62,3.56,4.25,White,Low_poverty,LPW,41.945071,-87.6760595
170310315012,2157.0,37.78,30.0,46.64,Other,High_poverty,HPO,41.968217,-87.6524533
170318288013,1847.0,22.41,4.01,72.12,Minority,Low_poverty,LPM,41.5339155,-87.6557309
170318155007,650.0,38.92,0.0,61.07,Minority,Low_poverty,LPM,41.823091,-87.7990893
170318311002,2312.0,31.57,17.26,60.12,Minority,Low_poverty,LPM,41.9445093,-87.7202684
170310813006,598.0,73.75,9.36,11.2,White,Low_poverty,LPW,41.8975912,-87.6227585
170318125003,921.0,60.04,15.51,36.04,White,Low_poverty,LPW,41.8891348,-87.7837551
170318343005,1219.0,1.31,1.23,95.98,Minority,Low_poverty,LPM,41.7407359,-87.593874
170310810005,2567.0,73.08,22.44,16.05,White,Low_poverty,LPW,41.8990425,-87.6333042
170311512001,1374.0,42.29,2.84,46.0,Other,Low_poverty,LPO,41.9435674,-87.7691105
170318001002,1362.0,91.78,2.72,2.42,White,Low_poverty,LPW,42.1339745,-87.7477294
170318151003,2140.0,20.75,10.37,75.98,Minority,Low_poverty,LPM,41.8464585,-87.7882038
170315202001,547.0,6.58,44.06,93.42,Minority,High_poverty,HPM,41.7211253,-87.5372216
170311608005,1669.0,27.2,7.73,62.85,Minority,Low_poverty,LPM,41.9520839,-87.7128021
170318103021,1307.0,64.04,1.38,30.07,White,Low_poverty,LPW,42.0323654,-87.6946517
170310815002,1497.0,83.17,10.22,3.41,White,Low_poverty,LPW,41.8940597,-87.625666
170318220002,405.0,40.25,20.74,59.75,Minority,Low_poverty,LPM,41.7334215,-87.7318012
170318318004,1613.0,66.4,15.34,19.53,White,Low_poverty,LPW,41.9740636,-87.7136479
170317104006,1339.0,1.19,5.75,98.81,Minority,Low_poverty,LPM,41.752006,-87.6765268
170318049016,898.0,93.21,0.0,5.23,White,Low_poverty,LPW,42.055617,-87.9380669
170318292003,1866.0,5.79,41.05,94.22,Minority,High_poverty,HPM,41.504232,-87.6478543
170318024023,1653.0,58.2,20.79,22.44,White,Low_poverty,LPW,42.1438352,-87.9128647
170318048072,1023.0,70.38,3.32,5.57,White,Low_poverty,LPW,42.0149399,-88.1241782
170310715003,1563.0,80.49,4.09,13.31,White,Low_poverty,LPW,41.9142425,-87.6250924
170318255042,1919.0,8.29,2.12,91.71,Minority,Low_poverty,LPM,41.5617933,-87.7031875
170318309003,518.0,39.0,4.44,61.0,Minority,Low_poverty,LPM,41.9302397,-87.6901931
170316404001,1706.0,45.19,2.89,43.61,Other,Low_poverty,LPO,41.7813055,-87.7838429
170312922001,559.0,2.33,41.14,97.68,Minority,High_poverty,HPM,41.8572968,-87.7122253
170318224003,2024.0,80.19,30.53,19.81,White,High_poverty,HPW,41.7138008,-87.7951543
170318237022,2046.0,73.26,14.76,15.94,White,Low_poverty,LPW,41.7065731,-87.8306922
170318016053,1808.0,74.34,0.0,0.66,White,Low_poverty,LPW,42.1330785,-87.8631118
170318138024,1764.0,11.05,14.91,82.93,Minority,Low_poverty,LPM,41.8480275,-87.750299
170313007001,2441.0,1.31,32.9,97.09,Minority,High_poverty,HPM,41.8498925,-87.7124973
170316806001,273.0,0.0,10.26,100.0,Minority,Low_poverty,LPM,41.7845685,-87.6508616
170312925002,1413.0,3.54,34.89,82.52,Minority,High_poverty,HPM,41.8533092,-87.7272409
170314207003,961.0,2.5,35.69,97.51,Minority,High_poverty,HPM,41.7748628,-87.6112755
170311911004,1511.0,4.96,17.47,95.04,Minority,Low_poverty,LPM,41.9214546,-87.749919
170316401001,1532.0,26.31,7.96,70.7,Minority,Low_poverty,LPM,41.7819196,-87.7398608
170318062011,2733.0,64.4,4.1,19.97,White,Low_poverty,LPW,42.0463153,-87.8923506
170318071001,576.0,91.15,1.39,6.42,White,Low_poverty,LPW,42.0443868,-87.7301132
170315102002,1403.0,0.0,49.75,98.29,Minority,High_poverty,HPM,41.7171631,-87.5628641
170312304001,946.0,18.6,10.04,78.54,Minority,Low_poverty,LPM,41.9118504,-87.7191026
170310406002,1098.0,70.58,5.65,25.23,White,Low_poverty,LPW,41.9657727,-87.6847285
170318017011,2489.0,81.64,0.4,0.84,White,Low_poverty,LPW,42.1213032,-87.8423543
170311101004,1610.0,59.63,1.55,33.73,White,Low_poverty,LPW,41.9882342,-87.7752146
170318103012,1115.0,28.07,0.0,62.96,Minority,Low_poverty,LPM,42.0239484,-87.7041735
170312307001,1796.0,9.35,27.51,90.15,Minority,Low_poverty,LPM,41.9081589,-87.7191694
170316603022,1055.0,1.61,13.02,92.98,Minority,Low_poverty,LPM,41.7835374,-87.7020495
170318276001,713.0,0.0,7.43,100.0,Minority,Low_poverty,LPM,41.5930696,-87.6547232
170318233043,1036.0,45.27,22.2,50.0,Minority,Low_poverty,LPM,41.6783682,-87.7092346
170311703003,684.0,32.75,2.05,50.0,Minority,Low_poverty,LPM,41.9490778,-87.7997741
170317107004,872.0,0.0,25.78,100.0,Minority,Low_poverty,LPM,41.7440366,-87.6596342
170318055012,1716.0,68.88,6.21,15.45,White,Low_poverty,LPW,42.0237758,-87.8451693
170318124003,824.0,90.78,1.21,3.89,White,Low_poverty,LPW,41.8989788,-87.7938619
170314605004,913.0,0.0,24.21,100.0,Minority,Low_poverty,LPM,41.7443069,-87.572997
170318028021,1345.0,65.13,5.87,8.55,White,Low_poverty,LPW,42.0788543,-87.9399916
170318386001,906.0,0.0,42.27,97.68,Minority,High_poverty,HPM,41.8677964,-87.7032673
170318016061,1231.0,70.92,3.49,0.81,White,Low_poverty,LPW,42.1202281,-87.8536725
170310306043,818.0,38.39,46.7,53.54,Minority,High_poverty,HPM,41.9864296,-87.6559874
170318103023,708.0,46.61,3.58,49.86,Other,Low_poverty,LPO,42.0264554,-87.6949968
170318276002,1726.0,1.56,23.7,97.8,Minority,Low_poverty,LPM,41.5916685,-87.6601135
170310403003,762.0,47.9,2.81,8.8,Other,Low_poverty,LPO,41.9730682,-87.7009718
170318046061,579.0,80.66,0.0,2.76,White,Low_poverty,LPW,42.0030815,-88.0412854
170318408002,1716.0,0.93,45.22,99.07,Minority,High_poverty,HPM,41.8390112,-87.7073175
170315805013,1502.0,8.12,15.98,82.16,Minority,Low_poverty,LPM,41.818566,-87.7015053
170318194003,527.0,78.56,0.0,21.44,White,Low_poverty,LPW,41.8132625,-87.8506398
170316503013,974.0,12.32,1.03,87.68,Minority,Low_poverty,LPM,41.7765536,-87.7255348
170312207023,1048.0,24.33,41.03,72.04,Minority,High_poverty,HPM,41.9294492,-87.7230761
170318318001,1464.0,34.02,4.78,45.01,Other,Low_poverty,LPO,41.9784572,-87.7123923
170318298001,1951.0,39.88,9.02,60.12,Minority,Low_poverty,LPM,41.551841,-87.6866656
170314111002,1291.0,65.61,11.11,15.1,White,Low_poverty,LPW,41.7884021,-87.5896914
170315204003,1489.0,10.07,2.82,89.93,Minority,Low_poverty,LPM,41.7006777,-87.5327137
170312718001,730.0,0.0,65.62,100.0,Minority,High_poverty,HPM,41.8714964,-87.6984897
170318052011,878.0,74.6,4.56,4.1,White,Low_poverty,LPW,42.0635369,-87.8231887
170315611002,1076.0,38.38,0.0,61.62,Minority,Low_poverty,LPM,41.7871112,-87.7681908
170314605006,1424.0,1.12,6.74,98.88,Minority,Low_poverty,LPM,41.7488841,-87.5762602
170312415001,1224.0,73.69,13.32,14.38,White,Low_poverty,LPW,41.9094623,-87.6700997
170318367002,1253.0,8.46,32.4,91.22,Minority,High_poverty,HPM,41.8916536,-87.6996863
170318241221,1498.0,85.25,11.21,10.08,White,Low_poverty,LPW,41.5810654,-87.8183977
170318141001,2142.0,1.4,20.68,98.08,Minority,Low_poverty,LPM,41.8492361,-87.7614004
170318149002,1660.0,35.0,29.16,65.0,Minority,Low_poverty,LPM,41.852434,-87.7866551
170318340002,551.0,2.54,14.88,95.64,Minority,Low_poverty,LPM,41.7253631,-87.6262962
170311903001,1007.0,18.77,26.02,77.36,Minority,Low_poverty,LPM,41.9377256,-87.7615613
170310312004,1593.0,28.94,21.03,38.79,Other,Low_poverty,LPO,41.9739794,-87.6556474
170311402001,2534.0,50.87,30.69,30.11,White,High_poverty,HPW,41.9719663,-87.7106236
170315803001,2512.0,4.26,8.24,81.45,Minority,Low_poverty,LPM,41.8251876,-87.708934
170310632004,1416.0,84.6,12.04,10.59,White,Low_poverty,LPW,41.9389231,-87.6346726
170314307001,1386.0,4.4,44.53,92.86,Minority,High_poverty,HPM,41.7652716,-87.5608903
170310811003,1608.0,66.23,12.19,20.71,White,Low_poverty,LPW,41.9028548,-87.6292293
170318149004,1808.0,14.82,6.25,83.01,Minority,Low_poverty,LPM,41.8550542,-87.7929253
170318274001,940.0,0.0,53.51,100.0,Minority,High_poverty,HPM,41.6090011,-87.6595786
170312420001,2031.0,63.27,16.1,24.42,White,Low_poverty,LPW,41.9002171,-87.6649449
170312307002,842.0,2.97,31.29,95.49,Minority,High_poverty,HPM,41.9045389,-87.7190599
170313017013,1347.0,2.75,47.96,97.25,Minority,High_poverty,HPM,41.8424355,-87.7226705
170318392002,1258.0,15.5,13.15,56.68,Minority,Low_poverty,LPM,41.8419657,-87.6244435
170318051116,1278.0,28.01,0.0,44.21,Other,Low_poverty,LPO,42.0278708,-87.9477624
170313515002,703.0,20.2,51.78,55.62,Minority,High_poverty,HPM,41.8291332,-87.6277278
170312428001,1621.0,71.25,6.47,26.16,White,Low_poverty,LPW,41.892632,-87.6903237
170310712001,1030.0,72.52,11.55,23.59,White,Low_poverty,LPW,41.9239808,-87.6458783
170316119001,1091.0,0.0,47.57,100.0,Minority,High_poverty,HPM,41.7979128,-87.6626797
170317503001,792.0,93.94,1.01,0.0,White,Low_poverty,LPW,41.6972351,-87.6844064
170311303002,882.0,74.83,29.71,9.64,White,Low_poverty,LPW,41.9866136,-87.7175351
170312429002,622.0,62.06,5.47,33.77,White,Low_poverty,LPW,41.8903764,-87.6842345
170318132001,846.0,68.91,14.89,23.52,White,Low_poverty,LPW,41.8706601,-87.7915311
170318045062,1440.0,84.51,2.29,2.71,White,Low_poverty,LPW,41.990921,-88.1977937
170318047052,1777.0,35.0,11.71,37.14,Other,Low_poverty,LPO,42.0583324,-88.1241794
170318414002,434.0,7.14,19.12,92.86,Minority,Low_poverty,LPM,41.8528894,-87.716307
170318136003,2016.0,2.38,14.38,97.03,Minority,Low_poverty,LPM,41.8524168,-87.7689942
170318211012,466.0,100.0,4.08,0.0,White,Low_poverty,LPW,41.7397534,-87.7556097
170311002002,887.0,65.16,2.48,25.82,White,Low_poverty,LPW,41.9955569,-87.791348
170312429001,1181.0,72.9,3.53,16.43,White,Low_poverty,LPW,41.8939658,-87.6843433
170312408001,476.0,50.42,35.03,46.64,White,High_poverty,HPW,41.9120955,-87.6980901
170318180002,631.0,54.68,6.66,19.81,White,Low_poverty,LPW,41.8479087,-87.8469862
170310202004,1676.0,35.92,3.58,32.04,Other,Low_poverty,LPO,42.0169756,-87.6959619
170318386002,822.0,3.53,66.52,95.98,Minority,High_poverty,HPM,41.8678501,-87.6983844
170318262013,597.0,10.05,6.2,89.95,Minority,Low_poverty,LPM,41.6029822,-87.5712608
170310408002,904.0,72.23,4.12,14.93,White,Low_poverty,LPW,41.9633173,-87.694198
170318224002,1923.0,59.13,9.05,36.93,White,Low_poverty,LPW,41.7225324,-87.7876361
170318169002,1456.0,6.94,6.87,87.91,Minority,Low_poverty,LPM,41.8870082,-87.8883923
170312513004,676.0,2.66,12.43,88.61,Minority,Low_poverty,LPM,41.9002382,-87.7710552
170312519003,1024.0,0.78,56.7,98.05,Minority,High_poverty,HPM,41.8857783,-87.7626533
170318108003,1376.0,77.03,3.27,20.71,White,Low_poverty,LPW,41.9326785,-87.8204185
170314407002,683.0,2.34,7.47,96.93,Minority,Low_poverty,LPM,41.7347132,-87.6120524
170318264023,1168.0,0.0,42.64,100.0,Minority,High_poverty,HPM,41.6270248,-87.5904573
170318030171,2158.0,70.85,1.53,8.53,White,Low_poverty,LPW,42.1141452,-87.9905932
170314603021,651.0,1.08,32.87,98.92,Minority,High_poverty,HPM,41.7509367,-87.5577309
170311906021,1237.0,11.16,7.19,88.84,Minority,Low_poverty,LPM,41.9275088,-87.7743932
170318182004,1704.0,45.77,3.76,47.77,Other,Low_poverty,LPO,41.8621871,-87.8785173
170312512001,441.0,0.0,2.49,84.36,Minority,Low_poverty,LPM,41.8985076,-87.7646095
170316111001,823.0,11.66,25.52,84.2,Minority,Low_poverty,LPM,41.8064404,-87.6564014
170318054021,495.0,82.22,11.92,3.43,White,Low_poverty,LPW,42.0388747,-87.8111985
170318188005,1135.0,87.22,5.67,12.78,White,Low_poverty,LPW,41.8274006,-87.8545067
170315611004,1053.0,58.31,7.22,41.69,White,Low_poverty,LPW,41.7888592,-87.7725318
170310812011,1388.0,82.93,2.45,5.26,White,Low_poverty,LPW,41.899958,-87.6262541
170310301042,589.0,66.04,28.9,16.98,White,Low_poverty,LPW,41.9959196,-87.6576946
170318026053,1258.0,82.91,4.85,0.0,White,Low_poverty,LPW,42.0948166,-87.8994351
170318227011,1582.0,45.83,13.08,50.06,Minority,Low_poverty,LPM,41.7149495,-87.7236107
170318239041,553.0,97.29,0.0,2.71,White,Low_poverty,LPW,41.6718819,-87.8012722
170313106002,915.0,26.12,17.38,70.16,Minority,Low_poverty,LPM,41.8569863,-87.6600681
170318424002,1996.0,0.0,25.2,97.34,Minority,Low_poverty,LPM,41.7402791,-87.6291122
170315101001,1436.0,6.62,26.75,93.18,Minority,Low_poverty,LPM,41.721191,-87.5500192
170314907002,730.0,0.0,9.45,100.0,Minority,Low_poverty,LPM,41.7089562,-87.6259609
170316912001,1485.0,0.61,43.43,96.9,Minority,High_poverty,HPM,41.7559723,-87.6362346
170316814004,560.0,0.0,18.21,100.0,Minority,Low_poverty,LPM,41.7632996,-87.6498226
170316720003,1069.0,2.71,55.57,97.29,Minority,High_poverty,HPM,41.762071,-87.6728544
170315806002,1268.0,1.42,1.74,86.2,Minority,Low_poverty,LPM,41.8190446,-87.6921815
170314803001,698.0,1.15,14.33,98.85,Minority,Low_poverty,LPM,41.7314954,-87.5886615
170314503004,433.0,7.16,6.0,82.91,Minority,Low_poverty,LPM,41.7387719,-87.5831463
170311612001,1184.0,24.41,17.65,70.95,Minority,Low_poverty,LPM,41.9443981,-87.7385372
170311511004,1081.0,27.75,20.07,50.69,Minority,Low_poverty,LPM,41.9440834,-87.7642332
170311504013,1290.0,68.45,11.16,24.42,White,Low_poverty,LPW,41.9663177,-87.7748623
170318318003,1470.0,39.18,4.76,19.53,Other,Low_poverty,LPO,41.9802917,-87.71244
170311201001,1491.0,79.81,2.62,13.14,White,Low_poverty,LPW,42.0093321,-87.7756127
170312518004,775.0,12.65,28.25,85.55,Minority,Low_poverty,LPM,41.884118,-87.7466324
170313006002,1517.0,4.94,27.88,94.53,Minority,Low_poverty,LPM,41.8461782,-87.7172853
170312912002,916.0,4.8,45.74,95.2,Minority,High_poverty,HPM,41.8626476,-87.7140937
170318089003,2068.0,88.2,7.12,5.27,White,Low_poverty,LPW,42.0664324,-87.7251541
170311007001,994.0,66.2,4.73,20.53,White,Low_poverty,LPW,41.9722446,-87.7897593
170310903001,1339.0,91.71,2.77,3.36,White,Low_poverty,LPW,41.9991127,-87.8163644
170310810002,1581.0,67.05,8.03,8.54,White,Low_poverty,LPW,41.8988701,-87.6311908
170310703002,1334.0,80.73,13.87,6.37,White,Low_poverty,LPW,41.9272368,-87.6508727
170318107013,1001.0,35.06,14.69,54.05,Minority,Low_poverty,LPM,41.9299328,-87.811544
170318105022,1000.0,84.3,9.2,14.8,White,Low_poverty,LPW,41.9606948,-87.8121585
170318098001,1003.0,77.37,14.46,9.87,White,Low_poverty,LPW,42.0394704,-87.686854
170318050014,1153.0,87.08,4.42,9.97,White,Low_poverty,LPW,42.052333,-87.9553662
170318048052,911.0,54.34,1.65,23.71,White,Low_poverty,LPW,42.013992,-88.1401912
170318062021,674.0,74.04,11.72,12.91,White,Low_poverty,LPW,42.0350767,-87.8918732
170318181001,1261.0,47.34,4.44,48.46,Other,Low_poverty,LPO,41.8526213,-87.8702955
170318171021,1205.0,0.83,10.87,99.17,Minority,Low_poverty,LPM,41.8817276,-87.8614934
170318164012,711.0,9.7,7.31,90.29,Minority,Low_poverty,LPM,41.8948686,-87.8625819
170318157025,1122.0,69.43,4.99,17.56,White,Low_poverty,LPW,41.8317596,-87.825793
170318154002,662.0,48.04,4.23,37.16,Other,Low_poverty,LPO,41.8298778,-87.7945901
170315610004,893.0,60.58,0.0,39.42,White,Low_poverty,LPW,41.7884835,-87.7926584
170318203004,1594.0,11.42,28.73,88.58,Minority,Low_poverty,LPM,41.7858289,-87.8061735
170318197003,1547.0,92.18,0.0,2.14,White,Low_poverty,LPW,41.8098251,-87.881826
170318238063,703.0,75.11,1.42,22.33,White,Low_poverty,LPW,41.6935326,-87.7998923
170318110004,642.0,89.41,10.44,9.03,White,Low_poverty,LPW,41.9105213,-87.8168205
170316709001,480.0,7.5,4.38,82.09,Minority,Low_poverty,LPM,41.784107,-87.6558512
170316610003,1041.0,2.02,41.11,94.91,Minority,High_poverty,HPM,41.7601765,-87.6849534
170318187004,704.0,85.37,4.69,10.65,White,Low_poverty,LPW,41.8237802,-87.8438026
170318214021,822.0,8.64,13.63,89.66,Minority,Low_poverty,LPM,41.6668143,-87.646429
170315203003,1325.0,11.4,22.14,88.6,Minority,Low_poverty,LPM,41.6991195,-87.538313
170316204004,916.0,4.91,6.44,95.09,Minority,Low_poverty,LPM,41.7914265,-87.7206598
170316111003,1098.0,2.09,35.53,97.9,Minority,High_poverty,HPM,41.8059541,-87.6588192
170316009002,1003.0,63.31,14.86,13.96,White,Low_poverty,LPW,41.8367007,-87.6511929
170318075003,1255.0,49.32,1.75,10.44,Other,Low_poverty,LPO,42.0243237,-87.7282458
170318072004,931.0,45.86,0.32,30.83,Other,Low_poverty,LPO,42.0389927,-87.7224025
170318073002,1464.0,43.72,26.91,13.8,Other,Low_poverty,LPO,42.0285112,-87.7557113
170310620002,719.0,83.87,7.37,9.18,White,Low_poverty,LPW,41.9445108,-87.6474817
170312909002,940.0,0.0,35.0,100.0,Minority,High_poverty,HPM,41.8606607,-87.7274518
170318066001,1911.0,60.75,4.83,25.07,White,Low_poverty,LPW,42.0062379,-87.8777272
170315304002,1597.0,1.5,20.79,98.12,Minority,Low_poverty,LPM,41.6740264,-87.6568842
170315002001,1632.0,0.0,39.59,95.04,Minority,High_poverty,HPM,41.7028168,-87.6032808
170318221011,1209.0,69.73,9.76,29.53,White,Low_poverty,LPW,41.7314876,-87.7462323
170318152003,1344.0,29.54,4.61,70.46,Minority,Low_poverty,LPM,41.8341409,-87.7817465
170318144005,1707.0,17.57,24.14,82.43,Minority,Low_poverty,LPM,41.8290528,-87.7669574
170318272001,1575.0,9.08,13.97,90.92,Minority,Low_poverty,LPM,41.6174999,-87.625995
170318228011,2002.0,63.19,6.34,36.26,White,Low_poverty,LPW,41.6959728,-87.7408821
170318245031,676.0,73.82,2.66,21.45,White,Low_poverty,LPW,41.643689,-87.7403839
170318202012,1886.0,80.86,4.61,14.05,White,Low_poverty,LPW,41.7529547,-87.9008271
170318211013,1445.0,63.81,13.37,32.81,White,Low_poverty,LPW,41.736081,-87.7566885
170318123021,1169.0,66.47,4.91,27.54,White,Low_poverty,LPW,41.899758,-87.8016428
170318112001,936.0,60.47,6.62,35.26,White,Low_poverty,LPW,41.9336811,-87.852545
170317207001,1671.0,31.66,8.0,63.37,Minority,Low_poverty,LPM,41.7029088,-87.6699565
170317115002,1177.0,0.0,35.77,100.0,Minority,High_poverty,HPM,41.7324422,-87.6410861
170317107002,606.0,0.0,13.04,100.0,Minority,Low_poverty,LPM,41.7483435,-87.6557029
170316914003,696.0,0.0,2.16,88.94,Minority,Low_poverty,LPM,41.7530129,-87.6107316
170318132003,705.0,73.76,7.38,14.61,White,Low_poverty,LPW,41.8669342,-87.7964231
170318126001,629.0,54.37,2.38,39.59,White,Low_poverty,LPW,41.8855402,-87.7772862
170310203021,1600.0,66.81,12.08,21.0,White,Low_poverty,LPW,42.0107652,-87.6973576
170312001003,1576.0,29.7,5.33,63.01,Minority,Low_poverty,LPM,41.9352692,-87.7400911
170311906012,1010.0,3.56,15.84,96.44,Minority,Low_poverty,LPM,41.9264793,-87.7818938
170318316002,1446.0,18.53,1.87,70.89,Minority,Low_poverty,LPM,41.9272007,-87.7993255
170311702003,1111.0,64.09,3.96,35.91,White,Low_poverty,LPW,41.9506853,-87.7840155
170318214014,1567.0,1.34,13.34,97.76,Minority,Low_poverty,LPM,41.664589,-87.6617776
170310902001,684.0,86.55,6.73,13.45,White,Low_poverty,LPW,42.0089333,-87.809469
170312304002,1144.0,9.53,27.27,87.15,Minority,Low_poverty,LPM,41.9117899,-87.7240096
170318032001,1611.0,76.6,2.67,23.4,White,Low_poverty,LPW,42.1043991,-87.9993407
170318027023,812.0,55.42,11.45,0.0,White,Low_poverty,LPW,42.0698477,-87.9112351
170318047113,2993.0,44.0,3.91,10.19,Other,Low_poverty,LPO,42.030339,-88.1386664
170318046082,505.0,70.5,9.7,11.68,White,Low_poverty,LPW,42.0416559,-88.0750687
170317203004,878.0,49.89,11.73,42.26,Other,Low_poverty,LPO,41.7155287,-87.6782707
170314401022,485.0,0.0,17.94,100.0,Minority,Low_poverty,LPM,41.7384907,-87.603051
170312832001,1622.0,31.2,24.48,49.87,Other,Low_poverty,LPO,41.869579,-87.6592024
170318059026,1133.0,80.05,1.32,0.0,White,Low_poverty,LPW,42.0272973,-87.8475396
170318026092,834.0,11.63,25.76,88.37,Minority,Low_poverty,LPM,42.1079557,-87.8990454
170312214002,731.0,71.0,7.66,20.11,White,Low_poverty,LPW,41.9205885,-87.6961093
170318187002,860.0,77.33,0.0,22.67,White,Low_poverty,LPW,41.8352249,-87.8473241
170318034003,1058.0,85.63,0.0,3.21,White,Low_poverty,LPW,42.0767236,-87.9715777
170313102002,826.0,30.15,25.18,64.04,Minority,Low_poverty,LPM,41.8567004,-87.6456227
170318151001,1154.0,14.04,4.94,80.33,Minority,Low_poverty,LPM,41.8489447,-87.7810402
170314607001,1250.0,2.16,61.2,94.08,Minority,High_poverty,HPM,41.7356226,-87.5458341
170318020031,2581.0,57.07,5.27,22.16,White,Low_poverty,LPW,42.0795988,-87.8456411
170315609003,1099.0,42.13,0.09,55.78,Minority,Low_poverty,LPM,41.7958688,-87.7898465
170318276003,1040.0,0.0,36.92,95.38,Minority,High_poverty,HPM,41.5918836,-87.6692079
170318256003,1346.0,14.49,5.99,85.51,Minority,Low_poverty,LPM,41.589873,-87.700572
170318270002,841.0,0.0,47.92,96.79,Minority,High_poverty,HPM,41.6264849,-87.6449034
170318263041,600.0,4.0,31.0,96.0,Minority,High_poverty,HPM,41.6200339,-87.5888201
170318262022,821.0,8.04,9.5,91.96,Minority,Low_poverty,LPM,41.5934878,-87.5319195
170318246025,1202.0,66.47,22.88,31.69,White,Low_poverty,LPW,41.6145455,-87.7323601
170316301001,883.0,4.3,27.63,95.7,Minority,Low_poverty,LPM,41.7992714,-87.6816688
170311001003,984.0,88.11,5.08,4.27,White,Low_poverty,LPW,41.9847338,-87.780403
170316604003,911.0,5.16,9.55,94.84,Minority,Low_poverty,LPM,41.7806775,-87.7104187
170318093002,2114.0,54.35,60.82,11.59,White,High_poverty,HPW,42.0560714,-87.6842049
170318053022,1416.0,56.71,14.55,2.33,White,Low_poverty,LPW,42.0455849,-87.8116218
170316811001,650.0,0.0,28.15,100.0,Minority,Low_poverty,LPM,41.7706297,-87.6463685
170312513001,982.0,5.7,29.12,94.3,Minority,Low_poverty,LPM,41.900294,-87.7674097
170318053012,1385.0,43.61,9.89,7.15,Other,Low_poverty,LPO,42.0475055,-87.8211288
170318350003,1390.0,0.29,13.96,93.52,Minority,Low_poverty,LPM,41.7827811,-87.6922761
170318024043,1122.0,41.53,1.07,36.99,Other,Low_poverty,LPO,42.1448673,-87.9337658
170316108001,1611.0,63.19,8.44,25.45,White,Low_poverty,LPW,41.8127078,-87.6384084
170315804003,1702.0,2.82,23.14,93.89,Minority,Low_poverty,LPM,41.8089537,-87.7084285
170318102005,853.0,82.3,17.0,14.19,White,Low_poverty,LPW,42.025075,-87.6876904
170312206011,689.0,73.29,12.63,14.22,White,Low_poverty,LPW,41.9255997,-87.7098637
170310604002,1001.0,80.12,6.99,16.29,White,Low_poverty,LPW,41.9486731,-87.6661174
170310812021,533.0,92.87,2.06,0.0,White,Low_poverty,LPW,41.9043769,-87.6242374
170318028015,816.0,94.98,0.0,5.02,White,Low_poverty,LPW,42.0772143,-87.9513946
170317102002,816.0,0.0,12.99,97.55,Minority,Low_poverty,LPM,41.7551703,-87.6477984
170316406001,1052.0,33.94,31.18,63.5,Minority,High_poverty,HPM,41.7761802,-87.7640926
170313906001,782.0,23.66,17.01,68.67,Minority,Low_poverty,LPM,41.8080215,-87.5940712
170318054023,1003.0,85.54,1.3,12.96,White,Low_poverty,LPW,42.0315719,-87.8112965
170318233032,956.0,56.69,10.88,41.32,White,Low_poverty,LPW,41.6820917,-87.724284
170312511003,730.0,11.92,44.52,88.08,Minority,High_poverty,HPM,41.8967761,-87.7538072
170315003002,863.0,49.25,22.6,43.34,Other,Low_poverty,LPO,41.6888253,-87.6089284
170316308003,1950.0,6.05,10.31,93.95,Minority,Low_poverty,LPM,41.7890557,-87.6985485
170318077002,1337.0,61.11,29.77,13.31,White,Low_poverty,LPW,42.0166973,-87.7524164
170311203003,1515.0,71.75,4.69,23.63,White,Low_poverty,LPW,41.9851844,-87.7427843
170311406023,1247.0,17.32,35.16,63.43,Minority,High_poverty,HPM,41.9658129,-87.7223503
170310105011,935.0,50.16,24.06,36.9,White,Low_poverty,LPW,42.0094135,-87.6640628
170310313003,807.0,35.07,51.05,7.56,Other,High_poverty,HPO,41.9748703,-87.6546144
170318333001,2728.0,42.78,40.25,13.41,Other,High_poverty,HPO,41.8716945,-87.6541237
170318395001,1461.0,18.14,28.23,71.53,Minority,Low_poverty,LPM,41.8340975,-87.6192919
170318339002,1105.0,0.18,39.55,97.55,Minority,High_poverty,HPM,41.73103,-87.5478771
170318418001,754.0,0.27,22.06,98.81,Minority,Low_poverty,LPM,41.7604614,-87.600583
170318201016,1175.0,92.94,4.0,5.45,White,Low_poverty,LPW,41.7711955,-87.8944785
170318300081,3069.0,5.54,4.82,88.4,Minority,Low_poverty,LPM,41.4764248,-87.7536709
170318036083,2257.0,44.48,28.58,34.17,Other,Low_poverty,LPO,42.1510482,-88.026569
170310305003,2012.0,40.85,15.51,49.45,Other,Low_poverty,LPO,41.985907,-87.6623492
170311606013,1589.0,58.4,5.73,33.41,White,Low_poverty,LPW,41.9594137,-87.7002425
170311705003,2291.0,65.95,8.77,21.13,White,Low_poverty,LPW,41.9503268,-87.8323875
170312804001,1585.0,11.99,36.84,87.0,Minority,High_poverty,HPM,41.8860094,-87.6718846
170312607002,1138.0,0.0,41.65,100.0,Minority,High_poverty,HPM,41.8756825,-87.7279477
170312801001,5036.0,73.97,6.04,8.12,White,Low_poverty,LPW,41.8862561,-87.6431545
170314201001,1548.0,2.91,45.03,89.34,Minority,High_poverty,HPM,41.7825689,-87.5795042
170315102003,1719.0,1.4,23.8,98.6,Minority,Low_poverty,LPM,41.7104036,-87.5593562
170316112002,1404.0,10.83,36.48,87.74,Minority,High_poverty,HPM,41.8043666,-87.6629778
170318321003,690.0,81.3,4.06,9.86,White,Low_poverty,LPW,41.953617,-87.6520973
170316810004,1404.0,0.85,41.81,96.94,Minority,High_poverty,HPM,41.7778908,-87.6484159
170310633022,991.0,68.72,2.83,9.89,White,Low_poverty,LPW,41.9348936,-87.6404472
170317307002,1335.0,0.0,16.41,97.45,Minority,Low_poverty,LPM,41.7030221,-87.6519071
170311605022,1484.0,34.91,21.09,58.08,Minority,Low_poverty,LPM,41.9555185,-87.7104802
170318217003,1355.0,91.44,0.0,8.56,White,Low_poverty,LPW,41.720267,-87.7133645
170318036043,1181.0,79.51,1.19,2.2,White,Low_poverty,LPW,42.1339717,-88.0381905
170318118003,1026.0,39.38,0.68,57.89,Minority,Low_poverty,LPM,41.9172119,-87.9017372
170310812013,1280.0,72.73,5.94,6.8,White,Low_poverty,LPW,41.9011531,-87.6262264
170313907003,2199.0,17.78,25.42,52.89,Minority,Low_poverty,LPM,41.8040164,-87.5804887
170310816002,751.0,85.35,7.99,0.0,White,Low_poverty,LPW,41.8953635,-87.6289551
170318025052,475.0,69.68,7.58,30.32,White,Low_poverty,LPW,42.1353649,-87.921235
170317702011,1621.0,83.53,6.66,7.96,White,Low_poverty,LPW,41.9941499,-88.0169069
170314301011,939.0,4.15,38.45,95.85,Minority,High_poverty,HPM,41.7689166,-87.5739257
170316103003,1468.0,7.9,20.64,84.94,Minority,Low_poverty,LPM,41.8149596,-87.6791058
170311510023,2041.0,22.88,5.83,74.47,Minority,Low_poverty,LPM,41.9442687,-87.7494819
170312521024,1405.0,9.61,14.16,90.39,Minority,Low_poverty,LPM,41.8793698,-87.7598703
170318326002,953.0,87.72,14.27,4.09,White,Low_poverty,LPW,41.915094,-87.6571705
170318370002,1141.0,9.99,35.58,87.38,Minority,High_poverty,HPM,41.8810498,-87.6987461
170318043102,2858.0,48.74,2.31,41.32,Other,Low_poverty,LPO,42.0264872,-88.1934396
170318033002,1848.0,73.54,6.01,3.57,White,Low_poverty,LPW,42.0831421,-87.9858742
170318236023,2244.0,82.13,7.91,12.97,White,Low_poverty,LPW,41.6576433,-87.7608639
170318100001,1667.0,75.1,5.76,11.04,White,Low_poverty,LPW,42.0329874,-87.6763194
170318041021,2306.0,81.44,0.82,0.0,White,Low_poverty,LPW,42.103713,-88.0711905
170313802001,325.0,4.0,18.77,86.77,Minority,Low_poverty,LPM,41.8225862,-87.6148631
170318381001,1042.0,30.61,44.43,59.69,Minority,High_poverty,HPM,41.8810776,-87.66808
170312506002,1100.0,0.0,6.18,100.0,Minority,Low_poverty,LPM,41.9039163,-87.768145
170310619014,908.0,66.52,10.79,10.24,White,Low_poverty,LPW,41.9408151,-87.6431599
170310209012,978.0,28.32,12.59,49.49,Other,Low_poverty,LPO,41.992231,-87.6855458
170310620001,2308.0,81.11,3.21,7.93,White,Low_poverty,LPW,41.9418117,-87.6469191
170310814012,1344.0,73.14,16.77,5.43,White,Low_poverty,LPW,41.8950136,-87.6177287
170312212001,1539.0,57.89,8.97,28.85,White,Low_poverty,LPW,41.9194513,-87.7045986
170313009001,1945.0,0.0,32.79,100.0,Minority,High_poverty,HPM,41.8477726,-87.7010645
170318019021,1128.0,86.08,0.89,2.21,White,Low_poverty,LPW,42.085924,-87.7780414
170318016051,1005.0,74.53,6.47,6.37,White,Low_poverty,LPW,42.134615,-87.8533464
170318014001,1843.0,74.17,8.74,7.54,White,Low_poverty,LPW,42.0740581,-87.7674174
170317709021,1376.0,83.94,3.92,1.02,White,Low_poverty,LPW,41.9707015,-87.8326875
170312312003,937.0,3.95,19.48,88.15,Minority,Low_poverty,LPM,41.8972323,-87.7218637
170312216002,1853.0,62.98,4.16,28.92,White,Low_poverty,LPW,41.9212278,-87.6863531
170316605001,1183.0,7.02,6.76,92.98,Minority,Low_poverty,LPM,41.7771088,-87.7055185
170316502002,1124.0,12.46,3.65,87.54,Minority,Low_poverty,LPM,41.7804409,-87.7258637
170312108001,1165.0,33.05,7.12,64.81,Minority,Low_poverty,LPM,41.9357455,-87.6989334
170312104002,985.0,21.52,8.96,76.85,Minority,Low_poverty,LPM,41.9344639,-87.7305449
170312431001,1575.0,62.86,6.41,28.07,White,Low_poverty,LPW,41.8945827,-87.6745721
170312421002,1324.0,64.43,7.25,26.96,White,Low_poverty,LPW,41.9014679,-87.6711129
170312410002,870.0,36.9,23.31,55.86,Minority,Low_poverty,LPM,41.9079641,-87.6957497
170310618001,1415.0,69.12,10.29,16.61,White,Low_poverty,LPW,41.9464895,-87.6471132
170318234003,700.0,40.57,56.39,59.43,Minority,High_poverty,HPM,41.6549242,-87.6857129
170318233023,1322.0,41.6,7.87,58.39,Minority,Low_poverty,LPM,41.6595261,-87.7159017
170318238031,2255.0,89.76,6.38,8.51,White,Low_poverty,LPW,41.700371,-87.817629
170318287011,938.0,10.77,8.42,87.1,Minority,Low_poverty,LPM,41.5535174,-87.6384954
170318298002,773.0,58.47,2.72,36.74,White,Low_poverty,LPW,41.5478284,-87.6821171
170318236041,781.0,97.82,2.18,2.18,White,Low_poverty,LPW,41.6706946,-87.7928363
170313017012,997.0,0.0,31.49,100.0,Minority,High_poverty,HPM,41.8415901,-87.71777
170318344001,1014.0,0.69,37.08,99.31,Minority,High_poverty,HPM,41.778678,-87.5982873
170318363002,1052.0,49.81,24.07,42.87,Other,Low_poverty,LPO,41.8016186,-87.599021
170313903002,1897.0,18.24,36.94,79.07,Minority,High_poverty,HPM,41.81388,-87.604135
170318369001,474.0,1.69,34.18,93.88,Minority,High_poverty,HPM,41.8819104,-87.7036894
170310513002,1579.0,83.34,1.52,8.17,White,Low_poverty,LPW,41.934135,-87.6758317
170310509001,1414.0,67.11,4.88,23.76,White,Low_poverty,LPW,41.9449466,-87.685778
170310407001,658.0,87.84,5.32,5.02,White,Low_poverty,LPW,41.9667253,-87.6900706
170310402023,1748.0,39.82,28.03,28.89,Other,Low_poverty,LPO,41.9802548,-87.6956503
170310312002,2287.0,25.05,24.66,48.32,Other,Low_poverty,LPO,41.9714268,-87.6583304
170318241235,897.0,98.44,0.0,1.56,White,Low_poverty,LPW,41.5901006,-87.8085827
170318300033,4150.0,5.16,3.33,93.61,Minority,Low_poverty,LPM,41.5113873,-87.7733808
170318284012,979.0,77.12,0.61,15.01,White,Low_poverty,LPW,41.5694059,-87.6601943
170318282023,896.0,33.93,17.08,63.95,Minority,Low_poverty,LPM,41.5625717,-87.553939
170318060025,1465.0,66.62,20.48,5.25,White,Low_poverty,LPW,42.0413686,-87.8575753
170318058021,809.0,90.61,4.61,4.57,White,Low_poverty,LPW,42.0211819,-87.8521469
170318052023,1023.0,73.61,2.05,3.81,White,Low_poverty,LPW,42.0583181,-87.8154473
170318038004,968.0,92.36,0.0,1.24,White,Low_poverty,LPW,42.1151402,-88.0390706
170318245032,1444.0,79.85,4.64,16.55,White,Low_poverty,LPW,41.6395428,-87.7500354
170316715003,652.0,1.38,15.03,98.62,Minority,Low_poverty,LPM,41.7674753,-87.6667409
170318189003,1420.0,88.8,1.93,5.0,White,Low_poverty,LPW,41.8315985,-87.8691316
170316913001,1187.0,1.01,16.18,95.79,Minority,Low_poverty,LPM,41.7565002,-87.6198956
170316712001,617.0,4.38,14.91,95.62,Minority,Low_poverty,LPM,41.7767154,-87.6653792
170318436002,1502.0,3.6,19.77,95.07,Minority,Low_poverty,LPM,41.8082082,-87.6097089
170315302002,555.0,0.0,43.42,100.0,Minority,High_poverty,HPM,41.6788812,-87.6274861
170310604001,1693.0,81.39,6.73,8.98,White,Low_poverty,LPW,41.9520863,-87.6656379
170318146004,1083.0,25.3,6.1,72.85,Minority,Low_poverty,LPM,41.8634579,-87.7863534
170318033001,2065.0,78.45,3.29,14.72,White,Low_poverty,LPW,42.084811,-87.9970818
170318051074,1818.0,20.96,17.11,65.02,Minority,Low_poverty,LPM,42.0306029,-87.9631162
170310321004,1775.0,45.63,35.15,41.92,Other,High_poverty,HPO,41.9578579,-87.6512824
170318114014,574.0,58.19,4.01,31.18,White,Low_poverty,LPW,41.9340852,-87.8678377
170313201002,3894.0,75.04,13.35,2.82,White,Low_poverty,LPW,41.886274,-87.6242445
170318049011,1910.0,89.42,7.85,6.07,White,Low_poverty,LPW,42.0645921,-87.9303827
170316708002,642.0,0.0,20.4,100.0,Minority,Low_poverty,LPM,41.782588,-87.6625936
170318046101,1669.0,61.35,12.82,6.53,White,Low_poverty,LPW,42.0246258,-88.0514953
170318083013,1231.0,68.97,1.62,10.8,White,Low_poverty,LPW,42.0381247,-87.775569
170318062012,2112.0,52.79,25.85,31.63,White,Low_poverty,LPW,42.0444802,-87.8869423
170310302002,1689.0,77.44,17.88,15.99,White,Low_poverty,LPW,41.9925654,-87.6626713
170310802012,1239.0,86.04,1.94,6.13,White,Low_poverty,LPW,41.9104084,-87.6306916
170318201044,1248.0,71.07,2.64,25.96,White,Low_poverty,LPW,41.7766265,-87.8831719
170318039022,953.0,72.82,0.52,24.03,White,Low_poverty,LPW,42.079438,-88.0098124
170318134001,1145.0,7.42,48.12,92.57,Minority,High_poverty,HPM,41.8626758,-87.76291
170312306001,572.0,0.0,42.66,100.0,Minority,High_poverty,HPM,41.9076175,-87.7276699
170318056001,1369.0,85.61,2.56,4.16,White,Low_poverty,LPW,42.003097,-87.835914
170318263034,818.0,6.36,8.19,92.54,Minority,Low_poverty,LPM,41.6111747,-87.586156
170311602001,581.0,54.04,8.95,18.42,White,Low_poverty,LPW,41.9622998,-87.7337057
170318201043,828.0,94.81,4.35,5.19,White,Low_poverty,LPW,41.7856539,-87.8829933
170318241053,1218.0,96.47,0.0,3.53,White,Low_poverty,LPW,41.6407804,-87.8260756
170318055024,884.0,91.52,9.37,2.26,White,Low_poverty,LPW,42.0167723,-87.8278313
170311504021,679.0,47.13,3.83,31.96,Other,Low_poverty,LPO,41.9549753,-87.7695057
170318223013,453.0,92.27,25.61,5.74,White,Low_poverty,LPW,41.732205,-87.7729833
170318150001,1749.0,15.49,16.87,81.65,Minority,Low_poverty,LPM,41.8544446,-87.7799669
170318027012,1591.0,63.23,22.82,17.66,White,Low_poverty,LPW,42.0843662,-87.8983902
170318046111,1441.0,83.14,1.46,7.84,White,Low_poverty,LPW,42.0118938,-88.0655481
170318300031,2520.0,14.33,16.23,83.53,Minority,Low_poverty,LPM,41.5212118,-87.7567308
170318135003,1230.0,2.28,14.14,90.49,Minority,Low_poverty,LPM,41.8527046,-87.7768457
170318403001,775.0,12.39,38.18,68.64,Minority,High_poverty,HPM,41.829451,-87.6857636
170312520001,664.0,0.0,62.8,100.0,Minority,High_poverty,HPM,41.8856835,-87.7675031
170312924001,558.0,4.3,27.78,95.52,Minority,Low_poverty,LPM,41.8564234,-87.7211843
170318179003,1152.0,18.75,3.99,74.22,Minority,Low_poverty,LPM,41.8532276,-87.8477233
170318162002,689.0,60.96,0.0,33.67,White,Low_poverty,LPW,41.9033514,-87.8422905
170316309003,2124.0,2.26,6.59,95.25,Minority,Low_poverty,LPM,41.7909724,-87.7099641
170315502001,1593.0,34.15,0.44,65.85,Minority,Low_poverty,LPM,41.6633705,-87.5553085
170318026055,1642.0,42.33,0.79,0.0,Other,Low_poverty,LPO,42.1068548,-87.9157815
170318425001,2052.0,0.1,55.19,99.91,Minority,High_poverty,HPM,41.7769506,-87.6232157
170316805001,351.0,0.0,30.2,100.0,Minority,High_poverty,HPM,41.7918174,-87.6537205
170312416001,1433.0,69.57,6.07,17.59,White,Low_poverty,LPW,41.9086175,-87.6656084
170316911001,674.0,0.0,53.41,100.0,Minority,High_poverty,HPM,41.7618502,-87.6264573
170310402013,1454.0,73.8,6.74,19.46,White,Low_poverty,LPW,41.9698222,-87.6948793
170318198021,1146.0,95.03,3.4,4.54,White,Low_poverty,LPW,41.7991368,-87.8933434
170315203002,1605.0,7.48,26.79,92.52,Minority,Low_poverty,LPM,41.7027542,-87.5383108
170316403003,882.0,42.18,0.0,57.82,Minority,Low_poverty,LPM,41.7822872,-87.7799106
170318161004,492.0,46.95,7.93,49.59,Other,Low_poverty,LPO,41.8573403,-87.8132118
170315501004,702.0,33.9,8.92,66.1,Minority,Low_poverty,LPM,41.6531258,-87.5444898
170318057022,784.0,88.65,1.28,4.59,White,Low_poverty,LPW,41.9915022,-87.8492845
170318284011,1002.0,32.14,16.57,67.27,Minority,Low_poverty,LPM,41.5740997,-87.6686132
170318255051,1637.0,5.74,1.32,94.25,Minority,Low_poverty,LPM,41.5629835,-87.740158
170314912002,595.0,1.18,2.02,87.9,Minority,Low_poverty,LPM,41.6869377,-87.6391861
170318091003,1248.0,81.33,0.75,15.22,White,Low_poverty,LPW,42.0612177,-87.7071021
170310308002,1308.0,72.17,9.4,24.16,White,Low_poverty,LPW,41.9808229,-87.6641732
170312503004,825.0,0.0,23.64,100.0,Minority,Low_poverty,LPM,41.9137278,-87.7632069
170318010001,759.0,84.32,0.0,1.19,White,Low_poverty,LPW,42.0779739,-87.7290263
170318245051,3214.0,63.69,3.28,22.31,White,Low_poverty,LPW,41.6060309,-87.7625343
170318234001,1387.0,12.76,19.75,87.24,Minority,Low_poverty,LPM,41.6715547,-87.6871304
170312606001,746.0,0.0,37.13,100.0,Minority,High_poverty,HPM,41.8792638,-87.7329782
170316309001,1942.0,6.9,24.17,92.9,Minority,Low_poverty,LPM,41.7904003,-87.7051834
170310404025,1887.0,67.62,0.0,27.61,White,Low_poverty,LPW,41.9710558,-87.6761261
170318237051,1684.0,60.04,5.29,35.63,White,Low_poverty,LPW,41.7297349,-87.8234968
170318216005,664.0,29.67,6.48,70.34,Minority,Low_poverty,LPM,41.7325461,-87.6997013
170318007003,895.0,86.7,0.0,1.01,White,Low_poverty,LPW,42.0823021,-87.7374921
170318300083,747.0,2.41,2.01,97.59,Minority,Low_poverty,LPM,41.4814841,-87.7377152
170318374001,918.0,5.77,22.97,90.74,Minority,Low_poverty,LPM,41.8798448,-87.6947305
170318211021,800.0,64.88,10.38,22.13,White,Low_poverty,LPW,41.7450792,-87.7566917
170318288022,969.0,49.43,5.47,49.63,Other,Low_poverty,LPO,41.5315521,-87.64124
170318426004,1010.0,56.53,4.06,42.28,White,Low_poverty,LPW,41.8119981,-87.6439191
170318050025,936.0,49.04,3.95,36.01,Other,Low_poverty,LPO,42.0385957,-87.953132
170312228001,1012.0,29.05,15.69,69.27,Minority,Low_poverty,LPM,41.9154349,-87.7150953
170314801002,1097.0,0.0,5.93,99.09,Minority,Low_poverty,LPM,41.7351938,-87.5793985
170310603001,1579.0,81.13,0.63,12.41,White,Low_poverty,LPW,41.9524327,-87.671376
170317104005,1839.0,0.0,34.58,98.64,Minority,High_poverty,HPM,41.7545854,-87.6738187
170318102004,1103.0,35.09,13.78,55.4,Minority,Low_poverty,LPM,42.0244103,-87.6828084
170318020042,1192.0,63.76,72.37,35.4,White,High_poverty,HPW,42.071169,-87.8531568
170316204002,772.0,9.2,17.23,89.51,Minority,Low_poverty,LPM,41.7878647,-87.7156523
170312416002,2047.0,64.39,11.04,27.69,White,Low_poverty,LPW,41.9051982,-87.6651053
170312402001,1633.0,73.73,5.14,16.66,White,Low_poverty,LPW,41.9124417,-87.6701816
170318119003,1225.0,92.24,0.0,4.25,White,Low_poverty,LPW,41.8958648,-87.8155412
170317708001,2079.0,83.12,17.41,16.06,White,Low_poverty,LPW,41.9614461,-87.8613997
170318312003,1619.0,13.16,24.83,86.84,Minority,Low_poverty,LPM,41.9153733,-87.7289445
170318213003,514.0,12.84,7.39,87.16,Minority,Low_poverty,LPM,41.6530045,-87.665874
170318160003,914.0,64.66,13.02,24.73,White,Low_poverty,LPW,41.8761556,-87.8208839
170312303001,972.0,11.32,11.83,88.27,Minority,Low_poverty,LPM,41.9117866,-87.7149884
170310627003,1165.0,77.0,5.7,16.74,White,Low_poverty,LPW,41.9369799,-87.6673546
170318153004,661.0,39.94,3.63,56.12,Minority,Low_poverty,LPM,41.8348942,-87.7954383
170316503012,2287.0,22.78,1.09,77.22,Minority,Low_poverty,LPM,41.7734501,-87.7339655
170310204001,917.0,55.83,3.24,29.34,White,Low_poverty,LPW,42.0110969,-87.6865581
170310619013,831.0,68.23,6.38,17.33,White,Low_poverty,LPW,41.9425509,-87.643179
170318230023,2104.0,80.61,23.05,11.55,White,Low_poverty,LPW,41.6986817,-87.7626388
170318300073,1684.0,8.37,29.99,91.63,Minority,Low_poverty,LPM,41.4793687,-87.7184479
170310202003,1971.0,40.13,11.97,23.79,Other,Low_poverty,LPO,42.0174162,-87.7041657
170311006004,1547.0,66.84,8.34,23.72,White,Low_poverty,LPW,41.9808053,-87.7994984
170311404005,1921.0,57.21,5.47,35.24,White,Low_poverty,LPW,41.9717718,-87.7442759
170312409001,981.0,31.29,26.81,57.29,Minority,Low_poverty,LPM,41.9048448,-87.6986233
170310105013,1169.0,67.66,20.02,19.76,White,Low_poverty,LPW,42.0076389,-87.6635657
170310321003,1726.0,70.05,30.94,16.63,White,High_poverty,HPW,41.9568329,-87.6547062
170312827002,1223.0,26.74,23.14,59.45,Minority,Low_poverty,LPM,41.8735998,-87.6887636
170313406001,981.0,1.02,66.56,97.55,Minority,High_poverty,HPM,41.8274278,-87.6325215
170314910002,1177.0,0.0,49.19,100.0,Minority,High_poverty,HPM,41.6944281,-87.626912
170312105021,2424.0,21.91,33.54,75.7,Minority,High_poverty,HPM,41.9331433,-87.7211623
170310206024,731.0,71.68,10.93,8.75,White,Low_poverty,LPW,42.0031012,-87.6955126
170317305004,1432.0,0.0,20.39,92.39,Minority,Low_poverty,LPM,41.716981,-87.6400642
170312209022,1666.0,24.31,12.18,72.99,Minority,Low_poverty,LPM,41.9227425,-87.719384
170318439005,880.0,1.02,24.2,94.09,Minority,Low_poverty,LPM,41.7726093,-87.5699536
170310301012,466.0,60.52,28.97,9.23,White,Low_poverty,LPW,41.9912256,-87.6557854
170314909011,1352.0,0.0,22.04,100.0,Minority,Low_poverty,LPM,41.6962156,-87.611487
170314301022,848.0,3.42,19.1,95.76,Minority,Low_poverty,LPM,41.767158,-87.5698028
170310105032,552.0,70.11,36.78,26.99,White,High_poverty,HPW,42.0015355,-87.6630141
170310619011,667.0,74.21,11.39,5.4,White,Low_poverty,LPW,41.9455407,-87.6441306
170316603024,1215.0,0.0,30.95,100.0,Minority,High_poverty,HPM,41.7817928,-87.697123
170318026071,1253.0,87.63,2.55,5.5,White,Low_poverty,LPW,42.0979804,-87.933148
170311510022,1129.0,27.72,4.78,65.81,Minority,Low_poverty,LPM,41.9435122,-87.7447359
170318380001,1149.0,20.63,25.07,72.85,Minority,Low_poverty,LPM,41.879322,-87.6808539
170318429001,521.0,11.52,9.02,45.49,Other,Low_poverty,LPO,41.8615093,-87.662377
170318411003,2480.0,20.69,22.14,3.79,Other,Low_poverty,LPO,41.8486264,-87.6377479
170318436001,1396.0,3.15,23.7,88.32,Minority,Low_poverty,LPM,41.8053082,-87.6081813
170313018023,1560.0,1.67,31.99,97.88,Minority,High_poverty,HPM,41.8433011,-87.7279502
170310813001,776.0,68.94,15.08,6.05,White,Low_poverty,LPW,41.8984017,-87.6210161
170310632002,801.0,95.88,0.0,0.0,White,Low_poverty,LPW,41.937154,-87.6382445
170318051075,841.0,2.62,0.0,77.88,Minority,Low_poverty,LPM,42.0389466,-87.9755442
170318036064,907.0,14.88,18.85,60.86,Minority,Low_poverty,LPM,42.1415653,-88.0093886
170318206053,1847.0,5.09,40.12,93.72,Minority,High_poverty,HPM,41.7347429,-87.8357476
170311512003,1192.0,33.81,3.38,61.49,Minority,Low_poverty,LPM,41.9435114,-87.7739782
170311407023,888.0,33.11,16.22,66.89,Minority,Low_poverty,LPM,41.9652048,-87.7169598
170310901001,881.0,74.23,9.99,14.42,White,Low_poverty,LPW,42.0170665,-87.8102366
170310704003,989.0,94.34,3.54,1.11,White,Low_poverty,LPW,41.9294288,-87.6574655
170318105024,1049.0,61.77,1.14,17.54,White,Low_poverty,LPW,41.9554182,-87.8103342
170318103022,1072.0,52.89,10.17,38.8,White,Low_poverty,LPW,42.0293826,-87.6944754
170318049023,679.0,77.61,22.24,11.49,White,Low_poverty,LPW,42.0435494,-87.9362292
170318111004,1026.0,82.26,13.45,17.74,White,Low_poverty,LPW,41.9331073,-87.8414175
170317302014,1624.0,0.0,39.78,98.52,Minority,High_poverty,HPM,41.7294494,-87.6610745
170316605004,1289.0,7.84,9.64,89.68,Minority,Low_poverty,LPM,41.7770255,-87.71041
170318235002,1514.0,35.27,11.03,64.73,Minority,Low_poverty,LPM,41.6672332,-87.6828229
170318285065,1313.0,13.33,18.99,81.19,Minority,Low_poverty,LPM,41.518071,-87.5337325
170318287021,961.0,16.96,16.14,82.0,Minority,Low_poverty,LPM,41.5401221,-87.5951228
170314304003,657.0,3.81,34.86,93.46,Minority,High_poverty,HPM,41.7614566,-87.5905646
170314207001,277.0,0.0,74.37,100.0,Minority,High_poverty,HPM,41.7785625,-87.6077142
170314105001,1228.0,49.27,19.39,28.34,Other,Low_poverty,LPO,41.7979319,-87.6025793
170313819002,757.0,3.7,19.76,86.26,Minority,Low_poverty,LPM,41.8039837,-87.6151974
170318245062,984.0,93.29,2.95,4.47,White,Low_poverty,LPW,41.6133632,-87.7783445
170318267003,972.0,1.03,18.72,98.97,Minority,Low_poverty,LPM,41.6314496,-87.6355352
170318060033,1663.0,13.83,13.23,32.65,Other,Low_poverty,LPO,42.0487223,-87.8526676
170318058025,1120.0,84.29,0.0,7.86,White,Low_poverty,LPW,42.0115529,-87.8498182
170318039011,1900.0,88.47,11.89,4.57,White,Low_poverty,LPW,42.1047066,-88.0180328
170313510003,2162.0,9.67,32.38,64.39,Minority,High_poverty,HPM,41.8360957,-87.6137897
170312506004,974.0,0.0,26.9,97.23,Minority,Low_poverty,LPM,41.907471,-87.7731173
170316202002,1123.0,25.56,0.53,72.57,Minority,Low_poverty,LPM,41.7947627,-87.7338884
170318001001,942.0,93.1,2.02,1.06,White,Low_poverty,LPW,42.144822,-87.7601045
170318322003,532.0,75.94,0.0,5.45,White,Low_poverty,LPW,41.9162147,-87.6788183
170318074005,777.0,61.0,7.98,5.92,White,Low_poverty,LPW,42.032331,-87.7420175
170318164013,1727.0,4.63,33.31,95.37,Minority,High_poverty,HPM,41.8956661,-87.8587669
170312106011,417.0,53.0,6.24,35.49,White,Low_poverty,LPW,41.9383831,-87.7100874
170312423001,1490.0,63.83,3.49,21.28,White,Low_poverty,LPW,41.9013284,-87.67965
170310625001,1556.0,75.51,11.44,15.17,White,Low_poverty,LPW,41.941488,-87.6711073
170310501001,793.0,72.38,6.43,18.41,White,Low_poverty,LPW,41.9592567,-87.6755593
170310317003,1434.0,69.53,5.63,21.9,White,Low_poverty,LPW,41.9644337,-87.6631048
170317108004,721.0,0.0,69.21,100.0,Minority,High_poverty,HPM,41.749658,-87.6488649
170318138022,1297.0,1.23,32.61,98.76,Minority,High_poverty,HPM,41.8479587,-87.7552208
170314913004,448.0,0.0,33.48,100.0,Minority,High_poverty,HPM,41.690682,-87.630265
170314601003,552.0,1.63,9.42,98.37,Minority,Low_poverty,LPM,41.7473989,-87.5503851
170310207022,2955.0,23.05,22.24,60.17,Minority,Low_poverty,LPM,41.9957338,-87.7020025
170312002003,1155.0,6.93,27.36,93.07,Minority,Low_poverty,LPM,41.9258227,-87.739164
170311908004,1841.0,3.53,10.13,92.61,Minority,Low_poverty,LPM,41.9273565,-87.753804
170311902002,1369.0,10.45,42.07,86.34,Minority,High_poverty,HPM,41.9360285,-87.7516845
170311708003,1205.0,61.16,6.47,35.6,White,Low_poverty,LPW,41.9415511,-87.8160493
170311002004,870.0,77.93,19.08,18.51,White,Low_poverty,LPW,41.9901757,-87.7938809
170310811001,1241.0,93.23,3.3,5.4,White,Low_poverty,LPW,41.9001721,-87.6290881
170314402022,1127.0,1.24,20.59,93.79,Minority,Low_poverty,LPM,41.7400561,-87.6075925
170312301001,1620.0,35.43,12.86,60.56,Minority,Low_poverty,LPM,41.912008,-87.7043655
170310207021,2444.0,62.73,6.22,20.99,White,Low_poverty,LPW,41.9957054,-87.7076734
170310301021,962.0,64.86,20.37,18.09,White,Low_poverty,LPW,41.9930264,-87.6550225
170318060036,1911.0,20.98,0.37,39.3,Other,Low_poverty,LPO,42.0415563,-87.8512811
170316912003,349.0,1.43,26.07,98.57,Minority,Low_poverty,LPM,41.7533838,-87.6362573
170318046112,1974.0,64.54,3.9,11.55,White,Low_poverty,LPW,42.0240283,-88.0750385
170318067001,1248.0,78.61,1.44,12.58,White,Low_poverty,LPW,42.0512999,-87.7138955
170310902004,1903.0,87.65,3.1,7.93,White,Low_poverty,LPW,42.0070091,-87.8186417
170318043083,1473.0,40.6,5.7,35.84,Other,Low_poverty,LPO,42.0291603,-88.1488936
170318063006,741.0,81.24,6.96,13.09,White,Low_poverty,LPW,42.0396913,-87.9083841
170318308002,641.0,69.42,9.67,19.81,White,Low_poverty,LPW,41.9642212,-87.6765542
170318171011,865.0,3.7,12.72,90.17,Minority,Low_poverty,LPM,41.8802167,-87.8780885
170318139004,1202.0,8.57,26.79,91.43,Minority,Low_poverty,LPM,41.8454463,-87.77116
170317108001,876.0,0.0,19.29,94.52,Minority,Low_poverty,LPM,41.7506122,-87.6458604
170316308002,1818.0,2.59,23.0,97.41,Minority,Low_poverty,LPM,41.7908748,-87.6985981
170318119001,1055.0,64.74,4.93,26.45,White,Low_poverty,LPW,41.9069706,-87.8105722
170318412003,1910.0,15.6,12.28,79.48,Minority,Low_poverty,LPM,41.8558545,-87.6810593
170310301011,1067.0,23.52,2.44,75.07,Minority,Low_poverty,LPM,41.9912407,-87.6588802
170318161002,1184.0,63.01,8.37,22.13,White,Low_poverty,LPW,41.8656133,-87.8067965
170318184021,945.0,47.2,4.02,47.73,Other,Low_poverty,LPO,41.853867,-87.8871083
170312521022,1147.0,0.0,20.75,100.0,Minority,Low_poverty,LPM,41.8756921,-87.7597918
170318002006,1194.0,80.74,0.0,13.57,White,Low_poverty,LPW,42.1265845,-87.7657504
170312434002,471.0,49.68,8.28,34.4,Other,Low_poverty,LPO,41.8913353,-87.6583313
170318047163,979.0,57.3,8.48,14.6,White,Low_poverty,LPW,42.0389467,-88.1057207
170318046102,636.0,90.72,0.0,7.08,White,Low_poverty,LPW,42.0182,-88.0534236
170314302003,761.0,0.0,18.79,100.0,Minority,Low_poverty,LPM,41.7676673,-87.5836929
170318103013,1332.0,31.91,23.7,61.71,Minority,Low_poverty,LPM,42.0218441,-87.6980343
170311801005,1573.0,38.78,15.77,46.09,Other,Low_poverty,LPO,41.9341451,-87.8049724
170315204001,733.0,17.05,13.51,82.94,Minority,Low_poverty,LPM,41.704747,-87.5294806
170316118002,575.0,6.09,34.96,93.92,Minority,High_poverty,HPM,41.795997,-87.66792
170312505002,1454.0,33.84,11.0,60.39,Minority,Low_poverty,LPM,41.9109023,-87.7899555
170316702001,930.0,3.87,49.62,95.38,Minority,High_poverty,HPM,41.7904247,-87.6620627
170318430002,1126.0,0.0,37.8,100.0,Minority,High_poverty,HPM,41.8677567,-87.7309951
170318155004,1675.0,21.13,11.47,78.87,Minority,Low_poverty,LPM,41.8274671,-87.785166
170318043064,1473.0,47.59,8.69,41.01,Other,Low_poverty,LPO,42.0169395,-88.1747976
170318023001,5513.0,78.12,4.11,3.92,White,Low_poverty,LPW,42.0904581,-87.8242459
170318162003,1621.0,33.0,0.43,64.59,Minority,Low_poverty,LPM,41.9026489,-87.8478479
170312610002,1158.0,1.21,24.48,94.21,Minority,Low_poverty,LPM,41.8708969,-87.728445
170318137023,1197.0,1.84,7.77,98.16,Minority,Low_poverty,LPM,41.8576901,-87.7463498
170311906022,2122.0,17.48,10.51,75.97,Minority,Low_poverty,LPM,41.9275926,-87.7685491
170318292004,1074.0,4.0,25.14,93.3,Minority,Low_poverty,LPM,41.5006879,-87.64759
170318113013,1167.0,30.42,4.03,66.24,Minority,Low_poverty,LPM,41.9223803,-87.8882721
170317503002,897.0,76.59,0.0,21.85,White,Low_poverty,LPW,41.6935858,-87.6842853
170318155005,1595.0,23.13,5.4,76.87,Minority,Low_poverty,LPM,41.8248453,-87.7894407
170318047121,2111.0,38.8,2.61,34.01,Other,Low_poverty,LPO,42.0449553,-88.1334761
170318061034,1153.0,73.63,0.87,14.57,White,Low_poverty,LPW,42.0617397,-87.9045754
170318113012,669.0,21.82,20.93,78.18,Minority,Low_poverty,LPM,41.9164305,-87.8778998
170318026051,1435.0,60.35,10.73,23.35,White,Low_poverty,LPW,42.1000966,-87.9182854
170318293011,1805.0,40.0,8.82,50.09,Minority,Low_poverty,LPM,41.5241946,-87.6648239
170318047013,1735.0,62.02,10.05,23.17,White,Low_poverty,LPW,42.0516883,-88.1606437
170318374002,1341.0,8.13,49.14,89.93,Minority,High_poverty,HPM,41.8742591,-87.6933894
170310302004,1389.0,73.72,7.85,20.37,White,Low_poverty,LPW,41.9963068,-87.6678136
170318053021,958.0,29.12,1.98,20.77,Other,Low_poverty,LPO,42.0528117,-87.8201635
170318045093,1273.0,11.94,14.3,56.88,Minority,Low_poverty,LPM,42.0056073,-88.1571935
170312210002,1488.0,18.55,30.96,77.55,Minority,High_poverty,HPM,41.9191319,-87.7151956
170318240033,1682.0,92.51,12.39,5.35,White,Low_poverty,LPW,41.662366,-87.9733835
170315609005,536.0,69.78,0.0,27.05,White,Low_poverty,LPW,41.7973867,-87.7983746
170318046073,1537.0,85.36,3.77,5.66,White,Low_poverty,LPW,41.9961193,-88.0417695
170318114012,1301.0,58.49,0.0,33.21,White,Low_poverty,LPW,41.9338412,-87.8775468
170318017022,1115.0,95.34,5.47,4.66,White,Low_poverty,LPW,42.1199443,-87.8208887
170318207004,2052.0,30.7,17.74,68.32,Minority,Low_poverty,LPM,41.8185481,-87.7974317
170313302002,2684.0,58.31,5.69,20.16,White,Low_poverty,LPW,41.863885,-87.6319675
170315001002,602.0,0.0,4.32,100.0,Minority,Low_poverty,LPM,41.7160331,-87.5965105
170312521021,2142.0,0.0,9.52,100.0,Minority,Low_poverty,LPM,41.8775023,-87.7598604
170314909023,1051.0,0.67,10.94,97.62,Minority,Low_poverty,LPM,41.7024868,-87.6160751
170317608021,2553.0,92.44,11.08,7.17,White,Low_poverty,LPW,41.9561268,-87.842621
170316202001,1015.0,26.8,6.7,68.28,Minority,Low_poverty,LPM,41.7959775,-87.726436
170317306003,1041.0,0.0,24.3,100.0,Minority,Low_poverty,LPM,41.7105396,-87.6453555
170317305001,1220.0,0.0,19.84,100.0,Minority,Low_poverty,LPM,41.7182556,-87.6352102
170318148001,1938.0,22.29,6.09,61.82,Minority,Low_poverty,LPM,41.8558591,-87.7999919
170318303003,1241.0,24.01,11.74,75.9,Minority,Low_poverty,LPM,41.4778713,-87.6792547
170314407001,786.0,1.91,18.7,98.09,Minority,Low_poverty,LPM,41.7347896,-87.607203
170318301001,2321.0,9.35,10.47,90.65,Minority,Low_poverty,LPM,41.5031594,-87.6850215
170318248001,3005.0,11.38,19.93,88.62,Minority,Low_poverty,LPM,41.6341282,-87.6872929
170318262024,571.0,25.57,62.7,74.43,Minority,High_poverty,HPM,41.5939117,-87.541289
170318190001,1017.0,95.48,0.69,4.52,White,Low_poverty,LPW,41.8304651,-87.8768952
170318098002,1657.0,74.83,17.64,16.36,White,Low_poverty,LPW,42.036441,-87.6847396
170318343001,1523.0,0.85,29.09,98.1,Minority,Low_poverty,LPM,41.7458851,-87.5943849
170315806003,1134.0,5.11,30.86,93.3,Minority,High_poverty,HPM,41.8158873,-87.6923904
170318156003,1078.0,63.54,8.3,29.41,White,Low_poverty,LPW,41.8414894,-87.826142
170318136001,1392.0,1.15,12.72,96.77,Minority,Low_poverty,LPM,41.8547741,-87.7615525
170311105021,1485.0,67.07,12.93,22.89,White,Low_poverty,LPW,41.9690396,-87.7620481
170318224004,560.0,95.18,6.43,4.82,White,Low_poverty,LPW,41.715704,-87.7893526
170312924002,1442.0,1.66,30.86,98.34,Minority,High_poverty,HPM,41.8546473,-87.7230072
170318049025,712.0,50.0,19.52,25.84,White,Low_poverty,LPW,42.0395557,-87.9358854
170317401002,485.0,100.0,30.1,0.0,White,High_poverty,HPW,41.7007313,-87.698833
170312222002,1141.0,70.82,7.62,18.31,White,Low_poverty,LPW,41.9155074,-87.6854856
170318285031,1065.0,29.11,32.08,70.89,Minority,High_poverty,HPM,41.5036841,-87.550845
170310206022,1159.0,23.38,14.58,55.22,Minority,Low_poverty,LPM,41.9995167,-87.6917614
170318047133,830.0,87.11,3.98,2.17,White,Low_poverty,LPW,42.0566056,-88.0947472
170311913012,1509.0,5.43,4.64,94.57,Minority,Low_poverty,LPM,41.9184058,-87.7792465
170318167002,2055.0,16.16,16.25,81.9,Minority,Low_poverty,LPM,41.9045154,-87.9005023
170310502001,1215.0,93.33,0.82,4.2,White,Low_poverty,LPW,41.9598335,-87.6858055
170318007001,674.0,83.98,4.3,3.12,White,Low_poverty,LPW,42.089591,-87.7341216
170318120002,724.0,92.54,8.43,7.45,White,Low_poverty,LPW,41.8888155,-87.8098978
170317105003,1162.0,1.64,18.5,92.34,Minority,Low_poverty,LPM,41.747545,-87.6694343
170318112002,1588.0,71.28,13.41,28.72,White,Low_poverty,LPW,41.9267646,-87.8486172
170318212001,1458.0,3.29,30.18,96.7,Minority,High_poverty,HPM,41.670253,-87.6657708
170312604001,1174.0,1.02,33.05,98.98,Minority,High_poverty,HPM,41.8842145,-87.7380411
170318241172,3421.0,68.14,1.2,7.11,White,Low_poverty,LPW,41.5691321,-87.8272387
170318149003,1712.0,24.07,16.0,74.89,Minority,Low_poverty,LPM,41.8523163,-87.7927923
170317506004,838.0,3.22,30.19,79.71,Minority,High_poverty,HPM,41.6886463,-87.6593801
170312801002,1567.0,73.77,5.87,5.62,White,Low_poverty,LPW,41.8837922,-87.6423466
170318082001,2035.0,64.91,2.9,0.1,White,Low_poverty,LPW,42.034616,-87.8023992
170318306002,1592.0,37.25,19.35,54.46,Minority,Low_poverty,LPM,42.0037273,-87.672034
170318055021,972.0,94.14,2.57,3.7,White,Low_poverty,LPW,42.023065,-87.8212812
170317505003,1829.0,4.65,23.24,89.56,Minority,Low_poverty,LPM,41.6883051,-87.6672114
170318264011,2027.0,1.68,6.78,98.32,Minority,Low_poverty,LPM,41.6352719,-87.5908759
170318046062,2479.0,77.85,0.0,13.39,White,Low_poverty,LPW,42.0026707,-88.0544887
170310627002,900.0,91.78,6.0,4.56,White,Low_poverty,LPW,41.9336285,-87.6657802
170314005002,897.0,0.0,46.04,97.88,Minority,High_poverty,HPM,41.7890538,-87.6228061
170318304004,681.0,31.28,21.59,54.63,Minority,Low_poverty,LPM,41.4760643,-87.7013945
170318236052,1681.0,95.24,12.79,2.68,White,Low_poverty,LPW,41.6656276,-87.7702299
170311101005,1279.0,66.54,15.79,25.33,White,Low_poverty,LPW,41.9925921,-87.774519
170318295003,648.0,58.18,44.75,36.58,White,High_poverty,HPW,41.4792157,-87.6330439
170318026091,2550.0,38.55,6.04,31.14,Other,Low_poverty,LPO,42.1059546,-87.9046051
170315701001,1280.0,18.59,14.97,73.44,Minority,Low_poverty,LPM,41.8162003,-87.7189132
170310902003,1416.0,86.37,6.64,9.89,White,Low_poverty,LPW,42.0006536,-87.81181
170318177003,2102.0,4.42,9.13,94.05,Minority,Low_poverty,LPM,41.8739814,-87.8484319
170310630001,1288.0,73.06,5.9,9.24,White,Low_poverty,LPW,41.9381322,-87.6516277
170317002001,1365.0,6.45,1.25,92.38,Minority,Low_poverty,LPM,41.7559191,-87.7175259
170311908003,1859.0,7.15,34.52,89.62,Minority,High_poverty,HPM,41.9251018,-87.7512556
170317004012,1398.0,6.22,27.97,93.77,Minority,Low_poverty,LPM,41.747285,-87.7170381
170318020021,2642.0,84.37,0.83,0.26,White,Low_poverty,LPW,42.0692442,-87.831751
170318285042,1141.0,11.22,13.94,83.34,Minority,Low_poverty,LPM,41.4770309,-87.5652385
170317101001,1250.0,0.0,54.8,99.6,Minority,High_poverty,HPM,41.7533918,-87.6419713
170318207002,2271.0,29.19,4.58,70.81,Minority,Low_poverty,LPM,41.8136395,-87.7894093
170318123012,2064.0,60.56,12.71,25.24,White,Low_poverty,LPW,41.8885876,-87.8013054
170312315004,1292.0,0.0,25.54,100.0,Minority,Low_poverty,LPM,41.8936196,-87.7168694
170317001001,2565.0,1.44,13.49,96.42,Minority,Low_poverty,LPM,41.7536873,-87.7078708
170316503022,2301.0,6.82,14.3,92.83,Minority,Low_poverty,LPM,41.7735623,-87.7170865
170318219001,1155.0,38.53,10.82,49.87,Other,Low_poverty,LPO,41.7166609,-87.68606
170311404004,734.0,51.23,12.53,14.58,White,Low_poverty,LPW,41.9716535,-87.7393529
170318157012,691.0,89.29,1.16,5.35,White,Low_poverty,LPW,41.8377082,-87.8187469
170318025062,957.0,34.9,3.24,41.49,Other,Low_poverty,LPO,42.1340216,-87.9101122
170318013001,876.0,69.86,11.64,5.25,White,Low_poverty,LPW,42.0726765,-87.6877042
170318036071,1042.0,89.25,0.0,7.68,White,Low_poverty,LPW,42.1199448,-88.021582
170318060022,2517.0,56.14,31.23,20.26,White,High_poverty,HPW,42.0453515,-87.8760525
170314911003,582.0,5.15,7.73,94.84,Minority,Low_poverty,LPM,41.6949978,-87.6353502
170318198012,1225.0,91.92,7.1,5.71,White,Low_poverty,LPW,41.813174,-87.8943201
170318258012,1420.0,1.97,2.54,98.03,Minority,Low_poverty,LPM,41.6259457,-87.5763621
170318161005,1149.0,40.38,5.83,48.91,Other,Low_poverty,LPO,41.8684262,-87.8134146
170317114002,950.0,0.21,17.79,99.05,Minority,Low_poverty,LPM,41.7332539,-87.6471102
170310307031,915.0,63.72,27.32,33.88,White,Low_poverty,LPW,41.9779372,-87.658445
170318102003,1078.0,42.02,10.39,54.92,Minority,Low_poverty,LPM,42.0208211,-87.6826213
170314302001,421.0,8.08,4.75,91.92,Minority,Low_poverty,LPM,41.7716063,-87.5782869
170310714001,931.0,84.53,12.57,4.94,White,Low_poverty,LPW,41.9202428,-87.6381381
170318261005,842.0,11.16,33.37,86.94,Minority,High_poverty,HPM,41.6124898,-87.5347116
170318301002,1078.0,27.27,3.25,48.88,Other,Low_poverty,LPO,41.5009174,-87.6928368
170318300062,623.0,42.7,19.6,39.65,Other,Low_poverty,LPO,41.5030812,-87.7043348
170316720002,1229.0,0.0,16.76,95.52,Minority,Low_poverty,LPM,41.7621183,-87.6692086
170318388002,2480.0,6.25,50.0,93.39,Minority,High_poverty,HPM,41.6834042,-87.5740611
170316303001,2159.0,3.33,10.75,96.67,Minority,Low_poverty,LPM,41.798943,-87.707387
170313206001,2213.0,57.12,7.55,14.46,White,Low_poverty,LPW,41.8705542,-87.6165962
170318049021,1591.0,73.54,5.34,16.72,White,Low_poverty,LPW,42.0477929,-87.9258136
170318265003,2258.0,6.51,34.99,90.96,Minority,High_poverty,HPM,41.6290722,-87.6083217
170318155003,1133.0,18.62,15.71,81.38,Minority,Low_poverty,LPM,41.8232811,-87.7851749
170318246014,1623.0,79.85,7.83,20.14,White,Low_poverty,LPW,41.6215901,-87.7519759
170318047053,1543.0,44.07,0.97,43.94,Other,Low_poverty,LPO,42.0506082,-88.1204182
170318030131,1799.0,69.82,5.67,16.9,White,Low_poverty,LPW,42.1430851,-87.9631646
170312513002,518.0,3.09,10.42,96.91,Minority,Low_poverty,LPM,41.8966484,-87.7672827
170318036031,2064.0,72.77,0.0,1.6,White,Low_poverty,LPW,42.1167643,-88.0710138
170318152004,1204.0,27.33,28.44,70.02,Minority,Low_poverty,LPM,41.835829,-87.7896797
170310801002,1062.0,88.04,3.39,4.33,White,Low_poverty,LPW,41.9048447,-87.6262606
170314913003,595.0,0.0,42.35,95.46,Minority,High_poverty,HPM,41.6870516,-87.6301449
170318344002,2286.0,0.66,10.8,98.95,Minority,Low_poverty,LPM,41.7771878,-87.5939983
170318226011,1542.0,70.36,1.75,28.67,White,Low_poverty,LPW,41.7091045,-87.7452774
170311104003,1373.0,67.23,11.35,20.9,White,Low_poverty,LPW,41.9723556,-87.775022
170317206001,824.0,56.31,4.13,43.69,White,Low_poverty,LPW,41.7046156,-87.6772655
170314409003,784.0,0.0,25.51,98.47,Minority,Low_poverty,LPM,41.7293772,-87.6118141
170315805012,928.0,9.81,21.01,82.33,Minority,Low_poverty,LPM,41.8187401,-87.6965796
170316701002,456.0,3.51,33.11,96.49,Minority,High_poverty,HPM,41.7904751,-87.6584222
170311102001,1840.0,54.4,8.91,25.6,White,Low_poverty,LPW,41.9797234,-87.7706652
170317109001,816.0,0.0,38.48,100.0,Minority,High_poverty,HPM,41.7470095,-87.6415462
170318274004,1224.0,4.08,66.41,95.09,Minority,High_poverty,HPM,41.6098827,-87.6694271
170318050022,1613.0,53.69,14.01,12.22,White,Low_poverty,LPW,42.0439624,-87.9434058
170318034004,1429.0,87.47,7.91,5.46,White,Low_poverty,LPW,42.0713318,-87.9681628
170318439002,458.0,2.62,53.49,97.38,Minority,High_poverty,HPM,41.7747748,-87.5898578
170311502002,1497.0,46.69,10.82,21.71,Other,Low_poverty,LPO,41.9640983,-87.7509021
170318040002,2919.0,75.37,4.15,17.54,White,Low_poverty,LPW,42.072791,-88.0219382
170318042013,2124.0,65.73,5.13,2.26,White,Low_poverty,LPW,42.0743035,-88.162935
170318206032,2319.0,67.01,21.47,28.16,White,Low_poverty,LPW,41.7565086,-87.8437655
170312206021,769.0,77.89,14.56,10.27,White,Low_poverty,LPW,41.9272504,-87.7089542
170316611002,978.0,4.19,3.48,85.48,Minority,Low_poverty,LPM,41.7589188,-87.701773
170318016062,1018.0,76.42,3.54,3.73,White,Low_poverty,LPW,42.1111688,-87.8538291
170318093001,923.0,88.84,25.14,11.16,White,Low_poverty,LPW,42.0610648,-87.6861276
170311202004,1464.0,60.45,12.36,15.91,White,Low_poverty,LPW,41.9898417,-87.7543233
170318266005,584.0,3.94,0.0,96.06,Minority,Low_poverty,LPM,41.6415837,-87.6237931
170318012001,1266.0,84.52,1.34,7.58,White,Low_poverty,LPW,42.0845899,-87.705132
170311503004,1109.0,65.46,1.44,29.75,White,Low_poverty,LPW,41.9550949,-87.759671
170316007001,1236.0,26.38,22.98,48.46,Other,Low_poverty,LPO,41.8393655,-87.657681
170318029003,2116.0,79.06,2.17,4.2,White,Low_poverty,LPW,42.091597,-87.9625081
170318196003,922.0,92.84,0.98,5.21,White,Low_poverty,LPW,41.8033005,-87.8667598
170318016084,2720.0,77.9,0.59,2.24,White,Low_poverty,LPW,42.0972176,-87.8407818
170318115001,2139.0,45.21,6.36,48.34,Other,Low_poverty,LPO,41.9412406,-87.8601868
170310802021,621.0,62.8,22.24,26.89,White,Low_poverty,LPW,41.9048337,-87.631887
170318047114,910.0,46.15,3.63,30.33,Other,Low_poverty,LPO,42.0362416,-88.1338003
170318272002,716.0,3.63,25.98,94.84,Minority,Low_poverty,LPM,41.6128884,-87.6295575
170316811002,476.0,0.0,51.89,100.0,Minority,High_poverty,HPM,41.766992,-87.6462801
170311504014,1100.0,49.55,4.91,35.73,Other,Low_poverty,LPO,41.962262,-87.7745786
170318239042,889.0,93.59,0.45,0.9,White,Low_poverty,LPW,41.6646759,-87.8015529
170318041052,1245.0,84.18,3.21,12.21,White,Low_poverty,LPW,42.0942697,-88.1030269
170318207003,1038.0,33.53,6.26,66.47,Minority,Low_poverty,LPM,41.8140357,-87.7972509
170310103002,2519.0,34.82,9.8,60.82,Minority,Low_poverty,LPM,42.018236,-87.667197
170318064002,1117.0,72.07,19.61,26.14,White,Low_poverty,LPW,42.0281591,-87.8885915
170318423001,1432.0,62.36,5.66,25.14,White,Low_poverty,LPW,41.9055984,-87.660657
170313511001,2154.0,1.25,81.97,98.05,Minority,High_poverty,HPM,41.829309,-87.6156537
170310633012,927.0,82.85,3.45,13.05,White,Low_poverty,LPW,41.935727,-87.6430488
170315604001,1807.0,20.64,14.33,74.21,Minority,Low_poverty,LPM,41.8040062,-87.7406144
170312705001,1271.0,0.0,43.23,100.0,Minority,High_poverty,HPM,41.8762402,-87.7177932
170318074003,3101.0,45.18,25.48,43.31,Other,Low_poverty,LPO,42.0290187,-87.7449614
170318238012,2082.0,88.18,6.48,10.52,White,Low_poverty,LPW,41.6557843,-87.8639526
170318241161,2205.0,51.2,4.44,42.36,White,Low_poverty,LPW,41.6356186,-87.8730978
170311607003,1743.0,45.78,0.0,48.83,Other,Low_poverty,LPO,41.9484867,-87.7011436
170317704003,1359.0,48.05,8.24,37.09,Other,Low_poverty,LPO,42.0182971,-87.967199
170318002003,689.0,92.31,10.3,7.69,White,Low_poverty,LPW,42.1262237,-87.7545391
170318016052,1043.0,77.37,0.0,5.94,White,Low_poverty,LPW,42.1273722,-87.8535898
170318237021,1920.0,56.82,22.55,38.59,White,Low_poverty,LPW,41.7121248,-87.8237228
170318142002,948.0,5.91,5.73,91.03,Minority,Low_poverty,LPM,41.8306536,-87.7441657
170314008001,882.0,0.0,59.75,89.57,Minority,High_poverty,HPM,41.7829299,-87.6181152
170318241191,2409.0,86.76,0.0,10.83,White,Low_poverty,LPW,41.5818532,-87.8994894
170318250003,1808.0,73.51,12.19,14.93,White,Low_poverty,LPW,41.601297,-87.7518174
170317703003,1471.0,73.76,0.95,18.76,White,Low_poverty,LPW,42.0006279,-87.9732541
170316605002,1000.0,3.7,32.0,96.3,Minority,High_poverty,HPM,41.7734606,-87.7054327
170318194004,1327.0,52.15,9.19,42.5,White,Low_poverty,LPW,41.81212,-87.8556909
170318279021,919.0,16.1,24.37,82.8,Minority,Low_poverty,LPM,41.5855425,-87.5352958
170318245052,1412.0,89.31,6.44,10.69,White,Low_poverty,LPW,41.6062617,-87.7766884
170318130002,881.0,65.49,7.49,31.78,White,Low_poverty,LPW,41.8745808,-87.7769178
170318044063,1814.0,28.67,15.93,66.43,Minority,Low_poverty,LPM,42.0302986,-88.2554285
170318157023,1275.0,74.04,3.14,24.62,White,Low_poverty,LPW,41.8233712,-87.8144796
170314106001,1317.0,37.21,19.23,46.01,Other,Low_poverty,LPO,41.7994291,-87.5989747
170318110002,943.0,71.79,4.35,15.16,White,Low_poverty,LPW,41.9178314,-87.817042
170314401011,1351.0,0.0,36.42,100.0,Minority,High_poverty,HPM,41.7492917,-87.5994513
170315907002,1590.0,7.99,34.53,81.45,Minority,High_poverty,HPM,41.8260539,-87.6627888
170317608033,1186.0,77.49,10.46,4.56,White,Low_poverty,LPW,41.9760982,-87.8390915
170318322002,2140.0,74.95,9.16,17.48,White,Low_poverty,LPW,41.9195299,-87.6801326
170318148004,759.0,31.23,5.4,65.08,Minority,Low_poverty,LPM,41.8468903,-87.7932537
170318241061,1692.0,92.85,4.49,1.83,White,Low_poverty,LPW,41.623653,-87.8145131
170314913001,621.0,0.0,14.81,100.0,Minority,Low_poverty,LPM,41.6907398,-87.6254541
170310105031,1254.0,65.15,53.35,12.76,White,High_poverty,HPW,41.9993914,-87.6632119
170318172004,716.0,0.0,21.09,98.74,Minority,Low_poverty,LPM,41.8778425,-87.8505878
170318060024,1311.0,18.54,39.76,34.86,Other,High_poverty,HPO,42.0450104,-87.8575198
170318275001,1988.0,6.39,15.14,92.25,Minority,Low_poverty,LPM,41.5884145,-87.6432938
170317110002,2350.0,9.74,40.43,87.57,Minority,High_poverty,HPM,41.7396774,-87.6461525
170310633021,1430.0,90.0,5.24,5.39,White,Low_poverty,LPW,41.9346835,-87.6386927
170312519002,1632.0,6.31,42.83,93.69,Minority,High_poverty,HPM,41.8837977,-87.7568297
170314206001,980.0,4.08,53.98,91.84,Minority,High_poverty,HPM,41.7842199,-87.6137075
170318010004,1833.0,81.61,3.55,2.02,White,Low_poverty,LPW,42.0736847,-87.7387346
170318413003,1013.0,37.81,22.51,57.05,Minority,Low_poverty,LPM,41.846697,-87.6831896
170312502002,1394.0,1.51,13.99,96.2,Minority,Low_poverty,LPM,41.9109675,-87.7493323
170316117003,818.0,0.0,21.76,100.0,Minority,Low_poverty,LPM,41.7994321,-87.6726363
170318176001,1397.0,3.15,5.84,95.78,Minority,Low_poverty,LPM,41.873751,-87.8383916
170316609001,1348.0,0.52,22.33,98.74,Minority,Low_poverty,LPM,41.7701169,-87.6858382
170310619023,1489.0,78.98,7.05,8.59,White,Low_poverty,LPW,41.9466985,-87.6390645
170310622001,1488.0,76.68,19.69,20.63,White,Low_poverty,LPW,41.9425762,-87.6554288
170318237041,1710.0,83.16,0.12,16.84,White,Low_poverty,LPW,41.729209,-87.8328682
170318247022,2144.0,70.8,14.49,27.05,White,Low_poverty,LPW,41.6243571,-87.7061266
170311005002,721.0,57.7,8.6,36.2,White,Low_poverty,LPW,41.9759798,-87.811048
170318025053,2869.0,38.93,6.39,33.08,Other,Low_poverty,LPO,42.1235041,-87.9014562
170317004022,1258.0,12.48,19.48,87.52,Minority,Low_poverty,LPM,41.7369702,-87.7157239
170311503001,787.0,85.01,2.03,15.0,White,Low_poverty,LPW,41.9654915,-87.7599676
170318359002,607.0,0.0,46.29,100.0,Minority,High_poverty,HPM,41.8220038,-87.6191202
170310102011,1706.0,22.51,36.99,58.85,Minority,High_poverty,HPM,42.0141744,-87.6819764
170311003006,1459.0,91.16,12.43,6.92,White,Low_poverty,LPW,41.99158,-87.8118305
170313104001,1286.0,34.6,6.53,52.41,Minority,Low_poverty,LPM,41.8565069,-87.6522613
170318193003,876.0,57.19,21.0,42.24,White,Low_poverty,LPW,41.817412,-87.8567173
170318061032,990.0,54.34,14.44,18.79,White,Low_poverty,LPW,42.0528897,-87.9173068
170318202022,613.0,95.11,6.36,4.89,White,Low_poverty,LPW,41.7524287,-87.8748437
170318231022,1786.0,95.63,2.8,4.37,White,Low_poverty,LPW,41.6808512,-87.7844529
170318287014,1124.0,28.29,35.98,71.71,Minority,High_poverty,HPM,41.537654,-87.6254449
170318046074,1288.0,67.0,13.12,14.36,White,Low_poverty,LPW,41.9948135,-88.0564481
170318351001,1120.0,0.18,29.91,98.13,Minority,Low_poverty,LPM,41.7906721,-87.6831633
170318245065,1945.0,74.96,1.49,21.44,White,Low_poverty,LPW,41.619221,-87.7725241
170318047132,1636.0,36.12,9.11,1.1,Other,Low_poverty,LPO,42.0558018,-88.0885868
170318262011,413.0,27.6,19.85,72.39,Minority,Low_poverty,LPM,41.6051503,-87.5529179
170318144001,512.0,14.06,7.23,85.94,Minority,Low_poverty,LPM,41.8282466,-87.7584091
170318387001,1595.0,0.82,31.22,99.18,Minority,High_poverty,HPM,41.8637727,-87.7185575
170318045074,335.0,100.0,7.16,0.0,White,Low_poverty,LPW,41.9987533,-88.2307015
170318002001,1535.0,83.97,3.97,9.12,White,Low_poverty,LPW,42.1457234,-87.7803842
170318205012,1073.0,77.54,15.84,22.46,White,Low_poverty,LPW,41.7600851,-87.8146421
170318241081,2858.0,49.76,32.15,35.93,Other,High_poverty,HPO,41.5990256,-87.8444163
170314207002,546.0,0.0,75.46,92.67,Minority,High_poverty,HPM,41.7749277,-87.6076332
170316714001,617.0,0.0,30.63,100.0,Minority,High_poverty,HPM,41.7759902,-87.6764469
170318258011,712.0,14.33,41.01,84.69,Minority,High_poverty,HPM,41.6316524,-87.5737075
170318121002,872.0,52.52,5.62,44.38,White,Low_poverty,LPW,41.9011092,-87.7771631
170318048061,799.0,34.54,0.0,58.32,Minority,Low_poverty,LPM,42.0101783,-88.1305351
170312216001,1415.0,83.39,6.5,11.45,White,Low_poverty,LPW,41.9212619,-87.683935
170318073005,1025.0,58.15,3.71,29.66,White,Low_poverty,LPW,42.0391855,-87.760908
170318361003,610.0,0.0,48.03,95.41,Minority,High_poverty,HPM,41.800328,-87.6120368
170318108002,1786.0,77.16,6.77,15.68,White,Low_poverty,LPW,41.9360301,-87.8213124
170318382002,750.0,37.2,30.92,46.8,Other,High_poverty,HPO,41.8698326,-87.6728749
170318148002,1695.0,13.98,5.78,82.42,Minority,Low_poverty,LPM,41.8522099,-87.7998204
170318303001,1285.0,20.93,12.45,75.72,Minority,Low_poverty,LPM,41.4883298,-87.676771
170314403005,839.0,0.0,39.09,100.0,Minority,High_poverty,HPM,41.7473341,-87.6228602
170318278053,767.0,13.17,22.82,84.75,Minority,Low_poverty,LPM,41.5826203,-87.5888023
170318348002,754.0,0.0,61.71,99.74,Minority,High_poverty,HPM,41.7817764,-87.6452458
170311606023,1325.0,36.23,2.34,58.27,Minority,Low_poverty,LPM,41.9557701,-87.6963715
170311405003,1861.0,34.12,16.23,48.1,Other,Low_poverty,LPO,41.9634839,-87.7300707
170314314002,2236.0,5.1,59.64,93.56,Minority,High_poverty,HPM,41.7587965,-87.5552528
170314907003,1387.0,0.0,14.49,100.0,Minority,Low_poverty,LPM,41.7107006,-87.6307759
170317204002,1121.0,91.61,2.14,5.97,White,Low_poverty,LPW,41.7099686,-87.6891562
170318101004,506.0,80.43,2.96,14.62,White,Low_poverty,LPW,42.0293086,-87.6870879
170316203003,1349.0,18.38,2.08,78.13,Minority,Low_poverty,LPM,41.7895115,-87.7291817
170318206042,1120.0,76.16,16.43,23.84,White,Low_poverty,LPW,41.7517311,-87.828221
170318036033,2608.0,65.18,1.53,1.76,White,Low_poverty,LPW,42.1148305,-88.1097659
170318397001,2083.0,31.11,9.07,40.9,Other,Low_poverty,LPO,41.8338512,-87.6571094
170311710005,1178.0,67.83,1.7,31.92,White,Low_poverty,LPW,41.9417331,-87.8007145
170316811003,602.0,0.0,56.48,100.0,Minority,High_poverty,HPM,41.7669387,-87.649919
170318316004,1260.0,30.71,2.78,66.43,Minority,Low_poverty,LPM,41.9216623,-87.795729
170312413001,1995.0,71.43,6.93,22.41,White,Low_poverty,LPW,41.9067716,-87.681025
170318159001,1034.0,66.83,8.9,22.15,White,Low_poverty,LPW,41.8855821,-87.8098132
170314110001,1302.0,42.7,5.25,53.15,Minority,Low_poverty,LPM,41.7915518,-87.5801227
170311605012,1701.0,25.1,15.17,56.79,Minority,Low_poverty,LPM,41.9592801,-87.7155323
170310301032,991.0,52.67,22.57,37.74,White,Low_poverty,LPW,41.9955241,-87.6551527
170315501001,916.0,24.24,14.96,75.77,Minority,Low_poverty,LPM,41.6631813,-87.5359785
170318046031,2673.0,47.33,6.66,36.74,Other,Low_poverty,LPO,42.0581382,-88.0633932
170318184023,1304.0,62.12,7.29,32.67,White,Low_poverty,LPW,41.8516941,-87.898524
170318016081,2568.0,57.2,3.47,0.66,White,Low_poverty,LPW,42.1080908,-87.8196968
170318294021,890.0,46.4,7.36,53.59,Minority,Low_poverty,LPM,41.4816345,-87.6589586
170318016072,1267.0,67.4,13.67,2.21,White,Low_poverty,LPW,42.0808735,-87.8586125
170318110001,668.0,63.62,2.84,24.7,White,Low_poverty,LPW,41.921466,-87.8183772
170311708001,1231.0,60.52,3.17,37.77,White,Low_poverty,LPW,41.9416118,-87.8086884
170312207012,686.0,20.85,16.03,69.53,Minority,Low_poverty,LPM,41.9261869,-87.7182567
170318101002,1289.0,47.09,16.68,49.11,Other,Low_poverty,LPO,42.0301694,-87.6816704
170314604003,885.0,0.0,34.58,100.0,Minority,High_poverty,HPM,41.7426755,-87.5636649
170311508001,406.0,63.05,6.9,36.95,White,Low_poverty,LPW,41.9520136,-87.7497381
170318037024,1295.0,79.38,12.05,6.64,White,Low_poverty,LPW,42.1136062,-88.057187
170318437001,1176.0,62.16,11.48,19.22,White,Low_poverty,LPW,41.9480849,-87.6928064
170317403003,1033.0,79.57,3.0,20.43,White,Low_poverty,LPW,41.6932488,-87.7100812
170313109003,1501.0,15.66,10.13,80.61,Minority,Low_poverty,LPM,41.8560959,-87.6771658
170314206002,914.0,0.77,36.21,96.39,Minority,High_poverty,HPM,41.7818057,-87.6128474
170311201003,663.0,83.86,2.87,13.12,White,Low_poverty,LPW,41.9977148,-87.7737292
170318187001,871.0,55.11,1.84,36.05,White,Low_poverty,LPW,41.8398655,-87.8473722
170318116003,2256.0,46.9,35.68,46.94,Other,High_poverty,HPO,41.9495553,-87.8687767
170318047141,912.0,75.88,11.51,5.48,White,Low_poverty,LPW,42.0589182,-88.0852882
170318239032,950.0,100.0,19.47,0.0,White,Low_poverty,LPW,41.6578871,-87.8235892
170318342004,1038.0,0.0,0.0,100.0,Minority,Low_poverty,LPM,41.7563647,-87.5891718
170318046092,1466.0,47.07,3.34,7.03,Other,Low_poverty,LPO,42.0242136,-88.0396295
170310801003,1310.0,65.73,7.1,11.6,White,Low_poverty,LPW,41.9073132,-87.6266346
170318209022,1766.0,34.88,12.74,64.44,Minority,Low_poverty,LPM,41.7511901,-87.7479068
170318013003,1108.0,89.08,1.08,2.35,White,Low_poverty,LPW,42.0728793,-87.7002018
170318090002,835.0,91.38,0.0,0.0,White,Low_poverty,LPW,42.0603331,-87.7154399
170311710001,1313.0,53.47,2.97,23.84,White,Low_poverty,LPW,41.9437733,-87.7892709
170318027011,2241.0,47.17,6.68,33.47,Other,Low_poverty,LPO,42.0847783,-87.9343979
170315401022,1817.0,0.0,63.73,100.0,Minority,High_poverty,HPM,41.6578867,-87.5960882
170318048054,3031.0,71.76,3.76,16.43,White,Low_poverty,LPW,42.0200417,-88.1362398
170318274003,1079.0,0.0,10.57,100.0,Minority,Low_poverty,LPM,41.6030849,-87.6692116
170311006002,1345.0,73.38,14.08,24.39,White,Low_poverty,LPW,41.9769527,-87.794544
170318407001,1113.0,13.93,13.21,86.07,Minority,Low_poverty,LPM,41.8537051,-87.6973284
170310203023,2361.0,64.85,14.76,19.31,White,Low_poverty,LPW,42.0082222,-87.6931353
170318057012,714.0,78.43,2.52,14.57,White,Low_poverty,LPW,41.9985632,-87.8428748
170318046083,1544.0,55.12,12.63,6.16,White,Low_poverty,LPW,42.0339258,-88.0730736
170313501002,1586.0,9.14,27.55,44.51,Other,Low_poverty,LPO,41.8434193,-87.613253
170314108001,1227.0,40.83,27.47,35.21,Other,Low_poverty,LPO,41.7995288,-87.589553
170318270001,1700.0,1.24,46.67,97.82,Minority,High_poverty,HPM,41.6265619,-87.6377469
170318044031,1250.0,39.52,20.72,60.48,Minority,Low_poverty,LPM,42.0504613,-88.2593077
170318015002,2297.0,89.77,0.52,0.52,White,Low_poverty,LPW,42.1298292,-87.8085406
170318113022,2963.0,9.45,40.16,90.55,Minority,High_poverty,HPM,41.9156884,-87.8580916
170318091001,1100.0,81.73,7.0,6.55,White,Low_poverty,LPW,42.0610633,-87.7000328
170312315005,1043.0,2.97,22.44,97.03,Minority,Low_poverty,LPM,41.8898639,-87.7222631
170311609002,1029.0,60.84,3.5,15.36,White,Low_poverty,LPW,41.9496873,-87.72453
170318037022,2491.0,70.9,1.97,5.26,White,Low_poverty,LPW,42.0996574,-88.0545704
170318192002,1602.0,34.83,5.56,61.48,Minority,Low_poverty,LPM,41.8084418,-87.8272718
170318111005,2054.0,85.05,15.53,12.56,White,Low_poverty,LPW,41.9349634,-87.8310922
170318278011,675.0,29.04,1.28,70.52,Minority,Low_poverty,LPM,41.5958079,-87.6096209
170318134005,1077.0,10.31,19.5,89.69,Minority,Low_poverty,LPM,41.8615619,-87.7699238
170312426003,1571.0,75.68,9.75,21.13,White,Low_poverty,LPW,41.8979592,-87.6926506
170318299021,1431.0,13.98,32.56,69.88,Minority,High_poverty,HPM,41.5492479,-87.698431
170318212002,1018.0,9.33,15.72,87.72,Minority,Low_poverty,LPM,41.6601883,-87.6765022
170317402002,1457.0,92.52,4.39,7.48,White,Low_poverty,LPW,41.700472,-87.7158085
170318068021,610.0,66.56,0.0,3.77,White,Low_poverty,LPW,42.0453719,-87.7365677
170318171012,1137.0,10.91,2.73,89.1,Minority,Low_poverty,LPM,41.877475,-87.8783987
170314908004,1295.0,0.0,21.16,100.0,Minority,Low_poverty,LPM,41.7090979,-87.6162492
170312605001,1538.0,0.26,40.96,98.89,Minority,High_poverty,HPM,41.8766639,-87.7377282
170318255054,2780.0,3.67,22.3,88.78,Minority,Low_poverty,LPM,41.5609281,-87.7200696
170318139001,2024.0,2.92,10.62,97.09,Minority,Low_poverty,LPM,41.8491636,-87.7663147
170318047051,1150.0,51.39,3.04,15.48,White,Low_poverty,LPW,42.0594346,-88.1136271
170318258023,2188.0,1.05,7.31,97.44,Minority,Low_poverty,LPM,41.6263646,-87.5540646
170311507001,1030.0,54.37,16.83,35.63,White,Low_poverty,LPW,41.9514443,-87.7595543
170318022003,1885.0,94.69,3.4,3.66,White,Low_poverty,LPW,42.076549,-87.7930942
170312514004,1196.0,19.15,27.93,76.67,Minority,Low_poverty,LPM,41.8887713,-87.7708492
170316705001,922.0,0.65,27.8,98.16,Minority,Low_poverty,LPM,41.786578,-87.6764044
170312831001,1468.0,9.06,35.69,64.91,Minority,High_poverty,HPM,41.8680909,-87.6640119
170316909004,1005.0,0.0,26.97,100.0,Minority,Low_poverty,LPM,41.7639589,-87.6109904
170318258033,1234.0,12.4,4.54,85.74,Minority,Low_poverty,LPM,41.6190748,-87.5521519
170312106022,943.0,29.69,10.5,59.81,Minority,Low_poverty,LPM,41.9336836,-87.712734
170318281004,924.0,42.32,47.84,57.68,Minority,High_poverty,HPM,41.5611506,-87.5397036
170318399001,920.0,45.22,16.52,53.59,Minority,Low_poverty,LPM,41.8298778,-87.6430387
170318234002,1151.0,34.14,12.95,46.83,Other,Low_poverty,LPO,41.6642627,-87.6879301
170310817002,2528.0,70.73,3.05,7.83,White,Low_poverty,LPW,41.8910134,-87.6317954
170311704004,839.0,96.66,7.03,3.34,White,Low_poverty,LPW,41.9506475,-87.8152579
170317110001,307.0,0.0,0.0,100.0,Minority,Low_poverty,LPM,41.7414306,-87.6510621
170316606002,620.0,0.0,37.58,100.0,Minority,High_poverty,HPM,41.777341,-87.6890862
170310707001,2580.0,70.62,5.0,16.09,White,Low_poverty,LPW,41.9302709,-87.6718942
170318019012,1302.0,53.0,16.44,37.25,White,Low_poverty,LPW,42.101409,-87.8041993
170318036113,1532.0,44.19,4.7,36.23,Other,Low_poverty,LPO,42.1480463,-88.0186776
170314914001,1429.0,1.47,51.5,98.53,Minority,High_poverty,HPM,41.6898309,-87.6118556
170318194002,1825.0,31.95,23.4,63.89,Minority,Low_poverty,LPM,41.8081317,-87.8468266
170316607002,751.0,0.0,30.09,100.0,Minority,High_poverty,HPM,41.7709467,-87.6811866
170317706023,1451.0,57.41,8.27,13.92,White,Low_poverty,LPW,42.0109859,-87.9007962
170312215002,1438.0,56.75,8.21,31.01,White,Low_poverty,LPW,41.9223459,-87.6910637
170318111003,1278.0,37.4,1.96,57.51,Minority,Low_poverty,LPM,41.9198211,-87.8329564
170310623001,1595.0,81.63,3.82,5.64,White,Low_poverty,LPW,41.9416278,-87.6614432
170318064001,1390.0,79.71,16.33,12.52,White,Low_poverty,LPW,42.0288302,-87.881822
170318059012,1586.0,64.44,6.93,22.39,White,Low_poverty,LPW,42.0353192,-87.8732357
170311603003,953.0,44.7,6.04,13.22,Other,Low_poverty,LPO,41.9585061,-87.7323961
170317302013,1007.0,1.89,41.41,98.11,Minority,High_poverty,HPM,41.7295922,-87.6574519
170318315002,1320.0,12.88,7.12,82.57,Minority,Low_poverty,LPM,41.9201489,-87.7877744
170318214013,801.0,4.87,6.49,90.14,Minority,Low_poverty,LPM,41.6648757,-87.6542936
170316303002,3324.0,4.69,7.37,94.04,Minority,Low_poverty,LPM,41.8015875,-87.7111285
170310702003,1073.0,78.1,13.05,14.73,White,Low_poverty,LPW,41.9285043,-87.6450527
170318241204,2240.0,90.27,0.67,0.0,White,Low_poverty,LPW,41.5752625,-87.8858826
170314401024,859.0,0.0,37.25,100.0,Minority,High_poverty,HPM,41.7449065,-87.6032154
170318047142,969.0,66.46,11.25,0.93,White,Low_poverty,LPW,42.0626986,-88.0886442
170318043111,2159.0,50.95,1.16,2.92,White,Low_poverty,LPW,42.0542353,-88.2008038
170318288021,934.0,33.62,0.0,61.67,Minority,Low_poverty,LPM,41.536602,-87.6444452
170318392001,122.0,0.0,43.44,90.98,Minority,High_poverty,HPM,41.8416805,-87.6192637
170313405001,1591.0,41.48,40.48,18.86,Other,High_poverty,HPO,41.8345181,-87.6329169
170318228012,1145.0,57.9,5.94,26.63,White,Low_poverty,LPW,41.6943536,-87.7333111
170318263033,1257.0,5.17,26.33,93.4,Minority,Low_poverty,LPM,41.6094614,-87.5936173
170311503005,683.0,68.52,7.32,11.86,White,Low_poverty,LPW,41.9564076,-87.764644
170318059023,1107.0,63.05,0.0,16.98,White,Low_poverty,LPW,42.035332,-87.8532794
170318300082,584.0,3.6,6.85,92.47,Minority,Low_poverty,LPM,41.4862943,-87.7757873
170311906011,1026.0,7.31,34.21,92.69,Minority,High_poverty,HPM,41.9301376,-87.7820188
170318201017,1183.0,89.01,2.05,10.99,White,Low_poverty,LPW,41.7752206,-87.8913515
170316502001,1380.0,18.55,17.61,81.45,Minority,Low_poverty,LPM,41.7840833,-87.7259671
170314903002,1010.0,5.05,14.06,91.98,Minority,Low_poverty,LPM,41.725422,-87.6214581
170318105013,848.0,90.45,2.24,2.95,White,Low_poverty,LPW,41.9609368,-87.8290294
170318241232,2262.0,85.72,15.52,11.32,White,Low_poverty,LPW,41.5990064,-87.806963
170312925001,1046.0,0.0,32.98,91.87,Minority,High_poverty,HPM,41.8569138,-87.7273427
170318244001,1968.0,53.25,18.35,44.97,White,Low_poverty,LPW,41.6399612,-87.7262117
170318214022,1393.0,0.5,7.9,99.5,Minority,Low_poverty,LPM,41.6584153,-87.6512499
170313802002,1231.0,1.3,34.36,96.83,Minority,High_poverty,HPM,41.8191041,-87.6150759
170311609001,1506.0,54.71,16.52,41.51,White,Low_poverty,LPW,41.9506217,-87.7199806
170318041062,1522.0,86.4,2.72,7.68,White,Low_poverty,LPW,42.0921693,-88.0401984
170310704002,969.0,77.3,5.26,1.86,White,Low_poverty,LPW,41.9265195,-87.6558293
170311105022,2089.0,53.09,8.9,34.56,White,Low_poverty,LPW,41.9711087,-87.7584044
170318279024,1030.0,24.27,18.54,74.27,Minority,Low_poverty,LPM,41.5815676,-87.5415131
170314304001,606.0,0.0,25.58,96.2,Minority,Low_poverty,LPM,41.7651524,-87.5899615
170318257002,1716.0,14.39,12.09,85.08,Minority,Low_poverty,LPM,41.6369813,-87.5515891
170318109005,1132.0,55.48,12.72,41.17,White,Low_poverty,LPW,41.9178941,-87.8133932
170318131002,882.0,65.99,7.14,23.02,White,Low_poverty,LPW,41.8672539,-87.7766512
170318043082,2733.0,31.91,9.33,50.64,Minority,Low_poverty,LPM,42.020066,-88.159182
170314403003,799.0,9.76,9.39,90.24,Minority,Low_poverty,LPM,41.7400809,-87.6194722
170318198022,1440.0,92.15,11.11,6.25,White,Low_poverty,LPW,41.793427,-87.8983078
170314106002,1199.0,52.88,50.09,27.94,White,High_poverty,HPW,41.7964993,-87.5989094
170318351004,1122.0,2.76,3.65,96.17,Minority,Low_poverty,LPM,41.7904583,-87.692576
170310814022,1794.0,71.4,9.03,2.0,White,Low_poverty,LPW,41.8930593,-87.6160564
170318144004,1497.0,12.83,10.67,86.3,Minority,Low_poverty,LPM,41.8254068,-87.7669045
170311603001,1896.0,65.66,11.32,22.05,White,Low_poverty,LPW,41.9581921,-87.729363
170318025061,1519.0,35.22,9.85,52.34,Minority,Low_poverty,LPM,42.129421,-87.896147
170314601001,991.0,2.02,35.41,90.42,Minority,High_poverty,HPM,41.7478345,-87.5367253
170316609003,1790.0,2.85,28.83,83.91,Minority,Low_poverty,LPM,41.7678191,-87.699063
170312432002,1103.0,52.67,12.36,42.61,White,Low_poverty,LPW,41.8910681,-87.6695834
170317302023,591.0,7.28,2.05,90.53,Minority,Low_poverty,LPM,41.7229364,-87.6469984
170314911001,376.0,0.0,45.21,100.0,Minority,High_poverty,HPM,41.7045118,-87.6349653
170311007004,973.0,82.84,9.04,17.16,White,Low_poverty,LPW,41.9721523,-87.8006669
170318048073,2036.0,51.77,18.81,31.34,White,Low_poverty,LPW,42.0079727,-88.1244297
170318306004,515.0,35.92,8.35,49.32,Other,Low_poverty,LPO,42.0024034,-87.6764699
170310703001,2300.0,86.65,3.74,5.65,White,Low_poverty,LPW,41.9303707,-87.6516305
170318241083,2767.0,80.88,6.0,16.55,White,Low_poverty,LPW,41.5891848,-87.8404453
170312507004,1083.0,0.0,14.59,95.75,Minority,Low_poverty,LPM,41.9068425,-87.7646627
170312421001,738.0,75.47,7.32,9.62,White,Low_poverty,LPW,41.9015073,-87.6686675
170318245064,1663.0,92.48,1.2,6.37,White,Low_poverty,LPW,41.6134113,-87.799861
170318329002,874.0,66.93,30.32,3.32,White,High_poverty,HPW,41.8743397,-87.6593713
170318243002,2540.0,3.15,41.13,94.14,Minority,High_poverty,HPM,41.6365687,-87.7044774
170315204004,1193.0,4.02,26.15,95.98,Minority,Low_poverty,LPM,41.7054708,-87.5334702
170312912001,1208.0,0.0,57.36,100.0,Minority,High_poverty,HPM,41.8626746,-87.7116562
170318107014,1352.0,61.24,5.4,36.02,White,Low_poverty,LPW,41.9282433,-87.8114771
170316811005,242.0,0.0,21.9,100.0,Minority,Low_poverty,LPM,41.7687121,-87.6529983
170314301021,1356.0,2.65,18.58,90.64,Minority,Low_poverty,LPM,41.7689528,-87.5638143
170318109004,993.0,52.37,19.64,44.42,White,Low_poverty,LPW,41.9106638,-87.8088886
170318065024,1545.0,49.45,3.43,46.02,Other,Low_poverty,LPO,42.0167172,-87.8846338
170311102002,1255.0,83.82,5.42,16.18,White,Low_poverty,LPW,41.9803813,-87.7759421
170318432002,918.0,22.55,16.88,75.05,Minority,Low_poverty,LPM,41.8487153,-87.6642169
170318206033,1785.0,74.12,7.51,20.73,White,Low_poverty,LPW,41.7568404,-87.8351233
170317304004,1468.0,0.48,26.6,99.52,Minority,Low_poverty,LPM,41.7169367,-87.6542878
170318044042,1608.0,27.55,2.18,60.26,Minority,Low_poverty,LPM,42.0401167,-88.2450507
170318100003,1466.0,85.2,7.64,10.51,White,Low_poverty,LPW,42.0265791,-87.6673677
170318261001,934.0,3.64,47.54,96.36,Minority,High_poverty,HPM,41.6107782,-87.5275245
170311508005,695.0,63.45,0.86,34.24,White,Low_poverty,LPW,41.9519548,-87.7546508
170318028022,1410.0,85.6,5.27,5.04,White,Low_poverty,LPW,42.0752568,-87.9380254
170318094003,1456.0,71.29,17.46,10.51,White,Low_poverty,LPW,42.0494864,-87.6832675
170316203006,1450.0,22.07,18.76,77.93,Minority,Low_poverty,LPM,41.7903716,-87.7359765
170318048043,1289.0,20.4,17.22,52.52,Minority,Low_poverty,LPM,41.9956306,-88.1417385
170318265001,1169.0,8.04,35.07,83.74,Minority,High_poverty,HPM,41.6330336,-87.6147649
170313103001,1873.0,29.15,16.07,63.11,Minority,Low_poverty,LPM,41.8561439,-87.6489782
170314109002,631.0,37.24,35.18,45.01,Other,High_poverty,HPO,41.7973205,-87.5863932
170311404001,899.0,29.14,24.25,51.17,Minority,Low_poverty,LPM,41.9703353,-87.7307619
170311401001,1533.0,26.16,18.98,62.5,Minority,Low_poverty,LPM,41.9712095,-87.7051949
170311303001,904.0,42.26,35.51,15.71,Other,High_poverty,HPO,41.9860947,-87.709277
170311204003,1494.0,38.09,2.21,37.21,Other,Low_poverty,LPO,41.9708766,-87.7505854
170311203004,875.0,61.14,9.6,11.43,White,Low_poverty,LPW,41.9892699,-87.7447724
170311202003,818.0,89.61,2.08,3.67,White,Low_poverty,LPW,41.9952293,-87.7553357
170311201002,958.0,81.42,1.88,13.78,White,Low_poverty,LPW,42.0018167,-87.7708808
170311105015,460.0,37.61,2.45,60.44,Minority,Low_poverty,LPM,41.9788954,-87.7598023
170311613003,730.0,26.03,8.22,71.64,Minority,Low_poverty,LPM,41.9403902,-87.7321508
170311613002,1260.0,35.56,3.63,58.25,Minority,Low_poverty,LPM,41.9416948,-87.7286484
170311611002,994.0,52.82,1.81,26.26,White,Low_poverty,LPW,41.9486293,-87.7386658
170311610001,1000.0,52.2,6.9,41.4,White,Low_poverty,LPW,41.9518062,-87.730737
170311607004,1072.0,40.67,6.53,51.59,Minority,Low_poverty,LPM,41.9484657,-87.706036
170311606021,1091.0,45.19,11.82,42.44,Other,Low_poverty,LPO,41.9548603,-87.7025494
170311604003,866.0,52.77,4.62,38.1,White,Low_poverty,LPW,41.9591551,-87.7253254
170311602002,539.0,85.16,0.74,7.8,White,Low_poverty,LPW,41.9634115,-87.7371796
170311601002,907.0,41.57,7.72,19.84,Other,Low_poverty,LPO,41.9645907,-87.7449449
170311511001,1744.0,38.19,11.24,61.24,Minority,Low_poverty,LPM,41.9441457,-87.7593192
170311510024,817.0,18.48,8.94,78.46,Minority,Low_poverty,LPM,41.9397536,-87.7457732
170311508002,809.0,39.93,6.18,58.47,Minority,Low_poverty,LPM,41.9492801,-87.749651
170311506003,1310.0,45.27,2.21,40.61,Other,Low_poverty,LPO,41.9476197,-87.7741344
170311505011,1525.0,56.85,0.98,30.23,White,Low_poverty,LPW,41.9665744,-87.7820452
170311503007,1117.0,57.48,8.5,32.49,White,Low_poverty,LPW,41.9655362,-87.7649738
170311503006,1449.0,49.21,13.18,40.03,Other,Low_poverty,LPO,41.9614504,-87.7648131
170311408005,2691.0,30.21,15.98,44.22,Other,Low_poverty,LPO,41.9668889,-87.7023453
170311408002,680.0,84.26,8.24,13.53,White,Low_poverty,LPW,41.9622459,-87.6976059
170311404003,995.0,47.54,6.13,25.73,Other,Low_poverty,LPO,41.9717936,-87.7367675
170318273002,869.0,7.25,32.68,90.44,Minority,High_poverty,HPM,41.6090181,-87.6486371
170318255032,1312.0,2.67,9.98,97.33,Minority,Low_poverty,LPM,41.5743974,-87.6895339
170318246012,970.0,84.33,11.06,15.67,White,Low_poverty,LPW,41.6307424,-87.7439635
170318236051,1860.0,86.08,11.72,10.0,White,Low_poverty,LPW,41.6700717,-87.7841115
170318231021,1802.0,73.09,7.99,23.48,White,Low_poverty,LPW,41.6888631,-87.7747081
170318250002,1539.0,46.85,12.05,37.3,Other,Low_poverty,LPO,41.5936078,-87.744408
170318232002,2826.0,65.0,9.36,31.46,White,Low_poverty,LPW,41.6772853,-87.7557003
170318233042,989.0,60.16,4.22,39.33,White,Low_poverty,LPW,41.6806356,-87.6955561
170318284023,1074.0,32.59,7.73,64.9,Minority,Low_poverty,LPM,41.5598681,-87.6407568
170318279011,1003.0,4.59,13.68,88.73,Minority,Low_poverty,LPM,41.5916883,-87.573164
170318245063,1532.0,93.8,1.17,6.2,White,Low_poverty,LPW,41.6170585,-87.7893265
170318248002,1690.0,42.07,14.29,57.04,Minority,Low_poverty,LPM,41.6271843,-87.6838333
170318299024,870.0,2.3,8.51,97.7,Minority,Low_poverty,LPM,41.533926,-87.7422959
170318286011,847.0,59.03,3.21,31.05,White,Low_poverty,LPW,41.5441728,-87.6576213
170318263031,902.0,5.54,2.77,94.46,Minority,Low_poverty,LPM,41.6170946,-87.5957875
170318262021,1246.0,15.25,40.77,83.07,Minority,High_poverty,HPM,41.5893507,-87.5274894
170318263043,1093.0,3.39,38.56,96.61,Minority,High_poverty,HPM,41.6167085,-87.5792302
170318288011,994.0,55.23,3.62,44.77,White,Low_poverty,LPW,41.546893,-87.6701505
170318215001,1792.0,3.13,36.22,94.03,Minority,High_poverty,HPM,41.6505617,-87.6360769
170318261003,893.0,28.44,18.14,69.76,Minority,Low_poverty,LPM,41.6048226,-87.5355854
170318262014,1101.0,5.81,19.26,94.19,Minority,Low_poverty,LPM,41.5993022,-87.5711355
170318260001,857.0,3.38,11.32,96.61,Minority,Low_poverty,LPM,41.6216308,-87.5290863
170315305011,888.0,1.69,23.31,98.31,Minority,Low_poverty,LPM,41.6763925,-87.6334344
170318277001,1792.0,5.25,18.75,93.64,Minority,Low_poverty,LPM,41.5823421,-87.663401
170318239034,1343.0,91.29,0.89,8.71,White,Low_poverty,LPW,41.6488865,-87.8312888
170318269022,1105.0,0.18,53.03,99.82,Minority,High_poverty,HPM,41.6140829,-87.660312
170318278014,1936.0,18.29,15.64,81.15,Minority,Low_poverty,LPM,41.605571,-87.6089292
170318227023,724.0,51.66,0.0,47.38,White,Low_poverty,LPW,41.7058546,-87.7381529
170318253031,1443.0,56.76,12.47,40.68,White,Low_poverty,LPW,41.5802316,-87.7911344
170318253032,1067.0,100.0,0.66,0.0,White,Low_poverty,LPW,41.5834256,-87.7796901
170318221023,1371.0,54.7,0.29,42.74,White,Low_poverty,LPW,41.717343,-87.7317065
170318225002,715.0,85.03,0.0,7.69,White,Low_poverty,LPW,41.7143401,-87.7612327
170318252001,851.0,42.07,7.4,53.11,Minority,Low_poverty,LPM,41.5913438,-87.7290548
170318283002,1113.0,40.7,10.6,54.0,Minority,Low_poverty,LPM,41.5741485,-87.6193001
170318209021,921.0,54.4,4.13,42.24,White,Low_poverty,LPW,41.7561828,-87.7510057
170318209011,2605.0,52.98,11.4,45.91,White,Low_poverty,LPW,41.7636567,-87.7742492
170318208002,1325.0,53.36,4.23,46.64,White,Low_poverty,LPW,41.8019385,-87.7576794
170318202011,1792.0,75.33,2.01,12.95,White,Low_poverty,LPW,41.7665864,-87.8817258
170318212004,2020.0,4.8,22.48,95.2,Minority,Low_poverty,LPM,41.6722105,-87.6730706
170318202014,2563.0,62.47,0.0,23.06,White,Low_poverty,LPW,41.7296836,-87.9022364
170318271001,696.0,5.03,40.8,93.39,Minority,High_poverty,HPM,41.6180162,-87.6398497
170318233031,560.0,74.64,1.43,25.36,White,Low_poverty,LPW,41.6822033,-87.7325653
170318245033,1331.0,86.78,1.35,5.63,White,Low_poverty,LPW,41.6353373,-87.7709951
170318211023,780.0,63.72,1.67,31.67,White,Low_poverty,LPW,41.7410075,-87.7467692
170318211022,1620.0,36.05,6.3,61.36,Minority,Low_poverty,LPM,41.7462674,-87.746616
170318210023,973.0,68.86,8.32,30.01,White,Low_poverty,LPW,41.7430688,-87.7747784
170318052013,2337.0,59.61,0.49,18.74,White,Low_poverty,LPW,42.0581982,-87.8332465
170318051113,2986.0,55.93,5.39,33.8,White,Low_poverty,LPW,42.032867,-87.9359674
170318051104,422.0,93.36,2.13,0.0,White,Low_poverty,LPW,42.0635638,-87.9866672
170318051102,953.0,98.85,5.52,0.0,White,Low_poverty,LPW,42.061841,-87.9741686
170318051093,1004.0,74.1,22.31,11.56,White,Low_poverty,LPW,42.0547895,-87.9755485
170318051084,929.0,65.98,8.5,27.02,White,Low_poverty,LPW,42.0420426,-87.9717267
170318051083,755.0,69.01,3.71,0.0,White,Low_poverty,LPW,42.0477387,-87.9717325
170318037011,1233.0,74.05,2.11,14.6,White,Low_poverty,LPW,42.1168605,-88.0461362
170318036104,2901.0,52.81,22.16,33.88,White,Low_poverty,LPW,42.1287445,-88.0676093
170318036103,1985.0,80.45,8.82,9.01,White,Low_poverty,LPW,42.1287643,-88.0568031
170318060042,2119.0,55.5,8.4,14.39,White,Low_poverty,LPW,42.0422078,-87.8398817
170318060035,1628.0,26.11,4.48,2.76,Other,Low_poverty,LPO,42.0452125,-87.8501753
170318060031,1387.0,71.52,7.71,7.35,White,Low_poverty,LPW,42.0529017,-87.8486024
170318060023,1615.0,26.44,10.09,40.0,Other,Low_poverty,LPO,42.0481202,-87.8595364
170318060013,1453.0,30.56,6.81,35.38,Other,Low_poverty,LPO,42.0560598,-87.8452327
170318060011,1470.0,34.76,6.6,30.13,Other,Low_poverty,LPO,42.0615914,-87.8441652
170318059022,1608.0,72.89,8.28,5.41,White,Low_poverty,LPW,42.0344838,-87.8430365
170318058023,1301.0,92.01,6.61,3.84,White,Low_poverty,LPW,42.0132621,-87.8414948
170318058012,950.0,74.21,0.63,5.06,White,Low_poverty,LPW,42.0210435,-87.8672239
170318057015,988.0,99.09,2.02,0.91,White,Low_poverty,LPW,41.9999993,-87.850922
170318057014,1061.0,85.67,4.24,7.82,White,Low_poverty,LPW,42.0032141,-87.8585646
170318056002,1078.0,100.0,0.0,0.0,White,Low_poverty,LPW,42.0059277,-87.8287983
170318055023,1169.0,88.54,8.81,5.47,White,Low_poverty,LPW,42.0105363,-87.8233241
170318054013,1430.0,77.69,3.92,6.36,White,Low_poverty,LPW,42.0328607,-87.8295594
170318054011,1500.0,58.13,18.73,27.4,White,Low_poverty,LPW,42.0373796,-87.820033
170318036053,1548.0,90.89,0.9,0.0,White,Low_poverty,LPW,42.1250605,-88.0128593
170318241051,2469.0,74.61,1.46,16.36,White,Low_poverty,LPW,41.6376065,-87.8466971
170318288015,687.0,65.79,6.76,30.13,White,Low_poverty,LPW,41.5240843,-87.6501398
170318264012,1963.0,1.27,18.52,97.4,Minority,Low_poverty,LPM,41.6389607,-87.5930136
170318237052,739.0,83.36,5.21,15.15,White,Low_poverty,LPW,41.7243218,-87.8236235
170318052024,1421.0,56.16,5.0,13.94,White,Low_poverty,LPW,42.0583118,-87.822487
170318052021,940.0,76.06,5.53,4.15,White,Low_poverty,LPW,42.0632308,-87.8108472
170318437002,1351.0,55.81,1.92,38.49,White,Low_poverty,LPW,41.9373047,-87.6871846
170310514002,834.0,62.11,16.07,26.62,White,Low_poverty,LPW,41.9336703,-87.6811406
170310512002,790.0,74.18,1.51,17.72,White,Low_poverty,LPW,41.9405118,-87.6759251
170310512001,756.0,83.33,3.17,8.6,White,Low_poverty,LPW,41.942337,-87.6759793
170310508001,1402.0,76.53,2.43,17.68,White,Low_poverty,LPW,41.9450095,-87.6809279
170312002001,1184.0,6.08,10.47,88.77,Minority,Low_poverty,LPM,41.9297789,-87.7336207
170312001001,1085.0,20.09,9.24,75.85,Minority,Low_poverty,LPM,41.9345491,-87.734367
170318255011,984.0,9.65,19.82,90.34,Minority,Low_poverty,LPM,41.5780795,-87.7269877
170318238033,1619.0,78.63,13.34,15.57,White,Low_poverty,LPW,41.6934149,-87.8385615
170318299014,4318.0,41.96,2.57,54.1,Minority,Low_poverty,LPM,41.5496776,-87.7612104
170318285055,2011.0,30.58,8.06,69.42,Minority,Low_poverty,LPM,41.5413533,-87.5654096
170318281002,1517.0,69.22,10.61,27.42,White,Low_poverty,LPW,41.5608279,-87.5304367
170318296002,636.0,59.91,16.82,40.1,White,Low_poverty,LPW,41.4734276,-87.6353733
170318296001,1231.0,56.7,17.38,42.57,White,Low_poverty,LPW,41.4734459,-87.6264218
170318295002,974.0,32.44,20.74,59.45,Minority,Low_poverty,LPM,41.4865129,-87.6301184
170318285032,1367.0,12.22,27.32,87.78,Minority,Low_poverty,LPM,41.4957755,-87.5727995
170318061022,868.0,84.33,0.0,9.45,White,Low_poverty,LPW,42.0416087,-87.9165184
170318061033,1175.0,77.87,3.38,6.38,White,Low_poverty,LPW,42.0565855,-87.9100483
170311911006,1137.0,10.11,4.31,89.88,Minority,Low_poverty,LPM,41.9178908,-87.7546208
170311911005,1960.0,2.96,25.96,87.71,Minority,Low_poverty,LPM,41.9217698,-87.7533722
170311908005,986.0,15.82,27.08,84.18,Minority,Low_poverty,LPM,41.9300747,-87.7539091
170318315001,2336.0,34.85,9.85,59.68,Minority,Low_poverty,LPM,41.9307732,-87.7881261
170311904012,2741.0,25.54,18.21,72.79,Minority,Low_poverty,LPM,41.9328989,-87.7808881
170311902003,1719.0,13.73,14.3,80.17,Minority,Low_poverty,LPM,41.9342048,-87.751612
170311901001,2453.0,9.7,14.11,87.93,Minority,Low_poverty,LPM,41.9352176,-87.7443889
170318316005,1666.0,22.81,2.94,72.09,Minority,Low_poverty,LPM,41.9254194,-87.7952911
170311711003,1081.0,49.58,9.07,40.43,Other,Low_poverty,LPO,41.942008,-87.7849335
170311710006,1447.0,59.43,1.38,39.32,White,Low_poverty,LPW,41.9416582,-87.8050227
170311709001,1943.0,49.77,10.36,47.19,Other,Low_poverty,LPO,41.9361959,-87.8116057
170311707002,1031.0,67.6,5.53,30.36,White,Low_poverty,LPW,41.9395719,-87.8202488
170311705001,1304.0,73.24,6.67,21.01,White,Low_poverty,LPW,41.9487553,-87.8231582
170311703002,1265.0,48.14,7.11,47.91,Other,Low_poverty,LPO,41.949099,-87.7973464
170311702002,1516.0,43.4,0.66,33.44,Other,Low_poverty,LPO,41.9470826,-87.7814302
170311613004,1145.0,48.56,13.19,47.43,Other,Low_poverty,LPO,41.9438831,-87.7327293
170318043062,638.0,60.19,5.8,39.81,White,Low_poverty,LPW,42.024148,-88.1708817
170315103003,657.0,0.0,17.66,100.0,Minority,Low_poverty,LPM,41.7137165,-87.5787423
170318296003,980.0,64.39,5.51,34.49,White,Low_poverty,LPW,41.4734001,-87.641984
170318288023,1330.0,15.49,0.0,84.51,Minority,Low_poverty,LPM,41.5244559,-87.6427972
170310209013,2565.0,20.47,16.65,41.17,Other,Low_poverty,LPO,41.9936859,-87.6879109
170310207012,908.0,68.28,4.52,13.11,White,Low_poverty,LPW,41.9849193,-87.7017932
170310206023,1871.0,24.53,40.35,46.39,Other,High_poverty,HPO,41.9994521,-87.6954232
170310202001,1601.0,88.51,0.0,0.87,White,Low_poverty,LPW,42.0137699,-87.7043045
170318306001,1169.0,42.09,25.47,41.23,Other,Low_poverty,LPO,42.0007609,-87.6692949
170312004021,1486.0,6.12,15.95,88.9,Minority,Low_poverty,LPM,41.9180323,-87.729159
170312003001,840.0,10.71,19.76,85.6,Minority,Low_poverty,LPM,41.9235272,-87.7297793
170318198015,1213.0,84.91,3.63,11.38,White,Low_poverty,LPW,41.8155689,-87.9030447
170318196004,691.0,92.33,3.91,5.21,White,Low_poverty,LPW,41.7997288,-87.8692444
170318196002,1190.0,98.4,0.76,1.6,White,Low_poverty,LPW,41.8070272,-87.8691874
170318195001,782.0,94.88,1.15,2.56,White,Low_poverty,LPW,41.8176494,-87.8695012
170318193002,1286.0,71.15,1.32,28.23,White,Low_poverty,LPW,41.8173887,-87.8494429
170318191004,1341.0,50.71,7.53,49.3,White,Low_poverty,LPW,41.8185073,-87.8242632
170318190002,1345.0,100.0,2.75,0.0,White,Low_poverty,LPW,41.8240842,-87.8757464
170318189001,1356.0,72.71,3.91,21.53,White,Low_poverty,LPW,41.8272749,-87.8630081
170318188004,759.0,72.6,1.98,16.74,White,Low_poverty,LPW,41.8237595,-87.8574667
170318188003,473.0,63.42,0.0,29.39,White,Low_poverty,LPW,41.8211724,-87.8532042
170318186002,2036.0,77.01,5.99,19.1,White,Low_poverty,LPW,41.8395147,-87.8586386
170318253022,1871.0,67.34,4.65,29.5,White,Low_poverty,LPW,41.5839458,-87.770867
170317504003,864.0,66.32,2.2,33.68,White,Low_poverty,LPW,41.6854103,-87.68925
170318205022,1006.0,68.79,15.51,28.83,White,Low_poverty,LPW,41.7518678,-87.8045848
170318246013,653.0,76.88,5.97,23.12,White,Low_poverty,LPW,41.6316425,-87.7529621
170315302001,446.0,0.0,11.43,100.0,Minority,Low_poverty,LPM,41.6825553,-87.6252033
170315002002,474.0,9.49,8.86,84.6,Minority,Low_poverty,LPM,41.7000013,-87.599015
170318247021,1355.0,29.52,13.51,64.51,Minority,Low_poverty,LPM,41.6289793,-87.7030491
170318083014,1220.0,45.0,10.49,16.39,Other,Low_poverty,LPO,42.0308575,-87.7742275
170318083012,2544.0,65.06,15.21,10.14,White,Low_poverty,LPW,42.0319506,-87.7825082
170311003004,1070.0,60.37,7.64,19.25,White,Low_poverty,LPW,41.9908151,-87.8042424
170311003003,750.0,72.53,4.0,5.2,White,Low_poverty,LPW,41.9875849,-87.7997655
170311002003,775.0,90.71,0.0,9.29,White,Low_poverty,LPW,41.9909539,-87.7900588
170311002001,1309.0,77.01,8.79,20.24,White,Low_poverty,LPW,41.9991614,-87.787551
170311001004,696.0,70.83,16.24,29.17,White,Low_poverty,LPW,41.9846975,-87.7852593
170310901004,923.0,67.93,0.0,12.03,White,Low_poverty,LPW,42.0169403,-87.817483
170310901002,849.0,78.8,2.12,14.37,White,Low_poverty,LPW,42.0134349,-87.8102765
170310818003,2528.0,72.67,0.95,12.39,White,Low_poverty,LPW,41.8895565,-87.6376456
170310815003,1619.0,55.78,9.82,12.78,White,Low_poverty,LPW,41.8897692,-87.6260186
170310812012,2043.0,76.02,11.52,11.5,White,Low_poverty,LPW,41.8979487,-87.6261804
170310804003,946.0,67.97,4.44,11.52,White,Low_poverty,LPW,41.908296,-87.6420782
170318326001,721.0,92.51,6.38,0.97,White,Low_poverty,LPW,41.9123354,-87.650739
170310717001,782.0,70.72,1.92,15.09,White,Low_poverty,LPW,41.9137546,-87.6411024
170310715002,1174.0,88.16,4.6,5.96,White,Low_poverty,LPW,41.9137617,-87.6340308
170311103004,1333.0,88.22,9.83,10.28,White,Low_poverty,LPW,41.9722555,-87.7842011
170311103003,729.0,48.42,28.94,30.86,Other,Low_poverty,LPO,41.9753591,-87.782017
170311101002,799.0,77.47,0.0,19.4,White,Low_poverty,LPW,41.9845699,-87.7714096
170311101001,1352.0,60.72,22.86,22.04,White,Low_poverty,LPW,41.984333,-87.7629794
170311006003,969.0,64.6,7.02,20.23,White,Low_poverty,LPW,41.9772414,-87.8030245
170311006001,931.0,59.72,2.26,29.21,White,Low_poverty,LPW,41.9799591,-87.7901043
170311004002,1226.0,86.13,1.88,10.69,White,Low_poverty,LPW,41.9899866,-87.8201476
170310713001,2316.0,79.58,10.19,8.12,White,Low_poverty,LPW,41.9216338,-87.6402212
170310706001,1910.0,85.08,1.36,4.29,White,Low_poverty,LPW,41.9300797,-87.6661413
170310705001,992.0,89.01,2.52,9.58,White,Low_poverty,LPW,41.9299931,-87.6599108
170310629003,1425.0,81.54,7.23,12.91,White,Low_poverty,LPW,41.9371266,-87.6576572
170312520002,1863.0,1.72,29.09,97.32,Minority,Low_poverty,LPM,41.8822286,-87.7673769
170312516003,976.0,0.0,40.57,100.0,Minority,High_poverty,HPM,41.8913882,-87.7542471
170312514001,434.0,2.76,23.73,97.24,Minority,Low_poverty,LPM,41.8932825,-87.7680982
170312512002,1031.0,0.0,23.47,100.0,Minority,Low_poverty,LPM,41.8967438,-87.7575142
170318421005,656.0,3.05,23.78,86.73,Minority,Low_poverty,LPM,41.8921957,-87.7327948
170313012001,1044.0,9.77,15.52,88.89,Minority,Low_poverty,LPM,41.8492295,-87.6903803
170312925004,345.0,9.86,31.01,90.14,Minority,High_poverty,HPM,41.8556353,-87.7352785
170312922002,1321.0,3.71,50.34,95.39,Minority,High_poverty,HPM,41.8564099,-87.7160841
170312916001,945.0,20.42,14.71,79.57,Minority,Low_poverty,LPM,41.8576415,-87.6922159
170318431001,1004.0,5.38,62.8,94.62,Minority,High_poverty,HPM,41.8626017,-87.6994529
170318387003,584.0,4.28,31.25,95.72,Minority,High_poverty,HPM,41.8643694,-87.7232882
170312909003,830.0,0.0,36.16,100.0,Minority,High_poverty,HPM,41.8605723,-87.7335667
170318430001,1331.0,9.54,51.84,88.21,Minority,High_poverty,HPM,41.8681494,-87.7129516
170312838001,514.0,36.58,9.92,56.62,Minority,Low_poverty,LPM,41.8656259,-87.6537798
170318329001,1208.0,72.02,28.27,6.87,White,Low_poverty,LPW,41.8740371,-87.6641981
170318094001,1103.0,86.49,1.71,8.43,White,Low_poverty,LPW,42.0447842,-87.6725221
170318092002,1311.0,17.54,32.65,75.36,Minority,High_poverty,HPM,42.0530867,-87.694318
170318089001,1408.0,92.54,3.62,1.35,White,Low_poverty,LPW,42.0665251,-87.7056419
170318088001,1667.0,81.46,7.92,6.36,White,Low_poverty,LPW,42.0650346,-87.694468
170318083023,672.0,67.11,1.51,6.25,White,Low_poverty,LPW,42.025697,-87.7650298
170318124001,1275.0,82.59,2.75,7.76,White,Low_poverty,LPW,41.8951622,-87.7877123
170317113002,938.0,2.56,9.28,95.52,Minority,Low_poverty,LPM,41.7324748,-87.6670471
170317112002,1200.0,0.0,17.67,99.08,Minority,Low_poverty,LPM,41.7384956,-87.6649573
170317110003,644.0,0.0,6.21,100.0,Minority,Low_poverty,LPM,41.7377895,-87.6509622
170317108005,371.0,0.0,11.59,100.0,Minority,Low_poverty,LPM,41.7505237,-87.6519193
170317105002,1106.0,0.0,28.75,100.0,Minority,Low_poverty,LPM,41.7475775,-87.6670099
170317104004,769.0,4.68,30.3,95.32,Minority,High_poverty,HPM,41.7557765,-87.6690425
170317104001,320.0,0.0,28.13,97.81,Minority,Low_poverty,LPM,41.7558161,-87.6653971
170317102003,1021.0,2.15,2.64,97.85,Minority,Low_poverty,LPM,41.7551328,-87.6502215
170317004021,1320.0,20.68,59.94,79.32,Minority,High_poverty,HPM,41.7396379,-87.7178264
170317002004,1430.0,23.71,2.38,66.22,Minority,Low_poverty,LPM,41.750994,-87.7260771
170316915003,636.0,0.0,49.37,100.0,Minority,High_poverty,HPM,41.7531301,-87.6034222
170316914002,625.0,0.0,23.04,100.0,Minority,Low_poverty,LPM,41.7530767,-87.6070834
170318138023,1262.0,4.28,12.76,94.06,Minority,Low_poverty,LPM,41.847921,-87.7576747
170318136002,2014.0,3.03,15.92,96.98,Minority,Low_poverty,LPM,41.8546148,-87.7664609
170318134002,1681.0,10.23,15.47,89.77,Minority,Low_poverty,LPM,41.8601839,-87.7654891
170318132005,1186.0,63.41,0.0,20.83,White,Low_poverty,LPW,41.8695294,-87.8013903
170318132002,762.0,62.73,6.17,21.0,White,Low_poverty,LPW,41.8670233,-87.791366
170318131003,642.0,54.98,3.12,43.92,White,Low_poverty,LPW,41.8671855,-87.7815632
170318129003,1240.0,72.9,6.61,18.47,White,Low_poverty,LPW,41.8765652,-87.7954149
170318127001,1279.0,44.96,21.74,33.86,Other,Low_poverty,LPO,41.8834455,-87.7861892
170318126002,942.0,54.88,22.57,38.96,White,Low_poverty,LPW,41.8820593,-87.7771673
170317003022,821.0,16.57,6.21,83.43,Minority,Low_poverty,LPM,41.7379421,-87.7305542
170318065023,1186.0,76.31,6.49,16.1,White,Low_poverty,LPW,42.0133265,-87.8721701
170317401003,611.0,74.96,0.0,18.66,White,Low_poverty,LPW,41.6965895,-87.6982579
170318267001,1627.0,14.81,36.38,83.03,Minority,High_poverty,HPM,41.6421558,-87.628844
170318218004,1182.0,20.81,22.88,78.94,Minority,Low_poverty,LPM,41.7183466,-87.7026169
170318134004,1658.0,5.85,28.11,94.15,Minority,Low_poverty,LPM,41.8577454,-87.7708444
170310503003,796.0,75.88,9.67,9.17,White,Low_poverty,LPW,41.9576435,-87.6930785
170318432001,1457.0,24.37,9.14,75.08,Minority,Low_poverty,LPM,41.8495395,-87.6762881
170318200002,1183.0,81.99,0.0,3.38,White,Low_poverty,LPW,41.7964517,-87.9131128
170318314001,520.0,0.0,41.35,100.0,Minority,High_poverty,HPM,41.869475,-87.7473193
170318223022,706.0,46.88,2.27,46.46,Other,Low_poverty,LPO,41.7162804,-87.7700035
170318247011,1654.0,59.01,9.79,39.9,White,Low_poverty,LPW,41.6253342,-87.7218787
170318275002,2363.0,12.02,23.91,87.82,Minority,Low_poverty,LPM,41.5960258,-87.6286293
170318299011,1728.0,0.75,9.61,97.92,Minority,Low_poverty,LPM,41.5522554,-87.7190293
170318061043,1506.0,47.14,3.72,18.13,Other,Low_poverty,LPO,42.0595268,-87.8599883
170316809002,528.0,1.52,58.1,96.59,Minority,High_poverty,HPM,41.7781818,-87.6338527
170318140001,1524.0,3.74,11.68,96.26,Minority,Low_poverty,LPM,41.849417,-87.7760448
170318084001,1691.0,54.58,0.95,8.93,White,Low_poverty,LPW,42.0504911,-87.7890621
170317707001,678.0,61.8,9.59,35.7,White,Low_poverty,LPW,41.984273,-87.863298
170318030152,1354.0,51.33,4.1,37.89,White,Low_poverty,LPW,42.1206123,-87.9512564
170318126004,760.0,65.53,3.68,17.5,White,Low_poverty,LPW,41.8853598,-87.7822341
170311402003,2414.0,21.25,21.71,63.88,Minority,Low_poverty,LPM,41.9704161,-87.7162721
170318240062,2149.0,80.78,7.91,10.93,White,Low_poverty,LPW,41.65018,-87.9801841
170318256004,589.0,51.44,6.28,48.56,White,Low_poverty,LPW,41.5926995,-87.7135904
170318229001,1921.0,71.58,9.68,23.43,White,Low_poverty,LPW,41.7276936,-87.7947697
170318228023,825.0,80.61,8.0,15.88,White,Low_poverty,LPW,41.693224,-87.7250042
170318233035,1374.0,70.09,8.52,29.91,White,Low_poverty,LPW,41.6750525,-87.7283526
170318008001,2281.0,79.48,12.54,13.63,White,Low_poverty,LPW,42.09722,-87.7586298
170318017023,1337.0,69.56,0.67,5.61,White,Low_poverty,LPW,42.1250815,-87.8351533
170317109002,1156.0,0.0,30.28,98.27,Minority,High_poverty,HPM,41.7398145,-87.6387993
170312425001,1661.0,46.24,24.02,48.11,Other,Low_poverty,LPO,41.9011725,-87.6894448
170318081002,2045.0,83.77,10.66,8.66,White,Low_poverty,LPW,42.0067748,-87.7997649
170312609001,1209.0,9.93,29.3,88.5,Minority,Low_poverty,LPM,41.8708679,-87.7217892
170318180003,1720.0,38.55,11.1,49.07,Other,Low_poverty,LPO,41.8458311,-87.8584535
170316810001,294.0,0.0,12.24,100.0,Minority,Low_poverty,LPM,41.7759899,-87.6531902
170318185001,1276.0,71.16,1.7,22.1,White,Low_poverty,LPW,41.8398053,-87.882916
170318219003,973.0,88.9,3.49,9.87,White,Low_poverty,LPW,41.7098198,-87.6972132
170318129001,998.0,81.16,7.72,18.84,White,Low_poverty,LPW,41.8780107,-87.7899057
170318266002,997.0,0.9,25.28,99.1,Minority,Low_poverty,LPM,41.63626,-87.6202438
170318134003,1001.0,0.0,20.28,100.0,Minority,Low_poverty,LPM,41.8570341,-87.7675453
170318015003,1534.0,73.6,2.61,12.84,White,Low_poverty,LPW,42.1399817,-87.8188457
170318205021,1171.0,78.48,8.37,21.52,White,Low_poverty,LPW,41.764338,-87.8053645
170317703005,1719.0,78.59,1.05,21.41,White,Low_poverty,LPW,42.0030387,-87.9843234
170318272003,1019.0,0.88,15.32,93.92,Minority,Low_poverty,LPM,41.6065198,-87.6249868
170318381003,211.0,14.69,43.13,37.44,Other,High_poverty,HPO,41.8751979,-87.6715917
170318004002,1695.0,91.92,0.0,0.29,White,Low_poverty,LPW,42.1037532,-87.7262333
170312503001,1915.0,0.94,21.36,95.46,Minority,Low_poverty,LPM,41.9143526,-87.7598423
170310609001,1130.0,68.5,8.76,26.11,White,Low_poverty,LPW,41.949474,-87.647587
170318016055,617.0,79.42,2.59,0.0,White,Low_poverty,LPW,42.1345351,-87.8833751
170318016054,1039.0,79.98,0.77,0.29,White,Low_poverty,LPW,42.1266636,-87.8702988
170318016012,1799.0,83.6,9.39,0.56,White,Low_poverty,LPW,42.141833,-87.8755593
170318016011,2650.0,81.09,3.66,3.92,White,Low_poverty,LPW,42.1457501,-87.8593922
170318014002,1295.0,71.89,2.47,7.72,White,Low_poverty,LPW,42.0676304,-87.7634134
170318011004,1668.0,85.31,3.6,0.06,White,Low_poverty,LPW,42.0761396,-87.7179773
170318011002,1145.0,87.86,2.53,6.38,White,Low_poverty,LPW,42.0743033,-87.7092924
170318047014,1998.0,15.57,0.0,44.69,Other,Low_poverty,LPO,42.0627758,-88.1281708
170318155001,1561.0,20.82,7.3,72.2,Minority,Low_poverty,LPM,41.828343,-87.7803328
170318154001,1845.0,24.77,15.48,70.02,Minority,Low_poverty,LPM,41.8313802,-87.7891944
170317302021,1148.0,0.0,15.85,100.0,Minority,Low_poverty,LPM,41.7276741,-87.6476169
170318033003,1720.0,83.26,4.48,6.17,White,Low_poverty,LPW,42.0864124,-87.9808313
170318030132,2580.0,82.98,1.67,11.59,White,Low_poverty,LPW,42.1431795,-87.973158
170318030103,1243.0,77.47,6.44,14.24,White,Low_poverty,LPW,42.1502131,-87.9803298
170318030102,1013.0,58.05,1.68,41.95,White,Low_poverty,LPW,42.1507592,-87.9701431
170318030073,1893.0,81.72,1.58,9.57,White,Low_poverty,LPW,42.1315514,-87.9760873
170318046071,2254.0,75.87,1.95,1.37,White,Low_poverty,LPW,42.0003296,-88.0342183
170318046064,2560.0,72.66,2.94,9.06,White,Low_poverty,LPW,42.0111842,-88.0540048
170318046063,1270.0,71.89,0.0,1.81,White,Low_poverty,LPW,42.0132287,-88.035978
170318045103,1733.0,5.31,22.38,83.03,Minority,Low_poverty,LPM,41.9966592,-88.1611425
170318045101,2218.0,12.62,18.53,83.72,Minority,Low_poverty,LPM,42.004952,-88.1501365
170318045094,1902.0,16.4,7.1,64.25,Minority,Low_poverty,LPM,42.000636,-88.1649635
170318044061,2730.0,27.03,6.75,56.23,Minority,Low_poverty,LPM,42.008779,-88.2558307
170312426002,1720.0,48.49,14.01,46.97,Other,Low_poverty,LPO,41.9015827,-87.6943822
170312424002,1442.0,93.13,14.49,3.06,White,Low_poverty,LPW,41.8976028,-87.6844426
170312422002,1873.0,74.8,6.62,19.81,White,Low_poverty,LPW,41.8977711,-87.6746665
170312420002,1769.0,63.26,13.62,22.95,White,Low_poverty,LPW,41.8974751,-87.6648835
170312415003,865.0,79.77,1.97,14.79,White,Low_poverty,LPW,41.9082402,-87.6727257
170312414003,1383.0,74.55,5.71,14.89,White,Low_poverty,LPW,41.9044598,-87.6710634
170318030071,1583.0,67.97,1.14,13.39,White,Low_poverty,LPW,42.1356061,-87.967424
170318029001,1216.0,85.44,3.54,4.61,White,Low_poverty,LPW,42.1063426,-87.9731798
170318028025,1318.0,74.73,0.0,18.97,White,Low_poverty,LPW,42.0695643,-87.9541713
170318027022,2115.0,78.25,3.44,1.84,White,Low_poverty,LPW,42.0743077,-87.8971904
170318026054,1217.0,85.95,1.07,0.0,White,Low_poverty,LPW,42.0905807,-87.9004263
170318025043,2171.0,55.23,1.37,27.77,White,Low_poverty,LPW,42.1293266,-87.9337125
170318025033,2457.0,74.52,7.41,14.49,White,Low_poverty,LPW,42.1294163,-87.9521608
170318047112,999.0,58.86,0.0,15.52,White,Low_poverty,LPW,42.0360877,-88.1423003
170318047104,565.0,88.14,0.0,8.67,White,Low_poverty,LPW,42.0283708,-88.1145418
170318047101,977.0,79.53,0.92,4.1,White,Low_poverty,LPW,42.0339671,-88.110151
170318047143,1288.0,68.79,3.57,18.01,White,Low_poverty,LPW,42.0651121,-88.1062705
170318174001,1086.0,7.64,14.73,90.98,Minority,Low_poverty,LPM,41.8909363,-87.8348759
170318172002,738.0,1.49,9.26,94.58,Minority,Low_poverty,LPM,41.8840361,-87.8555171
170318171022,612.0,4.08,0.0,93.14,Minority,Low_poverty,LPM,41.8765737,-87.865764
170318171013,1475.0,3.46,5.22,89.08,Minority,Low_poverty,LPM,41.8746629,-87.8772455
170318170004,1399.0,0.86,8.58,98.28,Minority,Low_poverty,LPM,41.8861306,-87.8789156
170318170003,695.0,0.0,0.0,100.0,Minority,Low_poverty,LPM,41.8837505,-87.8739365
170318169003,1261.0,2.38,11.25,96.11,Minority,Low_poverty,LPM,41.8833744,-87.8883523
170318168002,2478.0,23.0,2.42,72.27,Minority,Low_poverty,LPM,41.8872696,-87.9044526
170318166003,1740.0,2.64,10.06,96.78,Minority,Low_poverty,LPM,41.90037,-87.8829045
170318165002,2198.0,15.15,19.48,84.63,Minority,Low_poverty,LPM,41.8961743,-87.8862467
170318164022,1167.0,18.94,16.62,81.07,Minority,Low_poverty,LPM,41.8948041,-87.8534245
170318163004,725.0,44.97,12.14,55.03,Minority,Low_poverty,LPM,41.9061486,-87.8610204
170318162001,1909.0,22.73,19.17,70.46,Minority,Low_poverty,LPM,41.9045159,-87.8346297
170318160002,1057.0,63.95,9.65,31.32,White,Low_poverty,LPW,41.8776281,-87.8113176
170318160001,1234.0,65.88,12.4,25.04,White,Low_poverty,LPW,41.874964,-87.8072385
170318158001,1626.0,82.6,7.11,15.07,White,Low_poverty,LPW,41.8315845,-87.8366826
170318157022,1404.0,80.34,8.33,19.66,White,Low_poverty,LPW,41.8290567,-87.812726
170318157021,628.0,90.29,6.37,7.01,White,Low_poverty,LPW,41.83247,-87.8140734
170318155006,1027.0,15.58,27.24,80.91,Minority,Low_poverty,LPM,41.8240838,-87.7936208
170317301003,808.0,0.0,13.37,100.0,Minority,Low_poverty,LPM,41.7269812,-87.6403306
170317301001,1043.0,0.48,13.42,98.27,Minority,Low_poverty,LPM,41.7252302,-87.6353963
170317206002,944.0,78.18,1.8,20.76,White,Low_poverty,LPW,41.7009503,-87.6771489
170317202001,791.0,28.32,12.26,67.13,Minority,Low_poverty,LPM,41.7171441,-87.664597
170317201003,770.0,36.23,1.17,55.32,Minority,Low_poverty,LPM,41.7242146,-87.6688213
170314803002,411.0,2.19,17.52,95.38,Minority,Low_poverty,LPM,41.7268375,-87.5872669
170314802002,507.0,0.0,7.76,86.98,Minority,Low_poverty,LPM,41.7351683,-87.5917605
170314607002,488.0,0.0,20.7,100.0,Minority,Low_poverty,LPM,41.7346345,-87.5520656
170314605002,194.0,6.7,0.0,89.69,Minority,Low_poverty,LPM,41.7462464,-87.5685838
170314604001,1029.0,0.0,10.01,100.0,Minority,Low_poverty,LPM,41.7499448,-87.5637777
170314603012,991.0,0.0,50.66,97.88,Minority,High_poverty,HPM,41.7382282,-87.5563019
170314603022,635.0,28.19,30.66,68.5,Minority,High_poverty,HPM,41.7491186,-87.5576975
170314601002,951.0,0.0,27.55,98.32,Minority,Low_poverty,LPM,41.7492174,-87.5504238
170314503003,1343.0,0.0,16.83,100.0,Minority,Low_poverty,LPM,41.7388187,-87.5742659
170313403001,1875.0,11.2,29.76,6.93,Other,Low_poverty,LPO,41.8428058,-87.6357881
170313302001,915.0,7.98,35.74,65.57,Minority,High_poverty,HPM,41.8542133,-87.6286123
170312203002,690.0,68.84,3.19,19.71,White,Low_poverty,LPW,41.9263469,-87.6954268
170312203001,1378.0,61.54,9.06,29.54,White,Low_poverty,LPW,41.9297451,-87.6948805
170318309001,1353.0,70.51,4.43,13.68,White,Low_poverty,LPW,41.9284245,-87.6849065
170312106013,1687.0,26.97,14.7,64.37,Minority,Low_poverty,LPM,41.9378718,-87.7153055
170312105012,2295.0,32.81,23.01,62.48,Minority,Low_poverty,LPM,41.9373587,-87.7240049
170318311001,874.0,37.07,10.18,58.35,Minority,Low_poverty,LPM,41.9429971,-87.7127742
170312505001,1274.0,9.65,4.55,85.79,Minority,Low_poverty,LPM,41.9153565,-87.790641
170312504003,1183.0,0.0,31.36,96.37,Minority,High_poverty,HPM,41.9110992,-87.7734064
170318423002,1767.0,66.04,9.28,27.0,White,Low_poverty,LPW,41.891786,-87.644126
170312430001,876.0,68.38,4.34,25.8,White,Low_poverty,LPW,41.8937078,-87.6782133
170312426004,781.0,37.52,25.99,58.39,Minority,Low_poverty,LPM,41.8979333,-87.6955257
170310506001,1168.0,88.61,9.33,4.28,White,Low_poverty,LPW,41.9523692,-87.6762281
170310505004,1151.0,80.19,2.0,7.65,White,Low_poverty,LPW,41.9477346,-87.6816112
170312412002,989.0,60.67,8.39,26.9,White,Low_poverty,LPW,41.9066863,-87.6859039
170312411001,1842.0,41.48,21.23,51.79,Minority,Low_poverty,LPM,41.9066547,-87.6883533
170312315001,603.0,0.0,6.8,100.0,Minority,Low_poverty,LPM,41.8936574,-87.7132098
170318421003,1338.0,5.23,20.18,94.77,Minority,Low_poverty,LPM,41.8970994,-87.7316768
170310628002,1107.0,79.22,4.1,10.93,White,Low_poverty,LPW,41.9337006,-87.660936
170310628001,963.0,89.1,3.12,4.98,White,Low_poverty,LPW,41.9375023,-87.6600671
170310615001,2000.0,83.85,6.1,10.2,White,Low_poverty,LPW,41.9452818,-87.6615447
170310610001,2202.0,79.47,13.99,13.63,White,Low_poverty,LPW,41.9492206,-87.6519703
170310603002,1357.0,70.38,1.99,13.64,White,Low_poverty,LPW,41.9487852,-87.6712875
170310601003,877.0,68.87,2.05,15.63,White,Low_poverty,LPW,41.9579538,-87.6683952
170310302001,1480.0,75.54,7.62,17.5,White,Low_poverty,LPW,41.9963423,-87.662904
170318183002,1095.0,23.2,8.18,67.67,Minority,Low_poverty,LPM,41.8741935,-87.8965335
170318036052,928.0,82.87,7.97,0.0,White,Low_poverty,LPW,42.1249965,-88.0301359
170318035003,2042.0,88.15,4.5,6.95,White,Low_poverty,LPW,42.0691534,-87.9956554
170318034005,1123.0,97.33,0.0,0.0,White,Low_poverty,LPW,42.0699467,-87.9784519
170318182003,865.0,52.37,6.13,42.89,White,Low_poverty,LPW,41.8599457,-87.8730667
170318182001,1260.0,17.3,10.79,81.03,Minority,Low_poverty,LPM,41.869037,-87.872883
170318181002,1068.0,58.15,7.12,33.71,White,Low_poverty,LPW,41.8505518,-87.8752996
170318179005,1863.0,1.29,8.7,96.24,Minority,Low_poverty,LPM,41.8640886,-87.8554927
170318179002,1325.0,22.04,11.55,76.38,Minority,Low_poverty,LPM,41.857763,-87.8395543
170318175002,994.0,3.52,21.33,94.66,Minority,Low_poverty,LPM,41.8821686,-87.8365547
170318175001,655.0,4.73,31.45,94.04,Minority,High_poverty,HPM,41.8775479,-87.8314418
170314408001,682.0,2.93,49.56,97.07,Minority,High_poverty,HPM,41.7345834,-87.6029559
170314406001,782.0,0.0,18.93,100.0,Minority,Low_poverty,LPM,41.7332667,-87.6168678
170318424001,769.0,0.0,10.79,100.0,Minority,Low_poverty,LPM,41.7478846,-87.6267877
170314402012,1902.0,1.1,21.98,98.9,Minority,Low_poverty,LPM,41.7484492,-87.6106101
170314313012,1703.0,0.94,27.3,98.36,Minority,Low_poverty,LPM,41.7545025,-87.562393
170314313022,843.0,2.73,37.37,97.27,Minority,High_poverty,HPM,41.7580881,-87.562672
170318342003,1464.0,0.96,20.83,99.04,Minority,Low_poverty,LPM,41.7536922,-87.5836321
170315001003,500.0,5.0,11.0,95.0,Minority,Low_poverty,LPM,41.7182562,-87.6011797
170314910003,321.0,0.0,27.41,80.68,Minority,Low_poverty,LPM,41.7047287,-87.6304932
170314909024,663.0,0.0,2.71,100.0,Minority,Low_poverty,LPM,41.7055813,-87.6103182
170314908001,652.0,4.29,7.98,95.71,Minority,Low_poverty,LPM,41.7106461,-87.6082644
170314805001,948.0,0.0,5.7,100.0,Minority,Low_poverty,LPM,41.7290019,-87.5633499
170310503001,976.0,66.7,13.01,26.23,White,Low_poverty,LPW,41.9591072,-87.6901232
170310409001,1251.0,81.29,10.71,9.51,White,Low_poverty,LPW,41.9640955,-87.6838498
170310408001,787.0,71.16,6.86,21.47,White,Low_poverty,LPW,41.9630707,-87.6905696
170310407003,732.0,83.47,9.56,5.74,White,Low_poverty,LPW,41.9665954,-87.69524
170310406003,891.0,83.84,7.18,11.9,White,Low_poverty,LPW,41.9675425,-87.6859481
170310406001,618.0,80.74,1.46,8.58,White,Low_poverty,LPW,41.9670999,-87.6806413
170310404012,723.0,63.9,7.88,18.81,White,Low_poverty,LPW,41.9706381,-87.6873913
170310403002,1304.0,45.17,23.37,14.34,Other,Low_poverty,LPO,41.9781402,-87.7030164
170310403001,887.0,63.02,0.0,16.12,White,Low_poverty,LPW,41.9809501,-87.7020155
170310402024,2416.0,48.97,21.88,31.42,Other,Low_poverty,LPO,41.9804715,-87.6910666
170318307001,759.0,57.84,5.8,36.1,White,Low_poverty,LPW,41.9583016,-87.6606982
170318307004,1028.0,36.58,19.55,56.13,Minority,Low_poverty,LPM,41.963576,-87.6571922
170318307003,1292.0,27.17,30.58,65.32,Minority,High_poverty,HPM,41.9663172,-87.657214
170310314001,1354.0,83.31,6.28,8.56,White,Low_poverty,LPW,41.960183,-87.6482762
170310311003,1662.0,76.53,5.63,12.03,White,Low_poverty,LPW,41.9742933,-87.6665017
170310309004,537.0,91.25,0.0,2.23,White,Low_poverty,LPW,41.9770624,-87.6714086
170310308004,907.0,72.0,7.5,3.64,White,Low_poverty,LPW,41.9771673,-87.6641414
170310308001,809.0,66.38,10.88,23.73,White,Low_poverty,LPW,41.9826506,-87.6643109
170310304002,962.0,57.59,7.38,26.3,White,Low_poverty,LPW,41.9850611,-87.6718676
170314804006,848.0,1.89,0.0,98.11,Minority,Low_poverty,LPM,41.7306299,-87.5787101
170314804002,948.0,1.37,9.39,96.62,Minority,Low_poverty,LPM,41.7280249,-87.5688044
170318304002,1036.0,14.58,4.92,82.05,Minority,Low_poverty,LPM,41.4765776,-87.6918879
170318051061,1247.0,71.05,17.4,8.18,White,Low_poverty,LPW,42.0617551,-88.005352
170318050024,1066.0,7.22,7.13,68.95,Minority,Low_poverty,LPM,42.0393211,-87.9456598
170318050012,1069.0,93.45,0.84,4.4,White,Low_poverty,LPW,42.0626137,-87.955838
170318049024,1237.0,77.85,0.0,7.44,White,Low_poverty,LPW,42.0408254,-87.9266154
170318284013,628.0,45.06,5.57,52.87,Minority,Low_poverty,LPM,41.564186,-87.6711569
170318263013,1252.0,1.52,12.7,98.48,Minority,Low_poverty,LPM,41.6143207,-87.6100016
170318279012,1354.0,12.85,12.77,83.46,Minority,Low_poverty,LPM,41.5822515,-87.5710255
170318278051,878.0,17.54,10.59,82.46,Minority,Low_poverty,LPM,41.5859541,-87.6103193
170318291002,1672.0,5.32,19.98,94.67,Minority,Low_poverty,LPM,41.497006,-87.6357923
170318300052,1704.0,8.16,7.98,87.03,Minority,Low_poverty,LPM,41.5156022,-87.6835251
170318300011,2300.0,64.48,11.96,31.95,White,Low_poverty,LPW,41.4924088,-87.7697665
170318298003,950.0,24.32,3.47,68.73,Minority,Low_poverty,LPM,41.5426865,-87.6779177
170318288012,768.0,43.36,0.0,48.7,Other,Low_poverty,LPO,41.535079,-87.6675001
170318278043,1057.0,14.19,18.92,85.81,Minority,Low_poverty,LPM,41.5906559,-87.6026762
170318268004,848.0,0.0,28.77,98.35,Minority,Low_poverty,LPM,41.6390231,-87.6522431
170318267002,1699.0,3.0,28.08,97.0,Minority,Low_poverty,LPM,41.6362154,-87.631991
170318297002,1459.0,1.23,40.51,89.03,Minority,High_poverty,HPM,41.5125643,-87.5884877
170318286013,613.0,48.29,8.48,48.29,Other,Low_poverty,LPO,41.5553661,-87.6594893
170318108004,1016.0,61.91,0.0,36.52,White,Low_poverty,LPW,41.9302737,-87.8217142
170318107022,657.0,34.09,11.72,49.01,Other,Low_poverty,LPO,41.9242623,-87.813621
170318107012,1319.0,45.41,10.01,45.94,Other,Low_poverty,LPO,41.9316875,-87.8114176
170318105025,886.0,82.96,0.0,5.31,White,Low_poverty,LPW,41.9552827,-87.8158406
170318105023,1640.0,91.71,10.88,6.22,White,Low_poverty,LPW,41.9596115,-87.8047745
170318105015,935.0,88.88,2.25,10.05,White,Low_poverty,LPW,41.9557995,-87.8255284
170318048104,2095.0,55.94,25.49,16.95,White,Low_poverty,LPW,42.0096631,-88.0871882
170318048103,2727.0,74.07,3.62,12.24,White,Low_poverty,LPW,42.0151065,-88.0774535
170318048093,1084.0,73.25,1.29,1.57,White,Low_poverty,LPW,42.0094264,-88.1066343
170318048091,1448.0,85.91,3.94,12.09,White,Low_poverty,LPW,42.015356,-88.1024382
170318048062,1555.0,52.54,2.64,26.3,White,Low_poverty,LPW,42.0079337,-88.1345286
170318048051,1214.0,56.84,8.81,21.08,White,Low_poverty,LPW,42.0218075,-88.1144589
170318063004,707.0,62.38,7.92,35.93,White,Low_poverty,LPW,42.0325956,-87.9044858
170318063002,799.0,62.2,0.76,22.28,White,Low_poverty,LPW,42.0402105,-87.8997745
170318061023,999.0,52.15,12.81,35.33,White,Low_poverty,LPW,42.0471608,-87.9112886
170318241052,2999.0,90.2,1.17,5.37,White,Low_poverty,LPW,41.6369535,-87.8319109
170318241151,2044.0,84.69,1.35,13.5,White,Low_poverty,LPW,41.6268919,-87.8403363
170316309002,1101.0,5.72,19.53,94.27,Minority,Low_poverty,LPM,41.787467,-87.709576
170316909005,1574.0,0.0,22.24,98.09,Minority,Low_poverty,LPM,41.7620763,-87.6139803
170316909001,638.0,0.0,28.53,91.37,Minority,Low_poverty,LPM,41.7640229,-87.6073533
170316814002,384.0,0.0,9.9,100.0,Minority,Low_poverty,LPM,41.761468,-87.6528078
170316813003,816.0,0.0,27.82,100.0,Minority,Low_poverty,LPM,41.7588383,-87.6430318
170316812004,203.0,3.45,8.87,88.67,Minority,Low_poverty,LPM,41.7706899,-87.6424009
170316810002,343.0,0.0,57.14,100.0,Minority,High_poverty,HPM,41.7743065,-87.6464357
170316809004,1094.0,1.74,49.63,97.35,Minority,High_poverty,HPM,41.7785371,-87.641359
170318346002,493.0,2.84,48.07,97.16,Minority,High_poverty,HPM,41.7834346,-87.6376738
170316714002,530.0,0.0,29.43,100.0,Minority,Low_poverty,LPM,41.770766,-87.6759287
170316713002,502.0,0.0,9.82,100.0,Minority,Low_poverty,LPM,41.7712057,-87.6700638
170318428004,910.0,7.69,61.32,92.31,Minority,High_poverty,HPM,41.8063212,-87.6990686
170315806004,1384.0,20.09,28.0,74.49,Minority,Low_poverty,LPM,41.8134712,-87.6915098
170315805014,1524.0,7.28,19.32,84.91,Minority,Low_poverty,LPM,41.8213955,-87.6970889
170315804001,1362.0,18.87,1.54,61.97,Minority,Low_poverty,LPM,41.8174799,-87.7095681
170315602001,304.0,1.97,48.68,98.03,Minority,High_poverty,HPM,41.8135593,-87.7481099
170315601001,1501.0,9.59,5.74,81.48,Minority,Low_poverty,LPM,41.8156765,-87.741591
170315202002,734.0,14.44,11.72,83.52,Minority,Low_poverty,LPM,41.7087995,-87.5408126
170318351003,1329.0,0.38,13.47,99.63,Minority,Low_poverty,LPM,41.7874071,-87.6881268
170316305003,1844.0,2.98,25.77,97.02,Minority,Low_poverty,LPM,41.7955591,-87.691411
170318105012,1264.0,86.63,9.39,12.43,White,Low_poverty,LPW,41.9650459,-87.8220348
170318105011,1267.0,92.11,4.1,3.08,White,Low_poverty,LPW,41.9641419,-87.8322251
170318104001,817.0,98.78,5.63,0.0,White,Low_poverty,LPW,41.9946237,-87.8259735
170318102001,1078.0,22.63,2.23,73.1,Minority,Low_poverty,LPM,42.0240289,-87.679106
170318101003,775.0,71.1,6.19,20.91,White,Low_poverty,LPW,42.0275584,-87.6833879
170318101001,575.0,68.87,2.43,8.52,White,Low_poverty,LPW,42.0328114,-87.6820016
170318097003,615.0,9.27,11.65,69.92,Minority,Low_poverty,LPM,42.0376189,-87.7071812
170318097001,1282.0,69.34,1.64,21.77,White,Low_poverty,LPW,42.0368649,-87.6936599
170318096001,802.0,81.05,0.0,14.46,White,Low_poverty,LPW,42.0451038,-87.6925158
170316407001,964.0,10.48,22.82,89.52,Minority,Low_poverty,LPM,41.7765492,-87.744661
170316406002,1218.0,28.49,14.94,69.13,Minority,Low_poverty,LPM,41.7760603,-87.7702015
170316405001,1944.0,62.5,2.78,35.39,White,Low_poverty,LPW,41.7757704,-87.7860772
170316403001,895.0,50.06,2.23,49.94,White,Low_poverty,LPW,41.7807778,-87.7630543
170315705001,1395.0,9.03,2.29,84.38,Minority,Low_poverty,LPM,41.79963,-87.7300727
170315611006,471.0,59.02,0.0,40.98,White,Low_poverty,LPW,41.7887021,-87.7798417
170316304001,1613.0,2.67,9.36,97.34,Minority,Low_poverty,LPM,41.7991213,-87.6963917
170316203005,1026.0,28.27,6.73,70.18,Minority,Low_poverty,LPM,41.7873412,-87.7334324
170316201003,1042.0,6.24,4.7,93.76,Minority,Low_poverty,LPM,41.794199,-87.7183106
170316117001,511.0,0.0,39.73,100.0,Minority,High_poverty,HPM,41.7970615,-87.6703835
170316115002,2161.0,8.65,49.33,91.02,Minority,High_poverty,HPM,41.8052029,-87.6792606
170316114002,364.0,0.0,0.0,100.0,Minority,Low_poverty,LPM,41.8027713,-87.6721147
170316113002,791.0,6.7,37.87,93.3,Minority,High_poverty,HPM,41.8025686,-87.667608
170316104001,1951.0,3.08,31.06,96.93,Minority,High_poverty,HPM,41.8103984,-87.6674491
170316103002,2455.0,0.98,35.05,93.81,Minority,High_poverty,HPM,41.8132947,-87.6712683
170318400002,790.0,45.44,1.01,20.25,Other,Low_poverty,LPO,41.8269998,-87.6379146
170318398002,1146.0,32.72,16.75,20.33,Other,Low_poverty,LPO,41.8360901,-87.6422116
170318397003,1384.0,35.12,18.21,29.48,Other,Low_poverty,LPO,41.8328591,-87.6510892
170316004001,1751.0,25.3,21.93,14.39,Other,Low_poverty,LPO,41.8430061,-87.6426271
170314503002,712.0,1.97,20.08,89.75,Minority,Low_poverty,LPM,41.7423578,-87.5769371
170314409002,609.0,0.0,44.5,100.0,Minority,High_poverty,HPM,41.7258582,-87.60683
170316610005,1917.0,1.72,16.85,94.36,Minority,Low_poverty,LPM,41.7605845,-87.6906691
170316610002,658.0,0.0,7.29,100.0,Minority,Low_poverty,LPM,41.7603934,-87.6807133
170316608004,1110.0,2.52,16.13,93.06,Minority,Low_poverty,LPM,41.7736007,-87.6962997
170316606005,1613.0,5.33,25.98,94.67,Minority,Low_poverty,LPM,41.7771837,-87.7006568
170316606001,987.0,1.42,38.1,98.58,Minority,High_poverty,HPM,41.7774096,-87.6854246
170316604001,1802.0,4.66,8.24,95.34,Minority,Low_poverty,LPM,41.7843901,-87.7057231
170316603023,1589.0,3.08,10.38,93.9,Minority,Low_poverty,LPM,41.7844949,-87.6990295
170318350004,1079.0,1.67,41.8,98.33,Minority,High_poverty,HPM,41.7810024,-87.6891821
170316505002,1433.0,21.21,3.77,78.79,Minority,Low_poverty,LPM,41.7694733,-87.7292274
170316504001,742.0,10.65,2.6,89.35,Minority,Low_poverty,LPM,41.7696646,-87.7151556
170316502004,1431.0,16.0,16.63,84.0,Minority,Low_poverty,LPM,41.784025,-87.7314662
170316501002,825.0,9.33,0.24,89.45,Minority,Low_poverty,LPM,41.7805954,-87.7153519
170316407002,907.0,40.57,20.07,59.43,Minority,Low_poverty,LPM,41.7765118,-87.7499741
170315611003,885.0,30.73,3.62,69.26,Minority,Low_poverty,LPM,41.7907817,-87.7683345
170315610006,1201.0,61.87,0.0,31.89,White,Low_poverty,LPW,41.7883529,-87.7994768
170315610001,944.0,40.89,5.08,59.11,Minority,Low_poverty,LPM,41.788645,-87.7835025
170315609004,1406.0,65.86,3.56,34.14,White,Low_poverty,LPW,41.7957896,-87.7935075
170315608002,1471.0,52.82,20.73,44.67,White,Low_poverty,LPW,41.796262,-87.7697313
170318202021,1817.0,46.34,10.42,52.01,Minority,Low_poverty,LPM,41.7871952,-87.841267
170318120005,1056.0,79.83,0.0,9.47,White,Low_poverty,LPW,41.8812229,-87.8214545
170318120001,710.0,95.35,4.65,4.65,White,Low_poverty,LPW,41.8924299,-87.8100464
170318119002,1273.0,79.73,24.79,14.22,White,Low_poverty,LPW,41.9014681,-87.8103799
170312511002,1500.0,0.0,68.8,100.0,Minority,High_poverty,HPM,41.8968033,-87.7501364
170312511001,964.0,0.0,57.37,100.0,Minority,High_poverty,HPM,41.9004729,-87.7502179
170312507003,1062.0,0.0,22.5,99.43,Minority,Low_poverty,LPM,41.9030876,-87.7619762
170312507001,959.0,0.0,21.69,100.0,Minority,Low_poverty,LPM,41.9076696,-87.7577616
170312506001,1142.0,5.43,11.82,94.57,Minority,Low_poverty,LPM,41.9075385,-87.7682647
170312505007,1247.0,52.77,5.37,47.23,White,Low_poverty,LPW,41.9144046,-87.8041153
170318024024,1144.0,18.97,24.3,56.38,Minority,Low_poverty,LPM,42.1417733,-87.9208354
170318024022,1169.0,91.1,2.91,1.71,White,Low_poverty,LPW,42.1484421,-87.9029971
170318020022,2802.0,71.45,3.99,20.98,White,Low_poverty,LPW,42.0783172,-87.8324885
170318019011,2244.0,83.6,7.49,5.08,White,Low_poverty,LPW,42.0912105,-87.805913
170318018004,1315.0,74.9,13.54,9.12,White,Low_poverty,LPW,42.1320968,-87.7946869
170318018002,1328.0,82.68,5.35,0.0,White,Low_poverty,LPW,42.1121574,-87.797577
170318018001,1326.0,90.5,1.43,0.0,White,Low_poverty,LPW,42.1175352,-87.778971
170318016071,1644.0,72.75,1.64,7.11,White,Low_poverty,LPW,42.0985348,-87.8539929
170318112003,975.0,49.95,11.49,39.08,Other,Low_poverty,LPO,41.9162944,-87.8405703
170318110003,832.0,87.02,6.49,8.53,White,Low_poverty,LPW,41.9141751,-87.8169326
170317506001,1305.0,0.0,11.8,100.0,Minority,Low_poverty,LPM,41.6886725,-87.6459135
170317307001,1109.0,1.8,24.89,95.58,Minority,Low_poverty,LPM,41.7032618,-87.6445443
170317305002,547.0,3.66,17.37,96.34,Minority,Low_poverty,LPM,41.7109451,-87.6350148
170317302011,1001.0,4.9,19.78,95.11,Minority,Low_poverty,LPM,41.7239956,-87.660918
170316707001,664.0,0.0,56.63,100.0,Minority,High_poverty,HPM,41.7848977,-87.6667763
170316706001,586.0,0.68,48.12,99.31,Minority,High_poverty,HPM,41.7848359,-87.671625
170316703002,882.0,5.9,24.94,93.31,Minority,Low_poverty,LPM,41.7917164,-87.6675601
170316611004,1186.0,4.38,15.35,91.4,Minority,Low_poverty,LPM,41.7625386,-87.7052036
170318042012,3391.0,54.59,8.87,10.17,White,Low_poverty,LPW,42.1151722,-88.202193
170318042011,2088.0,87.79,1.53,4.65,White,Low_poverty,LPW,42.1464981,-88.1646544
170318041091,1099.0,76.62,10.37,3.0,White,Low_poverty,LPW,42.0718961,-88.0364693
170318041042,1825.0,52.11,4.44,9.26,White,Low_poverty,LPW,42.1067862,-88.1164607
170318041041,1690.0,67.34,1.42,4.91,White,Low_poverty,LPW,42.1057527,-88.1030025
170318041023,2729.0,73.03,1.14,9.42,White,Low_poverty,LPW,42.0868877,-88.0681492
170318040001,1626.0,73.74,6.89,22.94,White,Low_poverty,LPW,42.0727077,-88.010523
170317706022,2081.0,11.73,17.2,82.79,Minority,Low_poverty,LPM,42.0057233,-87.8991388
170317704001,1268.0,62.62,4.89,26.81,White,Low_poverty,LPW,42.0299011,-87.977329
170317703002,961.0,84.18,5.31,7.18,White,Low_poverty,LPW,42.0117181,-87.9820108
170317703001,862.0,80.63,0.0,9.63,White,Low_poverty,LPW,42.0325795,-88.0015507
170318365001,1058.0,0.0,23.16,97.73,Minority,Low_poverty,LPM,41.8298205,-87.605573
170318082003,1775.0,53.3,15.27,13.52,White,Low_poverty,LPW,42.0220481,-87.7928633
170318082002,1557.0,66.73,12.14,17.98,White,Low_poverty,LPW,42.0268279,-87.8023292
170318081001,1641.0,74.22,10.41,9.63,White,Low_poverty,LPW,42.0134652,-87.7853402
170318080013,1257.0,71.84,4.3,6.68,White,Low_poverty,LPW,42.0035758,-87.7363049
170318078001,1291.0,66.31,6.56,7.98,White,Low_poverty,LPW,42.0083608,-87.7596382
170318077004,1423.0,58.75,15.88,6.96,White,Low_poverty,LPW,42.0227801,-87.760677
170318077001,1603.0,54.27,21.15,29.38,White,Low_poverty,LPW,42.0230414,-87.7497539
170318075002,753.0,66.27,1.46,1.73,White,Low_poverty,LPW,42.0280742,-87.7281302
170318074004,793.0,43.0,8.95,12.48,Other,Low_poverty,LPO,42.0285187,-87.7401967
170318074001,735.0,66.67,6.53,13.61,White,Low_poverty,LPW,42.0307857,-87.7353031
170318073003,1154.0,64.73,8.41,9.79,White,Low_poverty,LPW,42.0330149,-87.7561576
170318072001,772.0,44.17,1.17,11.14,Other,Low_poverty,LPO,42.0368642,-87.7387696
170318072003,996.0,41.27,2.81,28.41,Other,Low_poverty,LPO,42.0353741,-87.7225034
170318069002,2087.0,55.25,7.0,17.25,White,Low_poverty,LPW,42.0518163,-87.7515818
170318068011,821.0,28.01,37.99,17.54,Other,High_poverty,HPO,42.0636177,-87.7396309
170318067003,892.0,49.55,1.46,10.87,Other,Low_poverty,LPO,42.0516315,-87.7293543
170318066002,1630.0,58.96,6.87,25.77,White,Low_poverty,LPW,41.997382,-87.8699865
170318065012,1275.0,31.84,14.2,43.3,Other,Low_poverty,LPO,42.0129281,-87.8905404
170318123022,1031.0,70.22,13.1,19.98,White,Low_poverty,LPW,41.8961084,-87.8015178
170318122001,926.0,55.18,0.86,33.91,White,Low_poverty,LPW,41.9073776,-87.7885572
170318121005,1005.0,73.33,13.63,19.61,White,Low_poverty,LPW,41.9063637,-87.7814289
170318118001,849.0,63.49,0.0,36.51,White,Low_poverty,LPW,41.9175601,-87.896147
170318117011,1960.0,34.9,11.94,61.38,Minority,Low_poverty,LPM,41.9428096,-87.9040267
170318116002,1358.0,65.39,10.44,34.61,White,Low_poverty,LPW,41.9522998,-87.8833661
170318115002,1703.0,40.81,9.34,58.37,Minority,Low_poverty,LPM,41.94303,-87.8706732
170318114021,994.0,52.62,6.74,41.95,White,Low_poverty,LPW,41.9288514,-87.8699315
170318113011,844.0,37.09,24.29,59.36,Minority,Low_poverty,LPM,41.9199274,-87.8789927
170318108001,1064.0,44.27,22.46,41.07,Other,Low_poverty,LPO,41.9277658,-87.820291
170313201001,755.0,52.85,0.0,14.17,White,Low_poverty,LPW,41.8829215,-87.6206068
170318043061,2422.0,45.13,7.39,52.31,Minority,Low_poverty,LPM,42.0251086,-88.1768894
170318043053,1740.0,38.16,1.9,53.28,Minority,Low_poverty,LPM,42.0320466,-88.1604511
170318207001,1318.0,54.48,1.06,33.08,White,Low_poverty,LPW,41.8204253,-87.7677424
170318204001,1198.0,4.67,27.88,90.74,Minority,Low_poverty,LPM,41.7838714,-87.8161549
170318203003,1320.0,26.21,5.91,73.79,Minority,Low_poverty,LPM,41.7885602,-87.8057939
170318203001,1960.0,21.84,7.5,56.84,Minority,Low_poverty,LPM,41.794631,-87.8089286
170318201042,1106.0,75.05,6.6,20.61,White,Low_poverty,LPW,41.7833422,-87.8735001
170318201034,1302.0,75.58,1.64,23.66,White,Low_poverty,LPW,41.7961893,-87.8823091
170318201031,1076.0,73.79,1.95,25.37,White,Low_poverty,LPW,41.7955915,-87.8622555
170318201012,1548.0,93.73,7.95,6.27,White,Low_poverty,LPW,41.7832207,-87.9029452
170318300061,2432.0,17.8,22.67,78.62,Minority,Low_poverty,LPM,41.5004956,-87.7262566
170318238064,1003.0,73.68,10.57,24.23,White,Low_poverty,LPW,41.6938357,-87.8044832
170318300041,1083.0,13.85,12.56,82.09,Minority,Low_poverty,LPM,41.5094685,-87.7086779
170314308001,957.0,1.25,8.11,96.66,Minority,Low_poverty,LPM,41.7616594,-87.5713178
170314306001,790.0,4.43,24.81,91.52,Minority,Low_poverty,LPM,41.7653211,-87.5713913
170314303003,701.0,0.43,74.53,99.28,Minority,High_poverty,HPM,41.7689839,-87.5912068
170314302002,1155.0,3.12,46.58,94.89,Minority,High_poverty,HPM,41.7679881,-87.5781928
170314212002,636.0,1.26,42.77,97.33,Minority,High_poverty,HPM,41.7694329,-87.608022
170318344003,1137.0,2.46,14.69,92.79,Minority,Low_poverty,LPM,41.7750339,-87.5985089
170314207005,598.0,0.67,52.34,95.15,Minority,High_poverty,HPM,41.7766324,-87.6143337
170314205002,795.0,0.0,20.63,100.0,Minority,Low_poverty,LPM,41.7818969,-87.6079935
170314112002,589.0,66.55,29.91,18.17,White,Low_poverty,LPW,41.7887715,-87.5939651
170314111001,1039.0,64.68,19.73,7.12,White,Low_poverty,LPW,41.7933184,-87.5897148
170314108002,1671.0,43.93,17.12,25.49,Other,Low_poverty,LPO,41.7964932,-87.5896921
170314105002,1297.0,33.85,41.56,59.21,Minority,High_poverty,HPM,41.7977114,-87.6050872
170318363001,461.0,24.51,18.87,68.76,Minority,Low_poverty,LPM,41.8014614,-87.6040091
170314008002,1570.0,1.21,46.31,98.79,Minority,High_poverty,HPM,41.7827977,-87.622962
170318361001,1209.0,4.38,41.69,81.81,Minority,High_poverty,HPM,41.8001354,-87.6218288
170312211001,1750.0,58.06,13.74,33.72,White,Low_poverty,LPW,41.9228419,-87.7095829
170318153001,737.0,42.47,7.87,56.45,Minority,Low_poverty,LPM,41.8414513,-87.7906345
170318152005,1597.0,12.9,0.0,80.77,Minority,Low_poverty,LPM,41.8395103,-87.7866509
170318151002,1213.0,6.92,13.6,93.07,Minority,Low_poverty,LPM,41.8479665,-87.7853074
170318149001,1322.0,25.34,8.77,74.66,Minority,Low_poverty,LPM,41.8551479,-87.7867355
170318147003,1316.0,17.48,24.47,75.84,Minority,Low_poverty,LPM,41.8596117,-87.7987966
170318146005,1375.0,29.38,12.15,68.0,Minority,Low_poverty,LPM,41.8615732,-87.7899728
170318145001,2461.0,13.29,7.47,86.71,Minority,Low_poverty,LPM,41.8339421,-87.7747917
170318144002,1565.0,11.31,42.11,82.24,Minority,High_poverty,HPM,41.8264172,-87.7583903
170318142001,1469.0,6.81,7.49,93.19,Minority,Low_poverty,LPM,41.8408194,-87.7429076
170318141002,1253.0,4.31,25.63,95.69,Minority,Low_poverty,LPM,41.8460142,-87.7613131
170318139003,968.0,11.78,27.48,88.22,Minority,Low_poverty,LPM,41.8432986,-87.7696372
170318243001,1131.0,15.92,37.75,84.08,Minority,High_poverty,HPM,41.6423977,-87.6899813
170318254001,1240.0,81.05,2.9,18.95,White,Low_poverty,LPW,41.5691876,-87.7588816
170318241231,1070.0,86.45,2.15,10.28,White,Low_poverty,LPW,41.5954063,-87.79867
170318241234,1227.0,77.75,8.23,22.25,White,Low_poverty,LPW,41.5942181,-87.8082071
170318282012,816.0,38.48,4.17,57.47,Minority,Low_poverty,LPM,41.5688539,-87.5578791
170318231014,671.0,88.38,8.64,7.3,White,Low_poverty,LPW,41.6891402,-87.7929722
170318239044,1588.0,95.91,9.13,1.26,White,Low_poverty,LPW,41.6512546,-87.8100145
170318237023,1796.0,66.37,21.49,29.18,White,Low_poverty,LPW,41.7113975,-87.8417044
170318233041,789.0,76.81,2.03,21.17,White,Low_poverty,LPW,41.6904984,-87.6943777
170313206002,2970.0,52.26,12.32,24.31,White,Low_poverty,LPW,41.8718441,-87.6257789
170318413004,700.0,12.57,6.86,87.43,Minority,Low_poverty,LPM,41.8423732,-87.6817924
170313108003,3045.0,11.33,10.61,83.68,Minority,Low_poverty,LPM,41.8541114,-87.6685257
170313106001,2309.0,33.52,13.64,60.28,Minority,Low_poverty,LPM,41.8588246,-87.658598
170313017011,1441.0,0.28,24.15,99.72,Minority,Low_poverty,LPM,41.8434241,-87.7178144
170313016001,2051.0,0.98,33.59,99.03,Minority,High_poverty,HPM,41.8425867,-87.7123021
170313902002,1420.0,19.65,4.23,64.79,Minority,Low_poverty,LPM,41.8132426,-87.6005583
170313819001,372.0,9.95,13.17,85.22,Minority,Low_poverty,LPM,41.8039289,-87.6126398
170313815001,347.0,4.03,53.6,92.51,Minority,High_poverty,HPM,41.8101927,-87.6228619
170318373002,1264.0,8.23,28.09,89.95,Minority,Low_poverty,LPM,41.8718453,-87.708287
170312714001,1272.0,4.01,45.25,83.25,Minority,High_poverty,HPM,41.8772429,-87.7133314
170312608002,1633.0,4.29,62.65,89.96,Minority,High_poverty,HPM,41.875276,-87.723007
170318009003,1152.0,48.78,5.47,3.21,Other,Low_poverty,LPO,42.0740515,-87.754361
170318009001,1221.0,68.47,3.93,13.11,White,Low_poverty,LPW,42.0757468,-87.7469588
170318005004,1435.0,93.31,5.02,2.86,White,Low_poverty,LPW,42.1029415,-87.7465994
170318005001,892.0,86.43,2.24,12.44,White,Low_poverty,LPW,42.1036383,-87.7327448
170318004003,865.0,80.23,0.92,2.54,White,Low_poverty,LPW,42.0960567,-87.7186715
170318002005,1112.0,85.07,0.0,14.93,White,Low_poverty,LPW,42.1374185,-87.7756354
170318002002,1054.0,94.97,1.14,1.61,White,Low_poverty,LPW,42.1339957,-87.7633149
170317709012,901.0,91.79,3.22,2.55,White,Low_poverty,LPW,41.9704243,-87.8242463
170318421004,1635.0,2.63,26.25,92.48,Minority,Low_poverty,LPM,41.9016985,-87.7299679
170312312002,1022.0,0.0,21.62,98.73,Minority,Low_poverty,LPM,41.897267,-87.7182032
170312311001,1217.0,4.03,26.53,93.92,Minority,Low_poverty,LPM,41.8992542,-87.7150684
170312307004,2303.0,4.34,14.24,92.09,Minority,Low_poverty,LPM,41.9080472,-87.7240668
170318184013,975.0,62.15,3.57,35.08,White,Low_poverty,LPW,41.8588,-87.8905379
170318183004,1370.0,16.28,2.55,82.62,Minority,Low_poverty,LPM,41.8830666,-87.9058432
170318223021,1403.0,74.41,25.92,18.32,White,Low_poverty,LPW,41.7226686,-87.7743198
170318241131,1125.0,80.0,0.0,20.0,White,Low_poverty,LPW,41.611082,-87.9030125
170318213002,3145.0,11.51,19.24,86.64,Minority,Low_poverty,LPM,41.6559407,-87.6696481
170318221024,553.0,36.89,19.2,44.66,Other,Low_poverty,LPO,41.7185683,-87.7249448
170318233021,1790.0,43.41,7.82,52.23,Minority,Low_poverty,LPM,41.6687851,-87.7290482
170318233022,2675.0,49.27,11.91,49.91,Other,Low_poverty,LPO,41.6608416,-87.7313822
170318233044,1259.0,39.24,6.67,60.76,Minority,Low_poverty,LPM,41.679452,-87.7138661
170318302012,1822.0,18.06,7.0,74.37,Minority,Low_poverty,LPM,41.4922388,-87.7084969
170318302021,2450.0,23.59,28.98,69.92,Minority,Low_poverty,LPM,41.4939957,-87.6870346
170315204002,1100.0,12.82,28.27,86.55,Minority,Low_poverty,LPM,41.7010641,-87.5276079
170318238032,1241.0,100.0,1.93,0.0,White,Low_poverty,LPW,41.7003925,-87.8285076
170318287013,901.0,29.19,9.43,66.26,Minority,Low_poverty,LPM,41.5520153,-87.6198005
170315305012,1293.0,0.0,27.07,100.0,Minority,Low_poverty,LPM,41.6733047,-87.6381514
170318237032,2049.0,78.43,5.86,18.64,White,Low_poverty,LPW,41.7115022,-87.8079611
170317504002,823.0,13.0,7.29,80.31,Minority,Low_poverty,LPM,41.6808926,-87.6826537
170318285061,2993.0,8.19,4.24,91.38,Minority,Low_poverty,LPM,41.53596,-87.5371986
170318266004,1029.0,2.33,26.43,97.67,Minority,Low_poverty,LPM,41.6363476,-87.6260749
170318016063,1347.0,90.79,2.82,1.93,White,Low_poverty,LPW,42.1135996,-87.8731011
170312306002,1091.0,8.71,30.61,84.42,Minority,High_poverty,HPM,41.903985,-87.7288015
170312229001,1005.0,17.31,6.47,81.99,Minority,Low_poverty,LPM,41.9155644,-87.7200744
170312226001,1663.0,60.67,11.06,34.76,White,Low_poverty,LPW,41.9156388,-87.7044798
170312222001,1186.0,72.51,2.36,17.2,White,Low_poverty,LPW,41.9162952,-87.6822347
170312215001,1288.0,44.8,32.45,49.62,Other,High_poverty,HPO,41.9208728,-87.6887198
170312214003,1522.0,33.05,13.93,62.22,Minority,Low_poverty,LPM,41.9185961,-87.6932122
170312213002,1109.0,52.03,21.1,38.78,White,Low_poverty,LPW,41.9195766,-87.6986589
170317501004,1001.0,1.8,27.37,98.2,Minority,Low_poverty,LPM,41.6947274,-87.6538354
170315304001,586.0,0.85,19.97,96.24,Minority,Low_poverty,LPM,41.6740503,-87.647158
170317403004,844.0,79.74,0.71,19.19,White,Low_poverty,LPW,41.6969042,-87.7101985
170317401001,627.0,87.88,0.0,12.12,White,Low_poverty,LPW,41.7046557,-87.6987292
170315305031,1392.0,0.65,38.72,89.73,Minority,High_poverty,HPM,41.6596869,-87.6422209
170318231013,704.0,59.09,14.35,34.09,White,Low_poverty,LPW,41.6936515,-87.790961
170318214012,736.0,1.77,30.03,96.88,Minority,High_poverty,HPM,41.6686662,-87.6535287
170318223012,705.0,80.99,12.62,19.01,White,Low_poverty,LPW,41.7284055,-87.7676983
170318222001,1887.0,62.32,1.11,36.35,White,Low_poverty,LPW,41.730674,-87.756276
170318221012,1065.0,76.06,6.01,20.85,White,Low_poverty,LPW,41.7263194,-87.7460479
170318220003,731.0,78.93,7.25,14.23,White,Low_poverty,LPW,41.7322601,-87.7377004
170318220001,1057.0,83.25,2.65,14.57,White,Low_poverty,LPW,41.7324382,-87.7262981
170318217002,1325.0,53.36,0.53,46.64,White,Low_poverty,LPW,41.7250876,-87.7184767
170312608001,814.0,4.79,43.73,95.21,Minority,High_poverty,HPM,41.8789374,-87.723188
170312601001,1204.0,8.64,47.18,89.87,Minority,High_poverty,HPM,41.8843707,-87.7233302
170312520003,1759.0,1.99,22.61,98.01,Minority,Low_poverty,LPM,41.8821679,-87.7722746
170310203012,1602.0,72.66,21.29,0.62,White,Low_poverty,LPW,42.0035974,-87.7070847
170310306013,1317.0,63.17,11.63,11.31,White,Low_poverty,LPW,41.9888802,-87.6549042
170310307021,932.0,59.44,7.62,8.7,White,Low_poverty,LPW,41.980284,-87.6547617
170310313001,844.0,79.5,8.77,17.3,White,Low_poverty,LPW,41.9737646,-87.6465298
170310107023,1474.0,33.85,29.78,49.05,Other,Low_poverty,LPO,42.0063757,-87.6725873
170310201001,2202.0,34.33,17.89,57.54,Minority,Low_poverty,LPM,42.0143097,-87.6874996
170310106003,2770.0,50.14,37.29,46.21,White,High_poverty,HPW,42.0008578,-87.6668138
170310404013,469.0,80.81,5.12,14.29,White,Low_poverty,LPW,41.9745775,-87.6853888
170310632006,1435.0,81.67,11.01,14.7,White,Low_poverty,LPW,41.9377757,-87.6425766
170310631001,1216.0,84.54,7.48,7.64,White,Low_poverty,LPW,41.9375577,-87.6466613
170310702002,1187.0,87.7,7.08,10.45,White,Low_poverty,LPW,41.926838,-87.6467403
170310715005,582.0,87.11,6.19,0.0,White,Low_poverty,LPW,41.9119946,-87.6334194
170310306041,1468.0,41.42,16.42,17.85,Other,Low_poverty,LPO,41.9846384,-87.6549475
170310810003,804.0,58.83,19.06,21.64,White,Low_poverty,LPW,41.9011975,-87.6314148
170310814023,1255.0,47.17,4.54,1.91,Other,Low_poverty,LPO,41.8911484,-87.6161902
170310207024,786.0,29.52,20.87,4.58,Other,Low_poverty,LPO,41.992122,-87.7067754
170311403022,1615.0,30.9,7.24,48.79,Other,Low_poverty,LPO,41.9721477,-87.7209344
170311406024,643.0,54.28,16.02,41.52,White,Low_poverty,LPW,41.9622838,-87.722037
170314301012,506.0,0.0,43.87,100.0,Minority,High_poverty,HPM,41.7671196,-87.5738759
170310102021,1305.0,34.33,20.87,59.15,Minority,Low_poverty,LPM,42.0176338,-87.6735826
170314401021,1422.0,11.88,35.51,86.64,Minority,High_poverty,HPM,41.7406271,-87.5992632
170310314005,956.0,68.83,4.6,15.38,White,Low_poverty,LPW,41.9554143,-87.6470316
170315401023,739.0,8.8,45.2,91.2,Minority,High_poverty,HPM,41.654669,-87.6095242
170317205002,1311.0,87.19,2.38,11.98,White,Low_poverty,LPW,41.7024446,-87.6844742
170317501003,852.0,0.0,39.55,100.0,Minority,High_poverty,HPM,41.696342,-87.6582962
170317304003,778.0,0.0,2.06,100.0,Minority,Low_poverty,LPM,41.7157859,-87.6477291
170317707002,1623.0,91.37,7.95,6.04,White,Low_poverty,LPW,41.9864727,-87.8748858
170310802022,1204.0,87.04,4.07,10.47,White,Low_poverty,LPW,41.9067928,-87.6315684
170311504023,2295.0,54.07,3.19,38.08,White,Low_poverty,LPW,41.9586228,-87.7721373
170311605021,1037.0,17.36,4.05,71.26,Minority,Low_poverty,LPM,41.9565598,-87.7148339
170312106021,1493.0,30.41,11.79,65.24,Minority,Low_poverty,LPM,41.9335778,-87.7094165
170312522025,1447.0,0.0,47.75,100.0,Minority,High_poverty,HPM,41.8749219,-87.7471438
170310802023,1514.0,88.77,10.83,7.73,White,Low_poverty,LPW,41.9056547,-87.6296049
170318439003,783.0,12.52,18.9,81.1,Minority,Low_poverty,LPM,41.7717159,-87.5674493
170318051053,2020.0,62.18,2.77,25.94,White,Low_poverty,LPW,42.0547865,-88.0047186
170318044062,2102.0,27.59,11.51,63.32,Minority,Low_poverty,LPM,42.0251292,-88.2430691
170318048044,1572.0,68.45,7.06,8.46,White,Low_poverty,LPW,41.9957798,-88.1179343
170318185003,1641.0,75.02,1.0,20.53,White,Low_poverty,LPW,41.8399261,-87.9077128
170318206031,1776.0,28.32,27.34,68.19,Minority,Low_poverty,LPM,41.7512025,-87.8527086
170318206052,1482.0,63.02,13.29,30.37,White,Low_poverty,LPW,41.7371724,-87.8264754
170316611005,2019.0,4.26,14.51,95.74,Minority,Low_poverty,LPM,41.7615286,-87.7099322
170316806002,898.0,0.22,66.83,99.44,Minority,High_poverty,HPM,41.7826937,-87.65276
170316719001,1125.0,2.67,16.8,97.33,Minority,Low_poverty,LPM,41.7613256,-87.6612802
170316812003,1007.0,0.0,58.49,100.0,Minority,High_poverty,HPM,41.7703434,-87.6356862
170316903002,1893.0,5.07,50.37,93.55,Minority,High_poverty,HPM,41.7671983,-87.6295396
170316813001,579.0,0.0,32.47,100.0,Minority,High_poverty,HPM,41.7600415,-87.6402766
170317002003,2181.0,6.24,13.55,93.76,Minority,Low_poverty,LPM,41.7519364,-87.7172735
170311104001,1799.0,49.69,8.78,34.8,Other,Low_poverty,LPO,41.9745732,-87.7716225
170317112004,2081.0,0.38,5.76,95.63,Minority,Low_poverty,LPM,41.7410889,-87.6731343
170317202003,1770.0,52.03,1.64,43.78,White,Low_poverty,LPW,41.712524,-87.6687302
170318025044,1392.0,56.97,0.86,20.55,White,Low_poverty,LPW,42.1414702,-87.9432801
170318016073,2293.0,58.0,1.61,2.32,White,Low_poverty,LPW,42.0968004,-87.8635358
170318020043,1222.0,49.43,6.96,9.33,Other,Low_poverty,LPO,42.0687343,-87.8494321
170318025041,1539.0,46.13,13.78,52.76,Minority,Low_poverty,LPM,42.1349273,-87.9414881
170318026094,1933.0,47.9,2.57,47.44,Other,Low_poverty,LPO,42.104024,-87.8934337
170318044052,1185.0,17.05,3.58,79.92,Minority,Low_poverty,LPM,42.0355822,-88.2517661
170318045112,511.0,8.81,43.44,84.15,Minority,High_poverty,HPM,41.9936248,-88.1472989
170318236021,1581.0,85.45,13.28,14.54,White,Low_poverty,LPW,41.6531998,-87.7427371
170318047161,1418.0,48.94,10.23,16.29,Other,Low_poverty,LPO,42.0418667,-88.1106583
170318241171,1898.0,79.45,0.68,14.75,White,Low_poverty,LPW,41.5774689,-87.8436776
170318051081,3176.0,32.24,7.93,62.78,Minority,Low_poverty,LPM,42.0390975,-87.9648714
170318241082,2476.0,79.08,0.77,11.03,White,Low_poverty,LPW,41.5829169,-87.8407999
170318241201,2916.0,80.04,0.62,15.36,White,Low_poverty,LPW,41.5796786,-87.8667444
170318237024,386.0,75.65,11.4,21.24,White,Low_poverty,LPW,41.7152465,-87.8332077
170318238062,960.0,91.25,12.19,5.52,White,Low_poverty,LPW,41.6881911,-87.8127807
170318123023,590.0,46.44,7.73,40.17,Other,Low_poverty,LPO,41.8930884,-87.8014186
170318237031,484.0,48.35,41.94,32.02,Other,High_poverty,HPO,41.722416,-87.8035123
170318186001,1548.0,60.08,8.85,36.5,White,Low_poverty,LPW,41.8429517,-87.8730524
170310106001,1722.0,48.78,17.31,44.95,Other,Low_poverty,LPO,42.0054662,-87.6680023
170318306003,1457.0,30.13,36.65,55.11,Minority,High_poverty,HPM,42.0000266,-87.6728821
170310301022,1043.0,40.36,24.64,45.35,Other,Low_poverty,LPO,41.9934851,-87.6590522
170318045073,2955.0,62.54,5.28,17.5,White,Low_poverty,LPW,42.0200387,-88.2211362
170318043103,1815.0,55.04,8.21,10.91,White,Low_poverty,LPW,42.0258655,-88.2104239
170318030121,2050.0,70.59,5.58,19.76,White,Low_poverty,LPW,42.1432824,-87.995232
170318036054,3440.0,43.69,12.56,43.52,Other,Low_poverty,LPO,42.1319632,-88.0195234
170318036082,2293.0,58.66,13.3,26.78,White,Low_poverty,LPW,42.145787,-88.0463373
170318036115,1797.0,17.58,12.74,77.29,Minority,Low_poverty,LPM,42.147341,-88.0123173
170318045061,1233.0,73.4,0.0,11.76,White,Low_poverty,LPW,42.0003507,-88.1947453
170310301014,1019.0,67.91,10.01,14.03,White,Low_poverty,LPW,41.9904681,-87.654902
170310313005,1751.0,54.25,15.93,29.41,White,Low_poverty,LPW,41.9751465,-87.6530535
170310315011,929.0,36.92,52.1,36.49,Other,High_poverty,HPO,41.9664265,-87.6539633
170310608003,3537.0,71.73,4.72,13.34,White,Low_poverty,LPW,41.953283,-87.6465509
170310619012,1086.0,68.14,8.2,9.21,White,Low_poverty,LPW,41.9441649,-87.643504
170310632003,1171.0,89.33,14.09,5.72,White,Low_poverty,LPW,41.9396444,-87.6420514
170310701032,917.0,73.94,11.01,14.29,White,Low_poverty,LPW,41.9275062,-87.6428481
170310714003,1408.0,76.14,9.02,16.55,White,Low_poverty,LPW,41.9248984,-87.6380579
170310803003,987.0,76.6,3.75,3.24,White,Low_poverty,LPW,41.9093794,-87.637094
170310810001,346.0,90.46,0.0,0.0,White,Low_poverty,LPW,41.9024838,-87.6318193
170310701013,1410.0,66.95,20.78,21.35,White,Low_poverty,LPW,41.9302664,-87.6320329
170318325002,2138.0,86.86,6.74,8.05,White,Low_poverty,LPW,41.9209429,-87.6615445
170318323001,1938.0,63.73,5.93,22.3,White,Low_poverty,LPW,41.9198264,-87.6727807
170318298004,1028.0,49.61,3.6,48.35,Other,Low_poverty,LPO,41.5318227,-87.6845158
170318036121,2169.0,9.64,31.9,87.73,Minority,High_poverty,HPM,42.1520654,-88.0123596
170310818002,3285.0,84.32,2.83,9.74,White,Low_poverty,LPW,41.8955171,-87.6364609
170318051092,1875.0,84.11,1.71,7.73,White,Low_poverty,LPW,42.0562982,-87.9867818
170318053023,1348.0,63.87,11.28,1.56,White,Low_poverty,LPW,42.051797,-87.8105867
170318072002,1740.0,38.74,15.06,36.96,Other,Low_poverty,LPO,42.037266,-87.7140212
170318318005,1137.0,50.66,23.13,35.53,White,Low_poverty,LPW,41.9789032,-87.7180968
170311913022,2619.0,14.32,9.13,85.68,Minority,Low_poverty,LPM,41.9206166,-87.7680972
170318366001,724.0,31.22,27.48,68.79,Minority,Low_poverty,LPM,41.8973711,-87.707965
170318378001,1393.0,22.4,21.27,70.78,Minority,Low_poverty,LPM,41.8846418,-87.686594
170318371002,866.0,13.28,27.02,85.34,Minority,Low_poverty,LPM,41.8857505,-87.6962429
170318373001,1498.0,1.67,43.72,96.2,Minority,High_poverty,HPM,41.87144,-87.7033884
170318036061,2110.0,25.5,13.84,50.33,Minority,Low_poverty,LPM,42.1358292,-88.0068573
170318030173,2028.0,49.9,8.97,36.89,Other,Low_poverty,LPO,42.1294893,-88.00905
170318043081,2806.0,40.56,3.6,28.12,Other,Low_poverty,LPO,42.0245299,-88.1520871
170310401001,1367.0,59.62,4.53,31.6,White,Low_poverty,LPW,41.9854807,-87.6829955
170318079003,1154.0,80.85,3.99,5.89,White,Low_poverty,LPW,42.0021858,-87.7541953
170318113014,1830.0,19.45,4.26,77.04,Minority,Low_poverty,LPM,41.9126503,-87.8837872
170318143002,2958.0,7.74,18.15,91.69,Minority,Low_poverty,LPM,41.8330416,-87.7590723
170318197002,2157.0,92.81,3.01,4.78,White,Low_poverty,LPW,41.8166942,-87.8824782
170318233046,1406.0,23.12,10.24,74.82,Minority,Low_poverty,LPM,41.6725656,-87.7151484
170318243003,1107.0,2.26,41.93,94.85,Minority,High_poverty,HPM,41.6432522,-87.7068772
170318252002,1349.0,46.4,2.11,52.85,Minority,Low_poverty,LPM,41.5969147,-87.7301778
170318285063,1466.0,4.37,1.84,89.3,Minority,Low_poverty,LPM,41.5315446,-87.5544114
170318285041,2844.0,15.33,38.68,77.5,Minority,High_poverty,HPM,41.481036,-87.5410303
170318293023,1086.0,10.5,24.55,89.51,Minority,Low_poverty,LPM,41.5005555,-87.662698
170318297003,1909.0,32.01,18.49,63.8,Minority,Low_poverty,LPM,41.4892288,-87.6012917
170310207011,936.0,63.78,12.61,18.48,White,Low_poverty,LPW,41.9876119,-87.7043824
170318031002,1633.0,93.26,0.0,0.0,White,Low_poverty,LPW,42.0937504,-87.9865384
170318047095,791.0,68.77,0.0,18.96,White,Low_poverty,LPW,42.0352821,-88.0869987
170318254003,1380.0,81.74,11.59,17.17,White,Low_poverty,LPW,41.5624574,-87.7965639
170318047094,1640.0,34.45,0.98,38.97,Other,Low_poverty,LPO,42.0410964,-88.0898433
170318051062,1747.0,80.88,4.95,6.41,White,Low_poverty,LPW,42.0606339,-87.996908
170312207021,1268.0,25.55,2.29,68.37,Minority,Low_poverty,LPM,41.9298082,-87.7208075
170312105022,897.0,42.59,16.5,43.7,Other,Low_poverty,LPO,41.9348455,-87.7198719
170317608011,2884.0,42.79,11.37,15.99,Other,Low_poverty,LPO,41.9841424,-87.8477256
170310811002,1351.0,49.15,35.09,29.53,Other,High_poverty,HPO,41.8975682,-87.6290069
170310813003,969.0,75.95,10.84,6.81,White,Low_poverty,LPW,41.899214,-87.6229989
170310813002,191.0,73.82,27.75,16.75,White,Low_poverty,LPW,41.8995441,-87.6189971
170313201003,3798.0,59.93,10.84,11.75,White,Low_poverty,LPW,41.8860023,-87.6183349
170314307002,1296.0,2.62,31.68,97.38,Minority,High_poverty,HPM,41.7643824,-87.5649159
170314314004,293.0,0.0,13.65,100.0,Minority,Low_poverty,LPM,41.7624109,-87.5580629
170313903001,1083.0,1.39,44.92,95.75,Minority,High_poverty,HPM,41.8103398,-87.6045198
170313012003,2372.0,2.45,34.8,97.56,Minority,High_poverty,HPM,41.8487011,-87.6927949
170313009003,850.0,6.0,23.65,94.0,Minority,Low_poverty,LPM,41.848979,-87.702199
170312831002,1726.0,38.01,39.51,15.88,Other,High_poverty,HPO,41.8704838,-87.6640805
170310812023,735.0,82.72,9.52,7.35,White,Low_poverty,LPW,41.903589,-87.6267764
170312519001,477.0,1.47,34.59,98.53,Minority,High_poverty,HPM,41.8838925,-87.7593102
170318087022,2597.0,57.53,10.62,15.98,White,Low_poverty,LPW,42.058204,-87.6718922
170310803002,2158.0,69.6,4.31,20.25,White,Low_poverty,LPW,41.9049266,-87.6359414
170311003002,1194.0,80.99,0.0,15.83,White,Low_poverty,LPW,41.9863982,-87.8094359
170311105014,439.0,75.85,24.6,23.92,White,Low_poverty,LPW,41.9755489,-87.7652956
170311408001,706.0,60.34,13.31,24.22,White,Low_poverty,LPW,41.9656839,-87.7059431
170311606012,597.0,40.7,17.92,47.41,Other,Low_poverty,LPO,41.9593996,-87.7033
170312106012,737.0,41.38,7.19,56.45,Minority,Low_poverty,LPM,41.9365812,-87.7099923
170312206022,412.0,57.77,3.4,17.48,White,Low_poverty,LPW,41.9273906,-87.7127315
170317003012,1793.0,22.64,12.16,77.36,Minority,Low_poverty,LPM,41.743823,-87.7263076
170312819003,2143.0,42.46,19.13,9.94,Other,Low_poverty,LPO,41.881184,-87.6433717
170310209022,2085.0,38.32,40.72,28.92,Other,High_poverty,HPO,41.9922618,-87.6805516
170310307061,1766.0,70.55,7.87,8.61,White,Low_poverty,LPW,41.9804694,-87.6509792
170318130005,590.0,73.05,0.0,23.56,White,Low_poverty,LPW,41.8762766,-87.7855666
170318331001,4040.0,65.2,6.53,8.09,White,Low_poverty,LPW,41.8799511,-87.6514936
170318390001,2612.0,64.74,17.11,25.61,White,Low_poverty,LPW,41.8733289,-87.6328378
170318412002,1566.0,15.26,31.42,82.7,Minority,High_poverty,HPM,41.8560899,-87.6847313
170318417001,1651.0,4.0,47.18,95.89,Minority,High_poverty,HPM,41.8531302,-87.7041819
170317003024,2593.0,14.96,6.67,84.34,Minority,Low_poverty,LPM,41.7385256,-87.7252963
170317302012,713.0,6.17,14.59,93.83,Minority,Low_poverty,LPM,41.7270194,-87.6542528
170310814031,4505.0,68.32,5.04,10.43,White,Low_poverty,LPW,41.889546,-87.6132392
170318104003,2417.0,90.36,3.1,5.0,White,Low_poverty,LPW,41.9832555,-87.8301533
170318044043,1474.0,52.04,6.44,38.26,White,Low_poverty,LPW,42.0428381,-88.2335529
170318204002,2116.0,6.14,15.39,93.81,Minority,Low_poverty,LPM,41.7821359,-87.8067022
170318030153,1031.0,82.25,2.91,17.75,White,Low_poverty,LPW,42.1170646,-87.9416432
170318012003,1654.0,94.14,2.18,0.48,White,Low_poverty,LPW,42.0788722,-87.68483
170314401013,240.0,0.0,22.92,85.0,Minority,Low_poverty,LPM,41.7466919,-87.6001445
170310633013,775.0,73.94,11.23,13.42,White,Low_poverty,LPW,41.9333319,-87.6432847
170314301023,916.0,0.44,39.08,99.35,Minority,High_poverty,HPM,41.7689588,-87.5698503
170310103004,1619.0,38.48,7.46,58.55,Minority,Low_poverty,LPM,42.0149574,-87.668537
170310201002,1416.0,26.69,11.37,61.72,Minority,Low_poverty,LPM,42.0174768,-87.6866409
170310104002,1049.0,51.76,15.73,40.71,White,Low_poverty,LPW,42.0100729,-87.6606547
170310104001,1333.0,65.64,18.68,27.38,White,Low_poverty,LPW,42.0064109,-87.6588157
170310105012,1998.0,32.13,11.3,58.51,Minority,Low_poverty,LPM,42.0113681,-87.6643282
170310106004,1395.0,56.42,24.23,33.55,White,Low_poverty,LPW,42.0088648,-87.6678896
170318206051,1296.0,19.29,16.2,79.09,Minority,Low_poverty,LPM,41.7400447,-87.835894
170318303004,955.0,39.27,6.3,60.73,Minority,Low_poverty,LPM,41.4902457,-87.6801292
170313007002,1496.0,0.0,19.3,100.0,Minority,Low_poverty,LPM,41.845328,-87.7123768
170313018011,1174.0,8.69,16.01,90.2,Minority,Low_poverty,LPM,41.8395308,-87.7338509
170310814021,2602.0,64.57,17.6,17.29,White,Low_poverty,LPW,41.8910215,-87.6129138
170314101001,939.0,26.52,19.7,52.71,Minority,Low_poverty,LPM,41.8016339,-87.5894732
170318236031,1465.0,2.18,31.47,97.81,Minority,High_poverty,HPM,41.6497741,-87.6917923
170318238051,1357.0,74.21,7.96,22.77,White,Low_poverty,LPW,41.6856646,-87.8225529
170318245071,2073.0,74.63,26.48,22.14,White,Low_poverty,LPW,41.5962454,-87.7880424
170318255034,1586.0,0.0,16.31,97.04,Minority,Low_poverty,LPM,41.5674463,-87.6900214
170318255035,1839.0,11.2,11.53,82.44,Minority,Low_poverty,LPM,41.5630635,-87.686362
170318258034,1826.0,4.22,0.0,95.29,Minority,Low_poverty,LPM,41.6173165,-87.5680819
170318240061,2579.0,98.6,4.38,0.39,White,Low_poverty,LPW,41.6540997,-87.9389679
170311005004,1368.0,79.75,6.47,0.0,White,Low_poverty,LPW,41.9803053,-87.8211997
170311407011,1459.0,32.15,11.03,38.66,Other,Low_poverty,LPO,41.9667977,-87.7109034
170312004012,2455.0,12.14,15.52,86.47,Minority,Low_poverty,LPM,41.9211905,-87.7353985
170312207013,1447.0,26.33,20.97,72.5,Minority,Low_poverty,LPM,41.9261365,-87.7240218
170312406001,1725.0,55.01,17.54,41.45,White,Low_poverty,LPW,41.9121341,-87.6897111
170312305002,1301.0,1.77,32.28,98.24,Minority,High_poverty,HPM,41.9116713,-87.736372
170312421003,1793.0,74.12,4.63,19.3,White,Low_poverty,LPW,41.897851,-87.669787
170312433002,1420.0,71.13,7.54,22.82,White,Low_poverty,LPW,41.8915685,-87.6647113
170312502001,1472.0,3.26,14.2,95.52,Minority,Low_poverty,LPM,41.9130657,-87.7519725
170312510001,1022.0,2.25,39.63,97.75,Minority,High_poverty,HPM,41.8986945,-87.7448924
170312610001,1118.0,0.0,34.97,98.84,Minority,High_poverty,HPM,41.8717137,-87.7350477
170318024042,2395.0,38.54,22.01,31.98,Other,Low_poverty,LPO,42.1472083,-87.950846
170311502001,1226.0,58.65,10.5,36.22,White,Low_poverty,LPW,41.9565532,-87.7523261
170310402022,2281.0,29.24,13.2,38.27,Other,Low_poverty,LPO,41.9777907,-87.6948334
170316110001,823.0,5.47,39.0,93.2,Minority,High_poverty,HPM,41.8047714,-87.6499381
170316121001,1022.0,0.0,21.91,100.0,Minority,Low_poverty,LPM,41.7979128,-87.6476808
170316603011,1398.0,2.07,29.53,97.14,Minority,Low_poverty,LPM,41.7799541,-87.6982872
170318241202,2068.0,87.48,12.55,2.85,White,Low_poverty,LPW,41.5892869,-87.8671946
170312206012,923.0,42.58,11.7,52.98,Minority,Low_poverty,LPM,41.9259775,-87.7149231
170313801001,1894.0,6.07,36.06,90.23,Minority,High_poverty,HPM,41.8202019,-87.6100974
170313907001,1920.0,28.44,9.43,63.08,Minority,Low_poverty,LPM,41.8069032,-87.5871598
170314003001,1329.0,0.38,34.31,99.62,Minority,High_poverty,HPM,41.789754,-87.6112728
170314005001,1205.0,1.74,29.42,97.42,Minority,Low_poverty,LPM,41.7924727,-87.6234478
170318030161,2616.0,39.33,1.46,4.32,Other,Low_poverty,LPO,42.1208172,-87.986523
170318044033,4126.0,43.38,2.5,36.11,Other,Low_poverty,LPO,42.0520734,-88.2370958
170318044051,2322.0,8.44,7.75,69.25,Minority,Low_poverty,LPM,42.0342666,-88.2375781
170318128011,2075.0,59.95,14.22,29.25,White,Low_poverty,LPW,41.8832625,-87.8017816
170318025051,3235.0,15.95,30.48,77.43,Minority,High_poverty,HPM,42.122275,-87.9126363
170318020044,1739.0,57.33,3.68,14.95,White,Low_poverty,LPW,42.0675695,-87.8579622
170318030151,2017.0,85.57,3.97,2.53,White,Low_poverty,LPW,42.11372,-87.9564975
170318241222,2572.0,90.79,8.05,4.78,White,Low_poverty,LPW,41.594617,-87.818318
170318241063,2921.0,83.36,4.07,16.63,White,Low_poverty,LPW,41.6090798,-87.8451973
170318240041,2204.0,88.48,5.74,8.3,White,Low_poverty,LPW,41.6811016,-87.9436035
170318241211,1703.0,89.55,3.76,9.28,White,Low_poverty,LPW,41.5877708,-87.8271826
170317702022,1955.0,91.82,3.12,3.73,White,Low_poverty,LPW,42.0286697,-88.0219089
170318046093,1800.0,67.56,3.0,0.78,White,Low_poverty,LPW,42.0325055,-88.0380131
170314312002,1181.0,1.52,18.63,97.63,Minority,Low_poverty,LPM,41.7571167,-87.5712215
170316913002,1265.0,0.0,35.02,100.0,Minority,High_poverty,HPM,41.7528568,-87.6197986
170314606001,1200.0,0.33,26.17,99.08,Minority,Low_poverty,LPM,41.7356327,-87.5595142
170315103002,999.0,0.0,53.55,100.0,Minority,High_poverty,HPM,41.7211965,-87.5759371
170314906001,1464.0,7.1,16.12,90.44,Minority,Low_poverty,LPM,41.7179734,-87.6283302
170314908003,633.0,4.27,41.55,93.68,Minority,High_poverty,HPM,41.7127489,-87.6193455
170314910005,548.0,0.0,57.85,96.35,Minority,High_poverty,HPM,41.6984215,-87.630444
170315206001,2852.0,20.2,16.55,78.47,Minority,Low_poverty,LPM,41.6895203,-87.5404
170315201001,2001.0,7.95,9.65,92.06,Minority,Low_poverty,LPM,41.7211184,-87.5294325
170315302004,1016.0,2.07,23.52,97.93,Minority,Low_poverty,LPM,41.6838598,-87.6385223
170315602003,1277.0,4.23,12.45,94.44,Minority,Low_poverty,LPM,41.8093828,-87.7481165
170315603002,1863.0,32.8,20.66,66.4,Minority,Low_poverty,LPM,41.8020825,-87.7479402
170315807002,3971.0,7.98,16.9,79.8,Minority,Low_poverty,LPM,41.8198473,-87.6867271
170318407003,1927.0,9.34,35.29,87.85,Minority,High_poverty,HPM,41.8540428,-87.6915496
170318435001,10169.0,10.36,37.65,89.37,Minority,High_poverty,HPM,41.8409834,-87.6975661
170318404001,1652.0,15.13,19.98,33.47,Other,Low_poverty,LPO,41.8344511,-87.6668285
170318410001,1043.0,33.08,19.75,43.24,Other,Low_poverty,LPO,41.8475444,-87.6101983
170318396002,886.0,5.98,34.2,92.66,Minority,High_poverty,HPM,41.82741,-87.6199636
170318365002,905.0,4.86,7.69,95.14,Minority,Low_poverty,LPM,41.8259463,-87.599456
170318356002,622.0,0.0,13.18,100.0,Minority,Low_poverty,LPM,41.7981748,-87.6320868
170318358001,1744.0,1.38,36.47,94.84,Minority,High_poverty,HPM,41.8130462,-87.6187192
170318345001,1105.0,0.18,24.75,89.77,Minority,Low_poverty,LPM,41.786032,-87.6253618
170318240032,671.0,74.96,12.37,12.67,White,Low_poverty,LPW,41.6686334,-87.9967877
170318241163,1215.0,79.09,26.17,11.61,White,Low_poverty,LPW,41.6139115,-87.8630271
170312602001,960.0,0.0,25.71,100.0,Minority,Low_poverty,LPM,41.8843243,-87.7282302
170312712001,1326.0,6.71,35.29,88.91,Minority,High_poverty,HPM,41.8773597,-87.7035621
170318434001,1310.0,5.42,27.71,94.58,Minority,Low_poverty,LPM,41.8493274,-87.7320218
170310206011,1485.0,68.48,4.98,9.63,White,Low_poverty,LPW,42.002924,-87.7012949
170310307062,1079.0,36.33,14.92,43.28,Other,Low_poverty,LPO,41.98143,-87.656008
170315702001,2236.0,15.3,12.48,73.39,Minority,Low_poverty,LPM,41.8143799,-87.7307183
170318420001,1016.0,19.29,18.86,62.1,Minority,Low_poverty,LPM,41.83657,-87.6221008
170318343006,1262.0,1.11,13.55,95.09,Minority,Low_poverty,LPM,41.7478424,-87.5881891
170310814032,1465.0,59.86,26.08,1.37,White,Low_poverty,LPW,41.8929908,-87.6209561
170314909022,1485.0,0.0,27.27,98.45,Minority,Low_poverty,LPM,41.7036827,-87.6200879
170318426001,1262.0,64.58,9.17,24.56,White,Low_poverty,LPW,41.8198418,-87.640888
170318350001,1283.0,0.0,47.08,100.0,Minority,High_poverty,HPM,41.7833562,-87.6823444
170318346004,867.0,0.0,31.26,100.0,Minority,High_poverty,HPM,41.7904115,-87.6321444
170318348003,522.0,0.0,35.82,98.08,Minority,High_poverty,HPM,41.785245,-87.6425238
170315305033,2137.0,0.0,18.49,100.0,Minority,Low_poverty,LPM,41.6619118,-87.6350756
170310305004,1732.0,65.47,6.58,26.1,White,Low_poverty,LPW,41.9849407,-87.6663665
170313201004,5121.0,70.34,4.26,14.24,White,Low_poverty,LPW,41.8867239,-87.6156902
170310632001,1197.0,85.38,6.85,8.6,White,Low_poverty,LPW,41.9373639,-87.6404933
170318293012,2322.0,30.32,15.37,61.5,Minority,Low_poverty,LPM,41.5145094,-87.6630824
170311913011,1798.0,1.78,31.92,88.15,Minority,High_poverty,HPM,41.9225276,-87.7795106
170318051121,1947.0,40.27,5.91,21.06,Other,Low_poverty,LPO,42.0208349,-87.933735
170313905001,1565.0,22.04,21.73,66.2,Minority,Low_poverty,LPM,41.8059781,-87.5991987
170313006001,1518.0,13.83,24.75,85.18,Minority,Low_poverty,LPM,41.849821,-87.7173838
170318042014,1140.0,74.21,5.79,0.0,White,Low_poverty,LPW,42.0988871,-88.1581646
170318240051,1738.0,86.65,2.36,4.48,White,Low_poverty,LPW,41.6720956,-88.0145427
170318047102,926.0,71.92,0.0,11.88,White,Low_poverty,LPW,42.0310454,-88.0970442
170318048071,1151.0,80.71,2.69,14.07,White,Low_poverty,LPW,42.0148743,-88.1147886
170318024021,2011.0,38.74,16.42,46.39,Other,Low_poverty,LPO,42.1478428,-87.9215823
170318157013,1179.0,75.57,3.56,23.07,White,Low_poverty,LPW,41.8372058,-87.8087489
170318085004,1043.0,53.12,14.96,30.2,White,Low_poverty,LPW,42.0440493,-87.7766683
170311511002,1337.0,21.39,5.53,72.7,Minority,Low_poverty,LPM,41.940494,-87.7592037
170310810004,1491.0,40.17,22.13,38.97,Other,Low_poverty,LPO,41.9030115,-87.6335962
170318413002,1454.0,12.72,22.7,82.12,Minority,Low_poverty,LPM,41.8457004,-87.6857855
170312206023,1469.0,43.36,17.39,54.73,Minority,Low_poverty,LPM,41.9301089,-87.7090823
170318039012,1787.0,75.55,2.69,7.66,White,Low_poverty,LPW,42.0973115,-88.019328
170314701002,847.0,1.18,26.09,95.75,Minority,Low_poverty,LPM,41.7296892,-87.5949474
170318016064,887.0,64.26,0.0,1.8,White,Low_poverty,LPW,42.1203374,-87.8616673
170316119002,548.0,4.74,45.07,95.26,Minority,High_poverty,HPM,41.7983368,-87.6574372
170318045092,1945.0,24.58,6.72,69.98,Minority,Low_poverty,LPM,42.0060626,-88.1634963
170310310003,1497.0,73.81,1.34,23.05,White,Low_poverty,LPW,41.9709282,-87.672065
170311711002,1346.0,44.5,1.93,52.45,Minority,Low_poverty,LPM,41.9402345,-87.7799345
170315609002,514.0,81.13,0.0,18.87,White,Low_poverty,LPW,41.7959334,-87.7867996
170311402002,1566.0,21.01,28.22,52.43,Minority,Low_poverty,LPM,41.9693302,-87.711558
170318051073,967.0,70.94,13.24,3.83,White,Low_poverty,LPW,42.0362114,-87.9680523
170318226013,1243.0,73.21,1.85,26.79,White,Low_poverty,LPW,41.7088214,-87.7635699
170318030051,973.0,95.68,0.92,2.36,White,Low_poverty,LPW,42.1271233,-87.9874528
170318110005,984.0,71.34,8.64,20.02,White,Low_poverty,LPW,41.9159053,-87.8231225
170318295001,2454.0,21.6,19.95,77.75,Minority,Low_poverty,LPM,41.4866469,-87.6470419
170318227022,610.0,78.85,12.46,21.15,White,Low_poverty,LPW,41.7053759,-87.7333157
170318303002,992.0,13.31,26.31,84.88,Minority,Low_poverty,LPM,41.4821159,-87.684837
170318118002,1560.0,36.67,10.9,62.88,Minority,Low_poverty,LPM,41.9138931,-87.9122746
170315608005,1162.0,53.96,0.0,46.04,White,Low_poverty,LPW,41.7960317,-87.7800915
170318278052,1289.0,9.31,2.17,90.69,Minority,Low_poverty,LPM,41.5821881,-87.5971677
170318002004,1000.0,79.8,1.4,0.0,White,Low_poverty,LPW,42.1213107,-87.7521057
170311002005,1134.0,83.69,14.55,5.73,White,Low_poverty,LPW,41.995463,-87.8018527
170318299012,1321.0,0.0,0.0,100.0,Minority,Low_poverty,LPM,41.5450824,-87.7173077
170318106003,1301.0,71.79,13.53,20.21,White,Low_poverty,LPW,41.9665829,-87.8023263
170310801006,817.0,90.82,5.51,9.18,White,Low_poverty,LPW,41.9067663,-87.6281414
170318043112,6052.0,43.75,5.6,34.33,Other,Low_poverty,LPO,42.0624867,-88.2399931
170313906002,904.0,70.35,10.18,17.81,White,Low_poverty,LPW,41.8045995,-87.5945481
170318146002,1193.0,23.39,35.71,72.34,Minority,High_poverty,HPM,41.8598786,-87.7813484
170318016065,1599.0,91.31,12.45,1.56,White,Low_poverty,LPW,42.1218273,-87.8753663
170318205011,676.0,65.24,4.15,34.76,White,Low_poverty,LPW,41.7714394,-87.8234876
170318043092,900.0,49.78,2.63,29.55,Other,Low_poverty,LPO,42.0119809,-88.1522064
170318054025,995.0,91.76,0.0,0.0,White,Low_poverty,LPW,42.0217294,-87.8132328
170318216004,973.0,43.37,8.22,54.78,Minority,Low_poverty,LPM,41.7304443,-87.7094327
170318060032,572.0,41.78,21.5,9.62,Other,Low_poverty,LPO,42.0520891,-87.8530488
170318047062,1092.0,60.16,0.0,25.27,White,Low_poverty,LPW,42.0510652,-88.1079277
170310710002,1868.0,90.36,7.32,4.98,White,Low_poverty,LPW,41.9198842,-87.6558525
170311604001,2579.0,35.44,17.6,54.79,Minority,Low_poverty,LPM,41.9580515,-87.7202278
170318093003,1484.0,57.82,45.39,18.53,White,High_poverty,HPW,42.0556759,-87.6880242
170318048081,693.0,62.34,1.01,17.6,White,Low_poverty,LPW,42.0218909,-88.1063503
170318208003,927.0,50.16,2.59,47.03,White,Low_poverty,LPW,41.8090968,-87.7730786
170312505003,837.0,59.02,1.43,39.31,White,Low_poverty,LPW,41.9107983,-87.7985107
170318246023,1884.0,63.16,29.03,29.4,White,Low_poverty,LPW,41.6216228,-87.7322528
170318250001,1445.0,66.78,3.67,22.36,White,Low_poverty,LPW,41.6089284,-87.7302813
170318076001,1127.0,51.64,1.33,31.5,White,Low_poverty,LPW,42.0303595,-87.7150225
170316116001,1105.0,1.54,20.63,96.02,Minority,Low_poverty,LPM,41.799205,-87.6766364
170318125002,496.0,76.81,0.81,2.22,White,Low_poverty,LPW,41.8894502,-87.7773917
170318420002,2148.0,44.97,14.65,25.75,Other,Low_poverty,LPO,41.8346372,-87.6262222
170312214001,891.0,43.77,4.38,45.12,Other,Low_poverty,LPO,41.9230927,-87.6946543
170318102006,898.0,21.16,6.24,78.84,Minority,Low_poverty,LPM,42.021461,-87.6875076
170318153003,611.0,39.12,3.93,52.37,Minority,Low_poverty,LPM,41.8391278,-87.7955183
170314409001,940.0,0.11,11.7,98.3,Minority,Low_poverty,LPM,41.7306841,-87.6071019
170318206062,2017.0,67.48,22.31,30.3,White,Low_poverty,LPW,41.7388762,-87.8485416
170312819002,1484.0,29.92,18.26,14.55,Other,Low_poverty,LPO,41.8812022,-87.6419056
170318114023,1741.0,37.56,1.15,58.99,Minority,Low_poverty,LPM,41.9242619,-87.8716413
170313812001,890.0,3.15,15.17,84.72,Minority,Low_poverty,LPM,41.8066832,-87.6145626
170318279022,1164.0,10.31,17.37,84.36,Minority,Low_poverty,LPM,41.5809541,-87.5300877
170318036072,1049.0,74.36,3.24,15.83,White,Low_poverty,LPW,42.120293,-88.0156966
170318166001,1075.0,10.7,8.65,89.3,Minority,Low_poverty,LPM,41.9066584,-87.8784852
170318316003,813.0,27.8,7.63,72.21,Minority,Low_poverty,LPM,41.9289738,-87.8036744
170318209024,1574.0,48.28,2.41,51.72,Minority,Low_poverty,LPM,41.7505688,-87.7650971
170311906013,2940.0,9.97,6.78,87.38,Minority,Low_poverty,LPM,41.9274648,-87.7768
170318238034,1395.0,95.7,10.47,4.3,White,Low_poverty,LPW,41.6967965,-87.8147475
170318246011,1310.0,73.44,1.98,12.75,White,Low_poverty,LPW,41.628964,-87.7325275
170312209011,1065.0,23.38,22.54,75.77,Minority,Low_poverty,LPM,41.9190685,-87.7204977
170318036062,1708.0,14.87,31.79,84.13,Minority,High_poverty,HPM,42.141345,-88.0186614
170316009003,580.0,71.9,9.37,26.55,White,Low_poverty,LPW,41.836568,-87.6547655
170318184022,882.0,48.75,18.82,24.26,Other,Low_poverty,LPO,41.8511858,-87.8895276
170310814011,880.0,93.18,6.48,4.66,White,Low_poverty,LPW,41.8950618,-87.6222889
170318199001,1142.0,98.07,6.83,1.93,White,Low_poverty,LPW,41.8143107,-87.9103413
170316720001,737.0,0.0,7.33,100.0,Minority,Low_poverty,LPM,41.7621605,-87.6655498
170313301003,6598.0,62.16,2.33,17.78,White,Low_poverty,LPW,41.8630095,-87.6230113
170313107001,1514.0,23.25,22.06,66.31,Minority,Low_poverty,LPM,41.8559903,-87.6649061
170314913002,663.0,0.45,38.16,99.55,Minority,High_poverty,HPM,41.6871079,-87.6253422
170318305002,1367.0,0.0,26.85,100.0,Minority,Low_poverty,LPM,41.8356778,-87.7186758
170318356001,274.0,0.0,32.85,97.81,Minority,High_poverty,HPM,41.805476,-87.6323158
170317504001,1409.0,85.1,5.89,14.91,White,Low_poverty,LPW,41.688671,-87.6854401
170318248003,1562.0,5.63,22.22,85.28,Minority,Low_poverty,LPM,41.6149822,-87.6789594
170318043054,1706.0,74.85,6.57,12.49,White,Low_poverty,LPW,42.0353749,-88.1725146
170318011003,1378.0,92.38,0.0,3.12,White,Low_poverty,LPW,42.0707758,-87.7156437
170318258021,2863.0,5.66,5.83,94.34,Minority,Low_poverty,LPM,41.6269939,-87.5681892
170318297001,879.0,1.25,36.18,94.54,Minority,High_poverty,HPM,41.510781,-87.5850336
170318036081,2591.0,88.23,1.51,3.47,White,Low_poverty,LPW,42.1428265,-88.0923606
170318036101,1476.0,57.79,7.98,9.69,White,Low_poverty,LPW,42.131735,-88.0796716
170318035002,770.0,97.4,3.64,0.0,White,Low_poverty,LPW,42.072706,-87.9864224
170318076002,1875.0,30.61,14.99,15.78,Other,Low_poverty,LPO,42.0192629,-87.7422135
170311204001,1086.0,71.18,7.64,22.19,White,Low_poverty,LPW,41.9815134,-87.753327
170318035005,498.0,100.0,14.66,0.0,White,Low_poverty,LPW,42.0794525,-87.9979741
170318268001,1906.0,6.82,21.35,85.63,Minority,Low_poverty,LPM,41.6267561,-87.6715225
170311705004,1078.0,76.07,2.04,23.1,White,Low_poverty,LPW,41.9466944,-87.8322063
170318091002,845.0,85.68,0.0,7.81,White,Low_poverty,LPW,42.0561106,-87.7053949
170318228021,1821.0,75.4,3.73,21.86,White,Low_poverty,LPW,41.7001189,-87.7320809
170317001002,1040.0,0.0,25.76,98.94,Minority,Low_poverty,LPM,41.7535616,-87.6910859
170318290002,539.0,0.0,42.3,100.0,Minority,High_poverty,HPM,41.5046926,-87.6278102
170318259002,1442.0,11.79,25.56,88.21,Minority,Low_poverty,LPM,41.6200314,-87.5430412
170318235003,1481.0,28.63,9.51,61.85,Minority,Low_poverty,LPM,41.661999,-87.6834522
170310812022,810.0,87.28,1.11,5.43,White,Low_poverty,LPW,41.9019935,-87.6263697
170318237054,1528.0,81.35,26.66,17.09,White,Low_poverty,LPW,41.7202452,-87.8246071
170318150003,1143.0,25.98,4.11,70.42,Minority,Low_poverty,LPM,41.8570116,-87.7899217
170318241192,3246.0,83.27,4.04,5.24,White,Low_poverty,LPW,41.566014,-87.8982902
170318092004,764.0,15.71,18.98,78.14,Minority,Low_poverty,LPM,42.0515201,-87.7054019
170318249002,2115.0,15.27,24.35,83.97,Minority,Low_poverty,LPM,41.6122002,-87.7048079
170317403002,796.0,96.36,3.89,0.13,White,Low_poverty,LPW,41.6951744,-87.7040285
170311506001,1066.0,42.12,11.63,48.03,Other,Low_poverty,LPO,41.951326,-87.7693822
170318025034,948.0,33.44,16.03,17.72,Other,Low_poverty,LPO,42.1296011,-87.9581977
170313204001,3150.0,60.83,11.02,18.19,White,Low_poverty,LPW,41.875817,-87.6172556
170318043091,2186.0,30.88,9.78,63.08,Minority,Low_poverty,LPM,42.0135423,-88.1663451
170318175004,1050.0,0.0,13.6,95.42,Minority,Low_poverty,LPM,41.8788656,-87.8413263
170310310002,1488.0,71.64,7.68,15.19,White,Low_poverty,LPW,41.972293,-87.6698118
170318422001,3362.0,64.37,8.41,28.73,White,Low_poverty,LPW,41.9047279,-87.6492199
170318239012,1668.0,89.63,4.04,6.9,White,Low_poverty,LPW,41.67862,-87.8390487
170318051112,942.0,54.67,10.51,5.2,White,Low_poverty,LPW,42.0352977,-87.9317664
170318058022,817.0,93.02,6.49,2.08,White,Low_poverty,LPW,42.0160911,-87.8503766
170317709013,623.0,81.54,11.88,13.96,White,Low_poverty,LPW,41.9708569,-87.8095674
170318003002,376.0,90.69,3.99,0.0,White,Low_poverty,LPW,42.1101353,-87.7439917
170318230015,1550.0,61.1,13.64,37.61,White,Low_poverty,LPW,41.709249,-87.7805465
170315801002,1261.0,3.57,20.14,75.02,Minority,Low_poverty,LPM,41.824684,-87.6905045
170313805001,856.0,0.0,50.0,100.0,Minority,High_poverty,HPM,41.8200988,-87.6277942
170312308001,1232.0,11.36,19.81,88.63,Minority,Low_poverty,LPM,41.9058396,-87.714953
170311602004,1365.0,57.07,8.44,28.36,White,Low_poverty,LPW,41.957139,-87.7409508
170318019013,734.0,88.83,0.0,6.67,White,Low_poverty,LPW,42.0838651,-87.8042179
170318047152,1305.0,23.68,9.27,30.81,Other,Low_poverty,LPO,42.0456119,-88.1001861
170310704001,1193.0,71.25,21.29,20.2,White,Low_poverty,LPW,41.930621,-87.6553398
170312808001,786.0,7.12,27.42,92.24,Minority,Low_poverty,LPM,41.8785967,-87.6889009
170318007002,2166.0,89.7,2.54,1.57,White,Low_poverty,LPW,42.0826006,-87.7282133
170318418002,1674.0,1.49,34.59,96.65,Minority,High_poverty,HPM,41.7677628,-87.5991317
170318231012,776.0,80.93,9.28,19.08,White,Low_poverty,LPW,41.6986347,-87.7911844
170318011001,722.0,82.55,0.0,0.0,White,Low_poverty,LPW,42.0818523,-87.7173102
170318236053,669.0,67.12,16.74,32.88,White,Low_poverty,LPW,41.668323,-87.7648708
170317111001,812.0,0.0,12.44,100.0,Minority,Low_poverty,LPM,41.7404567,-87.6552883
170315906003,781.0,30.47,7.46,53.52,Minority,Low_poverty,LPM,41.8246466,-87.6730942
170312515003,1214.0,0.0,31.89,98.68,Minority,High_poverty,HPM,41.893602,-87.7619195
170316905001,632.0,0.0,50.16,100.0,Minority,High_poverty,HPM,41.7681794,-87.6121031
170314804004,476.0,7.14,25.63,92.85,Minority,Low_poverty,LPM,41.726985,-87.5786266
170318285051,1062.0,37.38,0.0,52.54,Minority,Low_poverty,LPM,41.5555132,-87.5344529
170310404024,700.0,81.14,6.0,3.29,White,Low_poverty,LPW,41.9713153,-87.6815448
170318419001,2542.0,51.49,6.31,25.34,White,Low_poverty,LPW,41.8730624,-87.6450342
170317402004,1605.0,98.63,3.18,1.37,White,Low_poverty,LPW,41.7042761,-87.7073959
170318246024,900.0,39.78,0.0,44.22,Other,Low_poverty,LPO,41.6191779,-87.7239664
170310317004,1430.0,53.71,41.75,42.87,White,High_poverty,HPW,41.9626145,-87.6628646
170318063001,695.0,67.48,9.64,16.41,White,Low_poverty,LPW,42.0435251,-87.9029056
170311406022,2071.0,18.83,11.97,60.75,Minority,Low_poverty,LPM,41.9637817,-87.7193408
170313301004,5039.0,40.07,8.53,41.3,Other,Low_poverty,LPO,41.8591203,-87.613225
170314312001,1515.0,0.66,14.92,97.36,Minority,Low_poverty,LPM,41.7534844,-87.5711472
170312922003,626.0,3.19,39.78,96.81,Minority,High_poverty,HPM,41.8564109,-87.7189174
170318264024,936.0,1.82,21.05,90.07,Minority,Low_poverty,LPM,41.6300655,-87.5930742
170318340001,2553.0,0.0,29.89,91.62,Minority,Low_poverty,LPM,41.7286754,-87.631133
170317404003,2057.0,67.87,2.87,30.87,White,Low_poverty,LPW,41.6875621,-87.723817
170318048083,508.0,88.39,1.77,7.68,White,Low_poverty,LPW,42.0219676,-88.0938212
170318050013,1624.0,93.04,3.26,6.4,White,Low_poverty,LPW,42.0541778,-87.9466226
170318342002,1148.0,0.0,11.32,100.0,Minority,Low_poverty,LPM,41.7570821,-87.580746
170318278021,1883.0,6.8,7.04,91.61,Minority,Low_poverty,LPM,41.6042861,-87.590156
170318114022,1423.0,42.87,10.33,52.42,Minority,Low_poverty,LPM,41.9270347,-87.8802708
170313812002,962.0,1.46,26.3,98.55,Minority,Low_poverty,LPM,41.809135,-87.613807
170311506004,934.0,50.43,3.75,41.54,White,Low_poverty,LPW,41.9512647,-87.7742669
170311005005,2009.0,84.72,8.11,5.87,White,Low_poverty,LPW,41.9759454,-87.8279451
170318191001,705.0,72.06,12.77,26.53,White,Low_poverty,LPW,41.8122295,-87.8062585
170318045052,889.0,76.49,2.05,17.43,White,Low_poverty,LPW,41.9926873,-88.170892
170318290001,777.0,0.77,56.89,99.23,Minority,High_poverty,HPM,41.5119711,-87.6222156
170311203002,1357.0,85.11,4.05,13.12,White,Low_poverty,LPW,41.9909722,-87.734965
170311105012,1437.0,43.42,12.17,30.9,Other,Low_poverty,LPO,41.9790502,-87.7667313
170318218005,962.0,84.72,3.64,15.28,White,Low_poverty,LPW,41.7170069,-87.7080455
170317506002,543.0,0.0,8.47,95.58,Minority,Low_poverty,LPM,41.6862557,-87.6531369
170318045051,841.0,79.31,6.54,17.48,White,Low_poverty,LPW,41.9984025,-88.1777082
170318009004,1150.0,60.17,3.68,11.74,White,Low_poverty,LPW,42.0748382,-87.7596234
170318210012,892.0,64.8,4.82,34.3,White,Low_poverty,LPW,41.7440206,-87.790578
170317702013,2656.0,60.05,6.51,21.61,White,Low_poverty,LPW,41.9983268,-88.0255144
170315802002,2059.0,3.45,36.86,83.05,Minority,High_poverty,HPM,41.8242067,-87.7005521
170318086001,1148.0,92.68,0.87,3.83,White,Low_poverty,LPW,42.0609107,-87.7817572
170318184012,722.0,14.68,3.35,85.32,Minority,Low_poverty,LPM,41.8672327,-87.8935237
170316503011,1070.0,9.44,13.46,85.88,Minority,Low_poverty,LPM,41.7768733,-87.7325797
170318237043,707.0,81.75,2.12,16.41,White,Low_poverty,LPW,41.7213816,-87.8419972
170311704003,1325.0,61.81,18.04,34.49,White,Low_poverty,LPW,41.9469695,-87.8150739
170318368001,868.0,10.6,50.12,89.4,Minority,High_poverty,HPM,41.8841643,-87.7131671
170318055022,925.0,96.11,0.0,0.0,White,Low_poverty,LPW,42.0180011,-87.8223539
170312515004,1511.0,3.71,50.36,96.3,Minority,High_poverty,HPM,41.8899212,-87.7624521
170318051072,1214.0,43.16,7.83,34.92,Other,Low_poverty,LPO,42.0472187,-87.9884067
170318036032,1135.0,95.68,3.13,0.0,White,Low_poverty,LPW,42.1211994,-88.0882557
170318030101,991.0,43.69,1.72,31.39,Other,Low_poverty,LPO,42.1492547,-87.9627478
170318030052,1502.0,86.02,8.66,3.39,White,Low_poverty,LPW,42.1333916,-87.9930783
170318026052,1364.0,95.16,1.93,0.37,White,Low_poverty,LPW,42.0914377,-87.917311
170318047093,861.0,93.15,8.04,0.58,White,Low_poverty,LPW,42.0300531,-88.0871032
170318046072,2160.0,68.15,1.76,6.06,White,Low_poverty,LPW,41.9947049,-88.0703677
170318045091,1081.0,41.54,0.0,58.46,Minority,Low_poverty,LPM,42.0077667,-88.1712266
170318249001,1280.0,11.09,7.11,88.12,Minority,Low_poverty,LPM,41.6069743,-87.6910668
170318227012,1097.0,77.67,7.2,18.41,White,Low_poverty,LPW,41.7117992,-87.7264269
170318226012,1946.0,79.6,7.09,17.11,White,Low_poverty,LPW,41.7089279,-87.7550324
170318234004,1747.0,20.84,8.64,71.04,Minority,Low_poverty,LPM,41.6657597,-87.6986891
170318216003,588.0,48.47,2.89,40.82,Other,Low_poverty,LPO,41.7271924,-87.6945969
170318209013,468.0,71.15,3.85,28.85,White,Low_poverty,LPW,41.7503229,-87.7784635
170311401002,1661.0,36.72,17.22,46.96,Other,Low_poverty,LPO,41.9699885,-87.7065046
170310802011,1306.0,74.81,1.3,12.55,White,Low_poverty,LPW,41.9089191,-87.6318382
170311303004,1789.0,37.56,20.74,23.53,Other,Low_poverty,LPO,41.9848151,-87.7144227
170318027021,1836.0,69.72,14.54,8.66,White,Low_poverty,LPW,42.0749931,-87.9197815
170318201041,956.0,52.82,8.37,46.65,White,Low_poverty,LPW,41.7827248,-87.8642152
170318200001,1032.0,63.66,4.75,15.31,White,Low_poverty,LPW,41.8104317,-87.9154746
170318192003,1684.0,56.06,4.16,39.25,White,Low_poverty,LPW,41.8152595,-87.8321021
170318189002,1557.0,69.17,5.31,27.16,White,Low_poverty,LPW,41.8246368,-87.8682167
170318237053,558.0,60.57,10.93,39.43,White,Low_poverty,LPW,41.7220446,-87.8340398
170318235004,456.0,84.87,4.17,15.13,White,Low_poverty,LPW,41.6578827,-87.6834146
170315501005,583.0,17.32,15.61,82.68,Minority,Low_poverty,LPM,41.6736841,-87.5405823
170310305001,1345.0,65.58,3.2,18.14,White,Low_poverty,LPW,41.9892043,-87.6626339
170318157011,943.0,86.11,4.03,12.51,White,Low_poverty,LPW,41.8413462,-87.812716
170318387002,1262.0,4.68,30.82,95.33,Minority,High_poverty,HPM,41.8607151,-87.7225793
170318030081,2046.0,69.16,1.81,12.07,White,Low_poverty,LPW,42.1134771,-87.9728064
170310705003,1319.0,79.98,3.11,5.38,White,Low_poverty,LPW,41.9302479,-87.6622007
170316405002,1958.0,41.42,2.0,57.96,Minority,Low_poverty,LPM,41.7755946,-87.795886
170316904004,553.0,4.52,61.93,93.49,Minority,High_poverty,HPM,41.7710159,-87.6227146
170316810003,752.0,0.0,70.35,91.63,Minority,High_poverty,HPM,41.7742124,-87.6501076
170311608001,1341.0,17.3,2.01,69.28,Minority,Low_poverty,LPM,41.9511714,-87.7091657
170311602003,538.0,57.62,3.72,35.31,White,Low_poverty,LPW,41.9578764,-87.7359163
170311507004,1253.0,48.2,19.07,46.45,Other,Low_poverty,LPO,41.9514135,-87.7644983
170311502003,1256.0,54.62,24.04,43.95,White,Low_poverty,LPW,41.9542713,-87.7522495
170311405001,1151.0,33.36,1.56,38.05,Other,Low_poverty,LPO,41.9672903,-87.7321617
170311203006,1135.0,72.69,3.17,0.0,White,Low_poverty,LPW,41.994006,-87.7447109
170316713003,519.0,0.0,41.81,100.0,Minority,High_poverty,HPM,41.7711771,-87.6724808
170318404002,1454.0,26.13,14.51,34.53,Other,Low_poverty,LPO,41.8317833,-87.6702324
170315804004,1109.0,4.87,12.36,77.27,Minority,Low_poverty,LPM,41.8120059,-87.7101904
170315704002,432.0,30.09,21.06,69.91,Minority,Low_poverty,LPM,41.8043042,-87.7191976
170318053011,806.0,61.54,7.32,4.22,White,Low_poverty,LPW,42.0419933,-87.8156768
170311103001,745.0,49.13,0.0,41.61,Other,Low_poverty,LPO,41.9808197,-87.7838017
170310303002,1935.0,36.07,34.88,53.64,Minority,High_poverty,HPM,41.9925923,-87.672454
170312432001,1036.0,64.38,2.72,27.41,White,Low_poverty,LPW,41.8946674,-87.6696899
170310711001,1868.0,70.72,1.48,11.99,White,Low_poverty,LPW,41.9221941,-87.6501631
170317108002,244.0,0.0,0.0,100.0,Minority,Low_poverty,LPM,41.7469707,-87.6457546
170311403021,573.0,58.99,7.33,14.83,White,Low_poverty,LPW,41.9710011,-87.7256603
170312518002,1277.0,0.7,60.3,99.3,Minority,High_poverty,HPM,41.8854391,-87.7528024
170318219005,1127.0,93.97,3.02,3.82,White,Low_poverty,LPW,41.7097289,-87.7082018
170318288014,1314.0,23.9,2.44,58.83,Minority,Low_poverty,LPM,41.5302701,-87.6488835
170318274002,831.0,9.03,12.66,83.51,Minority,Low_poverty,LPM,41.6007041,-87.6631749
170315306001,889.0,0.0,20.7,100.0,Minority,Low_poverty,LPM,41.6683726,-87.6188531
170318278041,1100.0,10.45,4.64,88.81,Minority,Low_poverty,LPM,41.5906606,-87.5882249
170318259003,1445.0,6.99,15.22,93.01,Minority,Low_poverty,LPM,41.6172961,-87.5395688
170318247023,1989.0,50.13,8.35,47.36,White,Low_poverty,LPW,41.6170121,-87.7126319
170318293022,1847.0,5.85,42.23,93.66,Minority,High_poverty,HPM,41.5032838,-87.6653294
170318198013,1549.0,92.12,0.65,7.36,White,Low_poverty,LPW,41.8077804,-87.8935151
170310619021,1211.0,88.36,10.65,6.11,White,Low_poverty,LPW,41.9406698,-87.6406042
170318164024,767.0,1.04,0.0,98.96,Minority,Low_poverty,LPM,41.8911173,-87.8522107
170318135004,1450.0,4.62,7.1,95.38,Minority,Low_poverty,LPM,41.8572394,-87.7769737
170318239043,934.0,99.04,0.86,0.96,White,Low_poverty,LPW,41.6576351,-87.8003766
170318222003,1013.0,66.24,1.18,22.7,White,Low_poverty,LPW,41.7242945,-87.7661463
170318218001,728.0,42.58,7.42,57.14,Minority,Low_poverty,LPM,41.7208598,-87.69073
170318148003,1087.0,36.71,11.04,50.05,Minority,Low_poverty,LPM,41.8486615,-87.7958538
170318142003,1222.0,9.82,24.63,90.18,Minority,Low_poverty,LPM,41.8346081,-87.750033
170318184014,1060.0,52.26,0.0,34.81,White,Low_poverty,LPW,41.8557422,-87.909508
170312522021,891.0,2.81,12.91,97.19,Minority,Low_poverty,LPM,41.8787013,-87.7427627
170312514002,782.0,26.85,10.23,73.15,Minority,Low_poverty,LPM,41.8906973,-87.7673338
170312315003,194.0,0.0,0.0,85.57,Minority,Low_poverty,LPM,41.8899185,-87.7167605
170318414001,463.0,0.0,16.2,100.0,Minority,Low_poverty,LPM,41.8538925,-87.7120361
170318429004,249.0,16.47,39.36,51.8,Minority,High_poverty,HPM,41.8630708,-87.6777127
170318094002,1412.0,46.74,20.73,15.08,Other,Low_poverty,LPO,42.0441776,-87.6807726
170318083021,1271.0,38.71,0.0,17.7,Other,Low_poverty,LPO,42.0351031,-87.7692643
170318076004,1416.0,29.66,6.59,18.78,Other,Low_poverty,LPO,42.019245,-87.728711
170318042024,2652.0,61.43,2.79,3.39,White,Low_poverty,LPW,42.088469,-88.1319193
170310629002,1313.0,82.03,5.71,10.43,White,Low_poverty,LPW,41.9337799,-87.6560849
170310203022,1176.0,33.67,15.9,34.19,Other,Low_poverty,LPO,42.0075238,-87.6978969
170318028014,1018.0,76.03,0.0,15.03,White,Low_poverty,LPW,42.0852657,-87.950813
170310208014,2371.0,33.28,20.12,19.82,Other,Low_poverty,LPO,41.9886398,-87.6920418
170312003002,1079.0,5.93,28.27,94.07,Minority,Low_poverty,LPM,41.9234474,-87.7372134
170311911002,753.0,5.84,18.77,81.94,Minority,Low_poverty,LPM,41.9165713,-87.7475704
170311904022,3127.0,27.15,5.63,72.85,Minority,Low_poverty,LPM,41.9330348,-87.771169
170311710003,1022.0,56.46,1.66,39.92,White,Low_poverty,LPW,41.9399981,-87.7951449
170311706002,1516.0,77.31,6.2,20.12,White,Low_poverty,LPW,41.9412492,-87.8325479
170311003005,733.0,97.0,5.18,3.0,White,Low_poverty,LPW,41.9951093,-87.8124044
170311002006,877.0,74.23,0.0,9.81,White,Low_poverty,LPW,41.9996278,-87.8032001
170310818001,4485.0,72.44,4.35,3.74,White,Low_poverty,LPW,41.8943072,-87.6407385
170318326003,2244.0,87.34,4.1,4.55,White,Low_poverty,LPW,41.9159661,-87.6508591
170310814033,2480.0,68.95,16.05,6.49,White,Low_poverty,LPW,41.8921894,-87.621002
170313007003,904.0,5.64,14.38,94.36,Minority,Low_poverty,LPM,41.8471463,-87.7124295
170310619022,2010.0,80.1,11.49,3.29,White,Low_poverty,LPW,41.9421085,-87.6410388
170318043104,1646.0,62.03,9.23,20.36,White,Low_poverty,LPW,42.0377094,-88.204008
170318026083,926.0,84.13,0.0,5.08,White,Low_poverty,LPW,42.1025564,-87.9416046
170317705001,3722.0,16.5,29.15,82.86,Minority,Low_poverty,LPM,42.0125061,-87.9306304
170318240053,1749.0,92.05,3.66,7.95,White,Low_poverty,LPW,41.6490481,-88.013744
170318368002,1529.0,6.15,75.47,93.85,Minority,High_poverty,HPM,41.8854592,-87.7086952
170315305014,1159.0,5.52,3.8,88.96,Minority,Low_poverty,LPM,41.6743533,-87.6249542
170314314001,2263.0,9.94,34.62,83.56,Minority,High_poverty,HPM,41.7618284,-87.5597375
170310701031,719.0,75.52,8.21,11.54,White,Low_poverty,LPW,41.9261533,-87.6423753
170316720004,498.0,1.2,8.35,95.18,Minority,Low_poverty,LPM,41.7592885,-87.6748393
170318287022,2118.0,25.07,20.71,59.63,Minority,Low_poverty,LPM,41.5308429,-87.6013525
170316813002,1023.0,0.78,60.9,95.41,Minority,High_poverty,HPM,41.7630455,-87.6382487
170318201013,970.0,55.46,3.12,17.73,White,Low_poverty,LPW,41.7813361,-87.9124782
170310205001,2783.0,14.19,18.88,36.44,Other,Low_poverty,LPO,41.9990239,-87.6805469
170310321002,876.0,82.88,10.05,10.05,White,Low_poverty,LPW,41.9598772,-87.6550977
170310803001,835.0,86.59,7.54,1.92,White,Low_poverty,LPW,41.9067492,-87.6354934
170318050021,2404.0,60.98,7.07,24.87,White,Low_poverty,LPW,42.0447438,-87.9520856
170310803004,931.0,96.78,3.44,0.0,White,Low_poverty,LPW,41.909414,-87.6344127
170318021001,773.0,96.25,0.0,0.0,White,Low_poverty,LPW,42.0769052,-87.8110522
170318378002,1234.0,9.24,41.98,83.22,Minority,High_poverty,HPM,41.8849669,-87.679186
170315101002,1889.0,9.26,20.01,90.74,Minority,Low_poverty,LPM,41.7114375,-87.5502767
170317004013,2035.0,8.75,6.27,81.42,Minority,Low_poverty,LPM,41.7431626,-87.7168682
170317004014,486.0,0.0,0.0,96.09,Minority,Low_poverty,LPM,41.7438217,-87.7046605
170314603011,1562.0,0.0,22.55,100.0,Minority,Low_poverty,LPM,41.7400464,-87.5563347
170314406002,1004.0,0.0,18.03,99.1,Minority,Low_poverty,LPM,41.7322229,-87.6208496
170310718001,1998.0,64.86,6.43,20.82,White,Low_poverty,LPW,41.9145987,-87.6453676
170318184011,664.0,33.89,24.25,62.8,Minority,Low_poverty,LPM,41.8673445,-87.9103269
170318230012,806.0,46.4,9.31,50.0,Minority,Low_poverty,LPM,41.7013282,-87.7868666
170318265002,1306.0,6.66,42.27,91.81,Minority,High_poverty,HPM,41.631673,-87.6051717
170316609002,1455.0,5.57,27.97,88.8,Minority,Low_poverty,LPM,41.7664769,-87.6857394
170318059011,1404.0,65.1,2.71,8.68,White,Low_poverty,LPW,42.0378141,-87.8642208
170318152002,746.0,19.57,0.8,80.43,Minority,Low_poverty,LPM,41.8397786,-87.7807951
170317201002,1725.0,62.2,0.0,35.25,White,Low_poverty,LPW,41.7306402,-87.6762933
170318028023,1308.0,78.21,2.37,17.59,White,Low_poverty,LPW,42.0716744,-87.9364871
170318078002,1298.0,57.7,1.48,13.94,White,Low_poverty,LPW,42.0177556,-87.7652941
170318397002,1446.0,47.93,23.37,26.07,Other,Low_poverty,LPO,41.8326863,-87.6462153
170311701001,1931.0,79.03,8.18,16.11,White,Low_poverty,LPW,41.9558596,-87.7948168
170312312005,1452.0,0.0,41.21,100.0,Minority,High_poverty,HPM,41.8990278,-87.7249723
170311504022,843.0,85.41,13.4,13.52,White,Low_poverty,LPW,41.9549104,-87.7743936
170311902001,1822.0,8.07,4.56,89.63,Minority,Low_poverty,LPM,41.9378516,-87.7517539
170318255052,416.0,1.68,0.0,98.32,Minority,Low_poverty,LPM,41.5679802,-87.727089
170318024031,1340.0,84.63,3.13,6.19,White,Low_poverty,LPW,42.1418701,-87.9531258
170318041063,1478.0,53.11,0.0,4.94,White,Low_poverty,LPW,42.0827487,-88.0577884
170312306005,1987.0,2.16,18.02,96.48,Minority,Low_poverty,LPM,41.9039091,-87.7337212
170316007002,1599.0,42.21,9.26,20.83,Other,Low_poverty,LPO,41.8417983,-87.661555
170318083011,810.0,62.72,8.88,6.42,White,Low_poverty,LPW,42.0339483,-87.7927085
170318036111,377.0,63.66,0.0,0.0,White,Low_poverty,LPW,42.1517384,-88.017257
170318047091,1249.0,25.22,7.69,33.14,Other,Low_poverty,LPO,42.0444208,-88.0844339
170318114011,616.0,25.97,5.52,50.81,Minority,Low_poverty,LPM,41.933748,-87.8824033
170316912002,901.0,0.0,35.18,96.0,Minority,High_poverty,HPM,41.7542944,-87.6288679
170317005021,1434.0,6.28,3.0,91.56,Minority,Low_poverty,LPM,41.7391666,-87.6843649
170317404004,627.0,78.63,0.0,19.13,White,Low_poverty,LPW,41.6823358,-87.7084011
170314402014,1433.0,9.07,40.27,89.18,Minority,High_poverty,HPM,41.7478645,-87.6135945
170317004011,2418.0,1.82,20.8,94.83,Minority,Low_poverty,LPM,41.7463098,-87.7081816
170318061042,1113.0,51.93,30.71,20.66,White,High_poverty,HPW,42.0612973,-87.8848165
170318415002,1299.0,1.85,29.72,97.31,Minority,Low_poverty,LPM,41.8597105,-87.7078206
170318402001,2419.0,21.91,14.52,18.07,Other,Low_poverty,LPO,41.8446476,-87.6492096
170318359003,1125.0,14.13,28.62,85.86,Minority,Low_poverty,LPM,41.8184019,-87.6190205
170318439001,783.0,4.73,49.04,93.87,Minority,High_poverty,HPM,41.7799698,-87.5747155
170318347003,357.0,0.0,50.14,100.0,Minority,High_poverty,HPM,41.7907473,-87.6426009
170318253042,2312.0,85.42,2.25,14.19,White,Low_poverty,LPW,41.576663,-87.8030879
170313501001,846.0,2.96,24.82,30.38,Other,Low_poverty,LPO,41.840259,-87.6079492
170318319002,1329.0,80.06,4.36,10.99,White,Low_poverty,LPW,41.9451331,-87.6712142
170318421001,1637.0,1.28,55.4,98.6,Minority,High_poverty,HPM,41.8996498,-87.7382079
170313105001,1491.0,22.13,19.32,77.4,Minority,Low_poverty,LPM,41.855248,-87.65474
170313814001,1415.0,0.35,15.27,95.05,Minority,Low_poverty,LPM,41.8076202,-87.6214298
170314701001,1159.0,0.0,8.11,100.0,Minority,Low_poverty,LPM,41.7256566,-87.5991814
170314905002,1034.0,0.0,27.37,98.26,Minority,Low_poverty,LPM,41.7180892,-87.6194836
170315502002,1031.0,35.01,18.23,64.99,Minority,Low_poverty,LPM,41.6550974,-87.564827
170316403004,1543.0,48.15,0.0,51.85,Minority,Low_poverty,LPM,41.7835172,-87.7683515
170310505003,863.0,69.06,1.74,21.55,White,Low_poverty,LPW,41.9495582,-87.681662
170310409002,653.0,88.67,0.0,4.75,White,Low_poverty,LPW,41.9622947,-87.6838589
170310404023,1523.0,78.79,3.61,5.25,White,Low_poverty,LPW,41.9708403,-87.6790418
170310317001,2518.0,64.18,39.52,27.56,White,High_poverty,HPW,41.9680606,-87.663487
170310309003,1013.0,56.86,7.7,27.34,White,Low_poverty,LPW,41.9788883,-87.6713526
170310303001,1741.0,32.62,6.89,39.05,Other,Low_poverty,LPO,41.9961968,-87.6726162
170318351002,1476.0,1.36,20.26,96.88,Minority,Low_poverty,LPM,41.7905764,-87.689443
170316120001,373.0,0.0,1.88,100.0,Minority,Low_poverty,LPM,41.7996562,-87.6531914
170316114003,1213.0,4.53,44.7,91.84,Minority,High_poverty,HPM,41.8061559,-87.6735337
170318426002,993.0,6.04,20.63,84.29,Minority,Low_poverty,LPM,41.8157731,-87.6553558
170318343003,441.0,1.13,48.07,91.84,Minority,High_poverty,HPM,41.7423469,-87.5880868
170317111002,843.0,0.0,11.74,100.0,Minority,Low_poverty,LPM,41.7373876,-87.6576344
170317102005,1078.0,0.0,42.39,100.0,Minority,High_poverty,HPM,41.7550339,-87.656279
170317003011,1976.0,10.48,8.43,84.46,Minority,Low_poverty,LPM,41.7473955,-87.7273371
170318138012,1036.0,1.45,7.92,98.55,Minority,Low_poverty,LPM,41.8547011,-87.7417174
170318129004,1334.0,76.09,9.85,18.37,White,Low_poverty,LPW,41.8763104,-87.8010452
170314313013,1191.0,3.44,32.66,92.95,Minority,High_poverty,HPM,41.7526893,-87.5623576
170314911004,1472.0,5.16,0.0,90.89,Minority,Low_poverty,LPM,41.6960257,-87.640069
170314804005,443.0,0.0,8.58,100.0,Minority,Low_poverty,LPM,41.7288079,-87.5786674
170314605003,882.0,0.0,2.38,100.0,Minority,Low_poverty,LPM,41.7417145,-87.5682373
170314603023,677.0,9.31,14.77,90.7,Minority,Low_poverty,LPM,41.7436372,-87.556486
170318411004,1478.0,1.69,31.53,0.21,Other,High_poverty,HPO,41.85148,-87.6311228
170318102002,1418.0,23.34,4.65,33.28,Other,Low_poverty,LPO,42.0206047,-87.6775009
170318095001,1741.0,68.98,21.94,12.58,White,Low_poverty,LPW,42.0496979,-87.6895189
170318049012,942.0,89.28,0.0,0.0,White,Low_poverty,LPW,42.0608324,-87.9272727
170318048082,1417.0,50.32,14.04,31.12,White,Low_poverty,LPW,42.0221697,-88.0999067
170318117023,2589.0,34.96,8.61,63.23,Minority,Low_poverty,LPM,41.9268768,-87.8932441
170318115004,1494.0,67.87,6.89,31.39,White,Low_poverty,LPW,41.9427073,-87.8798544
170318104004,973.0,90.54,1.64,0.0,White,Low_poverty,LPW,41.9934324,-87.8332659
170318119004,2288.0,76.88,0.55,13.34,White,Low_poverty,LPW,41.9013694,-87.8245847
170317305003,1034.0,0.0,51.93,100.0,Minority,High_poverty,HPM,41.7096896,-87.6398704
170316703001,205.0,0.0,27.8,81.95,Minority,Low_poverty,LPM,41.7890012,-87.6662744
170316607001,726.0,1.93,44.63,98.07,Minority,High_poverty,HPM,41.7763227,-87.6810176
170316505003,1613.0,19.4,8.4,77.49,Minority,Low_poverty,LPM,41.7612751,-87.7327405
170316504003,1759.0,5.23,23.71,93.46,Minority,Low_poverty,LPM,41.7613827,-87.7158101
170318299023,1678.0,35.28,5.07,63.23,Minority,Low_poverty,LPM,41.536222,-87.7043443
170318305001,1322.0,2.57,23.3,97.43,Minority,Low_poverty,LPM,41.8294851,-87.7303419
170318122003,1142.0,79.51,3.77,11.38,White,Low_poverty,LPW,41.9034632,-87.7996089
170310318001,1889.0,73.74,5.46,15.41,White,Low_poverty,LPW,41.9670114,-87.6706209
170310314006,924.0,60.82,9.74,14.82,White,Low_poverty,LPW,41.963881,-87.6448813
170318272004,859.0,12.34,29.45,87.66,Minority,Low_poverty,LPM,41.6037571,-87.6324091
170318120006,620.0,63.06,5.07,18.39,White,Low_poverty,LPW,41.8893582,-87.8282174
170318285064,595.0,81.51,18.49,18.49,White,Low_poverty,LPW,41.5181701,-87.548013
170318302013,1447.0,11.26,4.22,88.74,Minority,Low_poverty,LPM,41.4786188,-87.7054459
170310502002,2254.0,80.08,3.9,10.25,White,Low_poverty,LPW,41.9581693,-87.68113
170318208001,1630.0,25.28,17.95,73.31,Minority,Low_poverty,LPM,41.8055931,-87.7578041
170318240031,3771.0,94.06,1.99,4.75,White,Low_poverty,LPW,41.6629825,-87.9887573
170318245072,2080.0,89.42,4.18,5.67,White,Low_poverty,LPW,41.5946644,-87.7684102
170312405001,2425.0,81.86,5.24,8.49,White,Low_poverty,LPW,41.9119698,-87.6836341
170312517001,1182.0,3.64,14.55,96.36,Minority,Low_poverty,LPM,41.8913844,-87.7444793
170316711001,754.0,0.53,43.37,97.08,Minority,High_poverty,HPM,41.7767771,-87.6617159
170318245035,1882.0,86.56,10.2,10.73,White,Low_poverty,LPW,41.6424636,-87.7459209
170318241174,1944.0,88.27,4.17,2.67,White,Low_poverty,LPW,41.5647572,-87.8472324
170318205015,2088.0,76.87,5.65,21.22,White,Low_poverty,LPW,41.7380772,-87.8142298
170318253023,2607.0,73.19,0.81,23.89,White,Low_poverty,LPW,41.583054,-87.7408758
170318287023,1795.0,13.43,18.77,85.96,Minority,Low_poverty,LPM,41.5496965,-87.5955714
170318302011,2055.0,12.12,29.54,87.89,Minority,Low_poverty,LPM,41.4758999,-87.7116274
170317005013,781.0,0.38,0.0,96.42,Minority,Low_poverty,LPM,41.7472247,-87.6919216
170318061021,1872.0,67.9,13.59,19.23,White,Low_poverty,LPW,42.0505756,-87.8928341
170318086002,932.0,86.16,2.58,3.86,White,Low_poverty,LPW,42.0580418,-87.7980659
170318069003,1453.0,39.57,7.85,19.41,Other,Low_poverty,LPO,42.0560331,-87.7612723
170310102012,3925.0,37.4,30.81,52.89,Minority,High_poverty,HPM,42.0174478,-87.6809059
170310312001,808.0,63.61,8.91,24.63,White,Low_poverty,LPW,41.9703153,-87.6562518
170315608001,1408.0,58.38,3.84,40.48,White,Low_poverty,LPW,41.7963581,-87.7648555
170318177004,651.0,0.0,7.99,100.0,Minority,Low_poverty,LPM,41.8742401,-87.8562599
170318173001,2622.0,3.62,33.1,93.56,Minority,High_poverty,HPM,41.8840812,-87.8478481
170318170002,783.0,0.64,6.61,99.11,Minority,Low_poverty,LPM,41.8853548,-87.8650204
170318168001,881.0,50.96,22.04,45.17,White,Low_poverty,LPW,41.8973548,-87.9113336
170318161006,1177.0,56.24,2.65,41.21,White,Low_poverty,LPW,41.8623831,-87.8255518
170318156004,900.0,46.44,2.22,52.67,Minority,Low_poverty,LPM,41.8479321,-87.8389309
170317705002,308.0,7.79,7.79,92.21,Minority,Low_poverty,LPM,42.0070739,-87.9476645
170312507005,1039.0,0.0,23.77,100.0,Minority,Low_poverty,LPM,41.906641,-87.7616162
170318080024,677.0,44.17,13.44,12.26,Other,Low_poverty,LPO,42.0005214,-87.7251204
170318079002,1353.0,52.92,2.88,9.61,White,Low_poverty,LPW,42.0006596,-87.7446762
170318074002,1556.0,40.49,2.19,2.7,Other,Low_poverty,LPO,42.0248516,-87.7386405
170318068012,1734.0,57.04,8.42,15.8,White,Low_poverty,LPW,42.0572453,-87.7404524
170318273001,525.0,1.33,47.05,47.62,Other,High_poverty,HPO,41.6090473,-87.6413364
170318283001,2090.0,65.69,7.85,33.31,White,Low_poverty,LPW,41.5707283,-87.5939773
170318224001,1442.0,69.28,47.99,26.9,White,High_poverty,HPW,41.7305194,-87.7859612
170318239031,1350.0,82.52,3.32,11.92,White,Low_poverty,LPW,41.6730152,-87.809092
170318231011,1088.0,97.06,17.37,2.94,White,Low_poverty,LPW,41.6958097,-87.7954704
170313109001,1991.0,12.15,18.83,85.14,Minority,Low_poverty,LPM,41.8567549,-87.6735072
170314306002,1378.0,0.87,20.75,98.26,Minority,Low_poverty,LPM,41.7634755,-87.571354
170314303002,782.0,0.0,57.8,98.85,Minority,High_poverty,HPM,41.7679151,-87.5879142
170314205001,940.0,0.0,19.04,97.23,Minority,Low_poverty,LPM,41.7843098,-87.608861
170314110002,587.0,78.88,2.96,18.57,White,Low_poverty,LPW,41.7872267,-87.577462
170313818002,536.0,12.13,41.85,81.72,Minority,High_poverty,HPM,41.8029494,-87.6203612
170318042022,3337.0,71.53,0.93,13.67,White,Low_poverty,LPW,42.1237275,-88.1291935
170318041051,1569.0,72.98,2.74,3.63,White,Low_poverty,LPW,42.0786043,-88.0952672
170318284021,1116.0,29.48,8.69,67.74,Minority,Low_poverty,LPM,41.5755488,-87.6457654
170318282011,2405.0,24.66,2.74,71.76,Minority,Low_poverty,LPM,41.5708242,-87.5715767
170315501003,1500.0,34.6,28.33,64.07,Minority,Low_poverty,LPM,41.6492123,-87.5433848
170318265004,1298.0,1.31,16.95,98.69,Minority,Low_poverty,LPM,41.6260702,-87.6275666
170318291001,1856.0,8.46,27.59,91.55,Minority,Low_poverty,LPM,41.4962375,-87.6232025
170318278013,1899.0,7.21,2.37,92.79,Minority,Low_poverty,LPM,41.5971906,-87.6024782
170318287012,1235.0,11.17,1.38,85.92,Minority,Low_poverty,LPM,41.5535995,-87.6325709
170318060043,2284.0,36.95,7.44,29.99,Other,Low_poverty,LPO,42.0487543,-87.8389559
170318059024,884.0,86.99,8.96,9.61,White,Low_poverty,LPW,42.0289694,-87.8382164
170318057013,1140.0,95.53,2.19,2.63,White,Low_poverty,LPW,42.0070752,-87.8499136
170318054022,1274.0,63.5,13.97,9.34,White,Low_poverty,LPW,42.0352196,-87.8112513
170318051114,751.0,21.57,20.24,60.05,Minority,Low_poverty,LPM,42.035507,-87.9438265
170318051091,1299.0,85.84,10.78,7.0,White,Low_poverty,LPW,42.0539862,-87.9650428
170318036102,833.0,64.59,10.8,25.21,White,Low_poverty,LPW,42.1317426,-88.0703053
170318024044,2535.0,44.5,23.05,54.59,Minority,Low_poverty,LPM,42.1494068,-87.9400187
170318036051,1350.0,88.0,1.85,7.33,White,Low_poverty,LPW,42.1343851,-88.0286753
170318037012,1533.0,79.19,12.26,7.5,White,Low_poverty,LPW,42.1199966,-88.0552504
170318048033,3376.0,67.54,0.0,18.96,White,Low_poverty,LPW,42.0017116,-88.0774355
170317702021,1547.0,67.87,19.07,29.8,White,Low_poverty,LPW,42.007804,-88.0039526
170318237034,3071.0,55.42,31.79,28.79,White,High_poverty,HPW,41.7288711,-87.8037898
170318010002,1156.0,84.0,2.85,1.12,White,Low_poverty,LPW,42.0746623,-87.7270882
170318006001,1128.0,95.39,3.63,2.57,White,Low_poverty,LPW,42.089574,-87.7116085
170318004001,1077.0,84.96,8.64,5.94,White,Low_poverty,LPW,42.1116252,-87.7290577
170312307003,1311.0,2.36,34.48,97.64,Minority,High_poverty,HPM,41.9044543,-87.7238745
170318324001,1931.0,61.78,7.48,31.34,White,Low_poverty,LPW,41.9157202,-87.6947002
170312211002,1586.0,44.26,23.71,50.56,Minority,Low_poverty,LPM,41.9191842,-87.7095085
170318024041,1411.0,42.74,3.76,50.25,Minority,Low_poverty,LPM,42.1510664,-87.9491816
170318017012,1401.0,76.37,3.07,5.5,White,Low_poverty,LPW,42.1328708,-87.8436658
170312504001,593.0,3.04,16.53,96.97,Minority,Low_poverty,LPM,41.914668,-87.7704419
170312425002,1816.0,60.68,9.58,34.52,White,Low_poverty,LPW,41.8974716,-87.6891755
170312414002,1461.0,85.76,7.05,9.92,White,Low_poverty,LPW,41.9063125,-87.6747007
170310628003,1390.0,80.5,8.49,7.34,White,Low_poverty,LPW,41.9370892,-87.6624823
170310602001,1258.0,77.5,5.09,8.9,White,Low_poverty,LPW,41.9597356,-87.6715657
170310714004,739.0,74.7,0.0,4.6,White,Low_poverty,LPW,41.9234346,-87.6374724
170310801007,464.0,100.0,0.0,0.0,White,Low_poverty,LPW,41.9063199,-87.6264171
170311403011,1029.0,11.66,19.63,71.72,Minority,Low_poverty,LPM,41.9692321,-87.7207245
170310306042,1477.0,60.05,15.3,18.28,White,Low_poverty,LPW,41.9856608,-87.6525371
170318182002,711.0,34.88,1.55,64.41,Minority,Low_poverty,LPM,41.8643932,-87.8722966
170316716001,670.0,14.33,49.1,82.54,Minority,High_poverty,HPM,41.7713295,-87.6603519
170317404001,1029.0,73.28,2.72,6.9,White,Low_poverty,LPW,41.6901259,-87.704431
170310701021,1418.0,79.34,4.72,11.49,White,Low_poverty,LPW,41.9295544,-87.6417403
170318259001,601.0,10.48,0.0,85.86,Minority,Low_poverty,LPM,41.6254444,-87.5430934
170318046032,1474.0,51.9,11.33,35.55,White,Low_poverty,LPW,42.0569283,-88.0383313
170318026101,1655.0,82.18,2.3,2.48,White,Low_poverty,LPW,42.0976999,-87.8954888
170310314003,1110.0,58.29,23.87,28.2,White,Low_poverty,LPW,41.9590853,-87.6473451
170318321002,966.0,87.89,5.38,9.21,White,Low_poverty,LPW,41.9527761,-87.65566
170311204002,1147.0,48.82,11.68,27.2,Other,Low_poverty,LPO,41.9756415,-87.7515917
170316610004,1007.0,0.0,17.38,100.0,Minority,Low_poverty,LPM,41.7625241,-87.6870495
170318285043,536.0,62.31,11.01,28.91,White,Low_poverty,LPW,41.4801556,-87.574292
170318255012,2877.0,10.88,6.15,87.49,Minority,Low_poverty,LPM,41.5776292,-87.6997669
170318047061,1349.0,67.53,1.48,10.08,White,Low_poverty,LPW,42.0550447,-88.1067314
170318041081,1287.0,61.77,13.52,13.45,White,Low_poverty,LPW,42.076158,-88.0516415
170315401011,1118.0,2.15,39.62,97.85,Minority,High_poverty,HPM,41.6467803,-87.6043579
170318311004,3787.0,29.07,12.01,70.93,Minority,Low_poverty,LPM,41.9410016,-87.7211098
170311601001,1630.0,49.33,12.76,30.55,Other,Low_poverty,LPO,41.9646688,-87.7404902
170318070001,2763.0,39.52,13.0,22.04,Other,Low_poverty,LPO,42.0448299,-87.7496043
170318079001,1586.0,57.0,6.81,11.85,White,Low_poverty,LPW,42.0097591,-87.7462882
170318092003,1563.0,7.93,32.44,71.73,Minority,High_poverty,HPM,42.0501994,-87.7005059
170318391001,4800.0,56.71,12.81,16.02,White,Low_poverty,LPW,41.8828966,-87.6316474
170317709014,2318.0,75.41,13.59,11.65,White,Low_poverty,LPW,41.9707242,-87.81449
170318034002,812.0,89.66,4.93,10.35,White,Low_poverty,LPW,42.078798,-87.9659423
170318030072,1433.0,85.14,1.33,4.26,White,Low_poverty,LPW,42.1285097,-87.9658406
170318047103,1299.0,54.58,1.92,18.32,White,Low_poverty,LPW,42.0291675,-88.1065493
170318190004,980.0,95.61,7.32,2.55,White,Low_poverty,LPW,41.8304087,-87.908668
170315303003,751.0,0.0,9.19,93.08,Minority,Low_poverty,LPM,41.6812846,-87.6542062
170318218006,937.0,57.52,9.39,36.82,White,Low_poverty,LPW,41.7224835,-87.7079913
170318142004,1611.0,5.65,11.17,94.35,Minority,Low_poverty,LPM,41.8370304,-87.7503563
170318299022,2439.0,6.64,42.23,93.36,Minority,High_poverty,HPM,41.5531703,-87.7066907
170318257003,1610.0,6.58,9.94,92.98,Minority,Low_poverty,LPM,41.6384263,-87.5627195
170318268002,1561.0,12.75,17.87,87.26,Minority,Low_poverty,LPM,41.6347515,-87.6699788
170312512003,923.0,0.0,19.28,100.0,Minority,Low_poverty,LPM,41.8967105,-87.7615061
170312909001,815.0,0.0,53.01,100.0,Minority,High_poverty,HPM,41.8643125,-87.7275607
170318092001,763.0,1.7,20.18,97.25,Minority,Low_poverty,LPM,42.0549204,-87.6987071
170315805022,1799.0,1.72,33.13,98.28,Minority,High_poverty,HPM,41.8127629,-87.6980115
170318232001,2021.0,73.08,2.79,23.01,White,Low_poverty,LPW,41.6849509,-87.747804
170318225004,1329.0,63.36,8.8,34.69,White,Low_poverty,LPW,41.7202784,-87.7552492
170318198014,688.0,100.0,1.31,0.0,White,Low_poverty,LPW,41.8091347,-87.9017535
170318190003,1231.0,95.29,4.79,4.06,White,Low_poverty,LPW,41.8218614,-87.8795812
170318213001,682.0,11.88,28.15,88.12,Minority,Low_poverty,LPM,41.6607428,-87.6681837
170318211014,1220.0,68.28,19.84,24.67,White,Low_poverty,LPW,41.7358644,-87.7688104
170318171023,1403.0,1.78,17.53,89.23,Minority,Low_poverty,LPM,41.8742849,-87.8706688
170318168004,788.0,44.29,0.0,54.44,Minority,Low_poverty,LPM,41.8768097,-87.9172906
170318157014,782.0,75.45,2.56,24.56,White,Low_poverty,LPW,41.829329,-87.8049586
170318262012,1159.0,20.88,11.61,79.12,Minority,Low_poverty,LPM,41.6111373,-87.5643989
170310902005,934.0,86.51,1.61,13.49,White,Low_poverty,LPW,42.0078666,-87.814356
170312306003,643.0,0.0,6.53,100.0,Minority,Low_poverty,LPM,41.9075689,-87.7301263
170318364003,1028.0,4.38,19.84,92.21,Minority,Low_poverty,LPM,41.8197345,-87.6047408
170318045071,4137.0,51.2,2.05,24.32,White,Low_poverty,LPW,42.0084595,-88.2251086
170318239011,2171.0,88.12,1.61,1.01,White,Low_poverty,LPW,41.6630679,-87.8410822
170318117022,1176.0,32.23,15.22,63.18,Minority,Low_poverty,LPM,41.9265552,-87.9053538
170318076003,764.0,28.66,0.0,6.94,Other,Low_poverty,LPO,42.0195751,-87.717301
170311911003,680.0,7.79,16.32,92.21,Minority,Low_poverty,LPM,41.9170485,-87.7510649
170310101002,2424.0,29.5,47.85,69.67,Minority,High_poverty,HPM,42.0213567,-87.6727517
170315805023,2599.0,13.93,21.43,66.91,Minority,Low_poverty,LPM,41.815785,-87.6985297
170318240043,1045.0,86.99,4.72,13.01,White,Low_poverty,LPW,41.6803087,-87.978467
170318043052,1694.0,50.59,5.28,38.26,White,Low_poverty,LPW,42.0355699,-88.1500303
170318085001,1324.0,66.77,7.78,4.16,White,Low_poverty,LPW,42.0492142,-87.7749682
170318241074,2702.0,85.16,2.02,9.32,White,Low_poverty,LPW,41.6067997,-87.803998
170318300043,4965.0,5.78,10.8,89.81,Minority,Low_poverty,LPM,41.5202087,-87.7349798
170318063005,1062.0,67.14,2.35,27.97,White,Low_poverty,LPW,42.0361895,-87.9037925
170318041082,2644.0,21.44,9.3,21.6,Other,Low_poverty,LPO,42.0720404,-88.0487266
170318241173,2190.0,91.19,0.64,3.19,White,Low_poverty,LPW,41.5651131,-87.8368361
170318238013,830.0,94.58,2.53,5.42,White,Low_poverty,LPW,41.6976101,-87.8774509
170318060014,483.0,30.85,14.49,23.39,Other,Low_poverty,LPO,42.0622781,-87.8534258
170315401021,699.0,0.0,55.36,100.0,Minority,High_poverty,HPM,41.6693047,-87.6066548
170318392003,1025.0,10.34,35.61,64.0,Minority,High_poverty,HPM,41.8438411,-87.6212646
170318137022,469.0,1.92,0.0,95.95,Minority,Low_poverty,LPM,41.8521878,-87.7467507
170318241212,1450.0,82.55,9.94,9.79,White,Low_poverty,LPW,41.5979554,-87.8280876
170318241141,3746.0,81.05,2.43,9.27,White,Low_poverty,LPW,41.6192003,-87.8801208
170312521011,1270.0,1.57,40.87,98.43,Minority,High_poverty,HPM,41.8738812,-87.7698552
170318045072,4099.0,49.16,5.34,14.4,Other,Low_poverty,LPO,41.9908858,-88.2352876
170314402021,1033.0,0.0,38.33,100.0,Minority,High_poverty,HPM,41.744029,-87.6107087
170315703004,2249.0,19.12,22.19,74.56,Minority,Low_poverty,LPM,41.8040778,-87.734463
170316503021,1912.0,5.07,17.36,94.4,Minority,Low_poverty,LPM,41.7768052,-87.7184887
170316718001,1367.0,0.15,40.23,99.64,Minority,High_poverty,HPM,41.761401,-87.6564481
170317005022,2015.0,6.6,11.89,91.57,Minority,Low_poverty,LPM,41.7382641,-87.6969964
170310307011,1625.0,46.65,23.0,39.69,Other,Low_poverty,LPO,41.9827453,-87.6579659
170316805002,884.0,4.07,39.93,95.93,Minority,High_poverty,HPM,41.7899935,-87.6517299
170318255033,1174.0,44.8,11.67,48.98,Other,Low_poverty,LPO,41.5690143,-87.678721
170318018003,1734.0,91.41,3.52,0.0,White,Low_poverty,LPW,42.1072127,-87.7851798
170318285052,942.0,29.72,1.91,60.62,Minority,Low_poverty,LPM,41.5528426,-87.5314748
170318238011,2618.0,75.13,0.8,14.33,White,Low_poverty,LPW,41.6577908,-87.8917273
170311201004,1046.0,80.02,0.0,17.02,White,Low_poverty,LPW,42.0089825,-87.7829123
170318133012,639.0,0.78,32.39,99.22,Minority,High_poverty,HPM,41.8603856,-87.7506889
170318127002,769.0,71.78,7.54,23.15,White,Low_poverty,LPW,41.8833904,-87.7894537
170310634001,1396.0,75.07,7.23,13.82,White,Low_poverty,LPW,41.9340483,-87.6469653
170310301023,836.0,41.75,5.33,23.56,Other,Low_poverty,LPO,41.9934691,-87.6565558
170310101001,461.0,39.91,19.74,45.34,Other,Low_poverty,LPO,42.0220538,-87.6683629
170310301013,1359.0,15.45,24.14,54.82,Minority,Low_poverty,LPM,41.9912095,-87.6568499
170310810006,1415.0,57.17,22.47,34.77,White,Low_poverty,LPW,41.9032231,-87.6311406
170318286014,1669.0,58.6,4.34,39.6,White,Low_poverty,LPW,41.5535201,-87.6700083
170318381002,361.0,10.8,45.43,85.87,Minority,High_poverty,HPM,41.8794992,-87.6723993
170315805021,960.0,3.75,6.15,75.52,Minority,Low_poverty,LPM,41.8139098,-87.7021535
170310715006,800.0,98.25,0.0,0.0,White,Low_poverty,LPW,41.915602,-87.6353231
170318253021,2107.0,66.3,18.08,20.55,White,Low_poverty,LPW,41.5793536,-87.7616509
170318213004,1129.0,21.52,11.34,78.48,Minority,Low_poverty,LPM,41.6499383,-87.6720354
170313018032,2025.0,1.53,17.58,98.47,Minority,Low_poverty,LPM,41.8386944,-87.7268293
170312434001,1243.0,50.68,16.57,43.52,White,Low_poverty,LPW,41.8948292,-87.6599015
170311007003,913.0,87.84,0.0,12.16,White,Low_poverty,LPW,41.9721828,-87.7970431
170311003001,1053.0,78.16,2.66,13.2,White,Low_poverty,LPW,41.9849275,-87.7967281
170310804001,2832.0,23.2,15.01,74.82,Minority,Low_poverty,LPM,41.9087964,-87.6397322
170317205001,598.0,89.3,1.67,8.7,White,Low_poverty,LPW,41.7030725,-87.6919112
170318390002,3293.0,69.42,24.96,19.65,White,Low_poverty,LPW,41.8693972,-87.6312765
170318400001,2004.0,31.89,24.09,22.71,Other,Low_poverty,LPO,41.8345225,-87.6386057
170315609001,1061.0,62.49,10.93,32.61,White,Low_poverty,LPW,41.7959829,-87.7837504
170318388001,820.0,1.22,17.31,98.78,Minority,Low_poverty,LPM,41.7009605,-87.5613903
170316113001,642.0,12.46,0.0,87.54,Minority,Low_poverty,LPM,41.8062202,-87.6659991
170314903001,1292.0,1.63,22.21,96.98,Minority,Low_poverty,LPM,41.725339,-87.6167533
170318080012,962.0,36.49,17.67,17.98,Other,Low_poverty,LPO,42.0089847,-87.7304529
170318069001,1516.0,31.99,3.03,15.96,Other,Low_poverty,LPO,42.0601851,-87.7530852
170318116001,1407.0,63.68,16.28,23.53,White,Low_poverty,LPW,41.9507907,-87.8586379
170317708002,3169.0,56.55,1.55,37.17,White,Low_poverty,LPW,41.9654646,-87.8721743
170318019022,1703.0,86.96,0.0,1.0,White,Low_poverty,LPW,42.0890635,-87.7857208
170318015001,2284.0,88.35,11.74,8.36,White,Low_poverty,LPW,42.149101,-87.8076155
170318007004,1044.0,74.23,0.0,4.88,White,Low_poverty,LPW,42.082503,-87.7570292
170318366002,1613.0,12.34,16.31,85.8,Minority,Low_poverty,LPM,41.9009752,-87.7102502
170314605007,890.0,0.0,3.93,100.0,Minority,Low_poverty,LPM,41.7506617,-87.5778623
170317201001,886.0,74.27,0.11,23.59,White,Low_poverty,LPW,41.7234989,-87.6772334
170317005012,643.0,13.53,4.14,86.47,Minority,Low_poverty,LPM,41.7464677,-87.6804604
170318131001,1181.0,31.33,2.88,58.34,Minority,Low_poverty,LPM,41.8709097,-87.776779
170314401014,1362.0,1.17,40.6,94.72,Minority,High_poverty,HPM,41.7494766,-87.6033414
170318041064,1860.0,80.91,0.7,5.64,White,Low_poverty,LPW,42.0845196,-88.0460991
170312411002,1916.0,50.94,20.98,43.48,White,Low_poverty,LPW,41.9066258,-87.6908099
170310511001,1732.0,70.73,4.85,16.46,White,Low_poverty,LPW,41.9413652,-87.6808266
170310404011,1070.0,57.01,0.28,40.65,White,Low_poverty,LPW,41.9738388,-87.6874306
170310310001,922.0,56.94,18.11,23.65,White,Low_poverty,LPW,41.9752279,-87.6713462
170316611001,1371.0,2.33,18.09,92.27,Minority,Low_poverty,LPM,41.7626745,-87.6954231
170316504004,1559.0,5.39,15.72,94.61,Minority,Low_poverty,LPM,41.7641999,-87.7195521
170318096002,1180.0,28.64,10.5,65.85,Minority,Low_poverty,LPM,42.0445662,-87.6968683
170318048053,1325.0,52.98,2.42,10.34,White,Low_poverty,LPW,42.0214232,-88.1240878
170311505023,1252.0,65.65,12.94,28.12,White,Low_poverty,LPW,41.9547913,-87.7829535
170311301001,978.0,36.09,16.27,14.41,Other,Low_poverty,LPO,41.9953792,-87.7240573
170311608004,799.0,32.54,26.41,53.82,Minority,Low_poverty,LPM,41.9507632,-87.7166372
170318281001,918.0,43.79,17.1,56.21,Minority,Low_poverty,LPM,41.5670209,-87.5286671
170315401013,1526.0,0.0,63.11,98.55,Minority,High_poverty,HPM,41.6545721,-87.6010408
170318289001,2412.0,19.07,24.05,80.93,Minority,Low_poverty,LPM,41.5209159,-87.6337269
170318055011,904.0,92.92,3.98,1.88,White,Low_poverty,LPW,42.0140848,-87.8327896
170318052012,748.0,83.96,0.94,0.0,White,Low_poverty,LPW,42.0638566,-87.834888
