origin_geoid,Tot_Population_ACS_15_19,pct_NH_White_alone_ACS_15_19,pct_Prs_Blw_Pov_Lev_ACS_15_19,pct_Minority,Race,Poverty,origin_geoid_type,latitude,longitude
481130181302,2871.0,19.02,18.11,75.68,Minority,Low_poverty,LPM,32.8348192,-96.6258583
481130084006,1882.0,11.0,13.55,88.26,Minority,Low_poverty,LPM,32.7666157,-96.709693
481130193022,1362.0,76.14,12.67,15.2,White,Low_poverty,LPW,32.848749,-96.7824816
481130071011,1623.0,80.35,14.91,9.62,White,Low_poverty,LPW,32.8483277,-96.8170231
481130147022,580.0,36.72,1.72,62.76,Minority,Low_poverty,LPM,32.826436,-96.9294911
481130178083,2283.0,36.88,11.04,55.1,Minority,Low_poverty,LPM,32.8291502,-96.6067159
481130190371,814.0,76.41,0.0,0.0,White,Low_poverty,LPW,32.9702521,-96.6867605
481130076051,563.0,87.21,1.6,4.26,White,Low_poverty,LPW,32.8873608,-96.8168056
481130127023,1111.0,35.28,2.97,64.09,Minority,Low_poverty,LPM,32.8405819,-96.6700412
481130140012,1632.0,25.61,6.19,62.86,Minority,Low_poverty,LPM,32.9209509,-96.8846069
481130136231,1802.0,24.53,12.1,67.48,Minority,Low_poverty,LPM,32.9414012,-96.8114046
481130011022,614.0,62.05,3.42,26.39,White,Low_poverty,LPW,32.818635,-96.7572105
481130108031,1061.0,30.25,9.14,63.81,Minority,Low_poverty,LPM,32.701217,-96.8609501
481130144082,627.0,65.87,1.59,20.74,White,Low_poverty,LPW,32.8244702,-97.00701
481130109023,3753.0,1.6,46.95,97.42,Minority,High_poverty,HPM,32.6553655,-96.8724267
481130190142,1044.0,13.98,36.59,62.36,Minority,High_poverty,HPM,32.9295119,-96.6792008
481130132001,2132.0,59.47,1.41,38.55,White,Low_poverty,LPW,32.9210985,-96.7949776
481130122081,1817.0,6.0,29.44,94.0,Minority,Low_poverty,LPM,32.8005766,-96.7217837
481130141192,1442.0,54.65,3.94,19.97,White,Low_poverty,LPW,32.9657969,-96.9890716
481130091051,1941.0,4.07,32.15,95.93,Minority,High_poverty,HPM,32.738181,-96.6971957
481130078113,916.0,54.26,6.11,45.74,White,Low_poverty,LPW,32.8969249,-96.7210194
481130042021,661.0,41.91,11.65,56.13,Minority,Low_poverty,LPM,32.7515625,-96.8407489
481130190292,1438.0,43.53,9.04,40.34,Other,Low_poverty,LPO,32.9480555,-96.6694448
481130137272,1410.0,60.43,2.55,31.98,White,Low_poverty,LPW,32.9518499,-96.8455021
481130130072,1041.0,61.1,0.0,34.87,White,Low_poverty,LPW,32.8676192,-96.6969112
481130154041,3636.0,14.05,26.57,84.88,Minority,Low_poverty,LPM,32.7485711,-97.0320718
481130144061,1748.0,5.95,21.62,93.54,Minority,Low_poverty,LPM,32.8265784,-96.9796271
481130076042,853.0,91.56,0.0,5.51,White,Low_poverty,LPW,32.883037,-96.7915603
481130012041,1585.0,4.29,19.02,95.71,Minority,Low_poverty,LPM,32.8001255,-96.7500512
481130108013,3895.0,4.57,17.15,95.43,Minority,Low_poverty,LPM,32.7171961,-96.9069772
481130166051,1865.0,7.94,32.6,92.07,Minority,High_poverty,HPM,32.6367606,-96.8320258
481130130045,1205.0,78.34,9.54,20.75,White,Low_poverty,LPW,32.8675571,-96.7143403
481130182031,1877.0,12.57,0.53,71.92,Minority,Low_poverty,LPM,32.8966273,-96.6070315
481130101023,979.0,4.7,10.42,95.3,Minority,Low_poverty,LPM,32.7803779,-96.8399024
481130051001,1448.0,9.12,8.43,90.88,Minority,Low_poverty,LPM,32.7393908,-96.8409816
481130137182,1796.0,30.35,9.24,66.81,Minority,Low_poverty,LPM,32.9585116,-96.8927554
481130130052,1412.0,87.25,0.0,8.22,White,Low_poverty,LPW,32.875246,-96.704391
481130048003,231.0,0.0,6.93,100.0,Minority,Low_poverty,LPM,32.7447914,-96.8196777
481130077004,2278.0,91.26,13.52,3.38,White,Low_poverty,LPW,32.8694211,-96.7910598
481130158002,1455.0,7.63,6.46,92.03,Minority,Low_poverty,LPM,32.7554346,-96.9572104
481130180013,1119.0,58.36,1.52,36.46,White,Low_poverty,LPW,32.8348496,-96.6535921
481130098033,722.0,44.88,17.45,54.43,Minority,Low_poverty,LPM,32.8765278,-96.87201
481130078184,1077.0,13.65,22.93,79.11,Minority,Low_poverty,LPM,32.8684388,-96.7586296
481130049002,1612.0,0.68,30.97,98.45,Minority,High_poverty,HPM,32.7421186,-96.8043656
481130080002,974.0,73.92,0.0,2.67,White,Low_poverty,LPW,32.8370514,-96.7389207
481130136152,1361.0,0.0,31.3,100.0,Minority,High_poverty,HPM,32.9306548,-96.8078433
481130190265,846.0,41.96,14.78,45.27,Other,Low_poverty,LPO,32.9343537,-96.6438976
481130192032,856.0,94.04,5.37,4.44,White,Low_poverty,LPW,32.9595849,-96.7416353
481130180014,1043.0,18.02,42.67,81.97,Minority,High_poverty,HPM,32.8288694,-96.6486153
481130049003,866.0,5.08,19.63,94.92,Minority,Low_poverty,LPM,32.7373976,-96.8058137
481130079132,822.0,53.41,0.0,37.84,White,Low_poverty,LPW,32.847379,-96.766022
481130164014,524.0,40.84,2.67,49.43,Other,Low_poverty,LPO,32.7078736,-97.0262094
481130118004,1406.0,7.25,13.51,92.74,Minority,Low_poverty,LPM,32.726271,-96.6601524
481130190342,2936.0,14.78,20.82,75.96,Minority,Low_poverty,LPM,32.9196858,-96.7328053
481130188022,725.0,31.03,9.76,67.72,Minority,Low_poverty,LPM,32.9129778,-96.6347285
481130132004,1067.0,97.0,0.0,1.59,White,Low_poverty,LPW,32.9124928,-96.7952948
481130137144,1900.0,11.58,14.21,85.42,Minority,Low_poverty,LPM,32.9499947,-96.8860614
481130122102,2472.0,29.53,18.77,67.67,Minority,Low_poverty,LPM,32.8102819,-96.6935695
481130087011,1109.0,0.81,46.8,96.58,Minority,High_poverty,HPM,32.7121391,-96.766952
481130179002,1410.0,18.72,0.0,78.44,Minority,Low_poverty,LPM,32.8257432,-96.6564523
481130020002,781.0,18.57,45.97,81.44,Minority,High_poverty,HPM,32.7607426,-96.8128174
481130098043,2217.0,33.02,18.04,66.98,Minority,Low_poverty,LPM,32.8688085,-96.8664226
481130143022,881.0,45.86,21.63,52.21,Minority,Low_poverty,LPM,32.8462354,-96.9742787
481130192021,652.0,57.36,4.45,39.57,White,Low_poverty,LPW,32.9475706,-96.7405973
481130138042,1799.0,37.13,7.23,59.64,Minority,Low_poverty,LPM,32.9208232,-96.8607174
481130129002,607.0,92.26,0.0,7.74,White,Low_poverty,LPW,32.8580902,-96.7147647
481130045002,2590.0,7.61,29.46,92.39,Minority,Low_poverty,LPM,32.7473041,-96.8692432
481130166201,1321.0,22.79,48.83,77.21,Minority,High_poverty,HPM,32.5969031,-96.8538098
481130006062,789.0,82.13,1.65,14.32,White,Low_poverty,LPW,32.8149744,-96.8063635
481130190182,1413.0,31.35,12.03,44.23,Other,Low_poverty,LPO,32.9282849,-96.7152909
481130136062,1183.0,67.37,3.13,28.32,White,Low_poverty,LPW,32.9554857,-96.7947492
481130087015,1805.0,0.5,45.21,98.0,Minority,High_poverty,HPM,32.6930891,-96.7629832
481130199004,651.0,19.51,3.38,80.49,Minority,Low_poverty,LPM,32.7372259,-96.8835261
481130192043,549.0,76.14,0.0,14.57,White,Low_poverty,LPW,32.9489768,-96.7632922
481130141292,1912.0,4.92,0.0,21.29,Other,Low_poverty,LPO,32.9256942,-96.9544917
481130080004,728.0,77.75,0.0,15.53,White,Low_poverty,LPW,32.8374456,-96.7280615
481130088024,978.0,2.04,27.2,97.95,Minority,Low_poverty,LPM,32.7048304,-96.7921966
481130136081,1228.0,93.32,5.29,4.89,White,Low_poverty,LPW,32.9446922,-96.7949101
481130165094,602.0,35.22,4.15,62.79,Minority,Low_poverty,LPM,32.629857,-96.9154561
481130152043,540.0,30.0,2.22,70.0,Minority,Low_poverty,LPM,32.7946229,-96.9740801
481130130053,420.0,83.33,0.0,9.05,White,Low_poverty,LPW,32.8684346,-96.7027009
481130178122,1097.0,38.47,11.58,60.62,Minority,Low_poverty,LPM,32.816563,-96.6171498
481130194002,1406.0,84.57,5.55,2.63,White,Low_poverty,LPW,32.8477546,-96.791368
481130144053,1162.0,25.22,15.06,63.34,Minority,Low_poverty,LPM,32.8269306,-96.9875873
481130053002,1160.0,21.55,16.03,76.55,Minority,Low_poverty,LPM,32.7380201,-96.8662825
481130190271,890.0,54.61,23.26,41.01,White,Low_poverty,LPW,32.9646093,-96.6496879
481130162024,2221.0,2.48,30.12,96.76,Minority,High_poverty,HPM,32.7115074,-97.0113846
481130096052,1603.0,23.71,8.11,67.81,Minority,Low_poverty,LPM,32.9114294,-96.860051
481130044003,1117.0,26.14,20.5,67.06,Minority,Low_poverty,LPM,32.7611998,-96.8538975
481130171012,4796.0,21.1,18.68,77.86,Minority,Low_poverty,LPM,32.6911135,-96.5990867
481130165133,2876.0,24.03,6.71,70.23,Minority,Low_poverty,LPM,32.626121,-96.9367163
481130065022,2068.0,7.16,10.82,92.36,Minority,Low_poverty,LPM,32.7263609,-96.8867638
481130136074,809.0,51.79,0.0,41.66,White,Low_poverty,LPW,32.9533983,-96.7736646
481130045003,1740.0,30.46,18.16,66.67,Minority,Low_poverty,LPM,32.7445072,-96.8623583
481130091042,1803.0,11.04,16.69,88.96,Minority,Low_poverty,LPM,32.7457308,-96.6874376
481130181264,967.0,25.03,0.52,74.97,Minority,Low_poverty,LPM,32.8593211,-96.6289178
481130141303,1475.0,26.71,0.0,21.56,Other,Low_poverty,LPO,32.9242512,-96.9491128
481130042013,628.0,39.97,2.71,60.03,Minority,Low_poverty,LPM,32.758128,-96.8264191
481130190211,1234.0,42.3,3.97,49.92,Other,Low_poverty,LPO,32.9418539,-96.6506699
481130172022,1998.0,12.16,16.52,84.68,Minority,Low_poverty,LPM,32.7105121,-96.6176413
481130128005,1069.0,41.25,23.57,57.81,Minority,Low_poverty,LPM,32.8545119,-96.6803356
481130143073,710.0,66.2,5.07,13.52,White,Low_poverty,LPW,32.8532185,-96.9554844
481130166212,1342.0,16.54,1.27,81.29,Minority,Low_poverty,LPM,32.5711666,-96.8320915
481130143112,2002.0,1.7,5.54,6.35,Other,Low_poverty,LPO,32.8787109,-96.9710307
481130084003,1345.0,19.18,24.98,78.96,Minority,Low_poverty,LPM,32.7711032,-96.7153402
481130112003,1616.0,1.67,16.89,83.42,Minority,Low_poverty,LPM,32.6792041,-96.8103889
481130111011,1332.0,8.26,18.92,91.74,Minority,Low_poverty,LPM,32.6671623,-96.8495694
481130007022,1128.0,68.0,5.94,25.79,White,Low_poverty,LPW,32.8210513,-96.7905152
481130136193,1455.0,84.81,0.96,13.74,White,Low_poverty,LPW,32.9698269,-96.8013353
481130199002,1245.0,5.94,12.05,94.06,Minority,Low_poverty,LPM,32.7415174,-96.8919771
481130108042,2804.0,0.71,31.46,95.72,Minority,High_poverty,HPM,32.7066145,-96.8700861
481130079092,1368.0,48.32,19.01,24.12,Other,Low_poverty,LPO,32.8538325,-96.7678042
481130078183,776.0,27.84,36.08,65.47,Minority,High_poverty,HPM,32.869781,-96.7609358
481130166232,3019.0,11.76,5.33,85.63,Minority,Low_poverty,LPM,32.556376,-96.8808701
481130050002,1306.0,0.46,3.75,99.54,Minority,Low_poverty,LPM,32.7401266,-96.834907
481130165095,1101.0,60.04,5.63,39.96,White,Low_poverty,LPW,32.6235527,-96.9169492
481130136101,1878.0,29.98,16.19,64.0,Minority,Low_poverty,LPM,32.9354981,-96.7727025
481130042012,1207.0,24.86,33.67,75.15,Minority,High_poverty,HPM,32.7553975,-96.8338066
481130170043,4678.0,17.1,30.5,80.31,Minority,High_poverty,HPM,32.6869782,-96.5649006
481130006011,591.0,93.23,3.55,0.85,White,Low_poverty,LPW,32.8316275,-96.8218714
481130006015,1499.0,48.63,25.22,45.43,Other,Low_poverty,LPO,32.8207918,-96.8200669
481130184012,1842.0,27.58,26.49,70.25,Minority,Low_poverty,LPM,32.8706058,-96.6592241
481130047001,1133.0,17.83,41.13,81.91,Minority,High_poverty,HPM,32.7446955,-96.8265115
481130025001,1395.0,6.81,60.86,91.04,Minority,High_poverty,HPM,32.7811415,-96.7362025
481130165182,1268.0,32.02,4.65,62.7,Minority,Low_poverty,LPM,32.654336,-96.9194169
481130110012,903.0,0.0,2.99,100.0,Minority,Low_poverty,LPM,32.6866496,-96.8440143
481130012022,725.0,90.76,0.0,6.48,White,Low_poverty,LPW,32.8059963,-96.7405777
481130130042,1714.0,99.3,0.0,0.7,White,Low_poverty,LPW,32.8730004,-96.7214832
481130141383,738.0,14.23,2.06,18.29,Other,Low_poverty,LPO,32.9019876,-96.9376768
481130096033,1617.0,75.39,4.64,18.0,White,Low_poverty,LPW,32.9148967,-96.8229729
481130068003,1125.0,33.42,13.96,64.36,Minority,Low_poverty,LPM,32.7580036,-96.8595585
481130136252,2805.0,8.84,20.0,83.93,Minority,Low_poverty,LPM,32.9446588,-96.8207685
481130136212,2592.0,20.79,0.5,78.7,Minority,Low_poverty,LPM,32.9585377,-96.8064777
481130116023,2461.0,15.2,14.67,80.98,Minority,Low_poverty,LPM,32.6881652,-96.6489905
481130020005,1654.0,5.5,49.52,93.29,Minority,High_poverty,HPM,32.7558166,-96.8141917
481130072021,1256.0,14.81,17.44,81.69,Minority,Low_poverty,LPM,32.8627082,-96.8692479
481130170011,602.0,84.72,1.66,12.29,White,Low_poverty,LPW,32.6421137,-96.5282999
481130086042,1465.0,0.48,66.21,99.53,Minority,High_poverty,HPM,32.7198193,-96.7654076
481130166104,1802.0,4.66,25.47,91.4,Minority,Low_poverty,LPM,32.6086241,-96.8269319
481130190044,583.0,23.33,2.57,23.33,Other,Low_poverty,LPO,32.92415,-96.7030528
481130132002,2890.0,53.53,13.63,36.92,White,Low_poverty,LPW,32.9161808,-96.7708623
481130138053,1402.0,28.82,9.7,61.77,Minority,Low_poverty,LPM,32.9380735,-96.8526525
481130038003,665.0,2.86,31.13,97.15,Minority,High_poverty,HPM,32.7564964,-96.757657
481130143081,1257.0,17.26,11.76,78.92,Minority,Low_poverty,LPM,32.8470775,-96.9547554
481130020001,1889.0,37.16,2.25,48.86,Other,Low_poverty,LPO,32.7627292,-96.819531
481130187001,1640.0,19.88,26.22,80.12,Minority,Low_poverty,LPM,32.8962253,-96.6360515
481130137271,1868.0,37.37,6.26,47.59,Other,Low_poverty,LPO,32.9720841,-96.8358071
481130079133,962.0,75.26,2.81,19.86,White,Low_poverty,LPW,32.8484406,-96.7694351
481130181323,1525.0,31.54,3.54,57.38,Minority,Low_poverty,LPM,32.8377251,-96.5877732
481130081002,1172.0,71.93,2.65,28.08,White,Low_poverty,LPW,32.8269158,-96.7015172
481130141153,1459.0,8.02,0.0,60.59,Minority,Low_poverty,LPM,32.8489781,-97.0047275
481130165172,1712.0,16.41,17.11,77.51,Minority,Low_poverty,LPM,32.6436545,-96.9034354
481130192101,1257.0,76.77,9.31,13.76,White,Low_poverty,LPW,32.981445,-96.7199014
481130004012,1956.0,25.77,29.95,72.3,Minority,Low_poverty,LPM,32.811019,-96.8262803
481130165183,623.0,43.5,23.27,55.06,Minority,Low_poverty,LPM,32.6556198,-96.9105663
481130143103,1550.0,24.71,8.97,61.68,Minority,Low_poverty,LPM,32.8598502,-96.978138
481130141165,1695.0,33.92,11.8,15.22,Other,Low_poverty,LPO,32.8417751,-97.0123331
481130015023,917.0,19.96,51.25,79.28,Minority,High_poverty,HPM,32.7944632,-96.7668568
481130064012,1343.0,2.83,25.09,97.17,Minority,Low_poverty,LPM,32.7253,-96.8664104
481130190045,1653.0,25.11,0.42,52.63,Minority,Low_poverty,LPM,32.9258003,-96.6877484
481130007021,1437.0,87.4,4.18,9.32,White,Low_poverty,LPW,32.826547,-96.7858152
481130078202,1191.0,8.9,43.07,88.33,Minority,High_poverty,HPM,32.8696142,-96.7568854
481130136203,2393.0,47.22,2.67,37.53,Other,Low_poverty,LPO,32.9668669,-96.8166853
481130089003,1789.0,0.0,22.14,100.0,Minority,Low_poverty,LPM,32.7356239,-96.7947139
481130119004,1195.0,22.68,16.99,77.32,Minority,Low_poverty,LPM,32.7382239,-96.6524572
481130127022,1313.0,19.65,19.62,79.97,Minority,Low_poverty,LPM,32.8385616,-96.6759674
481130097012,2053.0,37.41,12.71,62.59,Minority,Low_poverty,LPM,32.8882674,-96.8827484
481130183004,2171.0,23.35,20.27,72.69,Minority,Low_poverty,LPM,32.8842508,-96.6347457
481130181393,1528.0,24.8,11.85,39.01,Other,Low_poverty,LPO,32.9234894,-96.5853982
481130108011,2129.0,9.07,21.89,90.93,Minority,Low_poverty,LPM,32.7154306,-96.888457
481130142042,1172.0,16.64,23.21,50.43,Minority,Low_poverty,LPM,32.8413398,-96.9411581
481130141213,1032.0,47.97,0.19,23.84,Other,Low_poverty,LPO,32.942768,-96.9371167
481130001002,1259.0,73.23,4.13,12.07,White,Low_poverty,LPW,32.8130299,-96.7423381
481130078151,446.0,11.66,28.03,62.34,Minority,Low_poverty,LPM,32.8734619,-96.7594587
481130006034,1483.0,77.61,7.82,13.08,White,Low_poverty,LPW,32.820201,-96.8047131
481130021001,904.0,33.74,25.66,54.87,Minority,Low_poverty,LPM,32.7830556,-96.8057472
481130096044,1023.0,28.15,16.62,71.85,Minority,Low_poverty,LPM,32.9237865,-96.815595
481130065012,2607.0,5.91,20.06,93.4,Minority,Low_poverty,LPM,32.7311768,-96.8860385
481130195011,2190.0,89.95,0.0,2.79,White,Low_poverty,LPW,32.8550459,-96.8082562
481130193013,1016.0,80.71,0.0,12.4,White,Low_poverty,LPW,32.8553897,-96.780823
481130084004,1320.0,12.5,22.73,87.5,Minority,Low_poverty,LPM,32.7680004,-96.7029683
481130109022,990.0,5.35,29.9,79.6,Minority,Low_poverty,LPM,32.6580533,-96.8685872
481130159002,620.0,77.26,23.87,17.26,White,Low_poverty,LPW,32.7382497,-96.9928824
481130034002,719.0,23.23,37.45,75.66,Minority,High_poverty,HPM,32.7640358,-96.7779476
481130186003,1531.0,28.67,14.7,67.99,Minority,Low_poverty,LPM,32.9050593,-96.6587412
481130081003,1254.0,75.92,4.07,16.19,White,Low_poverty,LPW,32.8183602,-96.7085942
481130191004,2188.0,43.65,20.11,26.55,Other,Low_poverty,LPO,32.9437371,-96.7188937
481130166261,1515.0,9.24,16.5,89.77,Minority,Low_poverty,LPM,32.5860266,-96.9307605
481130166262,2020.0,16.58,19.44,80.99,Minority,Low_poverty,LPM,32.5859592,-96.9384805
481130203003,761.0,1.18,40.74,98.82,Minority,High_poverty,HPM,32.7671042,-96.7676581
481130181363,2097.0,60.13,4.34,25.99,White,Low_poverty,LPW,32.8899449,-96.5627653
481130192132,3046.0,7.35,39.49,88.37,Minority,High_poverty,HPM,32.9381992,-96.7537717
481130108052,846.0,0.0,3.9,100.0,Minority,Low_poverty,LPM,32.7144084,-96.8775424
481130072024,1317.0,14.27,29.92,85.73,Minority,Low_poverty,LPM,32.864876,-96.8667992
481130072023,1639.0,28.98,15.68,71.02,Minority,Low_poverty,LPM,32.8594531,-96.8652573
481130195013,1646.0,90.52,0.0,6.99,White,Low_poverty,LPW,32.8614181,-96.791906
481130078041,2076.0,24.47,1.81,68.64,Minority,Low_poverty,LPM,32.9123378,-96.7523453
481130078201,1974.0,24.01,22.04,75.99,Minority,Low_poverty,LPM,32.8666688,-96.7465683
481130185031,2395.0,11.82,37.7,80.62,Minority,High_poverty,HPM,32.9074887,-96.7261937
481130078111,1725.0,14.49,26.49,82.43,Minority,Low_poverty,LPM,32.902844,-96.7257436
481130087014,1187.0,0.93,28.9,98.06,Minority,Low_poverty,LPM,32.6997333,-96.7652802
481130130101,1857.0,11.36,7.7,83.47,Minority,Low_poverty,LPM,32.8682188,-96.6760281
481130121001,1939.0,5.36,20.53,92.57,Minority,Low_poverty,LPM,32.7658233,-96.6628561
481130119001,2240.0,4.02,12.95,95.94,Minority,Low_poverty,LPM,32.7383478,-96.6440435
481130166073,1535.0,0.46,48.53,96.49,Minority,High_poverty,HPM,32.6509879,-96.8849984
481130190183,2208.0,9.47,27.4,76.22,Minority,Low_poverty,LPM,32.9232766,-96.7147399
481130185062,1204.0,11.63,36.71,86.71,Minority,High_poverty,HPM,32.9004934,-96.7142809
481130185033,2116.0,10.21,24.86,88.61,Minority,Low_poverty,LPM,32.9071862,-96.72136
481130176051,2471.0,1.9,29.95,97.53,Minority,Low_poverty,LPM,32.7524023,-96.6439018
481130123023,1904.0,6.3,20.64,87.5,Minority,Low_poverty,LPM,32.803492,-96.6764791
481130078211,1671.0,7.3,27.77,81.81,Minority,Low_poverty,LPM,32.8723005,-96.7552918
481130137253,1417.0,23.43,20.75,73.82,Minority,Low_poverty,LPM,32.9664001,-96.8509507
481130141322,710.0,43.94,0.0,15.77,Other,Low_poverty,LPO,32.9430347,-96.9467545
481130141312,1301.0,19.06,11.61,59.34,Minority,Low_poverty,LPM,32.9311751,-96.946882
481130141302,1710.0,29.36,11.46,28.42,Other,Low_poverty,LPO,32.9155717,-96.9503715
481130144071,2234.0,7.88,15.58,84.16,Minority,Low_poverty,LPM,32.8334615,-96.9986485
481130141342,947.0,38.44,11.4,18.69,Other,Low_poverty,LPO,32.9875496,-96.9881747
481130163011,1945.0,7.25,9.36,89.66,Minority,Low_poverty,LPM,32.7088413,-96.981008
481130010012,658.0,66.87,2.13,25.53,White,Low_poverty,LPW,32.8221832,-96.7804084
481130004064,910.0,45.16,0.0,54.84,Minority,Low_poverty,LPM,32.8346067,-96.8554442
481130072025,1777.0,23.58,29.61,76.42,Minority,Low_poverty,LPM,32.8606259,-96.8620845
481130165234,470.0,70.85,37.45,11.27,White,High_poverty,HPW,32.5847743,-96.9555216
481130166222,1436.0,18.04,42.06,81.62,Minority,High_poverty,HPM,32.554534,-96.8494702
481130173061,3349.0,14.03,7.02,83.13,Minority,Low_poverty,LPM,32.7249488,-96.5861334
481130078232,610.0,20.66,23.19,72.13,Minority,Low_poverty,LPM,32.8913609,-96.7618382
481130190251,1545.0,62.27,0.0,26.8,White,Low_poverty,LPW,32.9475873,-96.6285546
481130190313,1030.0,59.51,0.0,40.49,White,Low_poverty,LPW,32.9625461,-96.6765942
481130078212,970.0,10.21,32.47,83.6,Minority,High_poverty,HPM,32.8731223,-96.756768
481130004051,1209.0,41.11,14.89,55.34,Minority,Low_poverty,LPM,32.8149317,-96.8198764
481130142062,1372.0,23.69,5.54,75.37,Minority,Low_poverty,LPM,32.8632648,-96.9363267
481130166253,4012.0,7.55,1.3,89.11,Minority,Low_poverty,LPM,32.5949576,-96.9173927
481130192103,1108.0,84.3,2.62,12.09,White,Low_poverty,LPW,32.9821264,-96.7413433
481130004052,1092.0,9.62,32.05,82.23,Minority,High_poverty,HPM,32.8121012,-96.8211572
481130096101,1345.0,25.13,13.75,74.87,Minority,Low_poverty,LPM,32.9066497,-96.8817566
481130137172,1036.0,15.15,24.9,60.33,Minority,Low_poverty,LPM,32.9563292,-96.9008242
481130011012,1320.0,78.03,2.27,8.71,White,Low_poverty,LPW,32.8201353,-96.7658438
481130071024,1605.0,39.0,23.93,51.71,Minority,Low_poverty,LPM,32.8421445,-96.8290157
481130041001,963.0,0.42,39.46,97.72,Minority,High_poverty,HPM,32.7467448,-96.8061084
481130046002,887.0,52.09,4.4,47.23,White,Low_poverty,LPW,32.7474514,-96.8474145
481130086041,1422.0,3.8,30.45,96.2,Minority,High_poverty,HPM,32.7167302,-96.7714036
481130095002,1201.0,73.69,0.42,23.06,White,Low_poverty,LPW,32.8914324,-96.8473177
481130077002,1136.0,95.51,5.55,4.49,White,Low_poverty,LPW,32.8669645,-96.7998003
481130093044,2890.0,0.55,42.39,99.45,Minority,High_poverty,HPM,32.7164247,-96.7077997
481130096083,1672.0,67.4,4.76,28.71,White,Low_poverty,LPW,32.9147677,-96.8510758
481130125003,2448.0,29.86,25.9,62.42,Minority,Low_poverty,LPM,32.8319807,-96.6650296
481130142033,1699.0,12.6,8.42,78.7,Minority,Low_poverty,LPM,32.8406631,-96.9470114
481130178043,2462.0,16.17,36.92,80.91,Minority,High_poverty,HPM,32.7946853,-96.6494265
481130181271,1780.0,27.92,22.02,66.29,Minority,Low_poverty,LPM,32.8543619,-96.6378677
481130187005,1739.0,14.66,33.81,85.34,Minority,High_poverty,HPM,32.9038589,-96.6340021
481130190333,2408.0,17.9,21.18,69.14,Minority,Low_poverty,LPM,32.9128143,-96.6963221
481130003003,1365.0,91.21,1.32,3.3,White,Low_poverty,LPW,32.8264488,-96.7793889
481130141282,1724.0,36.89,7.83,23.9,Other,Low_poverty,LPO,32.9300649,-96.9568934
481130203002,1338.0,12.78,29.4,87.22,Minority,Low_poverty,LPM,32.7700759,-96.7704031
481130206002,1335.0,79.93,0.3,3.37,White,Low_poverty,LPW,32.8725905,-96.8301886
481130143062,1955.0,24.81,13.25,66.34,Minority,Low_poverty,LPM,32.8432621,-96.9895194
481130149022,1659.0,17.84,14.22,82.16,Minority,Low_poverty,LPM,32.8115413,-96.9435027
481130021002,1434.0,58.93,7.74,28.03,White,Low_poverty,LPW,32.7859724,-96.7987861
481130031012,1282.0,66.15,10.44,29.49,White,Low_poverty,LPW,32.7787451,-96.8039378
481130137152,1610.0,15.65,10.06,78.14,Minority,Low_poverty,LPM,32.9499374,-96.8791429
481130005004,821.0,69.18,18.76,30.81,White,Low_poverty,LPW,32.8098164,-96.8120452
481130060013,2263.0,1.06,12.2,98.94,Minority,Low_poverty,LPM,32.7110488,-96.8368994
481130141152,1578.0,12.55,3.61,75.16,Minority,Low_poverty,LPM,32.8539148,-97.0043891
481130141141,2399.0,11.5,17.97,47.77,Other,Low_poverty,LPO,32.863068,-96.9941549
481130141132,806.0,23.2,20.6,67.5,Minority,Low_poverty,LPM,32.8612113,-97.0036331
481130141314,677.0,30.58,12.56,40.77,Other,Low_poverty,LPO,32.9301071,-96.9505661
481130140014,923.0,72.26,1.19,14.08,White,Low_poverty,LPW,32.9206553,-96.8777795
481130138043,1535.0,40.59,5.02,48.46,Other,Low_poverty,LPO,32.922816,-96.8502177
481130138031,718.0,55.15,2.23,18.8,White,Low_poverty,LPW,32.9505658,-96.8638943
481130152061,2884.0,24.76,23.89,71.98,Minority,Low_poverty,LPM,32.8050581,-96.973837
481130152046,1965.0,17.1,25.45,76.03,Minority,Low_poverty,LPM,32.7843598,-96.9700848
481130151004,1112.0,23.29,39.75,71.22,Minority,High_poverty,HPM,32.7975805,-96.9492828
481130151001,880.0,37.84,15.68,62.16,Minority,Low_poverty,LPM,32.8048933,-96.9503078
481130147023,1902.0,1.47,28.23,96.16,Minority,Low_poverty,LPM,32.8260622,-96.9341273
481130147012,719.0,10.29,20.58,88.18,Minority,Low_poverty,LPM,32.8350945,-96.9276766
481130145021,1098.0,40.53,3.81,59.47,Minority,Low_poverty,LPM,32.8239993,-96.9587276
481130144063,1801.0,46.64,18.97,50.53,Minority,Low_poverty,LPM,32.8187379,-96.9850809
481130137222,2476.0,37.6,7.79,47.09,Other,Low_poverty,LPO,32.984318,-96.8621438
481130137183,1810.0,6.63,3.04,89.72,Minority,Low_poverty,LPM,32.95731,-96.8883044
481130137161,2164.0,20.56,2.71,74.4,Minority,Low_poverty,LPM,32.9671329,-96.9133531
481130194001,959.0,94.47,0.0,0.0,White,Low_poverty,LPW,32.8544324,-96.7885077
481130162022,752.0,40.29,8.24,55.85,Minority,Low_poverty,LPM,32.7149304,-97.0049689
481130160022,1755.0,29.57,22.06,67.64,Minority,Low_poverty,LPM,32.7335326,-97.0007488
481130160014,793.0,8.95,44.77,87.01,Minority,High_poverty,HPM,32.7322354,-97.007495
481130159001,922.0,11.17,17.79,87.85,Minority,Low_poverty,LPM,32.7430776,-96.9910049
481130156002,2375.0,8.17,23.15,91.37,Minority,Low_poverty,LPM,32.7506338,-96.9903701
481130154043,1184.0,0.76,33.66,94.34,Minority,High_poverty,HPM,32.7449828,-97.0198923
481130154014,1005.0,55.42,4.58,42.79,White,Low_poverty,LPW,32.7668534,-97.024857
481130153031,1368.0,19.74,5.65,78.87,Minority,Low_poverty,LPM,32.7980363,-97.0248187
481130143102,1669.0,17.02,10.07,75.92,Minority,Low_poverty,LPM,32.855012,-96.9828179
481130143092,2728.0,8.76,21.52,76.57,Minority,Low_poverty,LPM,32.8583019,-96.9898523
481130143082,2696.0,9.57,23.0,82.67,Minority,Low_poverty,LPM,32.8406271,-96.9552045
481130143063,1010.0,14.06,9.0,84.26,Minority,Low_poverty,LPM,32.8450081,-96.9797157
481130143111,2508.0,7.81,4.82,29.55,Other,Low_poverty,LPO,32.883098,-96.9684361
481130141364,1416.0,23.09,3.32,21.75,Other,Low_poverty,LPO,32.902423,-96.9653004
481130141233,1221.0,65.11,1.56,16.05,White,Low_poverty,LPW,32.9765398,-96.9675562
481130141203,1756.0,73.97,0.63,8.54,White,Low_poverty,LPW,32.9616746,-96.9729028
481130141162,1502.0,5.19,24.7,73.97,Minority,Low_poverty,LPM,32.855526,-97.0117874
481130137122,1414.0,26.94,5.52,65.91,Minority,Low_poverty,LPM,32.9407595,-96.8785619
481130136192,1825.0,80.0,4.66,8.33,White,Low_poverty,LPW,32.9714009,-96.794125
481130136151,1612.0,29.71,13.71,63.46,Minority,Low_poverty,LPM,32.9368095,-96.8068685
481130136103,1385.0,29.96,2.09,62.67,Minority,Low_poverty,LPM,32.9310595,-96.7740103
481130108036,1493.0,21.84,1.54,78.16,Minority,Low_poverty,LPM,32.700661,-96.8809499
481130106022,1331.0,21.71,45.3,73.18,Minority,High_poverty,HPM,32.7713211,-96.9115704
481130105001,1366.0,9.22,23.94,90.77,Minority,Low_poverty,LPM,32.7904779,-96.8799092
481130098041,2309.0,31.14,32.61,67.65,Minority,High_poverty,HPM,32.8738646,-96.8669329
481130098024,609.0,32.02,9.36,67.98,Minority,Low_poverty,LPM,32.8683795,-96.8628664
481130098021,1420.0,42.46,8.94,56.13,Minority,Low_poverty,LPM,32.8780771,-96.8604127
481130096093,720.0,76.11,2.08,17.78,White,Low_poverty,LPW,32.8987649,-96.8511423
481130096042,1112.0,72.39,11.02,23.56,White,Low_poverty,LPW,32.9201112,-96.8145506
481130096031,683.0,100.0,0.0,0.0,White,Low_poverty,LPW,32.9127869,-96.8341106
481130078012,923.0,84.07,0.87,10.51,White,Low_poverty,LPW,32.8768911,-96.7841851
481130136054,1682.0,66.94,15.28,22.59,White,Low_poverty,LPW,32.9652793,-96.7737948
481130135001,1011.0,90.5,1.48,2.27,White,Low_poverty,LPW,32.9024555,-96.824176
481130131011,1012.0,91.5,2.75,0.89,White,Low_poverty,LPW,32.9052469,-96.774643
481130176063,2229.0,15.61,20.64,80.98,Minority,Low_poverty,LPM,32.7541381,-96.6228674
481130181265,2129.0,53.08,4.56,46.92,White,Low_poverty,LPW,32.8531413,-96.630769
481130190132,1484.0,1.89,32.68,93.13,Minority,High_poverty,HPM,32.9130031,-96.674619
481130190143,2008.0,27.09,0.0,61.66,Minority,Low_poverty,LPM,32.920075,-96.6786911
481130190321,1892.0,7.98,16.44,82.08,Minority,Low_poverty,LPM,32.9203791,-96.6860715
481130190244,1133.0,56.4,4.15,28.06,White,Low_poverty,LPW,32.934808,-96.6868045
481130174001,1058.0,62.38,46.6,32.52,White,High_poverty,HPW,32.7618866,-96.5942661
481130176021,1890.0,23.02,23.44,73.81,Minority,Low_poverty,LPM,32.7663222,-96.6395926
481130177043,1011.0,15.23,43.91,76.75,Minority,High_poverty,HPM,32.7758369,-96.6134719
481130178055,835.0,51.86,1.68,44.67,White,Low_poverty,LPW,32.7841346,-96.6416128
481130178073,1390.0,18.78,9.42,80.5,Minority,Low_poverty,LPM,32.8130452,-96.6392389
481130090004,1152.0,5.99,8.16,94.01,Minority,Low_poverty,LPM,32.7512814,-96.6682845
481130169023,734.0,18.53,46.19,80.24,Minority,High_poverty,HPM,32.6383125,-96.6895647
481130169034,1146.0,24.96,21.55,73.12,Minority,Low_poverty,LPM,32.5916358,-96.6928175
481130055002,1185.0,7.85,32.41,92.15,Minority,High_poverty,HPM,32.7257347,-96.797125
481130059014,720.0,2.08,15.56,97.92,Minority,Low_poverty,LPM,32.6902909,-96.8054983
481130059021,1834.0,0.16,41.93,99.84,Minority,High_poverty,HPM,32.7041329,-96.8187282
481130111041,1520.0,3.68,47.37,96.31,Minority,High_poverty,HPM,32.6596923,-96.8354541
481130111012,1409.0,27.75,0.78,72.25,Minority,Low_poverty,LPM,32.6584832,-96.84833
481130110011,1036.0,21.72,1.16,78.28,Minority,Low_poverty,LPM,32.6887037,-96.8515506
481130073011,988.0,94.53,0.61,4.35,White,Low_poverty,LPW,32.8584054,-96.8171766
481130072011,2006.0,29.46,15.75,70.54,Minority,Low_poverty,LPM,32.8642466,-96.8753383
481130071021,1570.0,43.95,0.83,55.16,Minority,Low_poverty,LPM,32.84806,-96.8257408
481130068001,1833.0,7.42,23.68,92.58,Minority,Low_poverty,LPM,32.7519612,-96.8706616
481130067003,1464.0,6.69,41.73,93.3,Minority,High_poverty,HPM,32.7441595,-96.887669
481130065011,2464.0,1.22,13.43,98.78,Minority,Low_poverty,LPM,32.7283129,-96.8943868
481130063021,2065.0,13.8,10.9,86.2,Minority,Low_poverty,LPM,32.7262509,-96.8422502
481130063015,856.0,10.86,0.0,87.15,Minority,Low_poverty,LPM,32.7098304,-96.8507506
481130063011,1858.0,3.77,4.84,96.23,Minority,Low_poverty,LPM,32.715266,-96.8439153
481130006063,717.0,90.52,3.91,9.48,White,Low_poverty,LPW,32.8116689,-96.8022564
481130006031,743.0,58.68,14.13,28.81,White,Low_poverty,LPW,32.8180074,-96.8098588
481130005001,697.0,42.47,4.73,36.73,Other,Low_poverty,LPO,32.8129875,-96.8161064
481130004062,1587.0,27.1,4.6,71.4,Minority,Low_poverty,LPM,32.8297124,-96.8542004
481130060023,1189.0,15.9,30.95,76.79,Minority,High_poverty,HPM,32.6971219,-96.8358818
481130053004,1793.0,0.95,32.79,99.05,Minority,High_poverty,HPM,32.7320892,-96.8602137
481130190413,800.0,49.88,0.0,36.63,Other,Low_poverty,LPO,32.9281067,-96.7214309
481130190162,1239.0,21.15,25.75,45.92,Other,Low_poverty,LPO,32.9203789,-96.7398385
481130190192,3929.0,7.38,40.68,67.63,Minority,High_poverty,HPM,32.9132865,-96.7053782
481130192051,2181.0,74.64,5.27,14.54,White,Low_poverty,LPW,32.9788485,-96.7628481
481130181053,1697.0,26.99,6.31,72.06,Minority,Low_poverty,LPM,32.9212707,-96.6247196
481130087031,1058.0,6.24,44.05,93.0,Minority,High_poverty,HPM,32.7061437,-96.7761259
481130088026,631.0,0.0,72.74,100.0,Minority,High_poverty,HPM,32.7111414,-96.7788891
481130112002,1873.0,1.28,52.75,98.72,Minority,High_poverty,HPM,32.6802212,-96.8189647
481130114013,1915.0,0.0,51.12,94.15,Minority,High_poverty,HPM,32.6732918,-96.7690107
481130167012,1720.0,0.0,6.22,100.0,Minority,Low_poverty,LPM,32.6605499,-96.7706132
481130168043,3227.0,8.49,5.91,90.58,Minority,Low_poverty,LPM,32.5977757,-96.8143126
481130178082,858.0,65.03,11.89,16.44,White,Low_poverty,LPW,32.8273898,-96.6164196
481130178143,1381.0,25.63,11.3,60.97,Minority,Low_poverty,LPM,32.7946709,-96.6034088
481130178111,745.0,40.94,12.89,48.59,Other,Low_poverty,LPO,32.8224488,-96.6023267
481130190391,958.0,75.99,0.21,10.96,White,Low_poverty,LPW,32.9355319,-96.7109839
481130122091,1511.0,78.89,2.38,19.59,White,Low_poverty,LPW,32.8158582,-96.6993167
481130190234,1230.0,79.11,2.88,7.4,White,Low_poverty,LPW,32.9491584,-96.6869844
481130191002,705.0,59.43,15.36,1.42,White,Low_poverty,LPW,32.953494,-96.7256487
481130192064,1368.0,72.81,0.0,15.21,White,Low_poverty,LPW,32.9664325,-96.7523096
481130192083,2113.0,4.35,18.71,92.05,Minority,Low_poverty,LPM,32.9309681,-96.7655974
481130192034,810.0,76.91,4.2,8.15,White,Low_poverty,LPW,32.9572352,-96.7536283
481130166203,1745.0,14.1,0.52,85.9,Minority,Low_poverty,LPM,32.5961051,-96.8293731
481130166173,1874.0,18.84,0.21,74.76,Minority,Low_poverty,LPM,32.6119204,-96.9001224
481130051002,1326.0,5.05,24.81,94.95,Minority,Low_poverty,LPM,32.7331115,-96.8455818
481130047003,1211.0,15.69,13.66,84.31,Minority,Low_poverty,LPM,32.7472914,-96.8348249
481130046001,1121.0,46.92,20.61,50.4,Minority,Low_poverty,LPM,32.7472642,-96.8409851
481130043002,794.0,15.87,30.99,80.48,Minority,High_poverty,HPM,32.7756615,-96.8463124
481130042014,653.0,2.6,26.8,97.4,Minority,Low_poverty,LPM,32.7520281,-96.8253793
481130181114,2218.0,36.34,16.26,62.12,Minority,Low_poverty,LPM,32.8628703,-96.6129748
481130182064,592.0,32.6,16.55,67.4,Minority,Low_poverty,LPM,32.8761767,-96.6278458
481130183001,976.0,13.32,10.63,78.18,Minority,Low_poverty,LPM,32.8915195,-96.6336829
481130184013,880.0,52.27,6.36,47.73,White,Low_poverty,LPW,32.8679375,-96.6513793
481130185012,675.0,33.19,37.04,61.04,Minority,High_poverty,HPM,32.892602,-96.6558783
481130188014,920.0,25.22,30.65,74.78,Minority,High_poverty,HPM,32.9201749,-96.6414739
481130189001,1676.0,40.93,9.19,49.88,Other,Low_poverty,LPO,32.9266131,-96.6527811
481130190041,753.0,20.45,21.91,41.7,Other,Low_poverty,LPO,32.9294083,-96.6877053
481130190264,1675.0,37.31,30.38,29.2,Other,High_poverty,HPO,32.9342519,-96.6355353
481130190282,1327.0,24.19,16.2,55.77,Minority,Low_poverty,LPM,32.958458,-96.6779475
481130166126,1197.0,17.54,0.58,80.62,Minority,Low_poverty,LPM,32.5798844,-96.8641267
481130166121,1941.0,12.06,22.98,86.97,Minority,Low_poverty,LPM,32.5970222,-96.8826696
481130166102,1018.0,2.26,0.39,95.09,Minority,Low_poverty,LPM,32.6145559,-96.8357176
481130166061,3392.0,5.04,8.61,94.37,Minority,Low_poverty,LPM,32.6371127,-96.8843163
481130165171,2922.0,19.34,16.74,79.64,Minority,Low_poverty,LPM,32.640376,-96.8980666
481130165222,1802.0,29.74,32.57,67.26,Minority,High_poverty,HPM,32.601952,-96.9552833
481130165132,1179.0,34.86,2.63,60.9,Minority,Low_poverty,LPM,32.637635,-96.9327908
481130165093,685.0,42.77,0.0,53.28,Minority,Low_poverty,LPM,32.6285696,-96.9259025
481130165024,940.0,14.15,21.6,85.85,Minority,Low_poverty,LPM,32.6674725,-96.8988872
481130164111,3163.0,26.56,4.2,62.15,Minority,Low_poverty,LPM,32.650911,-97.0323016
481130164074,1387.0,33.45,10.08,64.31,Minority,Low_poverty,LPM,32.7014338,-96.9982415
481130164072,2497.0,8.97,1.46,90.15,Minority,Low_poverty,LPM,32.7067683,-96.998394
481130190261,1496.0,30.68,20.32,40.84,Other,Low_poverty,LPO,32.9427324,-96.6391344
481130078042,1149.0,0.0,37.42,100.0,Minority,High_poverty,HPM,32.9194054,-96.7565388
481130022002,572.0,59.97,9.98,22.73,White,Low_poverty,LPW,32.7881643,-96.7771851
481130181242,3280.0,53.99,2.5,39.85,White,Low_poverty,LPW,32.9361888,-96.5266114
481130178075,468.0,54.49,4.7,45.51,White,Low_poverty,LPW,32.8064397,-96.6441905
481130172013,844.0,12.44,4.86,87.56,Minority,Low_poverty,LPM,32.7416254,-96.6271098
481130172015,976.0,2.77,6.97,97.23,Minority,Low_poverty,LPM,32.7222411,-96.6195935
481130008001,991.0,15.14,6.26,82.94,Minority,Low_poverty,LPM,32.8120439,-96.7850139
481130009004,1879.0,36.77,16.18,63.22,Minority,Low_poverty,LPM,32.8095831,-96.778215
481130010021,982.0,60.59,9.78,30.65,White,Low_poverty,LPW,32.8186248,-96.7789515
481130122092,1050.0,25.14,21.52,70.47,Minority,Low_poverty,LPM,32.8070132,-96.7122508
481130178133,1448.0,13.88,3.25,70.78,Minority,Low_poverty,LPM,32.7993097,-96.6144042
481130056004,1838.0,0.44,41.13,99.51,Minority,High_poverty,HPM,32.7144885,-96.8192613
481130196002,1037.0,86.6,2.89,2.89,White,Low_poverty,LPW,32.8275411,-96.7903171
481130012032,837.0,21.03,10.16,78.98,Minority,Low_poverty,LPM,32.8019186,-96.7455192
481130085004,1441.0,13.25,30.67,80.57,Minority,High_poverty,HPM,32.7666646,-96.6868788
481130091041,1841.0,3.8,21.89,95.98,Minority,Low_poverty,LPM,32.7452063,-96.6960624
481130091052,1009.0,14.17,35.48,85.83,Minority,High_poverty,HPM,32.737287,-96.6919527
481130092014,2179.0,3.53,10.51,96.46,Minority,Low_poverty,LPM,32.7410865,-96.6691918
481130093012,1286.0,1.4,14.93,98.6,Minority,Low_poverty,LPM,32.7281719,-96.691532
481130116024,655.0,6.72,18.78,93.28,Minority,Low_poverty,LPM,32.7087293,-96.67732
481130117013,1177.0,2.46,56.5,97.54,Minority,High_poverty,HPM,32.7136634,-96.6720774
481130120004,3205.0,3.84,26.49,95.5,Minority,Low_poverty,LPM,32.7505003,-96.6559626
481130122043,783.0,42.53,5.24,57.47,Minority,Low_poverty,LPM,32.8016988,-96.707826
481130123021,4677.0,6.97,38.02,86.68,Minority,High_poverty,HPM,32.8104001,-96.6705786
481130124002,559.0,42.4,11.15,24.69,Other,Low_poverty,LPO,32.8333652,-96.6858418
481130125004,1181.0,14.56,17.7,85.44,Minority,Low_poverty,LPM,32.8262647,-96.6650051
481130126032,1176.0,40.73,1.87,56.04,Minority,Low_poverty,LPM,32.8390968,-96.6555458
481130127012,634.0,24.29,31.39,75.71,Minority,High_poverty,HPM,32.8467179,-96.6805784
481130013012,1169.0,68.86,9.15,24.38,White,Low_poverty,LPW,32.8093061,-96.7490265
481130015021,927.0,35.6,56.63,55.99,Minority,High_poverty,HPM,32.7969231,-96.7696917
481130015041,915.0,16.61,44.81,80.11,Minority,High_poverty,HPM,32.8057148,-96.7701422
481130117022,2532.0,2.57,32.31,96.28,Minority,High_poverty,HPM,32.7123774,-96.6436942
481130027014,870.0,0.0,40.46,100.0,Minority,High_poverty,HPM,32.7769566,-96.7473879
481130027021,707.0,5.09,20.08,94.91,Minority,Low_poverty,LPM,32.7724993,-96.7526098
481130123013,1193.0,5.03,22.13,94.97,Minority,Low_poverty,LPM,32.8152797,-96.6860987
481130167051,2348.0,3.88,7.45,95.06,Minority,Low_poverty,LPM,32.6052643,-96.7933383
481130078053,1014.0,45.66,3.14,51.88,Minority,Low_poverty,LPM,32.9008586,-96.7538868
481130078051,1192.0,52.94,29.29,45.64,White,Low_poverty,LPW,32.9061627,-96.7548062
481130079102,1159.0,37.79,20.19,35.03,Other,Low_poverty,LPO,32.8549721,-96.7633134
481130078252,792.0,83.59,0.0,5.05,White,Low_poverty,LPW,32.8901313,-96.7345512
481130078253,528.0,12.12,29.92,77.27,Minority,Low_poverty,LPM,32.8921583,-96.7299307
481130127011,1316.0,17.02,11.09,81.99,Minority,Low_poverty,LPM,32.8584582,-96.6705974
481130079131,1183.0,70.25,18.6,19.95,White,Low_poverty,LPW,32.848812,-96.7627567
481130079121,1004.0,72.71,7.87,13.15,White,Low_poverty,LPW,32.8631757,-96.7671707
481130081004,1492.0,71.45,2.21,23.05,White,Low_poverty,LPW,32.8111944,-96.7198625
481130128006,626.0,34.03,1.44,64.86,Minority,Low_poverty,LPM,32.8617126,-96.6778335
481130129005,1233.0,82.81,6.31,15.33,White,Low_poverty,LPW,32.8549147,-96.7079667
481130130051,1142.0,71.28,4.9,22.33,White,Low_poverty,LPW,32.8826441,-96.7047775
481130130092,2159.0,68.09,5.93,25.75,White,Low_poverty,LPW,32.8896827,-96.7126201
481130202002,1926.0,2.28,41.33,97.71,Minority,High_poverty,HPM,32.6716219,-96.7542608
481130177034,2282.0,15.73,35.1,75.32,Minority,High_poverty,HPM,32.7800865,-96.6185564
481130054004,1259.0,4.85,9.93,95.16,Minority,Low_poverty,LPM,32.7225711,-96.8198429
481130080003,1579.0,90.31,1.14,9.69,White,Low_poverty,LPW,32.8345179,-96.7477781
481130165173,377.0,44.56,11.41,55.44,Minority,Low_poverty,LPM,32.6303638,-96.9056238
481130141273,1834.0,13.2,5.23,36.58,Other,Low_poverty,LPO,32.9426425,-96.9544576
481130141283,1159.0,13.98,0.0,5.44,Other,Low_poverty,LPO,32.9368088,-96.9543835
481130166202,2839.0,11.38,10.88,83.98,Minority,Low_poverty,LPM,32.5981049,-96.8434636
481130150005,1230.0,32.11,13.41,55.61,Minority,Low_poverty,LPM,32.7974808,-96.9407681
481130147032,245.0,29.39,11.84,70.61,Minority,Low_poverty,LPM,32.8189558,-96.9320102
481130136213,721.0,51.18,15.4,33.98,White,Low_poverty,LPW,32.9561745,-96.8066305
481130178142,1766.0,44.22,4.47,50.91,Minority,Low_poverty,LPM,32.8012522,-96.6065306
481130144032,620.0,1.45,25.16,86.94,Minority,Low_poverty,LPM,32.8257423,-97.0268668
481130017041,1384.0,82.51,6.43,11.63,White,Low_poverty,LPW,32.7965756,-96.7999798
481130079091,973.0,39.05,21.89,17.27,Other,Low_poverty,LPO,32.8522208,-96.7623577
481130088025,843.0,0.59,34.28,98.82,Minority,High_poverty,HPM,32.7077531,-96.7861388
481130092015,1186.0,2.11,12.98,97.89,Minority,Low_poverty,LPM,32.7360749,-96.6685475
481130088013,1000.0,1.6,38.2,98.4,Minority,High_poverty,HPM,32.7137197,-96.8016037
481130093043,927.0,0.0,35.49,100.0,Minority,High_poverty,HPM,32.7150201,-96.7157623
481130007011,2119.0,75.79,4.53,11.32,White,Low_poverty,LPW,32.8127509,-96.7966519
481130096072,869.0,65.25,1.15,29.0,White,Low_poverty,LPW,32.9059466,-96.8679682
481130136102,690.0,71.88,0.0,17.83,White,Low_poverty,LPW,32.9370837,-96.7803894
481130145023,1187.0,12.97,25.58,78.94,Minority,Low_poverty,LPM,32.818248,-96.9581595
481130136091,2505.0,18.84,20.68,79.16,Minority,Low_poverty,LPM,32.9483097,-96.7737456
481130164114,818.0,25.79,10.76,71.76,Minority,Low_poverty,LPM,32.6538045,-97.0243547
481130109041,1086.0,0.0,61.88,100.0,Minority,High_poverty,HPM,32.6820711,-96.8692462
481130167032,2146.0,4.57,50.8,94.97,Minority,High_poverty,HPM,32.6115298,-96.8142543
481130137162,1207.0,31.4,2.19,55.76,Minority,Low_poverty,LPM,32.9721559,-96.9030078
481130136261,1643.0,16.01,18.08,77.18,Minority,Low_poverty,LPM,32.9331386,-96.8154487
481130165091,1529.0,25.44,17.14,71.48,Minority,Low_poverty,LPM,32.6431987,-96.9112092
481130053003,1338.0,4.48,44.32,95.52,Minority,High_poverty,HPM,32.7319088,-96.8661821
481130109042,2577.0,2.1,26.12,89.99,Minority,Low_poverty,LPM,32.6651938,-96.8766868
481130006032,1169.0,80.33,1.28,11.89,White,Low_poverty,LPW,32.8209101,-96.8103308
481130205001,1065.0,7.04,78.29,79.34,Minority,High_poverty,HPM,32.7749601,-96.8613547
481130165104,2765.0,9.37,15.15,87.56,Minority,Low_poverty,LPM,32.6372662,-96.9480791
481130181262,1970.0,12.94,8.68,85.07,Minority,Low_poverty,LPM,32.8629011,-96.6371082
481130136071,1135.0,56.83,14.45,41.41,White,Low_poverty,LPW,32.9590392,-96.7739345
481130122063,2262.0,10.17,14.28,86.39,Minority,Low_poverty,LPM,32.7821334,-96.7062859
481130167013,724.0,1.38,4.14,98.62,Minority,Low_poverty,LPM,32.6640282,-96.7629243
481130137252,696.0,14.08,29.02,77.01,Minority,Low_poverty,LPM,32.9623571,-96.8516697
481130002011,955.0,91.41,2.13,8.06,White,Low_poverty,LPW,32.8396005,-96.7569583
481130010011,797.0,63.49,3.26,20.95,White,Low_poverty,LPW,32.8204675,-96.7737893
481130081005,977.0,88.95,6.14,9.11,White,Low_poverty,LPW,32.823706,-96.7091606
481130130041,1177.0,82.92,5.01,12.74,White,Low_poverty,LPW,32.87523,-96.7133052
481130059012,1008.0,0.69,25.3,99.3,Minority,Low_poverty,LPM,32.6952856,-96.8120601
481130192025,1640.0,17.13,32.07,66.35,Minority,High_poverty,HPM,32.9420411,-96.7476304
481130141352,1392.0,57.4,9.84,22.48,White,Low_poverty,LPW,32.9731731,-96.9787064
481130134002,1154.0,69.32,0.61,11.87,White,Low_poverty,LPW,32.9030056,-96.8080689
481130147021,1015.0,42.86,8.08,51.52,Minority,Low_poverty,LPM,32.8239368,-96.9227737
481130077003,1284.0,92.99,2.57,2.96,White,Low_poverty,LPW,32.8741562,-96.7997972
481130137192,1959.0,51.91,1.04,22.11,White,Low_poverty,LPW,32.9794611,-96.9034445
481130181263,948.0,7.59,26.16,92.4,Minority,Low_poverty,LPM,32.8615668,-96.6331188
481130178064,402.0,39.55,9.45,60.45,Minority,Low_poverty,LPM,32.7967176,-96.655856
481130042015,590.0,43.56,23.9,56.27,Minority,Low_poverty,LPM,32.7520289,-96.8297193
481130124003,491.0,81.06,0.0,18.94,White,Low_poverty,LPW,32.830238,-96.679448
481130181401,1529.0,42.71,6.8,46.83,Other,Low_poverty,LPO,32.9169355,-96.569311
481130136251,621.0,33.49,5.64,51.53,Minority,Low_poverty,LPM,32.941195,-96.8198188
481130151002,1139.0,2.81,30.29,87.0,Minority,High_poverty,HPM,32.8049658,-96.9565498
481130181283,1504.0,11.37,8.51,79.39,Minority,Low_poverty,LPM,32.848232,-96.6016014
481130130054,708.0,93.79,0.0,6.21,White,Low_poverty,LPW,32.8675275,-96.7074838
481130052004,817.0,3.55,24.72,96.45,Minority,Low_poverty,LPM,32.7381361,-96.8460772
481130011011,702.0,87.32,15.1,11.53,White,Low_poverty,LPW,32.8109352,-96.7685248
481130014003,817.0,56.18,8.2,40.63,White,Low_poverty,LPW,32.8098397,-96.7608231
481130174003,1293.0,20.34,32.79,68.37,Minority,High_poverty,HPM,32.7556835,-96.585955
481130188013,1232.0,13.72,21.51,83.77,Minority,Low_poverty,LPM,32.9202648,-96.6458381
481130190361,627.0,76.56,1.91,6.7,White,Low_poverty,LPW,32.9755381,-96.6872013
481130165184,1903.0,11.61,26.06,88.38,Minority,Low_poverty,LPM,32.6494372,-96.9183491
481130091013,1062.0,8.57,11.86,90.58,Minority,Low_poverty,LPM,32.7570631,-96.6956012
481130062005,751.0,14.51,19.31,85.48,Minority,Low_poverty,LPM,32.7162693,-96.8319856
481130039011,875.0,0.0,44.23,98.74,Minority,High_poverty,HPM,32.7635827,-96.7432814
481130177023,957.0,20.06,50.37,79.94,Minority,High_poverty,HPM,32.7903155,-96.6063153
481130093041,1264.0,6.09,48.97,93.91,Minority,High_poverty,HPM,32.7184573,-96.6912889
481130089002,727.0,0.0,40.72,100.0,Minority,High_poverty,HPM,32.7423793,-96.7971284
481130206001,796.0,84.92,2.64,12.44,White,Low_poverty,LPW,32.8727958,-96.8127488
481130166101,543.0,3.87,19.71,86.0,Minority,Low_poverty,LPM,32.6160906,-96.8276247
481130139021,1712.0,24.24,7.94,67.87,Minority,Low_poverty,LPM,32.9355716,-96.8842841
481130141291,3108.0,18.37,3.41,20.91,Other,Low_poverty,LPO,32.9224342,-96.971429
481130120003,2394.0,2.3,24.77,97.7,Minority,Low_poverty,LPM,32.758245,-96.6522015
481130192063,903.0,64.89,10.85,29.01,White,Low_poverty,LPW,32.9669999,-96.7457732
481130008005,1103.0,6.17,18.53,93.83,Minority,Low_poverty,LPM,32.8056032,-96.7799187
481130015042,247.0,28.74,29.96,49.4,Other,Low_poverty,LPO,32.8015448,-96.7750305
481130142063,844.0,50.36,6.4,32.7,White,Low_poverty,LPW,32.8655761,-96.9356781
481130079061,906.0,100.0,7.84,0.0,White,Low_poverty,LPW,32.8620025,-96.7796033
481130190134,2420.0,2.77,37.04,90.86,Minority,High_poverty,HPM,32.913352,-96.6811721
481130087012,676.0,4.14,26.18,95.86,Minority,Low_poverty,LPM,32.7056995,-96.7618308
481130178042,707.0,68.6,5.09,29.98,White,Low_poverty,LPW,32.8029319,-96.637871
481130166152,2522.0,9.95,6.22,71.92,Minority,Low_poverty,LPM,32.5792081,-96.9304481
481130179001,1204.0,17.69,41.28,82.31,Minority,High_poverty,HPM,32.8247469,-96.6514942
481130181113,2524.0,10.66,31.54,89.34,Minority,High_poverty,HPM,32.8657202,-96.62017
481130136153,3125.0,8.64,30.45,85.6,Minority,High_poverty,HPM,32.9370971,-96.8118482
481130179004,1954.0,18.27,8.7,78.35,Minority,Low_poverty,LPM,32.8175579,-96.6478277
481130015022,546.0,42.49,11.54,53.67,Minority,Low_poverty,LPM,32.791833,-96.7711975
481130038002,1143.0,1.14,34.56,98.34,Minority,High_poverty,HPM,32.7608671,-96.751416
481130190392,1351.0,34.42,27.83,58.32,Minority,Low_poverty,LPM,32.947777,-96.7065085
481130091032,1736.0,0.58,34.68,99.42,Minority,High_poverty,HPM,32.7370475,-96.7034967
481130170042,3198.0,20.79,10.79,77.9,Minority,Low_poverty,LPM,32.6784849,-96.5835059
481130002023,1730.0,66.59,2.89,30.05,White,Low_poverty,LPW,32.8296742,-96.7658116
481130117011,1029.0,10.69,37.03,89.31,Minority,High_poverty,HPM,32.7141664,-96.6527305
481130150004,1603.0,24.02,20.09,75.98,Minority,Low_poverty,LPM,32.8048255,-96.9407377
481130192045,3922.0,10.12,16.6,89.27,Minority,Low_poverty,LPM,32.9438449,-96.7666723
481130137112,2347.0,6.14,14.53,91.09,Minority,Low_poverty,LPM,32.9408574,-96.887152
481130078114,3075.0,15.93,10.7,81.27,Minority,Low_poverty,LPM,32.8981271,-96.725693
481130175002,1079.0,60.33,17.52,38.09,White,Low_poverty,LPW,32.763155,-96.6131333
481130096113,1238.0,36.91,10.99,62.36,Minority,Low_poverty,LPM,32.897336,-96.8762066
481130020004,1465.0,7.17,2.94,92.83,Minority,Low_poverty,LPM,32.7518696,-96.8196433
481130108051,2821.0,4.82,19.28,93.37,Minority,Low_poverty,LPM,32.708902,-96.8870023
481130003001,1400.0,94.5,6.36,5.5,White,Low_poverty,LPW,32.8297631,-96.7723315
481130181392,1244.0,42.52,1.45,55.23,Minority,Low_poverty,LPM,32.9119375,-96.5731125
481130192052,913.0,98.9,0.0,1.1,White,Low_poverty,LPW,32.9669082,-96.7594987
481130164064,1396.0,4.37,27.29,95.63,Minority,Low_poverty,LPM,32.699976,-97.0136644
481130096082,857.0,68.14,1.05,30.57,White,Low_poverty,LPW,32.9202032,-96.8423126
481130192122,1473.0,0.0,28.38,100.0,Minority,Low_poverty,LPM,32.937248,-96.7599065
481130131021,770.0,93.9,1.43,1.95,White,Low_poverty,LPW,32.8838147,-96.7798279
481130181111,1272.0,29.25,0.0,66.12,Minority,Low_poverty,LPM,32.872315,-96.6184744
481130098032,378.0,24.6,12.17,73.81,Minority,Low_poverty,LPM,32.8742112,-96.8787292
481130011021,1080.0,96.94,2.78,0.74,White,Low_poverty,LPW,32.821509,-96.7570033
481130024001,406.0,38.92,21.67,56.16,Minority,Low_poverty,LPM,32.797231,-96.7590026
481130190243,877.0,54.39,8.89,7.52,White,Low_poverty,LPW,32.93487,-96.6955236
481130164013,1106.0,26.94,0.0,73.05,Minority,Low_poverty,LPM,32.6789583,-97.0129609
481130153051,1390.0,19.78,13.45,78.64,Minority,Low_poverty,LPM,32.8104118,-96.9789887
481130190216,970.0,22.47,0.0,77.53,Minority,Low_poverty,LPM,32.9326247,-96.6527743
481130190362,1399.0,85.06,0.0,6.0,White,Low_poverty,LPW,32.9796472,-96.69363
481130192042,1004.0,53.49,8.47,46.52,White,Low_poverty,LPW,32.9563785,-96.765081
481130165181,1281.0,27.87,5.1,66.28,Minority,Low_poverty,LPM,32.6578092,-96.9137218
481130164082,1200.0,25.92,3.58,74.09,Minority,Low_poverty,LPM,32.6962029,-96.998785
481130181301,1582.0,35.08,16.25,61.63,Minority,Low_poverty,LPM,32.8446113,-96.625306
481130056002,1315.0,0.0,25.1,98.63,Minority,Low_poverty,LPM,32.7103476,-96.8187702
481130160012,675.0,7.11,58.32,92.89,Minority,High_poverty,HPM,32.7401556,-97.0062427
481130154016,1946.0,19.53,5.72,73.54,Minority,Low_poverty,LPM,32.7624751,-97.0318454
481130143093,2026.0,13.38,19.5,73.89,Minority,Low_poverty,LPM,32.8535984,-96.9891173
481130141234,920.0,60.65,0.0,12.5,White,Low_poverty,LPW,32.9733266,-96.9695069
481130136172,767.0,86.57,2.87,4.82,White,Low_poverty,LPW,32.9835376,-96.7982862
481130181394,3937.0,51.26,7.52,37.85,White,Low_poverty,LPW,32.91406,-96.5811927
481130017033,1238.0,69.22,14.14,9.45,White,Low_poverty,LPW,32.7987412,-96.796425
481130190382,357.0,28.01,12.61,50.7,Minority,Low_poverty,LPM,32.9801981,-96.7069579
481130108033,1101.0,22.43,9.9,77.39,Minority,Low_poverty,LPM,32.6947431,-96.8656121
481130101022,1465.0,9.15,16.38,90.85,Minority,Low_poverty,LPM,32.7850538,-96.8401506
481130096043,1314.0,84.78,1.14,15.22,White,Low_poverty,LPW,32.9138047,-96.8099658
481130111053,986.0,0.0,33.85,100.0,Minority,High_poverty,HPM,32.6448529,-96.8262258
481130111032,1402.0,10.41,26.53,89.59,Minority,Low_poverty,LPM,32.6709672,-96.8345472
481130071012,789.0,87.83,0.0,7.73,White,Low_poverty,LPW,32.8409998,-96.8179543
481130122082,837.0,2.75,55.2,91.4,Minority,High_poverty,HPM,32.7955538,-96.7241442
481130060021,3457.0,8.91,26.04,88.37,Minority,Low_poverty,LPM,32.6964464,-96.8279244
481130131041,296.0,95.27,0.0,4.73,White,Low_poverty,LPW,32.8825469,-96.7748677
481130078182,1674.0,12.31,39.96,82.73,Minority,High_poverty,HPM,32.8650828,-96.7516783
481130185052,1117.0,5.73,21.93,83.61,Minority,Low_poverty,LPM,32.9075579,-96.7104904
481130181052,2083.0,9.17,6.39,87.9,Minority,Low_poverty,LPM,32.925182,-96.6174383
481130064011,1406.0,3.7,22.9,96.31,Minority,Low_poverty,LPM,32.7264597,-96.8606836
481130063014,855.0,0.94,7.49,99.07,Minority,Low_poverty,LPM,32.7167548,-96.8545388
481130004041,392.0,36.73,10.71,59.95,Minority,Low_poverty,LPM,32.8221609,-96.8301656
481130085003,1227.0,10.76,26.81,89.0,Minority,Low_poverty,LPM,32.7675243,-96.6956486
481130091053,1041.0,3.94,18.64,93.46,Minority,Low_poverty,LPM,32.7389646,-96.686512
481130092022,1911.0,8.42,32.71,91.57,Minority,High_poverty,HPM,32.7289206,-96.6787388
481130120001,1274.0,2.12,13.89,94.82,Minority,Low_poverty,LPM,32.7540403,-96.6601268
481130128002,2565.0,23.08,3.7,74.46,Minority,Low_poverty,LPM,32.8467541,-96.6903805
481130130102,1391.0,29.55,17.18,70.02,Minority,Low_poverty,LPM,32.8714821,-96.6892962
481130186002,625.0,67.36,8.24,31.68,White,Low_poverty,LPW,32.8963023,-96.6591363
481130190283,878.0,26.2,11.85,30.41,Other,Low_poverty,LPO,32.9539543,-96.6784584
481130118001,1719.0,25.48,11.58,74.52,Minority,Low_poverty,LPM,32.7254769,-96.6348901
481130052003,1401.0,8.42,12.13,91.58,Minority,Low_poverty,LPM,32.7381578,-96.8504444
481130050001,956.0,4.08,25.78,95.92,Minority,Low_poverty,LPM,32.7407843,-96.82747
481130170032,4142.0,11.27,23.23,88.73,Minority,Low_poverty,LPM,32.6658891,-96.570253
481130141151,953.0,17.0,0.0,68.84,Minority,Low_poverty,LPM,32.854135,-96.9965805
481130139024,1243.0,56.64,0.0,38.93,White,Low_poverty,LPW,32.9284399,-96.8766812
481130152041,635.0,57.17,15.28,42.83,White,Low_poverty,LPW,32.7991982,-96.9641462
481130144072,1308.0,3.59,14.22,83.71,Minority,Low_poverty,LPM,32.8335897,-97.0056151
481130137151,1009.0,33.4,12.59,62.73,Minority,Low_poverty,LPM,32.9500111,-96.8737656
481130190332,1019.0,8.93,26.5,91.07,Minority,Low_poverty,LPM,32.9127447,-96.6899046
481130175003,2096.0,25.62,0.29,62.79,Minority,Low_poverty,LPM,32.7498038,-96.6016885
481130090002,2150.0,4.56,35.07,95.44,Minority,High_poverty,HPM,32.7591867,-96.6778567
481130049001,1005.0,7.16,56.82,92.84,Minority,High_poverty,HPM,32.7316318,-96.8084929
481130012042,1317.0,11.24,24.53,84.74,Minority,Low_poverty,LPM,32.7973201,-96.7467566
481130015024,1338.0,13.15,29.45,86.85,Minority,Low_poverty,LPM,32.7925602,-96.7647032
481130123012,1268.0,22.48,15.77,77.52,Minority,Low_poverty,LPM,32.8176229,-96.6782111
481130078251,1946.0,45.73,0.0,52.41,Minority,Low_poverty,LPM,32.897484,-96.7342832
481130079031,1185.0,71.39,9.79,17.47,White,Low_poverty,LPW,32.8545262,-96.7552135
481130168032,1441.0,21.72,30.69,76.82,Minority,High_poverty,HPM,32.5933482,-96.7636881
481130136061,2581.0,39.83,20.32,58.35,Minority,Low_poverty,LPM,32.9558281,-96.7889527
481130186001,1796.0,34.91,19.99,64.75,Minority,Low_poverty,LPM,32.9003519,-96.6536013
481130200001,1228.0,54.97,0.0,32.82,White,Low_poverty,LPW,32.9731361,-97.0010317
481130192123,1385.0,1.59,33.29,92.78,Minority,High_poverty,HPM,32.9310433,-96.7601214
481130119006,1768.0,0.0,37.16,97.91,Minority,High_poverty,HPM,32.7455728,-96.6439685
481130078044,2318.0,24.46,18.12,70.84,Minority,Low_poverty,LPM,32.9168199,-96.7479546
481130141361,3258.0,10.47,2.52,22.65,Other,Low_poverty,LPO,32.9073483,-96.98745
481130197001,1156.0,89.71,3.03,2.68,White,Low_poverty,LPW,32.8298391,-96.7968174
481130115003,827.0,4.23,52.24,95.77,Minority,High_poverty,HPM,32.7372349,-96.7546278
481130190203,2743.0,17.17,17.58,61.86,Minority,Low_poverty,LPM,32.9431948,-96.6699408
481130015031,1048.0,19.27,29.77,77.48,Minority,Low_poverty,LPM,32.8066361,-96.7729826
481130004013,1440.0,28.82,27.14,68.47,Minority,Low_poverty,LPM,32.8063523,-96.8215969
481130076043,1122.0,92.78,0.8,2.14,White,Low_poverty,LPW,32.8874291,-96.8002138
481130079032,989.0,93.83,4.75,3.94,White,Low_poverty,LPW,32.84673,-96.757262
481130140011,1383.0,46.28,6.76,48.3,Other,Low_poverty,LPO,32.9137714,-96.8873295
481130181342,932.0,34.55,0.0,56.65,Minority,Low_poverty,LPM,32.9099042,-96.5212977
481130195014,1558.0,92.55,1.16,3.15,White,Low_poverty,LPW,32.8540141,-96.8004779
481130015043,881.0,41.43,30.87,42.91,Other,High_poverty,HPO,32.799722,-96.7729175
481130185013,1704.0,16.14,21.6,78.4,Minority,Low_poverty,LPM,32.8857672,-96.6581813
481130006014,1448.0,10.98,1.86,85.22,Minority,Low_poverty,LPM,32.8241239,-96.8235421
481130059016,808.0,1.24,29.21,98.76,Minority,Low_poverty,LPM,32.6864128,-96.8017163
481130199003,1141.0,2.89,16.39,95.35,Minority,Low_poverty,LPM,32.7343208,-96.8919766
481130081001,1596.0,63.35,4.25,29.32,White,Low_poverty,LPW,32.8249779,-96.7155818
481130181233,1844.0,33.13,0.27,66.33,Minority,Low_poverty,LPM,32.9335117,-96.6178377
481130178053,363.0,37.47,14.33,62.54,Minority,Low_poverty,LPM,32.789344,-96.6359185
481130190432,2521.0,67.31,6.01,14.12,White,Low_poverty,LPW,32.9633763,-96.617973
481130110013,2014.0,0.0,25.02,100.0,Minority,Low_poverty,LPM,32.6831874,-96.8546153
481130119005,2100.0,5.95,48.95,94.05,Minority,High_poverty,HPM,32.7414383,-96.6354965
481130110016,1053.0,4.37,23.55,95.44,Minority,Low_poverty,LPM,32.6745602,-96.8449684
481130177031,1048.0,33.3,13.07,62.79,Minority,Low_poverty,LPM,32.7881469,-96.6196243
481130125002,1019.0,12.46,60.94,87.54,Minority,High_poverty,HPM,32.823814,-96.6613189
481130185051,3251.0,12.86,33.59,84.44,Minority,High_poverty,HPM,32.9063349,-96.7153389
481130130113,1113.0,11.59,27.04,82.48,Minority,Low_poverty,LPM,32.880045,-96.6955039
481130096111,1037.0,44.94,2.03,44.26,Other,Low_poverty,LPO,32.9067887,-96.8765825
481130181223,6565.0,43.91,2.83,29.76,Other,Low_poverty,LPO,32.9652286,-96.591479
481130142061,1658.0,33.29,1.09,48.31,Other,Low_poverty,LPO,32.8722973,-96.9413079
481130190372,1553.0,41.15,5.8,38.77,Other,Low_poverty,LPO,32.9642406,-96.6871947
481130166213,2340.0,11.32,34.95,84.66,Minority,High_poverty,HPM,32.5654706,-96.8493504
481130078102,1389.0,15.33,28.51,79.48,Minority,Low_poverty,LPM,32.9079664,-96.7420298
481130136173,1082.0,47.87,11.55,41.41,Other,Low_poverty,LPO,32.9780481,-96.8022571
481130166211,2517.0,4.21,3.73,95.78,Minority,Low_poverty,LPM,32.5734472,-96.8465019
481130142052,791.0,70.54,6.83,21.36,White,Low_poverty,LPW,32.8521546,-96.9372887
481130004061,994.0,8.95,39.74,91.05,Minority,High_poverty,HPM,32.8335433,-96.8500256
481130079022,1159.0,72.48,3.28,17.86,White,Low_poverty,LPW,32.8521393,-96.7428533
481130127021,1013.0,18.66,23.3,81.35,Minority,Low_poverty,LPM,32.8407705,-96.6819509
481130093032,1457.0,8.3,18.39,91.7,Minority,Low_poverty,LPM,32.723419,-96.7148839
481130181282,2469.0,21.67,15.47,74.73,Minority,Low_poverty,LPM,32.8524076,-96.6032917
481130182041,2293.0,2.97,19.78,96.3,Minority,Low_poverty,LPM,32.9050406,-96.6270558
481130096051,1813.0,19.91,1.99,75.89,Minority,Low_poverty,LPM,32.9124547,-96.8694445
481130150003,2000.0,5.15,10.6,94.85,Minority,Low_poverty,LPM,32.8048004,-96.9258851
481130131051,1179.0,63.19,19.76,33.67,White,Low_poverty,LPW,32.8895215,-96.7729736
481130136111,1678.0,72.71,2.68,17.76,White,Low_poverty,LPW,32.9800646,-96.8153386
481130164122,2207.0,37.56,3.46,43.0,Other,Low_poverty,LPO,32.6694301,-96.9933008
481130118002,2080.0,2.26,48.27,97.74,Minority,High_poverty,HPM,32.7290453,-96.647108
481130144083,1900.0,12.53,18.42,70.58,Minority,Low_poverty,LPM,32.8293094,-97.0075968
481130181212,2415.0,30.39,9.61,62.94,Minority,Low_poverty,LPM,32.9154918,-96.6035191
481130141272,1215.0,17.37,12.02,16.79,Other,Low_poverty,LPO,32.9340531,-96.9624397
481130143024,1282.0,35.57,14.02,59.36,Minority,Low_poverty,LPM,32.840503,-96.9696988
481130191001,1403.0,53.53,28.8,36.77,White,Low_poverty,LPW,32.9441818,-96.7275712
481130122112,1709.0,16.5,38.37,79.64,Minority,High_poverty,HPM,32.8012169,-96.6903432
481130037001,901.0,6.88,39.07,92.23,Minority,High_poverty,HPM,32.7670413,-96.7605093
481130154033,1689.0,9.47,20.84,88.93,Minority,Low_poverty,LPM,32.7525171,-97.0198709
481130165192,941.0,43.15,2.55,55.58,Minority,Low_poverty,LPM,32.6535439,-96.9385604
481130190352,4600.0,7.87,32.43,83.33,Minority,High_poverty,HPM,32.9110035,-96.7229605
481130185032,1486.0,16.69,13.32,81.43,Minority,Low_poverty,LPM,32.9043204,-96.7192753
481130096032,2200.0,66.05,2.5,19.41,White,Low_poverty,LPW,32.9218197,-96.830378
481130136182,801.0,88.01,4.74,6.12,White,Low_poverty,LPW,32.9825686,-96.7819235
481130108032,862.0,30.05,1.86,69.95,Minority,Low_poverty,LPM,32.7019714,-96.8691577
481130098042,902.0,33.48,6.21,66.51,Minority,Low_poverty,LPM,32.8701843,-96.8716044
481130096091,561.0,88.24,0.0,10.51,White,Low_poverty,LPW,32.9061967,-96.8424543
481130110014,1770.0,6.67,40.28,93.33,Minority,High_poverty,HPM,32.6766865,-96.8524393
481130071025,631.0,50.71,1.9,49.29,White,Low_poverty,LPW,32.8389839,-96.8258614
481130004042,1255.0,25.34,20.96,67.88,Minority,Low_poverty,LPM,32.8195656,-96.8320751
481130192031,885.0,75.59,15.93,9.6,White,Low_poverty,LPW,32.9550773,-96.7363715
481130205002,4466.0,4.16,34.53,93.84,Minority,High_poverty,HPM,32.7888132,-96.8688722
481130141133,943.0,15.16,5.51,44.43,Other,Low_poverty,LPO,32.858753,-97.0063914
481130152045,1444.0,25.07,0.0,68.98,Minority,Low_poverty,LPM,32.7888554,-96.9736227
481130088022,733.0,0.0,15.83,100.0,Minority,Low_poverty,LPM,32.7125492,-96.7889542
481130168042,2025.0,2.47,5.97,97.53,Minority,Low_poverty,LPM,32.598139,-96.795875
481130180015,1999.0,12.51,9.7,82.34,Minority,Low_poverty,LPM,32.8307753,-96.6439055
481130190231,1857.0,47.44,0.0,35.44,Other,Low_poverty,LPO,32.9567942,-96.6868961
481130165025,1598.0,9.14,39.67,90.86,Minority,High_poverty,HPM,32.6667686,-96.8944651
481130115001,860.0,16.4,26.89,83.61,Minority,Low_poverty,LPM,32.7635483,-96.7373475
481130154012,786.0,71.76,0.0,28.24,White,Low_poverty,LPW,32.7786611,-97.0321597
481130141363,1723.0,7.6,15.38,42.25,Other,Low_poverty,LPO,32.9053633,-96.9614874
481130027022,1049.0,1.53,25.29,98.47,Minority,Low_poverty,LPM,32.7688808,-96.7497775
481130039012,1209.0,2.81,47.39,97.18,Minority,High_poverty,HPM,32.756632,-96.746872
481130182062,987.0,17.33,30.8,82.27,Minority,High_poverty,HPM,32.8896735,-96.6284672
481130190293,2922.0,22.93,8.84,36.99,Other,Low_poverty,LPO,32.9480345,-96.6577125
481130173013,1077.0,49.3,2.79,50.7,Minority,Low_poverty,LPM,32.711056,-96.5999336
481130013021,1010.0,19.7,33.07,77.72,Minority,High_poverty,HPM,32.8006216,-96.7593992
481130201001,1000.0,20.6,17.6,76.4,Minority,Low_poverty,LPM,32.8330215,-96.9037936
481130166241,1406.0,22.19,5.41,77.81,Minority,Low_poverty,LPM,32.5657037,-96.9171671
481130001003,1319.0,79.0,3.11,13.12,White,Low_poverty,LPW,32.8182473,-96.7440799
481130136082,1182.0,76.65,1.37,12.27,White,Low_poverty,LPW,32.9301539,-96.7927267
481130088023,1125.0,8.27,54.76,83.47,Minority,High_poverty,HPM,32.7097709,-96.7964572
481130143123,1194.0,17.84,14.66,14.66,Other,Low_poverty,LPO,32.8815086,-96.9569727
481130049004,606.0,0.0,71.78,100.0,Minority,High_poverty,HPM,32.7319901,-96.8024217
481130172011,1103.0,37.62,21.21,62.38,Minority,Low_poverty,LPM,32.7246272,-96.6251422
481130111051,1880.0,0.8,22.85,96.44,Minority,Low_poverty,LPM,32.6577707,-96.8268833
481130165221,1878.0,49.41,2.54,43.72,Other,Low_poverty,LPO,32.6016896,-96.9814312
481130177044,1407.0,28.36,19.01,67.24,Minority,Low_poverty,LPM,32.7725122,-96.6113279
481130141261,3728.0,67.09,0.7,15.05,White,Low_poverty,LPW,32.9565712,-97.0024591
481130190401,1561.0,16.46,22.1,63.93,Minority,Low_poverty,LPM,32.9309476,-96.7452093
481130071022,862.0,24.94,4.21,73.43,Minority,Low_poverty,LPM,32.848477,-96.8342913
481130141211,464.0,47.2,4.74,47.63,Other,Low_poverty,LPO,32.9664968,-96.9564784
481130164132,2929.0,19.7,2.36,54.8,Minority,Low_poverty,LPM,32.6513272,-97.0112819
481130192111,1552.0,52.64,8.34,25.7,White,Low_poverty,LPW,32.9721081,-96.7258251
481130136063,1983.0,54.92,8.42,25.02,White,Low_poverty,LPW,32.9567851,-96.800829
481130162013,1275.0,7.61,7.37,92.39,Minority,Low_poverty,LPM,32.723194,-97.0112555
481130153063,891.0,47.36,17.62,41.75,Other,Low_poverty,LPO,32.7965678,-96.9806559
481130013013,803.0,45.58,26.65,48.07,Other,Low_poverty,LPO,32.8061891,-96.756573
481130136191,1969.0,61.15,3.96,19.41,White,Low_poverty,LPW,32.9701191,-96.7876823
481130190363,867.0,76.59,3.58,12.34,White,Low_poverty,LPW,32.9712802,-96.6953582
481130137163,1898.0,55.01,14.49,22.5,White,Low_poverty,LPW,32.9706192,-96.8963382
481130166161,2085.0,21.63,6.71,77.31,Minority,Low_poverty,LPM,32.5584234,-96.9483532
481130130111,2152.0,12.83,26.95,83.46,Minority,Low_poverty,LPM,32.8765812,-96.6895298
481130189003,1115.0,26.82,45.38,70.04,Minority,High_poverty,HPM,32.9196641,-96.6517805
481130009001,972.0,60.8,21.09,34.05,White,Low_poverty,LPW,32.8172846,-96.7852125
481130116022,2072.0,5.45,16.99,94.55,Minority,Low_poverty,LPM,32.6926938,-96.6700522
481130166151,1945.0,11.67,6.26,84.01,Minority,Low_poverty,LPM,32.5731521,-96.9350799
481130057003,520.0,0.58,51.73,99.42,Minority,High_poverty,HPM,32.7034229,-96.7963786
481130082001,716.0,81.98,0.0,6.01,White,Low_poverty,LPW,32.8465159,-96.699808
481130187004,1416.0,26.55,17.23,71.11,Minority,Low_poverty,LPM,32.8981018,-96.6426926
481130165102,3863.0,12.01,15.97,76.44,Minority,Low_poverty,LPM,32.6480805,-96.9813387
481130143021,784.0,40.43,0.0,54.08,Minority,Low_poverty,LPM,32.8535442,-96.9713778
481130078112,766.0,9.92,22.06,86.95,Minority,Low_poverty,LPM,32.9007949,-96.7214715
481130122042,607.0,68.7,0.0,31.3,White,Low_poverty,LPW,32.8045258,-96.7024612
481130084002,1490.0,5.7,11.01,94.3,Minority,Low_poverty,LPM,32.7783987,-96.7131091
481130131013,1159.0,81.45,8.02,13.72,White,Low_poverty,LPW,32.8982167,-96.7794544
481130190163,982.0,12.42,27.49,70.57,Minority,Low_poverty,LPM,32.9190693,-96.7438174
481130090005,3652.0,4.52,22.26,95.48,Minority,Low_poverty,LPM,32.769961,-96.6767205
481130144062,974.0,21.97,0.0,73.0,Minority,Low_poverty,LPM,32.8240067,-96.9871006
481130195012,779.0,82.54,0.0,0.0,White,Low_poverty,LPW,32.8613108,-96.8002143
481130092023,1966.0,7.38,30.21,92.62,Minority,High_poverty,HPM,32.722849,-96.6737177
481130073024,1286.0,49.92,8.71,49.46,Other,Low_poverty,LPO,32.8617048,-96.8441608
481130064021,2148.0,1.02,37.06,98.42,Minority,High_poverty,HPM,32.7241043,-96.8760542
481130141156,924.0,41.13,9.63,54.44,Minority,Low_poverty,LPM,32.8398529,-96.9986247
481130096094,986.0,92.9,4.56,7.1,White,Low_poverty,LPW,32.8986091,-96.8422107
481130122101,2123.0,6.64,37.02,91.14,Minority,High_poverty,HPM,32.8122515,-96.6885613
481130116011,2530.0,0.51,34.98,99.48,Minority,High_poverty,HPM,32.7093557,-96.6911602
481130122044,1400.0,52.43,3.07,47.57,White,Low_poverty,LPW,32.7978565,-96.6992145
481130091014,2146.0,4.43,28.8,95.15,Minority,Low_poverty,LPM,32.7532506,-96.6870684
481130177032,963.0,30.43,6.75,69.57,Minority,Low_poverty,LPM,32.7865861,-96.6110212
481130137201,3300.0,26.24,16.61,59.66,Minority,Low_poverty,LPM,32.9788667,-96.8830641
481130138036,1274.0,25.82,8.16,72.92,Minority,Low_poverty,LPM,32.9279627,-96.8703839
481130079023,1339.0,91.78,1.87,3.88,White,Low_poverty,LPW,32.8416753,-96.7472367
481130165021,932.0,11.16,8.26,75.43,Minority,Low_poverty,LPM,32.6704383,-96.9023246
481130173033,2503.0,40.39,8.15,54.3,Minority,Low_poverty,LPM,32.7518386,-96.5783936
481130062002,602.0,58.14,3.16,34.38,White,Low_poverty,LPW,32.7303443,-96.8310025
481130086031,471.0,0.0,26.33,100.0,Minority,Low_poverty,LPM,32.7358414,-96.7726153
481130182033,2445.0,10.47,0.78,63.89,Minority,Low_poverty,LPM,32.9036038,-96.6028352
481130181232,3136.0,27.1,7.45,42.6,Other,Low_poverty,LPO,32.9397191,-96.6167975
481130190273,2017.0,20.67,9.27,28.61,Other,Low_poverty,LPO,32.9551025,-96.6428336
481130117012,2453.0,7.01,7.52,92.98,Minority,Low_poverty,LPM,32.7119955,-96.6620633
481130061001,2022.0,10.34,11.57,85.9,Minority,Low_poverty,LPM,32.7000222,-96.851912
481130207003,1315.0,86.69,4.18,8.75,White,Low_poverty,LPW,32.9632524,-96.8579671
481130078241,884.0,92.53,0.0,2.38,White,Low_poverty,LPW,32.8827552,-96.7378559
481130042011,969.0,68.32,0.0,28.28,White,Low_poverty,LPW,32.7640421,-96.8298664
481130141191,1523.0,55.94,4.2,25.34,White,Low_poverty,LPW,32.9653099,-96.9810205
481130107012,979.0,1.12,49.44,98.88,Minority,High_poverty,HPM,32.7462212,-96.9086243
481130078011,1168.0,80.39,6.93,10.19,White,Low_poverty,LPW,32.8687717,-96.7815338
481130002022,1350.0,80.3,1.26,14.15,White,Low_poverty,LPW,32.8370288,-96.766585
481130136093,797.0,76.29,1.0,21.45,White,Low_poverty,LPW,32.9429278,-96.773581
481130144033,2905.0,16.01,7.67,74.74,Minority,Low_poverty,LPM,32.8300755,-97.013286
481130005002,2425.0,76.16,6.13,16.53,White,Low_poverty,LPW,32.8034844,-96.8109306
481130114011,1850.0,2.76,50.12,97.03,Minority,High_poverty,HPM,32.6830086,-96.7582105
481130131042,612.0,79.9,4.25,19.12,White,Low_poverty,LPW,32.8851865,-96.7719532
481130130112,1547.0,13.96,7.63,83.71,Minority,Low_poverty,LPM,32.8740062,-96.6863584
481130181351,1886.0,43.96,9.74,48.83,Other,Low_poverty,LPO,32.881115,-96.5354529
481130181381,2864.0,25.28,21.61,51.68,Minority,Low_poverty,LPM,32.8471609,-96.585642
481130165162,968.0,21.59,13.65,72.11,Minority,Low_poverty,LPM,32.6524314,-96.9028124
481130178041,1335.0,22.32,3.52,67.19,Minority,Low_poverty,LPM,32.8045218,-96.630023
481130041002,444.0,2.93,51.13,97.07,Minority,High_poverty,HPM,32.7546811,-96.8023455
481130166263,1236.0,8.33,15.61,87.3,Minority,Low_poverty,LPM,32.5828141,-96.9472423
481130078181,1981.0,7.32,21.96,85.36,Minority,Low_poverty,LPM,32.8662187,-96.7559085
481130039021,687.0,0.87,14.9,97.81,Minority,Low_poverty,LPM,32.7437702,-96.7548634
481130164063,1317.0,13.36,23.26,76.99,Minority,Low_poverty,LPM,32.7009348,-97.0053555
481130096081,795.0,68.81,1.01,13.96,White,Low_poverty,LPW,32.9129639,-96.8423336
481130181352,1899.0,48.97,0.68,35.59,Other,Low_poverty,LPO,32.8869425,-96.5239458
481130171022,3972.0,15.28,12.92,84.09,Minority,Low_poverty,LPM,32.6641838,-96.63268
481130152021,917.0,16.14,23.34,83.21,Minority,Low_poverty,LPM,32.824738,-96.9724265
481130139023,1338.0,28.25,0.0,71.75,Minority,Low_poverty,LPM,32.9342754,-96.87771
481130181322,645.0,59.07,9.77,39.53,White,Low_poverty,LPW,32.8394732,-96.5844863
481130181365,1958.0,66.91,0.72,27.37,White,Low_poverty,LPW,32.884177,-96.5795034
481130141362,833.0,7.08,5.88,52.82,Minority,Low_poverty,LPM,32.8979126,-96.9675462
481130105002,1654.0,7.07,23.28,92.93,Minority,Low_poverty,LPM,32.7768468,-96.8875949
481130118003,3766.0,0.48,23.51,99.28,Minority,Low_poverty,LPM,32.7269054,-96.6526283
481130043001,1321.0,50.79,4.16,38.54,White,Low_poverty,LPW,32.7727777,-96.8292692
481130190431,1850.0,82.11,1.78,11.35,White,Low_poverty,LPW,32.9784395,-96.6028378
481130169021,3787.0,27.12,36.7,66.81,Minority,High_poverty,HPM,32.6604493,-96.7038769
481130087032,1976.0,3.95,31.98,96.05,Minority,High_poverty,HPM,32.7015092,-96.7857839
481130181222,2374.0,35.68,14.87,40.14,Other,Low_poverty,LPO,32.9778128,-96.5836305
481130166071,1418.0,3.17,25.88,92.03,Minority,Low_poverty,LPM,32.65345,-96.8818953
481130072015,2507.0,24.33,33.03,74.71,Minority,High_poverty,HPM,32.8552241,-96.874549
481130181221,8049.0,66.12,2.47,23.12,White,Low_poverty,LPW,32.9688341,-96.5599946
481130109031,2721.0,3.34,34.35,93.68,Minority,High_poverty,HPM,32.6765815,-96.8867667
481130192044,1191.0,34.59,1.18,55.17,Minority,Low_poverty,LPM,32.9434848,-96.7605342
481130198002,538.0,94.24,4.09,0.0,White,Low_poverty,LPW,32.8351108,-96.806869
481130166122,2659.0,34.26,8.61,60.13,Minority,Low_poverty,LPM,32.600216,-96.8952371
481130181362,1093.0,61.39,9.52,29.46,White,Low_poverty,LPW,32.8781801,-96.5649297
481130182063,994.0,6.84,22.64,90.74,Minority,Low_poverty,LPM,32.8814734,-96.627734
481130190411,1549.0,55.65,2.52,19.63,White,Low_poverty,LPW,32.928766,-96.7317465
481130166112,1284.0,21.11,13.04,77.65,Minority,Low_poverty,LPM,32.5831326,-96.853503
481130098044,2717.0,35.41,35.92,64.26,Minority,High_poverty,HPM,32.8746683,-96.8728334
481130124004,1013.0,75.32,8.39,24.68,White,Low_poverty,LPW,32.8231216,-96.6877106
481130190396,1075.0,62.7,1.86,17.3,White,Low_poverty,LPW,32.9348298,-96.7041921
481130126041,2995.0,20.47,29.48,77.53,Minority,Low_poverty,LPM,32.8499738,-96.643073
481130018002,4349.0,75.24,9.4,15.99,White,Low_poverty,LPW,32.7988858,-96.8043098
481130164092,1870.0,40.64,1.39,43.32,Other,Low_poverty,LPO,32.683354,-97.0000547
481130064023,526.0,5.51,34.03,94.49,Minority,High_poverty,HPM,32.7278224,-96.8715236
481130116012,1434.0,6.07,33.75,93.58,Minority,High_poverty,HPM,32.6881655,-96.685194
481130197002,848.0,92.92,6.37,1.77,White,Low_poverty,LPW,32.8391906,-96.7967392
481130137203,2224.0,14.79,1.12,78.33,Minority,Low_poverty,LPM,32.9836514,-96.8853456
481130146021,1284.0,10.83,17.99,83.64,Minority,Low_poverty,LPM,32.8334504,-96.9397528
481130131012,750.0,89.87,0.0,10.13,White,Low_poverty,LPW,32.9048768,-96.7836227
481130192041,1505.0,78.47,0.0,16.35,White,Low_poverty,LPW,32.9571027,-96.7586777
481130181291,3088.0,50.26,8.24,46.7,White,Low_poverty,LPW,32.8431024,-96.6101529
481130177024,1754.0,51.48,11.92,42.19,White,Low_poverty,LPW,32.7732806,-96.5951564
481130141262,2048.0,37.35,7.76,35.69,Other,Low_poverty,LPO,32.9520058,-97.0165907
481130190193,1024.0,26.17,0.0,36.62,Other,Low_poverty,LPO,32.9103271,-96.7124823
481130079141,2104.0,61.41,24.55,21.54,White,Low_poverty,LPW,32.8416505,-96.7703715
481130154042,476.0,42.44,54.2,50.42,Minority,High_poverty,HPM,32.7467609,-97.0257766
481130164012,1890.0,27.41,4.66,68.73,Minority,Low_poverty,LPM,32.6852749,-97.0143242
481130054001,2339.0,13.51,23.26,83.8,Minority,Low_poverty,LPM,32.7321826,-96.8180467
481130168041,2934.0,4.29,7.19,94.78,Minority,Low_poverty,LPM,32.597601,-96.7824428
481130136232,2435.0,31.38,20.86,56.76,Minority,Low_poverty,LPM,32.9444845,-96.8067188
481130002021,882.0,81.52,16.33,10.32,White,Low_poverty,LPW,32.8249534,-96.7658556
481130094011,1413.0,42.11,12.88,52.09,Minority,Low_poverty,LPM,32.8657561,-96.8525914
481130130071,2302.0,22.28,22.42,34.05,Other,Low_poverty,LPO,32.8748759,-96.6971512
481130173064,1613.0,19.71,14.26,80.28,Minority,Low_poverty,LPM,32.7185073,-96.5661113
481130181332,2247.0,63.33,7.52,27.64,White,Low_poverty,LPW,32.9011227,-96.5813571
481130078222,279.0,84.95,17.2,11.11,White,Low_poverty,LPW,32.8841517,-96.7677356
481130190393,1298.0,37.37,3.08,60.7,Minority,Low_poverty,LPM,32.9551948,-96.7078982
481130162023,2007.0,21.87,3.59,74.49,Minority,Low_poverty,LPM,32.7168686,-97.0111779
481130178051,823.0,36.94,19.32,59.66,Minority,Low_poverty,LPM,32.7850401,-96.6566134
481130179003,959.0,22.0,10.95,76.54,Minority,Low_poverty,LPM,32.813565,-96.6596322
481130084007,1345.0,1.71,17.4,98.29,Minority,Low_poverty,LPM,32.7893433,-96.7204511
481130138041,664.0,44.73,6.93,51.66,Minority,Low_poverty,LPM,32.9191988,-96.8682938
481130166251,3297.0,12.56,21.35,84.63,Minority,Low_poverty,LPM,32.5965887,-96.9310762
481130169035,351.0,37.04,54.42,62.97,Minority,High_poverty,HPM,32.5739741,-96.643617
481130164081,2307.0,49.37,6.2,43.52,Other,Low_poverty,LPO,32.6987903,-96.9810433
481130173011,1428.0,21.85,50.7,78.15,Minority,High_poverty,HPM,32.7185021,-96.599359
481130093013,2045.0,5.77,17.41,91.83,Minority,Low_poverty,LPM,32.7309167,-96.7009085
481130190232,1091.0,63.43,0.0,4.4,White,Low_poverty,LPW,32.9568238,-96.6956035
481130165201,960.0,20.1,39.17,79.9,Minority,High_poverty,HPM,32.7036698,-96.9232763
481130173063,1513.0,46.33,1.39,47.06,Other,Low_poverty,LPO,32.7338013,-96.574632
481130004011,2188.0,43.51,36.02,43.74,Other,High_poverty,HPO,32.8139407,-96.8340182
481130167041,2472.0,6.72,22.13,87.91,Minority,Low_poverty,LPM,32.6151652,-96.7763829
481130192112,1281.0,50.66,1.01,40.12,White,Low_poverty,LPW,32.9739574,-96.7389765
481130141241,2754.0,40.01,4.1,25.71,Other,Low_poverty,LPO,32.9117305,-96.9704245
481130181183,2807.0,22.84,10.19,48.99,Other,Low_poverty,LPO,32.8654298,-96.5951937
481130010022,948.0,48.63,7.07,44.2,Other,Low_poverty,LPO,32.8139059,-96.773571
481130059013,1108.0,17.24,16.61,82.49,Minority,Low_poverty,LPM,32.6956676,-96.8063656
481130169031,814.0,13.39,25.31,86.61,Minority,Low_poverty,LPM,32.6160688,-96.6533296
481130190042,1359.0,17.14,20.16,77.93,Minority,Low_poverty,LPM,32.9276508,-96.6962265
481130078191,1585.0,31.29,25.3,66.44,Minority,Low_poverty,LPM,32.8640124,-96.7566492
481130138051,374.0,41.44,36.1,53.47,Minority,High_poverty,HPM,32.934886,-96.8545129
481130190403,1428.0,27.38,3.99,14.07,Other,Low_poverty,LPO,32.9374515,-96.725017
481130097022,2120.0,85.14,2.64,10.42,White,Low_poverty,LPW,32.890635,-96.8636796
481130181403,2156.0,48.84,2.23,44.29,Other,Low_poverty,LPO,32.9266603,-96.5618841
481130100002,2691.0,14.68,33.31,79.6,Minority,High_poverty,HPM,32.8204449,-96.8771677
481130111013,1995.0,4.96,13.77,95.04,Minority,Low_poverty,LPM,32.6496471,-96.8483028
481130078121,1907.0,91.98,3.72,5.24,White,Low_poverty,LPW,32.8973198,-96.7457115
481130055004,1249.0,1.84,30.02,98.16,Minority,High_poverty,HPM,32.7174446,-96.8057074
481130117021,1468.0,16.83,23.73,80.04,Minority,Low_poverty,LPM,32.7121616,-96.6351026
481130190242,1310.0,21.6,9.24,48.09,Other,Low_poverty,LPO,32.9420028,-96.6941711
481130190381,1282.0,44.31,5.3,37.91,Other,Low_poverty,LPO,32.9673723,-96.7108836
481130141232,1394.0,55.95,0.0,18.51,White,Low_poverty,LPW,32.9810824,-96.9652521
481130136072,801.0,74.53,4.99,10.73,White,Low_poverty,LPW,32.9593772,-96.7823977
481130139011,1422.0,11.81,5.98,87.48,Minority,Low_poverty,LPM,32.9354641,-96.8975544
481130181184,1981.0,25.24,4.54,30.49,Other,Low_poverty,LPO,32.8684673,-96.5834534
481130014002,759.0,37.94,28.99,60.74,Minority,Low_poverty,LPM,32.8028821,-96.7691037
481130140013,871.0,69.69,1.26,22.16,White,Low_poverty,LPW,32.9208651,-96.8934369
481130082003,1315.0,87.07,1.77,12.93,White,Low_poverty,LPW,32.8348682,-96.6984222
481130119002,1909.0,6.44,32.11,93.56,Minority,High_poverty,HPM,32.7453884,-96.6526789
481130169032,997.0,14.34,3.11,83.86,Minority,Low_poverty,LPM,32.6078342,-96.6915853
481130141135,582.0,36.08,11.51,54.3,Minority,Low_poverty,LPM,32.8586203,-96.9981265
481130176062,1750.0,10.46,6.11,87.37,Minority,Low_poverty,LPM,32.7619958,-96.6272947
481130166072,833.0,0.84,19.21,92.08,Minority,Low_poverty,LPM,32.6537026,-96.8889189
481130165143,3053.0,13.56,6.45,72.06,Minority,Low_poverty,LPM,32.6198513,-96.9611386
481130193023,632.0,73.73,5.93,13.92,White,Low_poverty,LPW,32.8429468,-96.7774421
481130096103,1806.0,29.51,22.7,70.49,Minority,Low_poverty,LPM,32.9064834,-96.8867829
481130017032,1412.0,74.01,5.31,12.39,White,Low_poverty,LPW,32.7956341,-96.7964833
481130207001,1313.0,54.3,3.66,32.98,White,Low_poverty,LPW,32.9608113,-96.8762734
481130164112,3603.0,11.82,10.32,72.36,Minority,Low_poverty,LPM,32.6138458,-97.0253352
481130008003,1609.0,30.58,14.48,62.64,Minority,Low_poverty,LPM,32.8082915,-96.7825309
481130089001,1034.0,4.84,42.26,95.16,Minority,High_poverty,HPM,32.7471563,-96.7877972
481130166221,2576.0,11.96,9.82,84.82,Minority,Low_poverty,LPM,32.5549396,-96.8323133
481130055001,524.0,5.15,17.37,94.85,Minority,Low_poverty,LPM,32.7326779,-96.7891399
481130121002,1761.0,2.33,24.31,94.6,Minority,Low_poverty,LPM,32.7727893,-96.6636856
481130177042,1253.0,21.95,8.38,75.5,Minority,Low_poverty,LPM,32.7782465,-96.6092538
481130177033,864.0,35.3,20.02,59.03,Minority,Low_poverty,LPM,32.7832722,-96.6149616
481130120002,2100.0,3.95,32.94,95.95,Minority,High_poverty,HPM,32.7601102,-96.6627498
481130178121,1204.0,49.83,4.82,33.8,Other,Low_poverty,LPO,32.8167007,-96.623285
481130136092,600.0,97.33,4.5,0.0,White,Low_poverty,LPW,32.9449399,-96.7820497
481130078103,1378.0,79.83,0.73,10.01,White,Low_poverty,LPW,32.9038019,-96.743357
481130072014,1188.0,25.08,13.61,74.92,Minority,Low_poverty,LPM,32.8555688,-96.877679
481130165203,3588.0,7.64,14.55,87.35,Minority,Low_poverty,LPM,32.6821766,-96.8987405
481130181102,2439.0,56.17,2.67,18.74,White,Low_poverty,LPW,32.8791477,-96.5999113
481130166162,4858.0,7.16,11.32,81.97,Minority,Low_poverty,LPM,32.5700985,-96.9492354
481130141382,1787.0,17.74,1.73,25.74,Other,Low_poverty,LPO,32.9048269,-96.935465
481130123011,2312.0,16.96,13.62,82.14,Minority,Low_poverty,LPM,32.8180141,-96.6680733
481130078272,863.0,17.5,10.66,69.18,Minority,Low_poverty,LPM,32.881653,-96.7336468
481130078255,1311.0,6.18,7.32,93.82,Minority,Low_poverty,LPM,32.8934061,-96.7271936
481130122073,3787.0,5.6,13.52,94.14,Minority,Low_poverty,LPM,32.782357,-96.6927716
481130107042,3201.0,0.0,62.57,100.0,Minority,High_poverty,HPM,32.7369857,-96.9078149
481130145013,1266.0,13.43,21.41,86.57,Minority,Low_poverty,LPM,32.8266157,-96.9679855
481130167053,1419.0,12.26,16.88,83.93,Minority,Low_poverty,LPM,32.6076276,-96.7687699
481130144051,1227.0,31.3,7.66,61.37,Minority,Low_poverty,LPM,32.8338813,-96.9817234
481130164071,3221.0,17.26,7.18,78.08,Minority,Low_poverty,LPM,32.7032959,-96.9902618
481130165211,3795.0,14.26,12.32,82.9,Minority,Low_poverty,LPM,32.6656852,-96.9573689
481130121003,3277.0,5.34,34.75,94.66,Minority,High_poverty,HPM,32.7649493,-96.6515027
481130090001,1233.0,14.52,23.68,83.54,Minority,Low_poverty,LPM,32.7584556,-96.6704131
481130136202,899.0,45.27,6.9,38.49,Other,Low_poverty,LPO,32.966311,-96.812919
481130130103,1359.0,16.26,24.28,83.74,Minority,Low_poverty,LPM,32.8663508,-96.6811564
481130149021,1126.0,8.97,17.58,88.72,Minority,Low_poverty,LPM,32.8116575,-96.9298034
481130176052,1302.0,18.51,16.44,80.95,Minority,Low_poverty,LPM,32.7586395,-96.6447436
481130190402,2931.0,20.47,22.28,42.24,Other,Low_poverty,LPO,32.9335248,-96.721795
481130190404,1522.0,12.61,20.43,67.14,Minority,Low_poverty,LPM,32.9353822,-96.7162419
481130185061,2505.0,16.05,27.28,80.76,Minority,Low_poverty,LPM,32.8978057,-96.6970701
481130136233,2889.0,8.48,24.92,87.09,Minority,Low_poverty,LPM,32.940153,-96.8064729
481130136201,2182.0,46.1,5.46,40.24,Other,Low_poverty,LPO,32.9573395,-96.8165939
481130204003,3886.0,50.03,23.89,43.61,White,Low_poverty,LPW,32.7755631,-96.7977843
481130153042,3355.0,18.87,18.57,74.43,Minority,Low_poverty,LPM,32.8101089,-96.9992015
481130165233,686.0,28.43,8.02,57.87,Minority,Low_poverty,LPM,32.5640791,-97.0296616
481130181371,3390.0,30.8,5.04,52.16,Minority,Low_poverty,LPM,32.862001,-96.5606065
481130181421,1556.0,41.26,2.89,31.74,Other,Low_poverty,LPO,32.8387857,-96.5453644
481130192121,1382.0,0.0,37.55,100.0,Minority,High_poverty,HPM,32.9343325,-96.7594646
481130061002,2537.0,9.54,35.93,90.46,Minority,High_poverty,HPM,32.6970004,-96.84507
481130107011,4782.0,5.9,23.21,88.52,Minority,Low_poverty,LPM,32.7600537,-96.899234
481130072022,1890.0,22.49,37.14,77.51,Minority,High_poverty,HPM,32.8613542,-96.8668868
481130153052,1901.0,20.36,8.89,75.28,Minority,Low_poverty,LPM,32.812447,-96.9879896
481130153053,1165.0,24.46,12.49,64.98,Minority,Low_poverty,LPM,32.8068151,-96.9876238
481130153062,2860.0,21.19,14.02,46.22,Other,Low_poverty,LPO,32.7922193,-96.9869556
481130192131,670.0,20.6,38.96,73.43,Minority,High_poverty,HPM,32.9337281,-96.7563718
481130078221,1247.0,52.04,10.08,39.78,White,Low_poverty,LPW,32.875031,-96.7676606
481130164121,2659.0,25.05,2.46,51.64,Minority,Low_poverty,LPM,32.660645,-96.9928283
481130171021,2373.0,16.22,29.37,83.18,Minority,Low_poverty,LPM,32.6767396,-96.615507
481130176061,1136.0,14.26,12.59,85.74,Minority,Low_poverty,LPM,32.7574071,-96.6360375
481130136242,658.0,47.57,9.12,26.75,Other,Low_poverty,LPO,32.9412393,-96.8161044
481130088012,1155.0,0.0,10.74,93.24,Minority,Low_poverty,LPM,32.7166254,-96.7934102
481130165142,2035.0,16.86,9.63,79.55,Minority,Low_poverty,LPM,32.6109909,-96.9469694
481130181422,2227.0,34.44,11.99,57.66,Minority,Low_poverty,LPM,32.8431535,-96.5654752
481130176042,1946.0,20.97,12.28,78.01,Minority,Low_poverty,LPM,32.7402396,-96.6176955
481130190433,3656.0,48.14,8.69,26.04,Other,Low_poverty,LPO,32.9708192,-96.6306354
481130011013,1809.0,71.75,8.68,25.48,White,Low_poverty,LPW,32.8135464,-96.7652321
481130198003,1524.0,84.91,2.03,3.74,White,Low_poverty,LPW,32.8243533,-96.8107354
481130013023,1066.0,79.64,13.41,15.39,White,Low_poverty,LPW,32.7999562,-96.7634618
481130136104,1348.0,53.04,3.56,29.38,White,Low_poverty,LPW,32.9276942,-96.7793118
481130044002,1687.0,75.04,2.37,19.39,White,Low_poverty,LPW,32.7627285,-96.8402485
481130137261,751.0,63.52,3.06,11.72,White,Low_poverty,LPW,32.9513538,-96.8515727
481130137251,1977.0,31.11,12.34,63.53,Minority,Low_poverty,LPM,32.9618656,-96.8449123
481130207002,2476.0,55.94,15.02,34.0,White,Low_poverty,LPW,32.9668591,-96.8676558
481130141321,1738.0,22.67,21.29,41.77,Other,Low_poverty,LPO,32.9461788,-96.9453254
481130143122,1186.0,35.33,6.48,37.18,Other,Low_poverty,LPO,32.8574123,-96.9727373
481130143124,825.0,60.73,0.0,13.33,White,Low_poverty,LPW,32.8665708,-96.971434
481130141371,3909.0,28.63,4.04,12.94,Other,Low_poverty,LPO,32.9000616,-96.9490852
481130165212,3272.0,40.53,13.48,47.8,Other,Low_poverty,LPO,32.6950738,-96.9561685
481130141341,1152.0,36.46,0.69,7.12,Other,Low_poverty,LPO,32.9851794,-96.985138
481130141214,2076.0,49.47,7.42,17.2,Other,Low_poverty,LPO,32.958913,-96.9448755
481130144052,1370.0,6.93,18.91,92.55,Minority,Low_poverty,LPM,32.832231,-96.9886657
481130078273,1363.0,23.48,14.16,72.05,Minority,Low_poverty,LPM,32.8821662,-96.731556
481130019002,4652.0,62.62,14.23,29.88,White,Low_poverty,LPW,32.790008,-96.8097502
481130142064,2807.0,39.44,2.46,45.53,Other,Low_poverty,LPO,32.8638754,-96.9297868
481130101013,1964.0,11.56,29.48,88.44,Minority,Low_poverty,LPM,32.7809768,-96.849087
481130195023,2054.0,85.74,4.38,5.84,White,Low_poverty,LPW,32.848119,-96.8084948
481130094022,1145.0,74.76,4.72,18.95,White,Low_poverty,LPW,32.8758869,-96.8426911
481130135002,1287.0,89.51,1.79,4.74,White,Low_poverty,LPW,32.9023134,-96.8339792
481130078092,1726.0,75.26,5.21,22.65,White,Low_poverty,LPW,32.8600524,-96.7380674
481130142051,719.0,61.06,4.45,6.4,White,Low_poverty,LPW,32.8584661,-96.9457351
481130204002,2408.0,48.96,44.49,47.3,Other,High_poverty,HPO,32.7786584,-96.7806405
481130017011,454.0,52.86,13.0,42.74,White,Low_poverty,LPW,32.7899323,-96.7951677
481130166242,1921.0,14.32,2.04,83.5,Minority,Low_poverty,LPM,32.5817413,-96.9153062
481130181202,2137.0,23.77,1.87,54.47,Minority,Low_poverty,LPM,32.9302908,-96.6078067
481130136221,1343.0,61.43,2.38,28.52,White,Low_poverty,LPW,32.949408,-96.8130605
481130078192,587.0,5.28,25.89,93.7,Minority,Low_poverty,LPM,32.8684679,-96.764545
481130190353,2381.0,20.29,43.55,59.06,Minority,High_poverty,HPM,32.9132148,-96.7278882
481130190421,1526.0,43.64,3.01,14.48,Other,Low_poverty,LPO,32.9792115,-96.6476243
481130170041,2629.0,30.92,28.57,69.08,Minority,Low_poverty,LPM,32.6909168,-96.5737998
481130116021,1672.0,10.47,23.56,89.53,Minority,Low_poverty,LPM,32.7010075,-96.6725555
481130073021,755.0,83.84,3.84,11.13,White,Low_poverty,LPW,32.8570975,-96.8421744
481130190311,2688.0,65.89,5.62,18.82,White,Low_poverty,LPW,32.9792717,-96.6742071
481130170033,3902.0,27.45,10.46,71.84,Minority,Low_poverty,LPM,32.68468,-96.538594
481130193024,2413.0,60.71,14.53,25.49,White,Low_poverty,LPW,32.841513,-96.7836646
481130146031,1701.0,15.58,11.7,83.6,Minority,Low_poverty,LPM,32.8223203,-96.9464697
481130172023,2345.0,19.66,11.94,79.32,Minority,Low_poverty,LPM,32.7104616,-96.6113812
481130172012,1376.0,20.28,12.21,79.72,Minority,Low_poverty,LPM,32.7118186,-96.6277466
481130192104,1064.0,92.29,1.13,3.1,White,Low_poverty,LPW,32.9820525,-96.7349155
481130143025,2932.0,19.1,13.86,78.92,Minority,Low_poverty,LPM,32.840008,-96.9614813
481130024002,1250.0,18.08,6.49,81.76,Minority,Low_poverty,LPM,32.7918157,-96.7577515
481130068002,2274.0,9.06,24.61,90.94,Minority,Low_poverty,LPM,32.7533252,-96.8620039
481130146022,1215.0,37.37,11.57,61.9,Minority,Low_poverty,LPM,32.8193846,-96.9381225
481130190323,1848.0,20.08,14.66,67.37,Minority,Low_poverty,LPM,32.9203107,-96.696507
481130192023,1344.0,58.63,2.08,40.55,White,Low_poverty,LPW,32.9482259,-96.7495907
481130152022,2758.0,17.95,25.56,80.78,Minority,Low_poverty,LPM,32.818587,-96.9699311
481130080006,1480.0,77.97,2.36,10.13,White,Low_poverty,LPW,32.8272699,-96.7489184
481130080001,1659.0,88.13,0.0,10.73,White,Low_poverty,LPW,32.8287121,-96.7381623
481130203001,286.0,24.13,31.12,68.88,Minority,High_poverty,HPM,32.7763961,-96.7646619
481130138052,1821.0,37.29,5.05,40.53,Other,Low_poverty,LPO,32.935544,-96.8496697
481130117023,1771.0,9.94,29.25,89.27,Minority,Low_poverty,LPM,32.6987968,-96.6420346
481130141313,1346.0,30.46,16.49,24.81,Other,Low_poverty,LPO,32.9360976,-96.9470649
481130144081,1757.0,17.07,23.28,78.37,Minority,Low_poverty,LPM,32.820018,-97.0013041
481130078104,2170.0,56.41,19.63,38.84,White,Low_poverty,LPW,32.9049968,-96.733187
481130084005,1133.0,19.68,17.83,80.32,Minority,Low_poverty,LPM,32.7740445,-96.7058623
481130096071,1266.0,66.82,0.87,31.04,White,Low_poverty,LPW,32.9028813,-96.8598029
481130113001,2140.0,3.18,25.93,96.41,Minority,Low_poverty,LPM,32.6643167,-96.7944765
481130125005,1509.0,12.86,7.95,87.14,Minority,Low_poverty,LPM,32.825645,-96.6725815
481130127014,1902.0,27.92,24.08,70.35,Minority,Low_poverty,LPM,32.8482847,-96.6744262
481130131022,1173.0,89.77,0.61,3.75,White,Low_poverty,LPW,32.8889986,-96.7848702
481130155001,993.0,31.42,37.42,64.25,Minority,High_poverty,HPM,32.7526058,-97.0009466
481130200002,3847.0,35.46,0.16,14.09,Other,Low_poverty,LPO,32.9831369,-97.0140722
481130198004,769.0,88.43,2.6,2.21,White,Low_poverty,LPW,32.8283994,-96.8061159
481130168031,1298.0,35.82,11.4,55.24,Minority,Low_poverty,LPM,32.5967484,-96.7559781
481130181054,1625.0,3.38,10.15,91.82,Minority,Low_poverty,LPM,32.9146078,-96.6198192
481130181292,1823.0,33.08,2.08,66.04,Minority,Low_poverty,LPM,32.8503153,-96.6202372
481130184021,1961.0,46.1,5.52,52.52,Minority,Low_poverty,LPM,32.8724239,-96.6371727
481130164133,1509.0,29.95,14.05,57.92,Minority,Low_poverty,LPM,32.6713019,-97.0106875
481130164011,8138.0,11.96,6.87,72.45,Minority,Low_poverty,LPM,32.6912071,-97.0270639
481130166172,871.0,12.28,2.3,85.77,Minority,Low_poverty,LPM,32.610614,-96.8827205
481130173043,2906.0,28.32,9.26,66.83,Minority,Low_poverty,LPM,32.7423028,-96.5673577
481130173012,3316.0,14.48,11.91,85.53,Minority,Low_poverty,LPM,32.7093013,-96.5920321
481130173062,1538.0,19.83,0.72,80.17,Minority,Low_poverty,LPM,32.7407012,-96.594241
481130178071,599.0,17.7,7.51,70.62,Minority,Low_poverty,LPM,32.8156324,-96.6312309
481130180021,1905.0,15.91,8.24,75.23,Minority,Low_poverty,LPM,32.827346,-96.6341837
481130181402,2691.0,45.15,5.05,33.08,Other,Low_poverty,LPO,32.9178447,-96.5658129
481130190201,989.0,49.24,3.74,17.5,Other,Low_poverty,LPO,32.9369337,-96.6693086
481130181413,1678.0,40.41,12.63,49.76,Other,Low_poverty,LPO,32.8595165,-96.5430716
481130190272,2641.0,19.99,12.8,44.42,Other,Low_poverty,LPO,32.9543833,-96.6624848
481130141212,1423.0,43.01,0.0,34.01,Other,Low_poverty,LPO,32.9597591,-96.9537897
481130107032,1431.0,2.52,25.99,97.27,Minority,Low_poverty,LPM,32.7268645,-96.9362991
481130107041,2673.0,11.04,13.36,82.75,Minority,Low_poverty,LPM,32.7276795,-96.913891
481130108034,1289.0,1.47,22.03,98.52,Minority,Low_poverty,LPM,32.7009511,-96.8955647
481130178052,1783.0,3.93,32.75,94.56,Minority,High_poverty,HPM,32.7949584,-96.6725742
481130118005,2272.0,1.54,40.32,98.46,Minority,High_poverty,HPM,32.724117,-96.6418333
481130142041,1232.0,58.04,42.09,19.4,White,High_poverty,HPW,32.8479426,-96.9243531
481130022001,1932.0,57.56,25.73,32.51,White,Low_poverty,LPW,32.7907097,-96.7850886
481130136161,2282.0,51.49,5.61,26.73,White,Low_poverty,LPW,32.9683399,-96.8250641
481130093031,1411.0,2.69,8.08,96.18,Minority,Low_poverty,LPM,32.7209387,-96.7242418
481130132003,1467.0,83.37,0.0,12.13,White,Low_poverty,LPW,32.9198972,-96.7814164
481130056003,2393.0,0.0,15.88,99.41,Minority,Low_poverty,LPM,32.7099718,-96.825742
481130031011,2345.0,57.87,13.69,30.7,White,Low_poverty,LPW,32.7809426,-96.7946192
481130141333,1836.0,18.03,3.05,69.12,Minority,Low_poverty,LPM,32.8613084,-97.0116873
481130145011,994.0,68.81,10.76,26.36,White,Low_poverty,LPW,32.8328341,-96.9639116
481130144031,1226.0,18.35,14.31,69.41,Minority,Low_poverty,LPM,32.8296432,-97.0195435
481130137211,1701.0,71.96,2.23,13.81,White,Low_poverty,LPW,32.9761775,-96.8579522
481130137202,1429.0,43.95,5.74,41.01,Other,Low_poverty,LPO,32.9799642,-96.8937282
481130137171,2266.0,12.8,19.73,82.04,Minority,Low_poverty,LPM,32.9616661,-96.9026497
481130137143,1959.0,3.16,19.35,94.44,Minority,Low_poverty,LPM,32.9405848,-96.8960758
481130137141,1955.0,32.99,12.02,65.07,Minority,Low_poverty,LPM,32.9512948,-96.900189
481130185011,1694.0,25.8,24.14,67.83,Minority,Low_poverty,LPM,32.8892671,-96.6728813
481130141311,731.0,42.95,0.96,29.69,Other,Low_poverty,LPO,32.9367243,-96.9506758
481130141032,2787.0,7.64,25.58,63.58,Minority,Low_poverty,LPM,32.8671033,-96.9877017
481130139022,1077.0,41.88,0.0,57.29,Minority,Low_poverty,LPM,32.9280388,-96.8866004
481130139013,1490.0,11.81,16.44,85.17,Minority,Low_poverty,LPM,32.9275047,-96.8960022
481130138034,1038.0,74.28,0.0,25.72,White,Low_poverty,LPW,32.9341048,-96.8692902
481130138033,1390.0,57.84,15.54,27.99,White,Low_poverty,LPW,32.9373488,-96.8621451
481130152062,1575.0,35.49,0.19,59.81,Minority,Low_poverty,LPM,32.8055667,-96.9670855
481130152052,1296.0,32.56,5.12,65.2,Minority,Low_poverty,LPM,32.8123791,-96.9670519
481130152051,615.0,9.27,49.92,90.73,Minority,High_poverty,HPM,32.8119729,-96.9617129
481130152042,916.0,32.64,0.0,66.48,Minority,Low_poverty,LPM,32.7987948,-96.9726427
481130151003,1065.0,14.84,17.93,74.55,Minority,Low_poverty,LPM,32.7975317,-96.9555151
481130150002,1095.0,19.36,5.75,79.09,Minority,Low_poverty,LPM,32.8047471,-96.9322556
481130147031,1840.0,11.47,22.66,83.75,Minority,Low_poverty,LPM,32.8187615,-96.9295806
481130147014,1269.0,7.96,27.74,91.57,Minority,Low_poverty,LPM,32.8318852,-96.927053
481130146012,1683.0,13.78,22.75,85.74,Minority,Low_poverty,LPM,32.8332065,-96.947775
481130146011,646.0,73.37,2.63,17.34,White,Low_poverty,LPW,32.8332422,-96.9551228
481130145012,1091.0,30.25,2.75,62.06,Minority,Low_poverty,LPM,32.8328304,-96.9721908
481130141155,1398.0,32.4,21.53,39.84,Other,Low_poverty,LPO,32.8424618,-97.0058283
481130141154,1443.0,7.28,2.22,86.76,Minority,Low_poverty,LPM,32.8493349,-96.996534
481130141142,1115.0,21.35,9.87,58.92,Minority,Low_poverty,LPM,32.8587513,-96.9941487
481130141134,533.0,14.45,6.75,64.16,Minority,Low_poverty,LPM,32.8584527,-97.0025007
481130136112,1031.0,74.88,2.13,1.55,White,Low_poverty,LPW,32.972957,-96.8114875
481130141263,1074.0,56.42,0.0,14.06,White,Low_poverty,LPW,32.9650679,-96.9972515
481130177041,2865.0,19.16,32.67,74.94,Minority,High_poverty,HPM,32.7806647,-96.6046425
481130087013,617.0,1.13,11.35,96.43,Minority,Low_poverty,LPM,32.7042536,-96.7693833
481130087052,779.0,0.0,41.83,99.61,Minority,High_poverty,HPM,32.6851886,-96.7832186
481130088011,743.0,1.08,13.46,97.84,Minority,Low_poverty,LPM,32.7218885,-96.7888425
481130113002,1555.0,3.02,25.12,96.66,Minority,Low_poverty,LPM,32.6780297,-96.8007969
481130114012,1688.0,8.47,38.04,85.37,Minority,High_poverty,HPM,32.675363,-96.7768149
481130167011,3102.0,0.58,24.69,98.78,Minority,Low_poverty,LPM,32.6552176,-96.7810285
481130190291,2058.0,19.53,3.5,53.4,Minority,Low_poverty,LPM,32.9481643,-96.6780275
481130190252,1530.0,43.4,3.79,19.81,Other,Low_poverty,LPO,32.9485989,-96.6347579
481130091031,1986.0,6.95,34.24,93.05,Minority,High_poverty,HPM,32.7424239,-96.7048738
481130178132,1364.0,13.34,9.31,82.18,Minority,Low_poverty,LPM,32.8022414,-96.6190105
481130025003,1683.0,4.28,26.92,95.72,Minority,Low_poverty,LPM,32.7867447,-96.7494752
481130056001,2020.0,1.09,28.12,98.91,Minority,Low_poverty,LPM,32.7184515,-96.821623
481130199001,1203.0,2.33,14.29,97.67,Minority,Low_poverty,LPM,32.7405969,-96.8851476
481130198001,1999.0,90.9,0.55,4.35,White,Low_poverty,LPW,32.8308861,-96.8159056
481130195022,1240.0,92.1,5.4,5.73,White,Low_poverty,LPW,32.8387974,-96.8100559
481130079112,1019.0,67.81,2.16,12.47,White,Low_poverty,LPW,32.860202,-96.7574539
481130079122,841.0,48.63,12.84,39.71,Other,Low_poverty,LPO,32.8590401,-96.7678947
481130079101,1603.0,60.7,12.8,26.01,White,Low_poverty,LPW,32.8573642,-96.7615318
481130082004,646.0,54.49,27.24,35.14,White,Low_poverty,LPW,32.8384277,-96.6913428
481130166113,500.0,15.2,0.0,84.8,Minority,Low_poverty,LPM,32.581513,-96.8483801
481130166063,1487.0,15.4,2.76,82.72,Minority,Low_poverty,LPM,32.6292816,-96.8802961
481130166062,1050.0,20.1,22.26,79.91,Minority,Low_poverty,LPM,32.6303475,-96.8955228
481130166052,5126.0,7.67,30.83,88.25,Minority,High_poverty,HPM,32.6309498,-96.8522588
481130165191,1423.0,30.92,13.24,66.41,Minority,Low_poverty,LPM,32.6559014,-96.9311905
481130165165,1062.0,16.85,5.0,81.64,Minority,Low_poverty,LPM,32.6508328,-96.8950845
481130165163,837.0,3.46,26.52,96.53,Minority,Low_poverty,LPM,32.6598387,-96.9048938
481130165141,1574.0,24.21,0.76,67.4,Minority,Low_poverty,LPM,32.6124325,-96.9302687
481130165131,1005.0,49.05,6.57,43.98,Other,Low_poverty,LPO,32.6447501,-96.9301813
481130165112,2492.0,11.92,25.37,84.59,Minority,Low_poverty,LPM,32.6244548,-96.949263
481130195021,412.0,100.0,0.0,0.0,White,Low_poverty,LPW,32.8461784,-96.8010029
481130024003,1133.0,16.77,35.3,79.96,Minority,High_poverty,HPM,32.7960642,-96.7546801
481130027011,769.0,0.0,39.53,100.0,Minority,High_poverty,HPM,32.7757603,-96.731676
481130027012,1473.0,0.48,29.19,99.52,Minority,Low_poverty,LPM,32.7738368,-96.7396835
481130122062,1080.0,6.11,0.09,90.0,Minority,Low_poverty,LPM,32.788518,-96.702833
481130204001,2241.0,36.01,21.26,61.04,Minority,Low_poverty,LPM,32.7654226,-96.7960139
481130034001,542.0,0.37,14.94,99.63,Minority,Low_poverty,LPM,32.7567294,-96.7822121
481130039022,1384.0,0.51,31.0,98.27,Minority,High_poverty,HPM,32.7504313,-96.7540938
481130008004,1353.0,36.44,19.81,46.93,Other,Low_poverty,LPO,32.8038967,-96.7850783
481130078052,588.0,40.31,2.04,59.69,Minority,Low_poverty,LPM,32.900465,-96.760908
481130130044,1340.0,89.4,0.0,2.16,White,Low_poverty,LPW,32.864475,-96.7244703
481130130043,1431.0,87.28,11.28,11.46,White,Low_poverty,LPW,32.8720145,-96.7287906
481130130073,607.0,45.63,8.07,43.65,Other,Low_poverty,LPO,32.8669596,-96.688367
481130165101,4747.0,11.82,1.16,84.58,Minority,Low_poverty,LPM,32.6568255,-96.951742
481130165092,1514.0,23.32,0.0,76.69,Minority,Low_poverty,LPM,32.6377398,-96.9155519
481130164113,1421.0,5.84,6.54,86.77,Minority,Low_poverty,LPM,32.6542685,-97.0180072
481130164102,1655.0,41.39,25.73,58.0,Minority,Low_poverty,LPM,32.6649912,-97.0330825
481130164083,760.0,17.63,15.0,69.08,Minority,Low_poverty,LPM,32.6950077,-97.0088839
481130164073,1043.0,7.57,25.12,91.18,Minority,Low_poverty,LPM,32.7063934,-97.0042642
481130168023,1265.0,9.33,2.06,89.88,Minority,Low_poverty,LPM,32.5880821,-96.7931638
481130181051,821.0,46.29,1.95,46.89,Other,Low_poverty,LPO,32.9293397,-96.6208485
481130078043,1244.0,4.74,3.94,90.11,Minority,Low_poverty,LPM,32.9153941,-96.7631134
481130078153,3287.0,10.59,35.7,41.38,Other,High_poverty,HPO,32.8822446,-96.7545268
481130078152,2206.0,20.04,32.96,51.72,Minority,High_poverty,HPM,32.8784284,-96.7590462
481130078254,1141.0,39.88,24.8,59.33,Minority,Low_poverty,LPM,32.8896879,-96.7393173
481130078261,1036.0,35.33,5.79,58.89,Minority,Low_poverty,LPM,32.8712502,-96.734187
481130078271,1090.0,26.79,22.29,68.89,Minority,Low_poverty,LPM,32.8904787,-96.72821
481130079021,1612.0,86.79,1.06,11.17,White,Low_poverty,LPW,32.850478,-96.7357733
481130079024,650.0,79.08,36.92,18.46,White,High_poverty,HPW,32.8539902,-96.7497573
481130202001,839.0,0.0,36.47,100.0,Minority,High_poverty,HPM,32.7039088,-96.7363133
481130117014,2351.0,4.38,25.1,94.94,Minority,Low_poverty,LPM,32.7049329,-96.6525356
481130119003,2062.0,4.75,19.74,93.46,Minority,Low_poverty,LPM,32.7406434,-96.6592496
481130122111,1040.0,6.63,0.77,90.68,Minority,Low_poverty,LPM,32.803805,-96.694041
481130178141,2442.0,23.75,1.06,47.38,Other,Low_poverty,LPO,32.8056525,-96.5988846
481130123022,2462.0,14.3,44.11,85.7,Minority,High_poverty,HPM,32.8111025,-96.6785033
481130173041,1214.0,15.57,1.81,76.61,Minority,Low_poverty,LPM,32.7579178,-96.5646281
481130173042,3749.0,31.02,2.51,52.04,Minority,Low_poverty,LPM,32.7566373,-96.5544666
481130124001,1856.0,22.79,7.06,77.21,Minority,Low_poverty,LPM,32.8365592,-96.6832075
481130020003,475.0,16.21,22.74,83.79,Minority,Low_poverty,LPM,32.7535482,-96.8119249
481130012023,568.0,39.79,16.02,39.61,Other,Low_poverty,LPO,32.8074842,-96.7367571
481130011023,1053.0,88.89,4.75,5.41,White,Low_poverty,LPW,32.8150208,-96.7577372
481130012021,2348.0,33.86,6.35,65.41,Minority,Low_poverty,LPM,32.7993354,-96.7343818
481130013011,831.0,74.25,23.23,25.75,White,Low_poverty,LPW,32.8038806,-96.7525685
481130014001,1520.0,21.05,17.3,75.33,Minority,Low_poverty,LPM,32.8060459,-96.7628818
481130015032,1089.0,15.34,45.94,71.53,Minority,High_poverty,HPM,32.8032602,-96.7769779
481130015033,680.0,52.79,55.0,37.94,White,High_poverty,HPW,32.7996075,-96.7801422
481130015044,423.0,38.3,25.06,57.22,Minority,Low_poverty,LPM,32.7966035,-96.7766827
481130126012,2128.0,15.41,6.34,75.8,Minority,Low_poverty,LPM,32.8484141,-96.6620956
481130126031,978.0,23.31,21.57,75.87,Minority,Low_poverty,LPM,32.8427707,-96.6599529
481130181201,2574.0,34.65,7.61,45.65,Other,Low_poverty,LPO,32.9346357,-96.5909435
481130127013,2166.0,32.36,46.65,62.74,Minority,High_poverty,HPM,32.8471518,-96.6694268
481130128004,679.0,85.42,0.0,5.45,White,Low_poverty,LPW,32.8597858,-96.6875642
481130128003,1759.0,78.34,7.05,15.58,White,Low_poverty,LPW,32.859573,-96.6959829
481130129004,815.0,90.92,1.72,2.21,White,Low_poverty,LPW,32.8447773,-96.7161496
481130084001,1075.0,5.3,1.4,94.7,Minority,Low_poverty,LPM,32.7733805,-96.724254
481130085001,1111.0,16.92,35.22,82.18,Minority,High_poverty,HPM,32.7742574,-96.6882369
481130085002,1285.0,6.69,19.14,92.92,Minority,Low_poverty,LPM,32.7750771,-96.6971048
481130173031,3165.0,33.74,4.61,62.12,Minority,Low_poverty,LPM,32.762129,-96.5793881
481130091011,1242.0,17.71,42.83,82.29,Minority,High_poverty,HPM,32.7609918,-96.6954764
481130092011,2054.0,3.85,26.68,96.16,Minority,Low_poverty,LPM,32.7453342,-96.6676818
481130092013,938.0,15.03,16.1,84.97,Minority,Low_poverty,LPM,32.7382196,-96.6783713
481130092021,2998.0,4.2,23.12,95.8,Minority,Low_poverty,LPM,32.7301796,-96.6682363
481130093033,1356.0,0.0,12.68,100.0,Minority,Low_poverty,LPM,32.7233967,-96.7090679
481130115002,1486.0,1.55,50.0,97.18,Minority,High_poverty,HPM,32.760722,-96.7351267
481130166171,1319.0,13.12,9.4,77.71,Minority,Low_poverty,LPM,32.6139974,-96.867221
481130166231,4105.0,10.3,11.35,82.85,Minority,Low_poverty,LPM,32.5730553,-96.8883455
481130166123,1719.0,4.07,0.0,93.43,Minority,Low_poverty,LPM,32.5810797,-96.901608
481130094021,1351.0,84.53,1.34,10.21,White,Low_poverty,LPW,32.8675517,-96.8435428
481130076052,1087.0,89.88,1.01,3.96,White,Low_poverty,LPW,32.8871128,-96.8062838
481130136051,1788.0,79.36,1.92,17.56,White,Low_poverty,LPW,32.973622,-96.7720628
481130134001,890.0,95.39,1.8,3.71,White,Low_poverty,LPW,32.901105,-96.8151529
481130131053,1732.0,58.43,4.73,29.97,White,Low_poverty,LPW,32.8936141,-96.7751936
481130111052,2063.0,2.47,33.64,97.53,Minority,High_poverty,HPM,32.6505322,-96.8273038
481130111043,1180.0,4.92,15.0,90.51,Minority,Low_poverty,LPM,32.6512521,-96.8351062
481130178054,1197.0,46.95,5.01,48.12,Other,Low_poverty,LPO,32.7794598,-96.6310278
481130178063,797.0,14.81,22.84,84.94,Minority,Low_poverty,LPM,32.8014568,-96.6505027
481130178074,1295.0,19.61,0.77,79.23,Minority,Low_poverty,LPM,32.8101626,-96.6478187
481130192113,1398.0,58.37,12.66,35.91,White,Low_poverty,LPW,32.966275,-96.7388417
481130108035,2562.0,16.12,30.41,83.88,Minority,High_poverty,HPM,32.6946895,-96.8855803
481130108041,2929.0,2.49,23.83,96.86,Minority,Low_poverty,LPM,32.7144028,-96.8614103
481130108012,2095.0,6.3,12.79,88.73,Minority,Low_poverty,LPM,32.7169567,-96.8956908
481130106013,603.0,17.41,6.97,82.59,Minority,Low_poverty,LPM,32.7838655,-96.891423
481130106011,1621.0,3.02,14.93,95.13,Minority,Low_poverty,LPM,32.7810075,-96.9184393
481130101021,602.0,13.46,26.58,86.54,Minority,Low_poverty,LPM,32.7830445,-96.8306714
481130101012,1341.0,8.2,31.33,91.8,Minority,High_poverty,HPM,32.7865518,-96.8478273
481130099002,1813.0,20.68,15.6,66.47,Minority,Low_poverty,LPM,32.884274,-96.9082058
481130098023,997.0,32.8,3.76,67.21,Minority,Low_poverty,LPM,32.8716425,-96.8585584
481130098022,1375.0,23.42,8.72,76.07,Minority,Low_poverty,LPM,32.8734011,-96.8627585
481130097013,1309.0,46.75,6.88,51.95,Minority,Low_poverty,LPM,32.8840697,-96.8725139
481130052002,1338.0,5.31,14.81,88.94,Minority,Low_poverty,LPM,32.7391801,-96.8546224
481130052001,1250.0,25.68,12.16,71.84,Minority,Low_poverty,LPM,32.7441409,-96.8506027
481130050003,1583.0,10.42,8.65,89.45,Minority,Low_poverty,LPM,32.7357456,-96.8299349
481130047002,903.0,14.06,20.16,85.94,Minority,Low_poverty,LPM,32.7472436,-96.8292785
481130130093,1926.0,50.78,4.64,47.2,White,Low_poverty,LPW,32.8824463,-96.7134995
481130130091,941.0,3.4,22.1,96.6,Minority,Low_poverty,LPM,32.8956377,-96.7150544
481130170013,2352.0,24.45,7.46,75.0,Minority,Low_poverty,LPM,32.6653224,-96.5915547
481130181281,2347.0,26.37,5.68,62.03,Minority,Low_poverty,LPM,32.8574707,-96.6089342
481130181331,1863.0,47.99,0.0,48.37,Other,Low_poverty,LPO,32.8999676,-96.55219
481130190133,988.0,1.01,42.0,63.36,Minority,High_poverty,HPM,32.912366,-96.678157
481130190141,1412.0,15.44,19.12,66.36,Minority,Low_poverty,LPM,32.9267083,-96.6730154
481130190341,1716.0,27.68,13.69,60.72,Minority,Low_poverty,LPM,32.9211308,-96.7250924
481130190322,547.0,17.37,0.0,19.93,Other,Low_poverty,LPO,32.9203771,-96.690784
481130190213,1261.0,38.86,15.62,34.81,Other,Low_poverty,LPO,32.9418481,-96.6610408
481130122072,2315.0,14.0,0.56,84.06,Minority,Low_poverty,LPM,32.7910885,-96.6918839
481130174004,2527.0,39.77,9.27,60.23,Minority,Low_poverty,LPM,32.7489767,-96.5905778
481130174002,894.0,27.52,21.92,72.49,Minority,Low_poverty,LPM,32.7573166,-96.589887
481130181244,1194.0,54.27,1.84,45.73,White,Low_poverty,LPW,32.9200401,-96.5398211
481130181341,2280.0,61.84,6.36,30.57,White,Low_poverty,LPW,32.8979478,-96.5285974
481130167031,1254.0,19.46,11.08,80.55,Minority,Low_poverty,LPM,32.6307597,-96.7490227
481130168022,2201.0,21.31,2.8,78.69,Minority,Low_poverty,LPM,32.5670076,-96.7687953
481130169033,2178.0,33.1,38.3,62.77,Minority,High_poverty,HPM,32.5985773,-96.7233995
481130048004,743.0,8.21,33.51,89.23,Minority,High_poverty,HPM,32.7390185,-96.8186783
481130054003,1260.0,4.52,14.21,95.47,Minority,Low_poverty,LPM,32.727406,-96.8184194
481130057001,1413.0,4.88,18.26,94.69,Minority,Low_poverty,LPM,32.690506,-96.7958975
481130057004,1569.0,5.8,29.89,94.2,Minority,Low_poverty,LPM,32.6990348,-96.8008722
481130059015,696.0,6.47,22.7,93.54,Minority,Low_poverty,LPM,32.6861843,-96.8095078
481130143071,717.0,39.33,1.12,42.82,Other,Low_poverty,LPO,32.8601868,-96.9519293
481130097011,1655.0,49.61,0.0,40.66,Other,Low_poverty,LPO,32.8914719,-96.875696
481130096073,1340.0,73.51,6.04,26.5,White,Low_poverty,LPW,32.8988564,-96.8671838
481130096041,1107.0,58.27,16.62,38.12,White,Low_poverty,LPW,32.9217201,-96.8074654
481130095001,911.0,81.01,0.88,16.25,White,Low_poverty,LPW,32.884014,-96.8473735
481130045001,186.0,44.62,20.97,45.16,Other,Low_poverty,LPO,32.7485324,-96.8562009
481130043003,937.0,1.28,2.24,96.91,Minority,Low_poverty,LPM,32.7694943,-96.8466385
481130042022,1121.0,25.96,13.29,66.01,Minority,Low_poverty,LPM,32.7515282,-96.8475038
481130176041,1055.0,29.76,30.05,68.06,Minority,High_poverty,HPM,32.7444715,-96.619103
481130181211,2794.0,17.39,12.17,69.9,Minority,Low_poverty,LPM,32.9234742,-96.6021632
481130178044,3086.0,14.87,5.86,84.05,Minority,Low_poverty,LPM,32.7963746,-96.6415773
481130194003,2306.0,78.62,13.7,7.07,White,Low_poverty,LPW,32.8424903,-96.7917648
481130193012,1182.0,84.09,2.37,0.0,White,Low_poverty,LPW,32.8525889,-96.7804112
481130193011,982.0,93.79,2.96,2.44,White,Low_poverty,LPW,32.8604974,-96.7840433
481130162012,704.0,27.27,5.4,69.61,Minority,Low_poverty,LPM,32.7272205,-97.0110085
481130161001,2063.0,35.0,14.25,62.24,Minority,Low_poverty,LPM,32.7238759,-97.0245354
481130160021,1468.0,5.52,46.86,94.48,Minority,High_poverty,HPM,32.7415176,-96.9989156
481130160013,2389.0,12.52,13.6,83.26,Minority,Low_poverty,LPM,32.7328303,-97.011953
481130143061,1693.0,13.47,18.96,77.15,Minority,Low_poverty,LPM,32.8490414,-96.9824583
481130143113,1129.0,6.29,1.06,51.1,Minority,Low_poverty,LPM,32.8796067,-96.9668138
481130143023,1110.0,20.63,0.0,72.88,Minority,Low_poverty,LPM,32.8472879,-96.9702437
481130142031,712.0,49.58,1.12,48.03,Other,Low_poverty,LPO,32.8489665,-96.9483639
481130141242,1199.0,66.47,2.17,12.76,White,Low_poverty,LPW,32.9211455,-97.0007673
481130141353,1514.0,40.75,10.5,40.49,Other,Low_poverty,LPO,32.9719436,-96.9741945
481130141351,2026.0,57.9,4.2,7.06,White,Low_poverty,LPW,32.9739525,-96.9868798
481130141202,1017.0,65.09,6.49,17.79,White,Low_poverty,LPW,32.9663293,-96.9653917
481130141164,334.0,47.9,5.09,28.14,Other,Low_poverty,LPO,32.8441129,-97.0193139
481130137131,749.0,8.14,16.34,91.85,Minority,Low_poverty,LPM,32.9449816,-96.9013432
481130137111,1106.0,16.18,9.95,79.93,Minority,Low_poverty,LPM,32.9447759,-96.8868758
481130137262,1983.0,30.16,25.37,51.94,Minority,Low_poverty,LPM,32.9430505,-96.8476471
481130136181,2256.0,39.94,9.35,41.85,Other,Low_poverty,LPO,32.9825136,-96.7736081
481130136171,981.0,80.33,1.24,8.36,White,Low_poverty,LPW,32.9828228,-96.789836
481130136211,1083.0,48.11,2.22,32.13,Other,Low_poverty,LPO,32.964611,-96.8075124
481130109021,3491.0,0.32,13.61,96.76,Minority,Low_poverty,LPM,32.6589927,-96.8619471
481130195015,730.0,80.27,0.0,5.75,White,Low_poverty,LPW,32.8548672,-96.7936509
481130160011,1342.0,14.38,46.65,84.65,Minority,High_poverty,HPM,32.7402613,-97.0115612
481130157002,1103.0,12.51,18.86,86.04,Minority,Low_poverty,LPM,32.7509543,-96.9745954
481130156003,1621.0,2.16,34.48,97.85,Minority,High_poverty,HPM,32.7493405,-96.9823777
481130155003,1818.0,28.93,3.02,65.18,Minority,Low_poverty,LPM,32.7508187,-97.0090611
481130154032,950.0,37.05,26.65,62.95,Minority,Low_poverty,LPM,32.7564397,-97.0247318
481130154015,553.0,23.33,2.89,72.34,Minority,Low_poverty,LPM,32.7617366,-97.0035848
481130154013,835.0,50.78,0.0,46.23,White,Low_poverty,LPW,32.7700512,-97.0317266
481130154011,1838.0,46.25,3.1,48.86,Other,Low_poverty,LPO,32.7778438,-97.0198052
481130152063,605.0,37.02,18.02,61.81,Minority,Low_poverty,LPM,32.8048137,-96.9612363
481130143101,1412.0,32.08,11.33,46.95,Other,Low_poverty,LPO,32.8626248,-96.9846092
481130143091,541.0,12.38,30.68,52.5,Minority,High_poverty,HPM,32.8629207,-96.9901439
481130184023,1723.0,36.22,34.71,61.63,Minority,High_poverty,HPM,32.8667409,-96.6446606
481130187002,572.0,30.94,6.99,69.06,Minority,Low_poverty,LPM,32.9039971,-96.6451969
481130172014,1296.0,16.98,47.92,82.18,Minority,High_poverty,HPM,32.7302258,-96.6176479
481130002013,939.0,97.76,2.45,2.24,White,Low_poverty,LPW,32.8261323,-96.7573641
481130002012,1116.0,79.93,2.15,14.96,White,Low_poverty,LPW,32.8328878,-96.7571562
481130009003,775.0,26.45,28.52,54.97,Minority,Low_poverty,LPM,32.8113282,-96.776326
481130009002,1816.0,83.15,7.16,13.33,White,Low_poverty,LPW,32.8139376,-96.781619
481130188012,1867.0,27.69,15.16,68.45,Minority,Low_poverty,LPM,32.9275985,-96.6439202
481130189002,2154.0,23.54,14.49,50.79,Minority,Low_poverty,LPM,32.9228273,-96.6607255
481130190046,1629.0,12.65,12.15,74.59,Minority,Low_poverty,LPM,32.9190411,-96.7031463
481130190043,848.0,58.84,11.79,39.98,White,Low_poverty,LPW,32.9289991,-96.702947
481130190262,832.0,50.36,5.05,22.72,White,Low_poverty,LPW,32.9407321,-96.6450519
481130190281,1439.0,28.01,10.98,51.42,Minority,Low_poverty,LPM,32.9563079,-96.6704782
481130190422,3742.0,41.26,2.69,34.32,Other,Low_poverty,LPO,32.9693885,-96.6628555
481130190314,1672.0,33.19,3.35,37.74,Other,Low_poverty,LPO,32.967647,-96.6732326
481130190131,870.0,16.55,9.35,78.16,Minority,Low_poverty,LPM,32.9126719,-96.6689285
481130170014,2242.0,16.19,36.17,82.56,Minority,High_poverty,HPM,32.6424966,-96.6000956
481130170012,2868.0,54.95,11.04,40.69,White,Low_poverty,LPW,32.6509495,-96.5808175
481130172021,1843.0,16.39,11.34,76.62,Minority,Low_poverty,LPM,32.7431492,-96.6072694
481130181261,752.0,78.72,0.0,12.77,White,Low_poverty,LPW,32.8586555,-96.6217164
481130181243,6037.0,46.46,15.98,41.87,Other,Low_poverty,LPO,32.9234191,-96.5284
481130122071,1515.0,5.15,60.9,94.85,Minority,High_poverty,HPM,32.7846628,-96.6765357
481130192022,964.0,13.28,13.9,81.95,Minority,Low_poverty,LPM,32.9412027,-96.7527304
481130063013,348.0,5.46,16.67,94.54,Minority,Low_poverty,LPM,32.7177234,-96.8507286
481130063012,1108.0,16.43,19.8,82.04,Minority,Low_poverty,LPM,32.7186085,-96.8449604
481130007023,796.0,73.87,10.43,21.98,White,Low_poverty,LPW,32.817234,-96.793072
481130006052,1674.0,71.74,5.04,5.73,White,Low_poverty,LPW,32.8084933,-96.8048168
481130006051,851.0,71.33,8.58,19.03,White,Low_poverty,LPW,32.812441,-96.8094824
481130006033,947.0,80.57,12.14,15.73,White,Low_poverty,LPW,32.8167961,-96.8143878
481130005003,2471.0,63.58,6.19,22.42,White,Low_poverty,LPW,32.8083478,-96.8155565
481130181103,1222.0,85.76,4.59,7.77,White,Low_poverty,LPW,32.8790281,-96.6135592
481130181101,1557.0,68.08,0.0,27.56,White,Low_poverty,LPW,32.8711216,-96.603995
481130181272,1001.0,34.27,6.69,47.85,Other,Low_poverty,LPO,32.8518404,-96.6404497
481130181372,743.0,38.22,9.83,39.7,Other,Low_poverty,LPO,32.8597691,-96.5538201
481130012031,644.0,83.85,1.24,14.13,White,Low_poverty,LPW,32.8031314,-96.7430431
481130167042,1586.0,2.02,31.07,96.09,Minority,High_poverty,HPM,32.6217084,-96.7748089
481130167052,3759.0,3.91,31.07,94.39,Minority,High_poverty,HPM,32.6080309,-96.7847552
481130178072,1573.0,24.6,8.39,72.72,Minority,Low_poverty,LPM,32.8175961,-96.6347461
481130182061,1986.0,12.19,42.8,86.96,Minority,High_poverty,HPM,32.8877281,-96.6241905
481130190331,1245.0,8.19,22.33,85.62,Minority,Low_poverty,LPM,32.9132054,-96.6853229
481130178112,1725.0,43.77,7.19,42.49,Other,Low_poverty,LPO,32.8204992,-96.6154517
481130180011,1094.0,12.8,3.84,83.09,Minority,Low_poverty,LPM,32.8383487,-96.6355266
481130166193,755.0,2.12,36.69,97.88,Minority,High_poverty,HPM,32.6168252,-96.8548686
481130166192,1515.0,3.83,14.65,96.17,Minority,Low_poverty,LPM,32.6150758,-96.8509458
481130166182,1415.0,15.69,4.24,82.12,Minority,Low_poverty,LPM,32.6079017,-96.8681802
481130111042,1003.0,0.8,46.76,99.2,Minority,High_poverty,HPM,32.6555423,-96.8354246
481130111033,1070.0,5.33,25.98,93.55,Minority,Low_poverty,LPM,32.6654388,-96.8344926
481130111031,1331.0,20.06,28.78,79.56,Minority,Low_poverty,LPM,32.6683824,-96.8260686
481130110015,1265.0,7.04,23.72,92.97,Minority,Low_poverty,LPM,32.6798635,-96.8447005
481130076012,890.0,76.07,3.03,12.36,White,Low_poverty,LPW,32.8837009,-96.8322388
481130076011,970.0,68.76,2.47,16.29,White,Low_poverty,LPW,32.8898238,-96.8280218
481130073023,1278.0,75.27,1.49,14.86,White,Low_poverty,LPW,32.858543,-96.8308474
481130072013,1826.0,33.68,13.53,66.32,Minority,Low_poverty,LPM,32.8596405,-96.875246
481130004044,1263.0,62.39,5.86,14.41,White,Low_poverty,LPW,32.8163653,-96.8246103
481130004065,2895.0,41.97,27.25,37.55,Other,Low_poverty,LPO,32.8271356,-96.8402081
481130062003,2531.0,3.52,25.48,94.19,Minority,Low_poverty,LPM,32.7245815,-96.8353278
481130060022,1103.0,17.95,37.72,78.52,Minority,High_poverty,HPM,32.7011199,-96.8322575
481130053001,1566.0,6.83,8.05,92.02,Minority,Low_poverty,LPM,32.7380956,-96.8601013
481130184011,1847.0,15.27,22.96,81.11,Minority,Low_poverty,LPM,32.8755876,-96.6518124
481130180022,1470.0,27.28,23.67,70.41,Minority,Low_poverty,LPM,32.8229097,-96.639801
481130181231,4123.0,35.29,8.63,40.82,Other,Low_poverty,LPO,32.9521847,-96.6046897
481130181321,2807.0,37.62,1.29,54.26,Minority,Low_poverty,LPM,32.8398778,-96.5731177
481130190373,1176.0,53.83,2.06,31.8,White,Low_poverty,LPW,32.9641131,-96.695883
481130122113,1804.0,9.04,16.42,89.19,Minority,Low_poverty,LPM,32.8020711,-96.6856703
481130190233,1058.0,67.86,0.0,13.61,White,Low_poverty,LPW,32.9505876,-96.6968302
481130192053,1053.0,93.64,0.95,5.41,White,Low_poverty,LPW,32.9662783,-96.7658114
481130192061,2644.0,40.13,55.09,23.6,Other,High_poverty,HPO,32.9801159,-96.749336
481130192062,1764.0,62.07,20.07,30.27,White,Low_poverty,LPW,32.9745314,-96.7521291
481130192081,2444.0,13.95,21.97,77.53,Minority,Low_poverty,LPM,32.9272128,-96.7651315
481130192082,1903.0,20.91,6.57,68.94,Minority,Low_poverty,LPM,32.9361069,-96.7652208
481130071023,740.0,62.43,10.41,27.7,White,Low_poverty,LPW,32.8343536,-96.8265588
481130069002,1637.0,5.07,45.75,94.93,Minority,High_poverty,HPM,32.7618618,-96.869923
481130069001,800.0,22.25,32.63,75.26,Minority,High_poverty,HPM,32.7640724,-96.8641289
481130067004,779.0,11.94,7.96,83.95,Minority,Low_poverty,LPM,32.7382312,-96.8765415
481130067001,1925.0,1.71,28.0,97.87,Minority,Low_poverty,LPM,32.745314,-96.877621
481130065021,1268.0,7.26,6.15,91.96,Minority,Low_poverty,LPM,32.7245276,-96.8798816
481130064024,1102.0,14.34,14.52,85.66,Minority,Low_poverty,LPM,32.7226186,-96.871568
481130063022,906.0,26.38,22.74,72.4,Minority,Low_poverty,LPM,32.7268112,-96.8493335
481130063016,981.0,2.04,6.63,95.62,Minority,Low_poverty,LPM,32.709436,-96.8421086
481130136262,1588.0,17.88,0.63,58.37,Minority,Low_poverty,LPM,32.936692,-96.8186673
481130183002,794.0,40.68,48.74,57.81,Minority,High_poverty,HPM,32.8910561,-96.6428042
481130096092,788.0,85.15,0.0,5.84,White,Low_poverty,LPW,32.9057618,-96.8510798
481130098025,1453.0,25.88,14.66,73.16,Minority,Low_poverty,LPM,32.8648476,-96.8585485
481130017031,944.0,68.11,10.49,23.94,White,Low_poverty,LPW,32.8018684,-96.7972321
481130166191,1640.0,16.83,6.59,82.01,Minority,Low_poverty,LPM,32.6101703,-96.8487484
481130141281,983.0,43.03,3.56,0.92,Other,Low_poverty,LPO,32.9358891,-96.9593782
481130073012,766.0,92.56,5.48,6.0,White,Low_poverty,LPW,32.8608859,-96.8110813
481130184022,935.0,23.64,22.35,76.36,Minority,Low_poverty,LPM,32.8752846,-96.6451616
481130131054,1741.0,33.54,14.99,60.54,Minority,Low_poverty,LPM,32.893396,-96.7704176
481130188021,536.0,35.82,19.22,62.31,Minority,Low_poverty,LPM,32.9127879,-96.6461525
481130087042,1722.0,0.0,47.5,100.0,Minority,High_poverty,HPM,32.6951937,-96.7746027
481130164084,3377.0,29.14,8.17,69.41,Minority,Low_poverty,LPM,32.6887817,-97.0094845
481130130082,2895.0,48.46,12.78,33.92,Other,Low_poverty,LPO,32.8825454,-96.7242024
481130170015,1897.0,57.46,17.75,39.11,White,Low_poverty,LPW,32.6073548,-96.5562358
481130017042,535.0,77.94,5.98,8.42,White,Low_poverty,LPW,32.7916484,-96.8018075
481130006013,1341.0,28.49,12.04,71.52,Minority,Low_poverty,LPM,32.8263695,-96.8269978
481130187003,1568.0,8.67,9.82,90.94,Minority,Low_poverty,LPM,32.9033935,-96.6386067
481130154031,871.0,8.5,19.86,88.29,Minority,Low_poverty,LPM,32.7583775,-97.0317854
481130173032,2493.0,33.85,7.14,64.55,Minority,Low_poverty,LPM,32.7537721,-96.5707644
481130178134,1828.0,22.76,10.63,70.51,Minority,Low_poverty,LPM,32.7963446,-96.6214615
481130096112,1337.0,42.71,5.91,56.09,Minority,Low_poverty,LPM,32.9017218,-96.8767978
481130090003,869.0,18.53,10.59,73.42,Minority,Low_poverty,LPM,32.7518253,-96.678435
481130077001,925.0,75.68,5.3,7.89,White,Low_poverty,LPW,32.8767126,-96.7911242
481130004043,856.0,67.87,6.54,24.18,White,Low_poverty,LPW,32.8195362,-96.8254056
481130147013,1096.0,17.79,5.02,70.62,Minority,Low_poverty,LPM,32.8339594,-96.9200321
481130161002,1445.0,2.08,6.64,97.16,Minority,Low_poverty,LPM,32.736609,-97.0297869
481130166125,2477.0,15.26,13.08,84.74,Minority,Low_poverty,LPM,32.5861943,-96.8683024
481130190412,791.0,77.88,2.15,3.53,White,Low_poverty,LPW,32.9294727,-96.7258687
481130190394,1869.0,73.68,0.0,2.68,White,Low_poverty,LPW,32.9418633,-96.7063754
481130078213,1137.0,20.32,16.01,56.9,Minority,Low_poverty,LPM,32.8734848,-96.7475389
481130152044,2289.0,25.29,3.32,65.71,Minority,Low_poverty,LPM,32.7891383,-96.9666365
481130141381,1363.0,37.27,3.6,23.18,Other,Low_poverty,LPO,32.8889657,-96.9328849
481130166103,1144.0,15.65,12.33,83.56,Minority,Low_poverty,LPM,32.607542,-96.8370456
481130190161,994.0,62.47,6.04,33.9,White,Low_poverty,LPW,32.9202032,-96.7371059
481130063023,1576.0,5.65,20.81,94.35,Minority,Low_poverty,LPM,32.7222588,-96.850796
481130171011,1150.0,31.48,11.57,67.82,Minority,Low_poverty,LPM,32.6967337,-96.6119176
481130096102,2240.0,22.54,28.97,76.7,Minority,Low_poverty,LPM,32.8998001,-96.8853942
481130094013,759.0,66.8,2.64,32.15,White,Low_poverty,LPW,32.8778656,-96.8516601
481130141332,860.0,7.56,1.4,78.37,Minority,Low_poverty,LPM,32.8641556,-97.0114792
481130177021,2177.0,27.29,5.65,66.69,Minority,Low_poverty,LPM,32.775412,-96.5842517
481130144073,1919.0,14.23,7.82,71.55,Minority,Low_poverty,LPM,32.8257765,-97.0008042
481130181411,1261.0,41.79,14.47,54.96,Minority,Low_poverty,LPM,32.8720402,-96.5276514
481130165022,1258.0,34.9,9.3,63.52,Minority,Low_poverty,LPM,32.6717609,-96.9164709
481130190194,571.0,45.53,0.0,26.62,Other,Low_poverty,LPO,32.9136312,-96.7155164
481130138062,825.0,31.15,6.55,40.73,Other,Low_poverty,LPO,32.9382384,-96.8319796
481130202003,1124.0,3.2,22.86,96.8,Minority,Low_poverty,LPM,32.6855277,-96.7107028
481130143072,1125.0,37.51,7.02,55.82,Minority,Low_poverty,LPM,32.8566382,-96.9522879
481130060011,994.0,0.0,56.55,100.0,Minority,High_poverty,HPM,32.7028806,-96.8372782
481130163021,827.0,10.76,15.24,78.72,Minority,Low_poverty,LPM,32.7154056,-96.9916765
481130113003,1506.0,0.0,18.59,100.0,Minority,Low_poverty,LPM,32.6724244,-96.800108
481130079142,966.0,83.44,26.4,6.83,White,Low_poverty,LPW,32.8451146,-96.764327
481130168021,1011.0,37.59,5.66,53.91,Minority,Low_poverty,LPM,32.5741348,-96.8055786
481130136073,787.0,89.33,1.78,9.78,White,Low_poverty,LPW,32.9536543,-96.7824805
481130190312,622.0,51.45,0.0,40.68,White,Low_poverty,LPW,32.969375,-96.6796438
481130062004,1692.0,0.53,4.43,99.47,Minority,Low_poverty,LPM,32.7175407,-96.8370755
481130181241,8982.0,47.71,4.14,39.14,Other,Low_poverty,LPO,32.9521209,-96.5392294
481130181041,3382.0,46.42,13.42,47.05,Other,Low_poverty,LPO,32.7721875,-96.5303216
481130122045,3747.0,13.58,40.27,79.26,Minority,High_poverty,HPM,32.7966135,-96.7123085
481130130081,1023.0,92.57,2.74,0.98,White,Low_poverty,LPW,32.8898485,-96.7229411
481130078231,710.0,19.44,18.31,78.31,Minority,Low_poverty,LPM,32.8951036,-96.7673784
481130166181,1756.0,9.17,0.64,87.82,Minority,Low_poverty,LPM,32.613607,-96.8597757
481130141163,658.0,12.31,7.45,62.01,Minority,Low_poverty,LPM,32.8499049,-97.0135376
481130111044,360.0,0.0,24.44,100.0,Minority,Low_poverty,LPM,32.6456793,-96.8351623
481130170031,1920.0,54.32,20.16,44.17,White,Low_poverty,LPW,32.6615818,-96.5543703
481130087051,624.0,4.97,19.07,94.08,Minority,Low_poverty,LPM,32.6876052,-96.7753228
481130168033,3293.0,7.9,19.62,88.19,Minority,Low_poverty,LPM,32.5988382,-96.772787
481130141201,2286.0,65.4,0.0,12.86,White,Low_poverty,LPW,32.9579031,-96.9630528
481130141372,4324.0,23.22,4.76,26.46,Other,Low_poverty,LPO,32.889849,-96.9500705
481130181382,2270.0,32.86,10.13,56.88,Minority,Low_poverty,LPM,32.8553682,-96.5778199
481130183003,1862.0,36.31,17.13,60.37,Minority,Low_poverty,LPM,32.8842986,-96.6522302
481130037002,1006.0,2.39,41.65,97.61,Minority,High_poverty,HPM,32.762328,-96.7667546
481130181181,1196.0,8.11,61.79,91.89,Minority,High_poverty,HPM,32.8515924,-96.5973267
481130184031,1188.0,17.59,14.48,80.39,Minority,Low_poverty,LPM,32.8611265,-96.6507495
481130190144,2607.0,14.0,30.19,57.23,Minority,High_poverty,HPM,32.919935,-96.6698603
481130173052,8045.0,17.97,3.42,75.94,Minority,Low_poverty,LPM,32.728169,-96.5356891
481130181042,4126.0,54.29,6.69,21.01,White,Low_poverty,LPW,32.811384,-96.5557414
481130182032,1521.0,12.69,2.37,79.16,Minority,Low_poverty,LPM,32.8975333,-96.6156799
481130170034,1805.0,49.53,14.79,46.82,Other,Low_poverty,LPO,32.6540368,-96.5300908
481130141231,2486.0,50.48,0.0,4.74,White,Low_poverty,LPW,32.9870334,-96.9494354
481130042023,356.0,64.33,1.71,30.34,White,Low_poverty,LPW,32.7553003,-96.8502176
481130088021,441.0,0.0,23.81,100.0,Minority,Low_poverty,LPM,32.7149935,-96.7823767
481130143075,627.0,35.57,0.0,64.43,Minority,Low_poverty,LPM,32.8488935,-96.9634416
481130181343,2130.0,65.92,1.74,32.3,White,Low_poverty,LPW,32.90799,-96.5255841
481130062001,1650.0,5.58,40.61,91.21,Minority,High_poverty,HPM,32.7272964,-96.8278559
481130059022,3146.0,4.1,33.67,95.9,Minority,High_poverty,HPM,32.6928801,-96.8186826
481130141161,1178.0,20.12,18.34,79.88,Minority,Low_poverty,LPM,32.8553471,-97.017633
481130190202,2007.0,46.54,6.48,13.86,Other,Low_poverty,LPO,32.935915,-96.6769703
481130181412,1035.0,54.3,32.08,45.22,White,High_poverty,HPW,32.8527361,-96.5481899
481130164101,3107.0,25.68,14.29,59.19,Minority,Low_poverty,LPM,32.6674065,-97.0227332
481130175001,614.0,69.54,10.42,29.32,White,Low_poverty,LPW,32.7594836,-96.6030189
481130137142,999.0,4.7,18.82,95.3,Minority,Low_poverty,LPM,32.9454468,-96.8938755
481130163022,1198.0,9.52,31.14,90.15,Minority,High_poverty,HPM,32.7155835,-96.9875725
481130069003,1874.0,0.48,20.92,95.31,Minority,Low_poverty,LPM,32.7575645,-96.8702272
481130124006,1048.0,38.55,9.16,61.45,Minority,Low_poverty,LPM,32.8232051,-96.6811582
481130156001,1847.0,8.34,3.16,82.67,Minority,Low_poverty,LPM,32.7581445,-96.9830709
481130137181,1616.0,9.34,12.56,89.61,Minority,Low_poverty,LPM,32.9652019,-96.8931756
481130048002,601.0,6.32,20.47,88.36,Minority,Low_poverty,LPM,32.7489429,-96.8183722
481130091012,1358.0,9.94,5.52,89.4,Minority,Low_poverty,LPM,32.7530827,-96.6984639
481130150001,1996.0,10.87,9.67,74.9,Minority,Low_poverty,LPM,32.7838924,-96.9433381
481130004063,2206.0,39.8,24.8,60.2,Minority,Low_poverty,LPM,32.8545527,-96.8703334
481130126013,2188.0,5.3,21.3,90.4,Minority,Low_poverty,LPM,32.8563245,-96.6538385
481130190395,788.0,11.42,49.75,86.93,Minority,High_poverty,HPM,32.9456541,-96.7124459
481130073022,792.0,95.83,3.66,2.78,White,Low_poverty,LPW,32.8565339,-96.8254571
481130100001,7702.0,30.67,7.89,62.27,Minority,Low_poverty,LPM,32.793394,-96.8285144
481130131052,2007.0,40.96,8.77,54.56,Minority,Low_poverty,LPM,32.8937097,-96.7730812
481130190212,1676.0,13.42,42.72,82.7,Minority,High_poverty,HPM,32.9414087,-96.6549981
481130178062,2169.0,8.53,21.25,91.06,Minority,Low_poverty,LPM,32.8010249,-96.6646354
481130115004,1435.0,9.83,0.0,90.17,Minority,Low_poverty,LPM,32.7347662,-96.7268403
481130107031,1448.0,4.97,17.68,94.41,Minority,Low_poverty,LPM,32.7416009,-96.9232889
481130079062,1276.0,97.26,2.59,0.0,White,Low_poverty,LPW,32.859302,-96.7734018
481130165023,2016.0,19.54,20.54,80.45,Minority,Low_poverty,LPM,32.6646532,-96.9182234
481130182051,2211.0,18.23,19.81,79.88,Minority,Low_poverty,LPM,32.8852985,-96.6179651
481130167014,1713.0,0.7,19.32,95.45,Minority,Low_poverty,LPM,32.6565302,-96.7612448
481130128001,1455.0,62.41,8.32,34.3,White,Low_poverty,LPW,32.8527498,-96.6897794
481130040002,473.0,1.9,29.6,98.1,Minority,Low_poverty,LPM,32.7422875,-96.7627109
481130082002,719.0,32.27,9.32,58.55,Minority,Low_poverty,LPM,32.8421338,-96.6952673
481130053005,1167.0,19.11,4.88,79.35,Minority,Low_poverty,LPM,32.7310886,-96.8533722
481130038001,587.0,0.0,29.81,100.0,Minority,Low_poverty,LPM,32.7534746,-96.7616596
481130164062,1291.0,19.83,2.09,71.57,Minority,Low_poverty,LPM,32.7009355,-97.0107182
481130055003,1549.0,2.52,30.66,97.49,Minority,High_poverty,HPM,32.7244294,-96.8059947
481130064022,1742.0,5.91,21.3,93.28,Minority,Low_poverty,LPM,32.732045,-96.8741145
481130106012,3879.0,17.84,12.14,82.16,Minority,Low_poverty,LPM,32.7894362,-96.9030573
481130181361,1516.0,54.49,7.32,29.42,White,Low_poverty,LPW,32.8846336,-96.556034
481130159003,2251.0,6.84,28.96,91.07,Minority,Low_poverty,LPM,32.7354701,-96.9696848
481130110021,1514.0,3.63,33.49,95.5,Minority,High_poverty,HPM,32.6792006,-96.8304406
481130019001,2756.0,80.59,3.41,13.28,White,Low_poverty,LPW,32.7948688,-96.8078998
481130166252,3462.0,5.55,8.95,92.57,Minority,Low_poverty,LPM,32.6087084,-96.9165873
481130136241,2140.0,41.64,4.47,36.92,Other,Low_poverty,LPO,32.949961,-96.8204939
481130153041,591.0,11.17,24.53,86.46,Minority,Low_poverty,LPM,32.7852499,-97.006089
481130065023,959.0,9.8,2.61,90.2,Minority,Low_poverty,LPM,32.7202655,-96.8839699
481130143121,1722.0,32.06,8.2,53.14,Minority,Low_poverty,LPM,32.8701622,-96.9537488
481130078203,2636.0,19.69,30.69,44.84,Other,High_poverty,HPO,32.8674217,-96.7518539
481130093011,1734.0,4.5,16.55,94.87,Minority,Low_poverty,LPM,32.7266043,-96.6855391
481130106021,1641.0,12.0,25.84,88.0,Minority,Low_poverty,LPM,32.7724876,-96.9160235
481130182052,2079.0,17.03,7.31,63.78,Minority,Low_poverty,LPM,32.891702,-96.6154174
481130192033,1444.0,82.41,0.0,17.59,White,Low_poverty,LPW,32.9566137,-96.747656
481130016002,2116.0,30.39,47.31,59.03,Minority,High_poverty,HPM,32.8010361,-96.7896928
481130141031,2032.0,5.51,19.88,35.33,Other,Low_poverty,LPO,32.8917158,-96.9844341
481130181364,1393.0,87.8,6.96,4.24,White,Low_poverty,LPW,32.8903589,-96.5781319
481130165232,1728.0,44.1,0.23,42.36,Other,Low_poverty,LPO,32.5658852,-96.9875651
481130190253,1560.0,44.23,3.91,24.68,Other,Low_poverty,LPO,32.9430013,-96.62556
481130136162,3101.0,45.86,14.87,38.89,Other,Low_poverty,LPO,32.9643663,-96.8281443
481130037003,1076.0,21.75,9.48,78.25,Minority,Low_poverty,LPM,32.7625176,-96.7581304
481130054002,1183.0,3.72,1.52,96.28,Minority,Low_poverty,LPM,32.7220585,-96.812738
481130136163,1333.0,28.58,15.53,64.29,Minority,Low_poverty,LPM,32.9470343,-96.8254715
481130196001,1297.0,87.59,0.54,3.0,White,Low_poverty,LPW,32.833884,-96.7859491
481130016001,2316.0,68.83,3.24,17.61,White,Low_poverty,LPW,32.7946955,-96.7883796
481130027013,563.0,0.0,27.53,100.0,Minority,Low_poverty,LPM,32.7757537,-96.7429995
481130040001,712.0,3.37,13.2,96.21,Minority,Low_poverty,LPM,32.7510853,-96.7716072
481130078122,1553.0,69.99,1.87,22.86,White,Low_poverty,LPW,32.8883641,-96.7495638
481130008002,2043.0,52.67,7.98,32.75,White,Low_poverty,LPW,32.8101801,-96.7890106
481130182034,883.0,6.8,9.85,93.21,Minority,Low_poverty,LPM,32.9051706,-96.6181468
481130190215,815.0,57.91,0.0,30.55,White,Low_poverty,LPW,32.9363976,-96.6528391
481130177022,2260.0,18.98,18.14,71.46,Minority,Low_poverty,LPM,32.7850507,-96.5995105
481130178061,1431.0,32.98,0.42,64.78,Minority,Low_poverty,LPM,32.8051455,-96.6545171
481130169022,1557.0,13.29,31.55,85.61,Minority,High_poverty,HPM,32.631278,-96.7213967
481130059011,1157.0,0.78,39.33,98.61,Minority,High_poverty,HPM,32.7039545,-96.8109444
481130166124,3594.0,5.93,7.12,93.24,Minority,Low_poverty,LPM,32.5814884,-96.8785153
481130166064,1324.0,25.23,17.52,70.16,Minority,Low_poverty,LPM,32.6227101,-96.902566
481130165161,1469.0,25.32,26.75,69.58,Minority,Low_poverty,LPM,32.6581265,-96.8947478
481130165111,2320.0,5.69,8.79,93.28,Minority,Low_poverty,LPM,32.6296023,-96.9496495
481130165202,3577.0,3.38,15.01,94.69,Minority,Low_poverty,LPM,32.6859799,-96.9114826
481130178131,2105.0,13.59,13.78,66.75,Minority,Low_poverty,LPM,32.8072253,-96.6199358
481130180012,1172.0,77.22,3.41,22.78,White,Low_poverty,LPW,32.8350982,-96.6413034
481130191005,1187.0,48.27,7.57,38.5,Other,Low_poverty,LPO,32.9541469,-96.7194155
481130192102,936.0,91.56,3.95,2.24,White,Low_poverty,LPW,32.9787785,-96.7286729
481130166183,1858.0,27.34,9.84,71.69,Minority,Low_poverty,LPM,32.5970263,-96.8655704
481130143064,1538.0,17.43,37.71,48.38,Other,High_poverty,HPO,32.8407107,-96.9821661
481130142032,887.0,69.22,0.0,25.14,White,Low_poverty,LPW,32.8459299,-96.9415207
481130141193,1698.0,77.92,0.0,7.95,White,Low_poverty,LPW,32.9563611,-96.9863799
481130137121,1428.0,15.48,16.95,76.68,Minority,Low_poverty,LPM,32.944529,-96.8778874
481130153061,1175.0,42.3,23.47,48.43,Other,Low_poverty,LPO,32.8030143,-96.9818271
481130193021,1205.0,81.08,3.24,5.89,White,Low_poverty,LPW,32.848468,-96.7757409
481130162011,2147.0,21.84,2.47,74.8,Minority,Low_poverty,LPM,32.7243029,-96.9974987
481130157001,1778.0,6.41,14.79,83.52,Minority,Low_poverty,LPM,32.75781,-96.9664948
481130181112,932.0,41.09,0.0,56.97,Minority,Low_poverty,LPM,32.8705841,-96.6258579
481130183005,801.0,54.93,3.12,42.19,White,Low_poverty,LPW,32.8828385,-96.6429408
481130189004,1028.0,19.46,6.52,74.03,Minority,Low_poverty,LPM,32.9124574,-96.6586252
481130190263,948.0,41.46,0.0,19.3,Other,Low_poverty,LPO,32.9380554,-96.6310119
481130173051,2602.0,34.97,2.23,64.57,Minority,Low_poverty,LPM,32.7430343,-96.5468315
481130178081,790.0,50.51,9.24,44.43,White,Low_poverty,LPW,32.8340858,-96.6017427
481130025002,1707.0,5.1,31.22,94.91,Minority,High_poverty,HPM,32.7871241,-96.7409172
481130116013,902.0,10.86,13.19,89.14,Minority,Low_poverty,LPM,32.7048154,-96.7163225
481130124005,480.0,85.63,1.88,14.38,White,Low_poverty,LPW,32.8274484,-96.6913431
481130126042,4117.0,25.55,26.11,70.37,Minority,Low_poverty,LPM,32.8428141,-96.6460229
481130129003,802.0,71.57,0.0,14.71,White,Low_poverty,LPW,32.8464195,-96.7064936
481130087041,1070.0,1.21,50.0,98.79,Minority,High_poverty,HPM,32.6985429,-96.7778791
481130112001,3845.0,6.81,32.17,91.15,Minority,High_poverty,HPM,32.6583852,-96.8143419
481130167034,7207.0,2.41,9.59,92.65,Minority,Low_poverty,LPM,32.6275351,-96.7895817
481130178113,1722.0,39.31,4.35,53.2,Minority,Low_poverty,LPM,32.8173083,-96.6014847
481130080005,830.0,98.55,7.95,0.0,White,Low_poverty,LPW,32.8236601,-96.7444395
481130093042,1662.0,0.6,76.34,99.4,Minority,High_poverty,HPM,32.7164448,-96.6965158
481130122061,2304.0,14.97,22.87,83.55,Minority,Low_poverty,LPM,32.7899094,-96.7120308
481130138061,3070.0,43.19,5.0,31.34,Other,Low_poverty,LPO,32.9283812,-96.850272
481130165103,3269.0,9.76,7.34,85.47,Minority,Low_poverty,LPM,32.6360687,-96.9645996
481130110022,1122.0,5.26,16.84,94.74,Minority,Low_poverty,LPM,32.6871974,-96.835994
481130136222,1381.0,33.38,17.47,61.77,Minority,Low_poverty,LPM,32.9501532,-96.8060374
481130190181,1552.0,44.97,5.09,12.69,Other,Low_poverty,LPO,32.9247407,-96.7089438
481130190191,2586.0,19.72,38.48,71.3,Minority,High_poverty,HPM,32.9190981,-96.7150049
481130136243,1519.0,19.42,0.99,40.88,Other,Low_poverty,LPO,32.9449255,-96.8167214
481130141343,2366.0,61.41,2.79,12.05,White,Low_poverty,LPW,32.979307,-96.980813
481130164091,1527.0,27.18,2.72,65.68,Minority,Low_poverty,LPM,32.6817337,-96.9831827
481130163013,1913.0,14.69,19.86,79.3,Minority,Low_poverty,LPM,32.7153548,-96.9772629
481130167033,701.0,17.12,21.26,73.04,Minority,Low_poverty,LPM,32.636427,-96.8073422
481130001001,1503.0,66.07,4.72,30.01,White,Low_poverty,LPW,32.818153,-96.7273705
481130153032,523.0,20.65,34.8,79.35,Minority,High_poverty,HPM,32.807333,-97.0252147
481130192024,793.0,63.68,26.61,34.43,White,Low_poverty,LPW,32.944479,-96.7540682
481130133002,950.0,80.0,4.84,6.95,White,Low_poverty,LPW,32.8988975,-96.795007
481130092012,416.0,27.16,17.55,72.84,Minority,Low_poverty,LPM,32.7453741,-96.6784655
481130181182,2497.0,33.88,0.93,51.99,Minority,Low_poverty,LPM,32.8550858,-96.59705
481130137191,2784.0,14.48,12.0,39.8,Other,Low_poverty,LPO,32.9835862,-96.9170788
481130126011,1940.0,16.96,6.67,64.18,Minority,Low_poverty,LPM,32.8577835,-96.6613438
481130190241,1168.0,36.39,9.08,47.61,Other,Low_poverty,LPO,32.941658,-96.6855794
481130138032,1487.0,54.47,5.51,35.77,White,Low_poverty,LPW,32.9450272,-96.8666777
481130137212,2189.0,63.18,7.45,23.11,White,Low_poverty,LPW,32.975116,-96.870059
481130191003,1445.0,51.56,2.77,26.23,White,Low_poverty,LPW,32.9480898,-96.7340434
481130037004,424.0,1.89,30.56,98.11,Minority,High_poverty,HPM,32.7576041,-96.7655511
481130057002,1637.0,1.22,49.11,95.12,Minority,High_poverty,HPM,32.7076054,-96.8055099
481130003002,1464.0,58.13,13.39,29.23,White,Low_poverty,LPW,32.8343259,-96.7764686
481130087043,1017.0,3.74,35.3,93.61,Minority,High_poverty,HPM,32.6925415,-96.7876661
481130013022,461.0,32.1,36.23,65.94,Minority,High_poverty,HPM,32.8016772,-96.7664143
481130133001,1074.0,91.43,0.0,2.8,White,Low_poverty,LPW,32.9057574,-96.7955025
481130110023,756.0,7.28,17.06,92.73,Minority,Low_poverty,LPM,32.6833467,-96.8321425
481130108053,2725.0,5.28,20.97,92.8,Minority,Low_poverty,LPM,32.7136234,-96.8703369
481130136052,1087.0,62.28,0.0,24.28,White,Low_poverty,LPW,32.974836,-96.7815921
481130076041,1067.0,79.19,0.94,0.0,White,Low_poverty,LPW,32.890504,-96.7916219
481130072012,755.0,20.4,15.76,79.6,Minority,Low_poverty,LPM,32.85853,-96.8701757
481130078242,1001.0,94.11,6.69,4.7,White,Low_poverty,LPW,32.8743909,-96.7383039
481130014004,568.0,70.07,19.19,10.56,White,Low_poverty,LPW,32.8095218,-96.7565687
481130109032,710.0,4.08,1.83,86.62,Minority,Low_poverty,LPM,32.6683023,-96.8897454
481130164131,2142.0,31.33,13.26,63.12,Minority,Low_poverty,LPM,32.6646809,-97.0084134
481130141331,2317.0,22.57,21.81,36.95,Other,Low_poverty,LPO,32.8749903,-96.9978618
481130163012,3125.0,9.28,5.6,77.31,Minority,Low_poverty,LPM,32.7255177,-96.9845421
481130141301,1169.0,28.4,7.36,10.44,Other,Low_poverty,LPO,32.9224133,-96.942129
481130173044,2134.0,19.45,0.98,73.43,Minority,Low_poverty,LPM,32.7470857,-96.5543076
481130101011,1352.0,0.74,22.71,98.37,Minority,Low_poverty,LPM,32.789918,-96.845884
481130141271,7346.0,16.68,4.53,14.38,Other,Low_poverty,LPO,32.9326897,-96.9781163
481130129001,1032.0,41.76,19.67,55.14,Minority,Low_poverty,LPM,32.8600308,-96.7029153
481130190214,1353.0,27.05,9.62,44.87,Other,Low_poverty,LPO,32.9345724,-96.6612268
481130192114,1615.0,50.15,8.2,36.97,White,Low_poverty,LPW,32.9652891,-96.7294196
481130048001,1000.0,4.5,21.54,94.4,Minority,Low_poverty,LPM,32.7482151,-96.8127386
481130176022,2571.0,22.71,21.78,75.11,Minority,Low_poverty,LPM,32.7722855,-96.6410428
481130165164,1116.0,19.27,23.75,80.74,Minority,Low_poverty,LPM,32.6565554,-96.9043385
481130164061,1454.0,14.92,14.92,70.7,Minority,Low_poverty,LPM,32.7065267,-97.0107831
481130045004,1618.0,13.16,3.46,86.84,Minority,Low_poverty,LPM,32.7387758,-96.8717123
481130166111,4461.0,6.55,2.02,90.9,Minority,Low_poverty,LPM,32.5813443,-96.8305804
481130162021,1997.0,9.66,2.55,88.38,Minority,Low_poverty,LPM,32.7150452,-96.9983735
481130158001,762.0,12.99,22.18,87.01,Minority,Low_poverty,LPM,32.7570443,-96.94349
481130143074,1047.0,18.91,3.44,77.45,Minority,Low_poverty,LPM,32.8539619,-96.9627206
481130136053,1537.0,76.97,0.85,18.16,White,Low_poverty,LPW,32.9660922,-96.782273
481130065013,1378.0,3.19,8.42,96.08,Minority,Low_poverty,LPM,32.7316505,-96.8801931
481130018001,1476.0,70.53,7.18,26.69,White,Low_poverty,LPW,32.8055285,-96.8008534
481130192046,1880.0,0.0,31.28,100.0,Minority,High_poverty,HPM,32.9418026,-96.7652185
481130139012,1101.0,14.62,31.34,83.83,Minority,High_poverty,HPM,32.933075,-96.8922688
481130147011,1239.0,8.8,7.67,90.64,Minority,Low_poverty,LPM,32.8331491,-96.932871
481130137221,2399.0,30.01,10.74,62.15,Minority,Low_poverty,LPM,32.9782977,-96.8491299
481130108014,1662.0,6.8,27.24,93.2,Minority,Low_poverty,LPM,32.710899,-96.9010356
481130098031,1166.0,37.14,2.23,59.78,Minority,Low_poverty,LPM,32.8786987,-96.8702659
481130097021,1009.0,67.2,0.59,28.25,White,Low_poverty,LPW,32.8838316,-96.8602339
481130094012,1212.0,67.99,2.56,32.01,White,Low_poverty,LPW,32.8726776,-96.8517563
481130067002,3233.0,2.17,34.77,97.68,Minority,High_poverty,HPM,32.7462818,-96.8975743
481130007012,3398.0,69.07,6.97,15.71,White,Low_poverty,LPW,32.8097788,-96.7949049
481130006012,1052.0,44.87,2.85,46.29,Other,Low_poverty,LPO,32.8260827,-96.8198535
481130060012,1749.0,1.32,42.42,98.69,Minority,High_poverty,HPM,32.7083324,-96.8337115
481130044001,732.0,76.37,6.56,20.22,White,Low_poverty,LPW,32.75645,-96.8392381
481130138035,1913.0,49.45,0.89,44.8,Other,Low_poverty,LPO,32.9267526,-96.8625572
481130152053,1957.0,10.17,34.03,88.3,Minority,High_poverty,HPM,32.8125108,-96.9736873
481130201002,1121.0,26.85,17.66,71.99,Minority,Low_poverty,LPM,32.7996516,-96.9099917
481130151005,2161.0,21.1,3.56,62.19,Minority,Low_poverty,LPM,32.7899055,-96.9482638
481130146023,2100.0,4.62,26.1,93.52,Minority,Low_poverty,LPM,32.8266039,-96.9396584
481130137213,2161.0,79.55,3.19,13.83,White,Low_poverty,LPW,32.979225,-96.8763527
481130141131,2110.0,7.91,17.54,57.82,Minority,Low_poverty,LPM,32.8624807,-96.9990232
481130188011,1353.0,6.36,13.16,64.67,Minority,Low_poverty,LPM,32.9247196,-96.6347491
481130172024,2468.0,22.2,34.81,77.79,Minority,High_poverty,HPM,32.7274079,-96.6075408
481130155002,1040.0,21.73,12.88,78.27,Minority,Low_poverty,LPM,32.7519495,-97.0150418
481130145022,2976.0,8.9,18.34,86.86,Minority,Low_poverty,LPM,32.8248645,-96.9532421
481130079111,1592.0,67.21,14.2,18.72,White,Low_poverty,LPW,32.8627864,-96.7615899
481130195024,920.0,98.37,0.0,1.63,White,Low_poverty,LPW,32.8428938,-96.8092235
481130149011,1453.0,9.43,19.19,84.1,Minority,Low_poverty,LPM,32.8118209,-96.9549855
481130006061,1136.0,79.67,2.64,2.73,White,Low_poverty,LPW,32.8175999,-96.7988906
481130181391,2358.0,50.08,0.0,34.6,White,Low_poverty,LPW,32.9424646,-96.5751252
481130165231,1911.0,26.32,2.66,56.36,Minority,Low_poverty,LPM,32.5608988,-97.0026119
481130025004,1571.0,4.14,29.03,95.86,Minority,Low_poverty,LPM,32.7870776,-96.7598608
481130078091,1148.0,18.12,25.78,79.88,Minority,Low_poverty,LPM,32.8594245,-96.7489595
481130079025,471.0,85.99,2.97,4.03,White,Low_poverty,LPW,32.8477919,-96.7486364
481130122041,785.0,86.11,2.17,12.36,White,Low_poverty,LPW,32.8080755,-96.7003323
481130125001,1961.0,23.46,9.48,76.39,Minority,Low_poverty,LPM,32.837393,-96.6657284
481130099001,2558.0,23.89,4.57,32.56,Other,Low_poverty,LPO,32.8987914,-96.921006
481130182042,2462.0,3.25,21.69,87.45,Minority,Low_poverty,LPM,32.8979529,-96.6240722
