origin_geoid,Tot_Population_ACS_15_19,pct_NH_White_alone_ACS_15_19,pct_Prs_Blw_Pov_Lev_ACS_15_19,pct_Minority,Race,Poverty,origin_geoid_type,latitude,longitude
261635243002,1237.0,12.29,33.47,87.07,Minority,High_poverty,HPM,42.2997259,-83.1373693
261635811002,2165.0,52.56,10.53,38.39,White,Low_poverty,LPW,42.2089429,-83.2137995
261635467001,215.0,9.3,71.63,61.86,Minority,High_poverty,HPM,42.3631145,-83.2206575
261635049002,695.0,4.46,53.09,82.88,Minority,High_poverty,HPM,42.4289517,-83.0074406
261635257003,1971.0,12.18,20.19,86.5,Minority,Low_poverty,LPM,42.3289932,-83.1253778
261635429004,999.0,6.31,1.7,92.69,Minority,Low_poverty,LPM,42.3972389,-83.2299702
261635564003,2451.0,81.15,0.69,2.94,White,Low_poverty,LPW,42.4338555,-83.3990697
261635627002,788.0,93.27,1.07,1.78,White,Low_poverty,LPW,42.3634466,-83.4631678
261635382002,1103.0,16.68,1.47,79.24,Minority,Low_poverty,LPM,42.4348827,-83.1252434
261635508002,719.0,87.48,4.87,5.98,White,Low_poverty,LPW,42.4210087,-82.9077337
261635014004,855.0,6.55,47.72,87.49,Minority,High_poverty,HPM,42.4125854,-82.940348
261635408001,662.0,1.21,20.85,98.34,Minority,Low_poverty,LPM,42.4405011,-83.2326012
261635980002,831.0,95.55,0.0,3.49,White,Low_poverty,LPW,42.0751631,-83.2509158
261635776004,874.0,65.9,54.0,32.15,White,High_poverty,HPW,42.2426871,-83.162094
261635363002,281.0,0.0,0.0,96.09,Minority,Low_poverty,LPM,42.4061088,-83.142917
261635549002,571.0,14.71,40.63,85.29,Minority,High_poverty,HPM,42.3827627,-83.2819505
261635544001,802.0,44.89,8.94,55.11,Minority,Low_poverty,LPM,42.4177685,-83.2895575
261635073001,1066.0,1.31,14.07,98.69,Minority,Low_poverty,LPM,42.4289892,-83.085161
261635041002,371.0,0.0,23.45,100.0,Minority,Low_poverty,LPM,42.4166612,-82.9683818
261635774001,745.0,62.28,12.98,37.72,White,Low_poverty,LPW,42.2495751,-83.1833955
261635143001,968.0,6.1,30.35,93.39,Minority,High_poverty,HPM,42.3906584,-82.9872595
261635561004,932.0,83.91,26.82,10.94,White,Low_poverty,LPW,42.4315419,-83.3195307
261635870002,927.0,77.89,11.76,15.53,White,Low_poverty,LPW,42.2008787,-83.4925758
261635003003,388.0,0.77,24.03,96.39,Minority,Low_poverty,LPM,42.4372745,-82.9720367
261635139002,959.0,0.0,31.8,100.0,Minority,High_poverty,HPM,42.3719602,-82.9844559
261635751001,514.0,83.07,10.61,10.11,White,Low_poverty,LPW,42.2965796,-83.2636004
261635512005,748.0,84.22,9.22,14.31,White,Low_poverty,LPW,42.4227079,-82.9134118
261635005001,672.0,1.64,10.47,98.36,Minority,Low_poverty,LPM,42.424154,-82.9635139
261635774004,744.0,64.25,6.99,35.75,White,Low_poverty,LPW,42.2434068,-83.1886924
261635541004,1477.0,43.67,23.56,56.34,Minority,Low_poverty,LPM,42.4374305,-83.2929382
261635870003,1596.0,72.93,4.57,23.56,White,Low_poverty,LPW,42.1981877,-83.4795553
261635225002,639.0,16.28,66.72,82.16,Minority,High_poverty,HPM,42.3440468,-83.0590679
261635919001,1799.0,77.32,4.61,19.18,White,Low_poverty,LPW,42.0913956,-83.2347573
261635763001,759.0,91.44,2.77,5.54,White,Low_poverty,LPW,42.2529686,-83.2248322
261635407003,1154.0,2.51,61.91,96.44,Minority,High_poverty,HPM,42.4315254,-83.2333818
261635248005,737.0,3.26,33.38,96.74,Minority,High_poverty,HPM,42.2660105,-83.1652157
261635809004,848.0,94.1,3.54,5.9,White,Low_poverty,LPW,42.1959249,-83.172587
261635314001,380.0,0.53,8.16,99.47,Minority,Low_poverty,LPM,42.3815121,-83.1158999
261635462001,1155.0,21.82,60.78,78.18,Minority,High_poverty,HPM,42.3441705,-83.2563507
261635126002,350.0,0.0,74.57,100.0,Minority,High_poverty,HPM,42.3827495,-82.9538573
261635780003,528.0,82.2,3.41,13.26,White,Low_poverty,LPW,42.2272901,-83.1769146
261635838003,2544.0,67.26,11.6,31.52,White,Low_poverty,LPW,42.2326345,-83.2981699
261635858002,1356.0,5.16,8.17,92.4,Minority,Low_poverty,LPM,42.2508977,-83.3918916
261635110003,654.0,0.0,63.3,95.41,Minority,High_poverty,HPM,42.4095854,-83.0282811
261635657001,1716.0,61.6,11.13,25.58,White,Low_poverty,LPW,42.2912437,-83.4174666
261635743003,1244.0,73.07,31.03,9.73,White,High_poverty,HPW,42.3255627,-83.1999004
261635705002,1068.0,8.15,15.09,83.8,Minority,Low_poverty,LPM,42.3070908,-83.3373126
261635670002,1334.0,6.3,9.07,93.7,Minority,Low_poverty,LPM,42.2712037,-83.3337216
261635463002,1029.0,10.88,6.52,81.15,Minority,Low_poverty,LPM,42.3664397,-83.2586109
261635533001,778.0,0.0,33.29,100.0,Minority,High_poverty,HPM,42.3923065,-83.1023266
261635839003,1599.0,50.22,10.13,44.59,White,Low_poverty,LPW,42.229848,-83.2616651
261635532001,381.0,5.25,66.67,93.18,Minority,High_poverty,HPM,42.415987,-83.1182071
261635423003,683.0,8.93,47.44,90.19,Minority,High_poverty,HPM,42.3995891,-83.2095561
261635551002,728.0,58.79,18.82,29.81,White,Low_poverty,LPW,42.3730203,-83.2997916
261635797001,1007.0,32.17,17.08,66.83,Minority,Low_poverty,LPM,42.2462556,-83.1511993
261635079004,145.0,4.14,17.24,87.59,Minority,Low_poverty,LPM,42.4251615,-83.106287
261635167002,934.0,0.0,36.08,97.64,Minority,High_poverty,HPM,42.3442292,-83.0226889
261635511004,1107.0,92.68,3.25,5.7,White,Low_poverty,LPW,42.4297587,-82.8935261
261635645031,1816.0,49.01,5.67,32.55,Other,Low_poverty,LPO,42.2707639,-83.4961072
261635916002,1440.0,68.26,11.46,25.56,White,Low_poverty,LPW,42.1777331,-83.2772353
261635733002,2425.0,91.88,29.07,0.21,White,Low_poverty,LPW,42.3317852,-83.1785317
261635805003,1080.0,100.0,8.61,0.0,White,Low_poverty,LPW,42.2027649,-83.1762657
261635720001,1408.0,93.32,19.04,4.4,White,Low_poverty,LPW,42.3435502,-83.2832453
261635364004,992.0,1.81,47.18,98.19,Minority,High_poverty,HPM,42.3978689,-83.1440159
261635412001,559.0,3.04,61.54,96.06,Minority,High_poverty,HPM,42.4267007,-83.2539392
261635129001,522.0,15.71,38.61,84.29,Minority,High_poverty,HPM,42.3777357,-82.9440329
261635762001,602.0,73.09,2.99,26.91,White,Low_poverty,LPW,42.2597825,-83.2175852
261635402003,623.0,0.0,14.13,98.56,Minority,Low_poverty,LPM,42.4357565,-83.2058874
261635772002,1033.0,66.12,17.42,31.95,White,Low_poverty,LPW,42.2624331,-83.1871592
261635513002,637.0,51.81,18.21,43.64,White,Low_poverty,LPW,42.4464792,-82.9147561
261635571001,629.0,76.63,4.77,1.27,White,Low_poverty,LPW,42.4094103,-83.3247139
261635520001,1843.0,44.38,53.39,3.04,Other,High_poverty,HPO,42.4050393,-83.056686
261635066003,284.0,1.06,24.65,98.94,Minority,Low_poverty,LPM,42.4371011,-83.045358
261635777002,1135.0,78.41,10.62,19.83,White,Low_poverty,LPW,42.2322424,-83.1714141
261635376003,2383.0,1.72,39.32,98.28,Minority,High_poverty,HPM,42.4137471,-83.1943142
261635377001,1302.0,1.15,39.94,90.32,Minority,High_poverty,HPM,42.3982391,-83.1865693
261635020002,769.0,6.63,29.95,92.59,Minority,Low_poverty,LPM,42.3939386,-82.944686
261635848003,1655.0,18.91,41.63,80.55,Minority,High_poverty,HPM,42.1932198,-83.2913423
261635453003,1015.0,8.87,49.85,91.13,Minority,High_poverty,HPM,42.3615284,-83.2055855
261635395001,518.0,0.0,0.0,88.22,Minority,Low_poverty,LPM,42.4193717,-83.1772978
261635884002,951.0,67.09,1.26,25.77,White,Low_poverty,LPW,42.2199738,-83.4601685
261635509003,890.0,87.42,1.69,6.63,White,Low_poverty,LPW,42.4321763,-82.878246
261635795002,1423.0,44.83,51.21,47.29,Other,High_poverty,HPO,42.2549405,-83.1425511
261635538003,557.0,1.26,19.93,97.85,Minority,Low_poverty,LPM,42.4001172,-83.0990311
261635546004,985.0,53.71,3.58,46.29,White,Low_poverty,LPW,42.4049846,-83.3123011
261635262002,866.0,20.67,33.26,79.33,Minority,High_poverty,HPM,42.3391054,-83.1448495
261635515001,1183.0,21.47,13.3,68.98,Minority,Low_poverty,LPM,42.4388944,-82.9313676
261635312003,1267.0,6.31,14.21,90.84,Minority,Low_poverty,LPM,42.3803375,-83.0973374
261635839001,1465.0,85.94,2.8,14.06,White,Low_poverty,LPW,42.2372088,-83.2595208
261635386006,1433.0,0.0,2.65,100.0,Minority,Low_poverty,LPM,42.4260126,-83.1568363
261635069005,791.0,4.8,25.66,92.29,Minority,Low_poverty,LPM,42.4370286,-83.0735212
261635832001,653.0,90.35,10.87,4.74,White,Low_poverty,LPW,42.2518812,-83.2962238
261635671001,1216.0,74.26,18.12,20.4,White,Low_poverty,LPW,42.3520495,-83.3235544
261635361002,891.0,4.6,47.62,95.4,Minority,High_poverty,HPM,42.4109734,-83.155524
261635241002,955.0,18.32,63.73,81.68,Minority,High_poverty,HPM,42.3140451,-83.1318652
261635351001,543.0,0.0,75.32,100.0,Minority,High_poverty,HPM,42.3695675,-83.1704917
261635047002,695.0,0.0,36.83,100.0,Minority,High_poverty,HPM,42.3970865,-83.0201761
261635752003,786.0,67.43,10.69,28.63,White,Low_poverty,LPW,42.2874714,-83.2821065
261635585002,776.0,95.23,13.14,0.64,White,Low_poverty,LPW,42.3648705,-83.3958457
261635562002,669.0,78.77,8.5,13.45,White,Low_poverty,LPW,42.4306922,-83.3510972
261635940003,905.0,91.93,11.71,7.07,White,Low_poverty,LPW,42.1431135,-83.1795289
261635257002,797.0,8.41,48.41,91.59,Minority,High_poverty,HPM,42.3294135,-83.1337867
261635462002,600.0,4.0,4.25,93.67,Minority,Low_poverty,LPM,42.3477746,-83.2596973
261635641002,937.0,73.21,7.9,16.75,White,Low_poverty,LPW,42.3109205,-83.453459
261635779004,404.0,80.69,43.81,19.3,White,High_poverty,HPW,42.2266053,-83.1974812
261635375004,847.0,1.53,18.18,94.93,Minority,Low_poverty,LPM,42.407013,-83.1965238
261635460002,494.0,2.23,48.99,73.89,Minority,High_poverty,HPM,42.3523092,-83.2241844
261635063001,477.0,1.05,30.4,98.95,Minority,High_poverty,HPM,42.4306808,-83.0263058
261635242005,1078.0,47.22,75.6,34.51,Other,High_poverty,HPO,42.3080679,-83.1307731
261635075002,844.0,2.73,33.65,97.27,Minority,High_poverty,HPM,42.4424218,-83.0872426
261635414001,494.0,22.67,35.22,77.33,Minority,High_poverty,HPM,42.4182283,-83.2688119
261635427001,939.0,5.86,29.95,92.33,Minority,Low_poverty,LPM,42.3824612,-83.22681
261635932002,1214.0,84.02,2.22,11.12,White,Low_poverty,LPW,42.1459744,-83.2539563
261635350001,668.0,1.8,66.47,98.2,Minority,High_poverty,HPM,42.3548582,-83.1797223
261635373001,585.0,0.0,37.26,96.92,Minority,High_poverty,HPM,42.3890516,-83.193991
261635512004,1142.0,72.42,3.42,27.58,White,Low_poverty,LPW,42.4281721,-82.9149395
261635369004,211.0,10.43,41.5,88.15,Minority,High_poverty,HPM,42.4129908,-83.1780158
261635460003,475.0,5.68,71.58,94.32,Minority,High_poverty,HPM,42.3539803,-83.2339822
261635262001,1611.0,54.87,35.18,42.9,White,High_poverty,HPW,42.3380599,-83.1474233
261635384003,1057.0,26.96,1.99,73.04,Minority,Low_poverty,LPM,42.4227229,-83.1361484
261635432003,1264.0,0.08,36.55,97.94,Minority,High_poverty,HPM,42.4096534,-83.2452559
261635753005,465.0,90.97,5.38,9.04,White,Low_poverty,LPW,42.2892434,-83.2596628
261635507003,762.0,98.82,9.71,1.18,White,Low_poverty,LPW,42.4066884,-82.9120184
261635041003,755.0,0.0,63.84,99.47,Minority,High_poverty,HPM,42.4114226,-82.9667328
261635013001,497.0,0.0,51.51,98.39,Minority,High_poverty,HPM,42.4040989,-82.954709
261635816003,1637.0,64.81,3.3,24.25,White,Low_poverty,LPW,42.2203757,-83.21115
261635387001,1033.0,0.0,20.14,92.45,Minority,Low_poverty,LPM,42.4213879,-83.1632978
261635036002,290.0,5.17,11.38,66.9,Minority,Low_poverty,LPM,42.4251767,-82.995838
261635683003,1079.0,76.65,15.38,13.72,White,Low_poverty,LPW,42.2912934,-83.4029589
261635411004,766.0,15.27,38.25,84.73,Minority,High_poverty,HPM,42.4196348,-83.2465265
261635626001,1253.0,87.23,0.0,3.51,White,Low_poverty,LPW,42.3770069,-83.4698765
261635715004,1437.0,97.29,19.21,2.09,White,Low_poverty,LPW,42.3306459,-83.2553035
261635460005,1219.0,7.14,36.35,90.73,Minority,High_poverty,HPM,42.3540408,-83.2297314
261635567002,1516.0,89.31,4.09,4.69,White,Low_poverty,LPW,42.4174352,-83.3856167
261635586002,820.0,85.0,3.29,6.59,White,Low_poverty,LPW,42.3606527,-83.3841178
261635318001,350.0,0.0,63.14,98.57,Minority,High_poverty,HPM,42.387157,-83.1124782
261635132003,601.0,20.63,18.64,72.88,Minority,Low_poverty,LPM,42.3647441,-82.9355971
261635962003,1550.0,99.61,0.58,0.39,White,Low_poverty,LPW,42.1464727,-83.143674
261635805001,845.0,94.2,1.38,5.8,White,Low_poverty,LPW,42.2113332,-83.1760644
261635302005,340.0,0.0,31.47,100.0,Minority,High_poverty,HPM,42.4075374,-83.1335493
261635857001,875.0,50.4,32.69,47.77,White,High_poverty,HPW,42.2353397,-83.3816533
261635575001,1068.0,90.54,3.18,2.06,White,Low_poverty,LPW,42.4004347,-83.3989171
261635353001,820.0,0.0,24.88,100.0,Minority,Low_poverty,LPM,42.3692182,-83.1851533
261635517001,1032.0,89.15,0.0,2.33,White,Low_poverty,LPW,42.447218,-82.8821752
261635513001,394.0,31.22,23.86,66.5,Minority,Low_poverty,LPM,42.4243412,-82.9214091
261635018002,1182.0,25.63,15.74,62.94,Minority,Low_poverty,LPM,42.4006144,-82.9365278
261635830003,1390.0,77.7,9.75,12.15,White,Low_poverty,LPW,42.2592735,-83.2619762
261635071001,211.0,4.74,15.64,81.52,Minority,Low_poverty,LPM,42.4303727,-83.0744385
261635054002,430.0,16.28,61.41,79.77,Minority,High_poverty,HPM,42.4237034,-82.9879396
261635015003,595.0,20.17,5.21,79.83,Minority,Low_poverty,LPM,42.422684,-82.9240455
261635164001,581.0,25.47,12.22,65.23,Minority,Low_poverty,LPM,42.348494,-83.0071515
261635833001,1314.0,76.94,6.41,23.06,White,Low_poverty,LPW,42.2534946,-83.2548014
261635952001,821.0,72.59,15.83,25.21,White,Low_poverty,LPW,42.1685524,-83.191132
261635942003,1070.0,95.89,4.3,3.55,White,Low_poverty,LPW,42.1481492,-83.2144346
261635634002,699.0,68.96,28.47,16.02,White,Low_poverty,LPW,42.3479785,-83.4835267
261635950003,610.0,99.67,15.9,0.33,White,Low_poverty,LPW,42.181308,-83.1867213
261635624004,1133.0,96.2,2.21,0.0,White,Low_poverty,LPW,42.3646727,-83.4840224
261635461001,292.0,4.79,63.01,95.2,Minority,High_poverty,HPM,42.353916,-83.2376377
261635837004,1383.0,88.36,11.93,11.64,White,Low_poverty,LPW,42.244595,-83.2937959
261635734001,503.0,95.23,29.22,4.77,White,Low_poverty,LPW,42.3269048,-83.1879987
261635303002,329.0,0.0,15.81,100.0,Minority,Low_poverty,LPM,42.3983704,-83.1377383
261635574001,1331.0,97.3,3.38,1.58,White,Low_poverty,LPW,42.4008206,-83.3821375
261635646002,1689.0,72.59,5.8,3.38,White,Low_poverty,LPW,42.3002652,-83.4819544
261635247002,776.0,1.93,19.33,93.94,Minority,Low_poverty,LPM,42.2691966,-83.1514925
261635221001,237.0,0.0,21.94,100.0,Minority,Low_poverty,LPM,42.3420729,-83.1036318
261635368002,760.0,3.68,36.71,94.21,Minority,High_poverty,HPM,42.4077826,-83.1677703
261635806002,1113.0,81.94,12.04,13.3,White,Low_poverty,LPW,42.211279,-83.1649161
261635033002,982.0,0.92,27.29,98.07,Minority,Low_poverty,LPM,42.4384443,-82.9926959
261635970003,2303.0,75.08,7.56,18.75,White,Low_poverty,LPW,42.0974841,-83.208222
261635413001,1035.0,11.21,42.51,88.79,Minority,High_poverty,HPM,42.4168204,-83.2819432
261635204001,1941.0,27.82,61.67,54.45,Minority,High_poverty,HPM,42.3481561,-83.067593
261635551004,1398.0,61.02,10.75,34.48,White,Low_poverty,LPW,42.3669908,-83.2989872
261635775004,1010.0,66.34,13.47,31.39,White,Low_poverty,LPW,42.2392691,-83.1756488
261635604005,643.0,100.0,3.48,0.0,White,Low_poverty,LPW,42.3999056,-83.4579772
261635142001,511.0,0.0,26.22,100.0,Minority,Low_poverty,LPM,42.3821854,-83.0047876
261635543004,800.0,58.0,12.63,42.0,White,Low_poverty,LPW,42.4245933,-83.3124766
261635507005,931.0,95.49,0.0,1.4,White,Low_poverty,LPW,42.4103497,-82.905452
261635153003,563.0,20.96,23.62,77.98,Minority,Low_poverty,LPM,42.3540407,-83.0028889
261635081003,246.0,13.82,24.39,83.33,Minority,Low_poverty,LPM,42.4457353,-83.1054041
261635180001,1227.0,52.89,2.45,25.35,White,Low_poverty,LPW,42.3611609,-83.0643244
261635429003,1237.0,12.05,1.87,85.37,Minority,Low_poverty,LPM,42.3973372,-83.2251304
261635836001,918.0,89.54,16.7,1.09,White,Low_poverty,LPW,42.247161,-83.2538642
261635242002,637.0,18.68,47.57,75.2,Minority,High_poverty,HPM,42.3083665,-83.1240055
261635563003,1604.0,82.67,8.29,5.8,White,Low_poverty,LPW,42.4333136,-83.370066
261635952002,981.0,94.6,6.26,5.4,White,Low_poverty,LPW,42.1591107,-83.1926283
261635771003,798.0,39.1,30.95,36.96,Other,High_poverty,HPO,42.257859,-83.1787277
261635809001,840.0,97.98,22.86,0.95,White,Low_poverty,LPW,42.1926976,-83.1682889
261635137002,1102.0,0.0,25.41,100.0,Minority,Low_poverty,LPM,42.368394,-82.9533886
261635668002,711.0,89.03,20.25,7.87,White,Low_poverty,LPW,42.2769194,-83.3753592
261635440002,1580.0,4.81,35.63,95.12,Minority,High_poverty,HPM,42.3834842,-83.2666328
261635317002,905.0,0.11,38.78,98.01,Minority,High_poverty,HPM,42.3990036,-83.1165924
261635265003,300.0,0.0,26.67,100.0,Minority,Low_poverty,LPM,42.3464431,-83.1352173
261635796001,270.0,0.0,53.7,88.52,Minority,High_poverty,HPM,42.2575068,-83.146834
261635673005,684.0,82.75,7.19,9.06,White,Low_poverty,LPW,42.3498999,-83.3581145
261635421006,379.0,0.0,29.55,100.0,Minority,Low_poverty,LPM,42.4101985,-83.2150831
261635504002,814.0,98.65,3.61,1.35,White,Low_poverty,LPW,42.3816861,-82.9090553
261635208001,1728.0,32.99,8.39,46.12,Other,Low_poverty,LPO,42.3254678,-83.0537969
261635011001,386.0,0.0,33.68,100.0,Minority,High_poverty,HPM,42.4157893,-82.9562981
261635833002,1348.0,85.76,10.66,5.49,White,Low_poverty,LPW,42.2518712,-83.264639
261635582001,1122.0,86.19,0.71,3.48,White,Low_poverty,LPW,42.3951758,-83.3188925
261635353003,326.0,2.76,2.76,94.17,Minority,Low_poverty,LPM,42.3690043,-83.1957728
261635736006,614.0,86.16,71.82,9.12,White,High_poverty,HPW,42.336356,-83.1613377
261635685001,1223.0,68.77,21.1,26.5,White,Low_poverty,LPW,42.29438,-83.3564428
261635623001,1051.0,64.32,3.14,19.7,White,Low_poverty,LPW,42.3790105,-83.4940572
261635339002,410.0,13.41,18.29,86.59,Minority,Low_poverty,LPM,42.3725432,-83.0837873
261635521002,599.0,51.42,12.85,5.01,White,Low_poverty,LPW,42.4025676,-83.0647034
261635466001,576.0,2.6,23.96,96.18,Minority,Low_poverty,LPM,42.3591944,-83.2439169
261635642002,2200.0,56.55,15.91,8.86,White,Low_poverty,LPW,42.318632,-83.4712469
261635429002,737.0,27.14,7.6,72.86,Minority,Low_poverty,LPM,42.397447,-83.2204071
261635582004,1567.0,86.09,3.64,10.84,White,Low_poverty,LPW,42.3873834,-83.3274494
261635346002,329.0,12.77,21.28,87.24,Minority,Low_poverty,LPM,42.35553,-83.1480437
261635381001,1028.0,11.87,16.25,81.51,Minority,Low_poverty,LPM,42.4425925,-83.1391653
261635819001,539.0,94.06,8.16,4.45,White,Low_poverty,LPW,42.2105828,-83.1831047
261635544002,1118.0,23.35,2.24,76.57,Minority,Low_poverty,LPM,42.4176012,-83.2944231
261635409001,1074.0,1.02,15.27,98.98,Minority,Low_poverty,LPM,42.4419915,-83.2448132
261635520002,1455.0,43.23,36.43,4.54,Other,High_poverty,HPO,42.4037198,-83.0603045
261635816002,1105.0,75.75,5.67,20.73,White,Low_poverty,LPW,42.217148,-83.2050804
261635049003,1433.0,0.98,6.07,94.63,Minority,Low_poverty,LPM,42.4234681,-83.0090165
261635074004,305.0,0.0,50.82,100.0,Minority,High_poverty,HPM,42.4338984,-83.0901873
261635015001,1108.0,12.64,32.4,87.36,Minority,High_poverty,HPM,42.4175158,-82.925776
261635771004,489.0,36.81,43.15,43.76,Other,High_poverty,HPO,42.2534263,-83.1776263
261635843001,922.0,48.59,13.4,46.75,Other,Low_poverty,LPO,42.222605,-83.2785134
261635601001,1233.0,90.84,0.57,1.46,White,Low_poverty,LPW,42.4263135,-83.4873365
261635767002,1301.0,91.47,5.23,6.91,White,Low_poverty,LPW,42.2327704,-83.2238594
261635308002,495.0,9.7,57.17,90.3,Minority,High_poverty,HPM,42.3722844,-83.1372745
261635389003,900.0,5.89,22.22,94.11,Minority,Low_poverty,LPM,42.4333696,-83.1467437
261635734004,1061.0,97.55,12.16,2.45,White,Low_poverty,LPW,42.3268593,-83.1929652
261635521005,1139.0,44.78,45.65,15.1,Other,High_poverty,HPO,42.4006324,-83.0686473
261635721002,1327.0,98.72,34.36,0.31,White,High_poverty,HPW,42.3305039,-83.2774919
261635456003,1356.0,87.39,68.58,12.61,White,High_poverty,HPW,42.3399162,-83.2065763
261635737012,901.0,95.01,39.73,0.67,White,High_poverty,HPW,42.3478565,-83.1691828
261635406003,745.0,0.0,8.99,98.52,Minority,Low_poverty,LPM,42.4172466,-83.2339231
261635415004,1642.0,1.58,16.2,96.47,Minority,Low_poverty,LPM,42.4390964,-83.2640814
261635442003,412.0,7.77,56.07,92.23,Minority,High_poverty,HPM,42.4051746,-83.2601328
261635451003,250.0,3.6,23.6,79.6,Minority,Low_poverty,LPM,42.3764791,-83.2098187
261635507006,1375.0,85.45,3.09,13.52,White,Low_poverty,LPW,42.3991121,-82.9057685
261635524002,1796.0,33.41,54.64,19.16,Other,High_poverty,HPO,42.4013025,-83.0495349
261635566003,1440.0,96.39,0.0,0.0,White,Low_poverty,LPW,42.4146788,-83.3990029
261635581003,916.0,88.65,2.29,9.39,White,Low_poverty,LPW,42.3943446,-83.3442684
261635881002,1113.0,63.88,11.59,23.63,White,Low_poverty,LPW,42.2522417,-83.5148129
261635683004,1446.0,64.25,14.87,27.04,White,Low_poverty,LPW,42.2922705,-83.3825994
261635668003,1062.0,77.78,22.92,21.28,White,Low_poverty,LPW,42.2704298,-83.3704188
261635674001,1236.0,83.41,5.66,6.15,White,Low_poverty,LPW,42.3413069,-83.3764658
261635750004,1050.0,90.76,8.1,5.14,White,Low_poverty,LPW,42.3004822,-83.254601
261635952003,1011.0,98.12,1.19,0.3,White,Low_poverty,LPW,42.1668093,-83.2028905
261635933002,1811.0,80.84,6.44,15.07,White,Low_poverty,LPW,42.1191336,-83.2514076
261635258002,1285.0,18.6,36.66,76.42,Minority,High_poverty,HPM,42.3337338,-83.1254789
261635050002,216.0,0.0,20.83,100.0,Minority,Low_poverty,LPM,42.4352748,-83.0102288
261635075001,799.0,4.26,34.79,94.49,Minority,High_poverty,HPM,42.4453688,-83.0896318
261635119001,865.0,17.92,46.94,82.08,Minority,High_poverty,HPM,42.3708072,-83.0700671
261635160001,1104.0,22.64,11.71,75.36,Minority,Low_poverty,LPM,42.3734739,-83.0049992
261635234001,1115.0,24.48,25.82,66.64,Minority,Low_poverty,LPM,42.3181884,-83.0900249
261635303001,281.0,0.0,56.58,100.0,Minority,High_poverty,HPM,42.4003191,-83.1277089
261635309002,854.0,5.39,46.54,92.62,Minority,High_poverty,HPM,42.3709654,-83.1233321
261635396002,1135.0,1.15,32.59,95.42,Minority,High_poverty,HPM,42.4265468,-83.1859658
261635453002,662.0,0.0,41.84,100.0,Minority,High_poverty,HPM,42.3614462,-83.2128341
261635454001,1863.0,12.4,28.3,87.17,Minority,Low_poverty,LPM,42.3543681,-83.2066365
261635505002,1475.0,92.41,0.54,5.36,White,Low_poverty,LPW,42.3991408,-82.9119854
261635760001,1055.0,60.76,7.81,24.64,White,Low_poverty,LPW,42.271777,-83.2155003
261635741004,931.0,99.25,37.59,0.0,White,High_poverty,HPW,42.3157422,-83.1891402
261635844002,2073.0,56.63,15.39,31.98,White,Low_poverty,LPW,42.2045141,-83.2778547
261635773001,885.0,71.86,18.76,17.63,White,Low_poverty,LPW,42.2489642,-83.1926077
261635318003,454.0,1.54,59.91,98.46,Minority,High_poverty,HPM,42.3928562,-83.1163719
261635356002,739.0,9.47,26.79,82.95,Minority,Low_poverty,LPM,42.3550132,-83.1700911
261635356001,1920.0,3.28,14.9,96.2,Minority,Low_poverty,LPM,42.3550194,-83.1749824
261635737023,996.0,99.0,48.59,0.0,White,High_poverty,HPW,42.3414442,-83.168836
261635408002,1778.0,1.18,17.66,98.82,Minority,Low_poverty,LPM,42.4407348,-83.2228611
261635430001,1214.0,5.35,11.29,82.95,Minority,Low_poverty,LPM,42.4064482,-83.2281051
261635459002,560.0,29.29,26.07,70.71,Minority,Low_poverty,LPM,42.346981,-83.2180302
261635542004,425.0,52.0,23.29,25.65,White,Low_poverty,LPW,42.4302527,-83.2976488
261635044002,427.0,5.39,45.2,93.21,Minority,High_poverty,HPM,42.4016205,-82.9863959
261635362002,1559.0,0.0,25.91,95.83,Minority,Low_poverty,LPM,42.4144882,-83.1651423
261635644012,1295.0,64.94,3.09,0.0,White,Low_poverty,LPW,42.3229003,-83.5234737
261635240003,1410.0,10.64,27.66,89.36,Minority,Low_poverty,LPM,42.3105167,-83.120955
261635880002,2779.0,65.13,13.7,27.24,White,Low_poverty,LPW,42.2276748,-83.4495526
261635254003,1069.0,13.47,40.97,84.47,Minority,High_poverty,HPM,42.3414158,-83.109639
261635756002,542.0,77.86,8.12,17.71,White,Low_poverty,LPW,42.2945377,-83.21365
261635771002,466.0,88.41,71.4,11.59,White,High_poverty,HPW,42.2615492,-83.1707974
261635342002,405.0,6.42,54.32,80.74,Minority,High_poverty,HPM,42.3825992,-83.1539637
261635915011,2191.0,54.59,26.93,19.49,White,Low_poverty,LPW,42.1762315,-83.2584153
261635603003,667.0,94.0,14.54,2.4,White,Low_poverty,LPW,42.4182091,-83.4741835
261635962002,1097.0,92.53,0.0,3.65,White,Low_poverty,LPW,42.1570733,-83.1400011
261635273002,615.0,1.63,36.91,96.58,Minority,High_poverty,HPM,42.3443611,-83.1208392
261635001001,1123.0,11.58,10.06,88.42,Minority,Low_poverty,LPM,42.4482489,-82.9498175
261635381002,1301.0,27.82,6.15,70.25,Minority,Low_poverty,LPM,42.4413341,-83.1269354
261635157002,641.0,22.46,11.54,71.45,Minority,Low_poverty,LPM,42.3573883,-82.9802535
261635522003,946.0,81.61,50.74,6.44,White,High_poverty,HPW,42.393674,-83.066215
261635322002,877.0,9.12,29.99,89.28,Minority,Low_poverty,LPM,42.3892062,-83.0916787
261635136002,1041.0,7.88,57.25,91.64,Minority,High_poverty,HPM,42.363847,-82.9841374
261635141003,574.0,4.88,51.05,93.9,Minority,High_poverty,HPM,42.3821285,-82.9839932
261635175003,487.0,5.95,50.67,80.9,Minority,High_poverty,HPM,42.3523957,-83.0532618
261635188002,293.0,13.65,71.08,86.35,Minority,High_poverty,HPM,42.3588793,-83.0396226
261635791002,738.0,64.5,38.89,35.5,White,High_poverty,HPW,42.2779379,-83.1323273
261635361004,488.0,0.0,20.08,100.0,Minority,Low_poverty,LPM,42.4135108,-83.1428474
261635344001,820.0,15.24,28.9,84.03,Minority,Low_poverty,LPM,42.3707061,-83.1600487
261635350003,1285.0,0.0,32.22,100.0,Minority,High_poverty,HPM,42.3623211,-83.1702717
261635370001,1352.0,0.44,36.17,97.93,Minority,High_poverty,HPM,42.407627,-83.1745222
261635961004,607.0,90.61,3.46,1.15,White,Low_poverty,LPW,42.1028107,-83.1473828
261635516003,694.0,30.12,47.69,59.23,Minority,High_poverty,HPM,42.4294692,-82.9314501
261635008001,1618.0,8.22,23.37,91.23,Minority,Low_poverty,LPM,42.4240044,-82.9332172
261635010002,423.0,7.57,31.88,92.43,Minority,High_poverty,HPM,42.4160082,-82.9448312
261635536002,477.0,19.71,62.26,72.96,Minority,High_poverty,HPM,42.4033175,-83.0900688
261635211001,826.0,27.97,38.26,71.31,Minority,High_poverty,HPM,42.319104,-83.0781643
261635688002,2548.0,37.79,28.85,45.76,Other,Low_poverty,LPO,42.3350833,-83.3948924
261635172002,1576.0,33.82,14.21,59.39,Minority,Low_poverty,LPM,42.3384353,-83.0461218
261635202002,1621.0,58.48,55.86,25.54,White,High_poverty,HPW,42.358319,-83.07054
261635218001,1625.0,7.02,47.69,90.15,Minority,High_poverty,HPM,42.3461216,-83.0712523
261635256002,933.0,20.79,17.58,79.2,Minority,Low_poverty,LPM,42.3276663,-83.1095022
261635333002,923.0,4.44,52.87,87.76,Minority,High_poverty,HPM,42.3616648,-83.1081489
261635761005,443.0,80.59,16.7,19.41,White,Low_poverty,LPW,42.2692225,-83.1899711
261635951001,1799.0,86.05,11.44,13.23,White,Low_poverty,LPW,42.1813483,-83.1940809
261635780001,935.0,88.56,21.28,10.37,White,Low_poverty,LPW,42.2252195,-83.169157
261635580002,1391.0,92.31,5.9,4.46,White,Low_poverty,LPW,42.3866282,-83.3585236
261635905003,1780.0,89.38,29.21,4.27,White,Low_poverty,LPW,42.1440932,-83.3105058
261635581002,1123.0,86.2,1.6,8.99,White,Low_poverty,LPW,42.3869593,-83.3487464
261635530001,593.0,0.17,67.29,99.83,Minority,High_poverty,HPM,42.415668,-83.0968849
261635524001,1046.0,50.19,39.87,17.69,White,High_poverty,HPW,42.3977785,-83.0447274
261635523002,937.0,48.56,61.37,17.83,Other,High_poverty,HPO,42.3977836,-83.0516482
261635521003,825.0,41.58,41.5,20.73,Other,High_poverty,HPO,42.4002308,-83.063355
261635516001,1220.0,17.62,24.67,76.72,Minority,Low_poverty,LPM,42.4341202,-82.9431978
261635512003,770.0,81.17,4.03,18.83,White,Low_poverty,LPW,42.4325474,-82.9118425
261635511001,1271.0,96.14,0.55,2.36,White,Low_poverty,LPW,42.4368445,-82.8940816
261635256001,618.0,13.27,29.29,86.73,Minority,Low_poverty,LPM,42.3292865,-83.1151327
261635254001,839.0,17.64,36.59,80.81,Minority,High_poverty,HPM,42.3362624,-83.1203501
261635248002,666.0,21.17,71.02,78.83,Minority,High_poverty,HPM,42.2590376,-83.1600287
261635247001,293.0,0.0,7.85,92.83,Minority,Low_poverty,LPM,42.2733538,-83.1477838
261635241003,1338.0,21.23,55.75,70.7,Minority,High_poverty,HPM,42.311365,-83.137332
261635832003,796.0,73.12,32.57,6.41,White,High_poverty,HPW,42.2594889,-83.2737901
261635736003,958.0,95.93,53.65,3.55,White,High_poverty,HPW,42.346238,-83.1604908
261635363004,584.0,0.0,70.72,91.44,Minority,High_poverty,HPM,42.4071875,-83.1549457
261635361003,985.0,3.25,26.82,91.78,Minority,Low_poverty,LPM,42.4146051,-83.1556448
261635355002,961.0,9.78,37.46,90.22,Minority,High_poverty,HPM,42.3570945,-83.1894944
261635354002,576.0,2.08,27.63,96.87,Minority,Low_poverty,LPM,42.3594391,-83.192182
261635238003,1091.0,12.56,38.68,87.35,Minority,High_poverty,HPM,42.3080992,-83.1150279
261635624001,1251.0,100.0,0.0,0.0,White,Low_poverty,LPW,42.3636728,-83.4934062
261635831002,675.0,94.81,21.63,3.7,White,Low_poverty,LPW,42.2638601,-83.292886
261635837002,747.0,51.27,22.22,44.58,White,Low_poverty,LPW,42.2441043,-83.2743076
261635673004,677.0,97.64,1.77,0.0,White,Low_poverty,LPW,42.3525669,-83.3627439
261635653003,2239.0,72.98,59.8,10.18,White,High_poverty,HPW,42.3399749,-83.4030677
261635541003,582.0,87.97,13.4,6.87,White,Low_poverty,LPW,42.4397917,-83.3102663
261635591002,684.0,87.57,3.6,11.25,White,Low_poverty,LPW,42.3656838,-83.3279999
261635656001,1315.0,98.1,9.35,1.22,White,Low_poverty,LPW,42.3052045,-83.4155654
261635589002,837.0,95.34,1.91,4.06,White,Low_poverty,LPW,42.36293,-83.3423425
261635508001,747.0,92.24,0.67,0.0,White,Low_poverty,LPW,42.4169429,-82.8975897
261635505001,766.0,90.21,3.39,8.75,White,Low_poverty,LPW,42.3963068,-82.9150052
261635504001,734.0,81.06,4.22,14.44,White,Low_poverty,LPW,42.3924259,-82.9176795
261635353002,717.0,0.0,52.16,98.61,Minority,High_poverty,HPM,42.3691692,-83.1892549
261635352001,566.0,9.19,21.91,82.33,Minority,Low_poverty,LPM,42.3779506,-83.1732443
261635347003,529.0,0.0,47.45,97.35,Minority,High_poverty,HPM,42.3565539,-83.1553626
261635018004,1503.0,19.43,23.09,70.4,Minority,Low_poverty,LPM,42.3970274,-82.9272381
261635468003,1736.0,5.65,26.56,94.35,Minority,Low_poverty,LPM,42.3681565,-83.227889
261635468001,449.0,0.0,41.65,84.41,Minority,High_poverty,HPM,42.3744156,-83.2329358
261635467003,811.0,4.69,14.55,93.84,Minority,Low_poverty,LPM,42.3594757,-83.2286353
261635464001,343.0,13.99,31.49,86.01,Minority,High_poverty,HPM,42.377373,-83.2387953
261635223001,290.0,5.52,49.66,83.79,Minority,High_poverty,HPM,42.3545407,-83.0932539
261635017001,984.0,20.93,36.63,73.88,Minority,High_poverty,HPM,42.4018067,-82.9241218
261635014001,761.0,34.3,29.57,65.7,Minority,Low_poverty,LPM,42.4081933,-82.9407718
261635013002,279.0,0.0,2.15,100.0,Minority,Low_poverty,LPM,42.400466,-82.9507323
261635010001,832.0,0.0,12.26,100.0,Minority,Low_poverty,LPM,42.4189013,-82.9520536
261635009003,667.0,3.15,33.13,96.85,Minority,High_poverty,HPM,42.423493,-82.9505191
261635007002,998.0,3.11,37.53,79.96,Minority,High_poverty,HPM,42.4285176,-82.9446483
261635007001,1386.0,2.53,19.84,97.47,Minority,Low_poverty,LPM,42.4272318,-82.9415531
261635004001,200.0,10.5,25.5,79.5,Minority,Low_poverty,LPM,42.4329846,-82.9771457
261635570003,1171.0,62.85,6.49,25.02,White,Low_poverty,LPW,42.4205027,-83.3319787
261635721005,1302.0,95.39,30.46,2.23,White,High_poverty,HPW,42.3375039,-83.2876773
261635726001,793.0,82.6,8.05,12.99,White,Low_poverty,LPW,42.2776323,-83.2735095
261635728003,794.0,87.41,8.06,12.6,White,Low_poverty,LPW,42.2723854,-83.242816
261635834003,757.0,93.92,24.31,4.63,White,Low_poverty,LPW,42.2509668,-83.2351232
261635950002,1020.0,98.43,3.63,0.78,White,Low_poverty,LPW,42.1740206,-83.1861106
261635724002,595.0,77.48,25.52,15.63,White,Low_poverty,LPW,42.2893864,-83.2878274
261635722005,1805.0,95.57,6.81,2.38,White,Low_poverty,LPW,42.3372986,-83.3009826
261635202001,1517.0,48.91,44.63,17.6,Other,High_poverty,HPO,42.354137,-83.0682606
261635186001,227.0,6.61,37.89,85.9,Minority,High_poverty,HPM,42.3668905,-83.0303763
261635628001,1212.0,96.7,1.4,1.4,White,Low_poverty,LPW,42.3625561,-83.438727
261635670003,724.0,38.67,18.78,58.84,Minority,Low_poverty,LPM,42.2716621,-83.318891
261635546002,1241.0,62.05,31.76,28.37,White,High_poverty,HPW,42.4034776,-83.3008668
261635717001,1137.0,76.25,39.4,17.07,White,High_poverty,HPW,42.3542705,-83.269743
261635556001,949.0,43.2,10.36,56.8,Minority,Low_poverty,LPM,42.3605169,-83.2998059
261635461004,823.0,4.98,47.02,95.02,Minority,High_poverty,HPM,42.3538496,-83.2413049
261635459005,1222.0,3.44,29.84,96.56,Minority,Low_poverty,LPM,42.3471167,-83.2260227
261635458002,1057.0,31.13,48.44,62.34,Minority,High_poverty,HPM,42.3377662,-83.2290851
261635457002,1542.0,30.87,33.83,66.41,Minority,High_poverty,HPM,42.3324938,-83.2196631
261635455005,661.0,8.32,60.06,91.68,Minority,High_poverty,HPM,42.349522,-83.2060569
261635455001,657.0,6.85,51.45,85.54,Minority,High_poverty,HPM,42.3484367,-83.1989405
261635452001,411.0,0.0,35.28,100.0,Minority,High_poverty,HPM,42.3701638,-83.1998523
261635451001,237.0,3.8,29.11,96.2,Minority,Low_poverty,LPM,42.3747626,-83.2006421
261635441001,823.0,0.73,49.57,99.27,Minority,High_poverty,HPM,42.3892915,-83.2631882
261635168001,477.0,17.4,29.14,79.88,Minority,Low_poverty,LPM,42.3538536,-83.0261016
261635163001,720.0,17.78,43.26,81.53,Minority,High_poverty,HPM,42.3595713,-83.0152242
261635153002,1388.0,2.16,69.52,92.29,Minority,High_poverty,HPM,42.3499307,-83.0004003
261635142005,719.0,0.42,40.7,99.58,Minority,High_poverty,HPM,42.3797223,-83.0108197
261635742022,1650.0,64.67,8.48,16.97,White,Low_poverty,LPW,42.307732,-83.2018814
261635767003,1016.0,81.3,11.71,14.17,White,Low_poverty,LPW,42.2378946,-83.2275003
261635770005,706.0,12.61,34.56,78.61,Minority,High_poverty,HPM,42.2575583,-83.1683925
261635807004,997.0,90.47,13.44,8.12,White,Low_poverty,LPW,42.2105495,-83.1564771
261635773003,921.0,70.9,25.73,29.09,White,Low_poverty,LPW,42.2475604,-83.1987814
261635771001,675.0,47.85,18.37,52.15,Minority,Low_poverty,LPM,42.2573398,-83.174319
261635803002,960.0,92.29,28.65,7.71,White,Low_poverty,LPW,42.2164342,-83.1613823
261635801003,650.0,85.85,16.0,7.84,White,Low_poverty,LPW,42.2166579,-83.1538999
261635809003,747.0,85.54,8.81,12.72,White,Low_poverty,LPW,42.1958623,-83.1774207
261635341001,338.0,0.0,33.73,100.0,Minority,High_poverty,HPM,42.378635,-83.1408359
261635336002,438.0,9.13,18.26,85.16,Minority,Low_poverty,LPM,42.3541689,-83.1235581
261635334003,162.0,0.0,29.63,100.0,Minority,Low_poverty,LPM,42.3673218,-83.1171554
261635332002,295.0,7.12,24.75,76.95,Minority,Low_poverty,LPM,42.3676689,-83.1138949
261635330001,713.0,7.85,70.65,90.88,Minority,High_poverty,HPM,42.3665453,-83.0949305
261635326001,641.0,3.74,11.86,92.36,Minority,Low_poverty,LPM,42.3713992,-83.090135
261635317001,648.0,1.08,61.71,98.92,Minority,High_poverty,HPM,42.3958091,-83.1183969
261635002004,878.0,0.0,29.95,100.0,Minority,Low_poverty,LPM,42.4474175,-82.9665867
261635002001,681.0,20.85,10.53,79.15,Minority,Low_poverty,LPM,42.4481988,-82.9598871
261635731001,2034.0,72.07,12.98,12.05,White,Low_poverty,LPW,42.3153924,-83.3061181
261635704004,1801.0,19.49,61.47,79.73,Minority,High_poverty,HPM,42.2925224,-83.3192608
261635566001,783.0,100.0,1.02,0.0,White,Low_poverty,LPW,42.4219878,-83.3988996
261635619001,2844.0,82.63,5.38,5.73,White,Low_poverty,LPW,42.3722862,-83.5261763
261635856001,2573.0,15.27,19.51,77.46,Minority,Low_poverty,LPM,42.2632938,-83.3687133
261635811001,729.0,81.62,2.47,0.41,White,Low_poverty,LPW,42.2061288,-83.2239482
261635819002,623.0,73.35,3.69,26.64,White,Low_poverty,LPW,42.2046218,-83.1828308
261635801002,630.0,85.87,23.17,8.73,White,Low_poverty,LPW,42.2226578,-83.1529288
261635803001,946.0,97.89,12.05,2.12,White,Low_poverty,LPW,42.221214,-83.1600553
261635635001,2423.0,84.65,0.08,7.02,White,Low_poverty,LPW,42.3434698,-83.4985344
261635572002,1365.0,91.14,8.6,5.49,White,Low_poverty,LPW,42.4063122,-83.3469026
261635438002,290.0,18.97,39.31,81.03,Minority,High_poverty,HPM,42.3894261,-83.2515085
261635436002,553.0,6.69,76.67,91.5,Minority,High_poverty,HPM,42.3967929,-83.2517844
261635432001,1226.0,0.0,6.93,99.1,Minority,Low_poverty,LPM,42.4128305,-83.2431157
261635428003,941.0,12.33,5.53,87.67,Minority,Low_poverty,LPM,42.3900366,-83.2291308
261635426001,1359.0,0.0,37.16,98.16,Minority,High_poverty,HPM,42.3846977,-83.2016583
261635422004,788.0,0.0,24.75,100.0,Minority,Low_poverty,LPM,42.4067037,-83.2097068
261635422001,540.0,0.0,27.96,100.0,Minority,Low_poverty,LPM,42.4069245,-83.2028027
261635142002,408.0,0.0,11.76,100.0,Minority,Low_poverty,LPM,42.3864789,-83.0072905
261635139003,140.0,6.43,16.43,85.71,Minority,Low_poverty,LPM,42.3697804,-82.9895528
261635132001,549.0,17.49,55.19,80.87,Minority,High_poverty,HPM,42.371441,-82.9386027
261635124001,385.0,4.42,61.3,95.58,Minority,High_poverty,HPM,42.3918018,-82.9523929
261635821003,567.0,93.12,3.7,3.53,White,Low_poverty,LPW,42.1881167,-83.20679
261635637001,1056.0,70.74,5.11,11.08,White,Low_poverty,LPW,42.3254197,-83.4726761
261635725001,1003.0,71.49,21.96,25.02,White,Low_poverty,LPW,42.27399,-83.2945857
261635643002,914.0,74.4,2.84,17.83,White,Low_poverty,LPW,42.3111744,-83.4824984
261635722001,349.0,86.53,0.86,13.47,White,Low_poverty,LPW,42.3371668,-83.2945913
261635569003,1164.0,86.08,4.81,4.81,White,Low_poverty,LPW,42.4237974,-83.3507739
261635571003,1054.0,73.91,4.29,15.84,White,Low_poverty,LPW,42.4022633,-83.3299509
261635942001,922.0,98.7,0.0,0.0,White,Low_poverty,LPW,42.1515842,-83.2089034
261635941002,1011.0,85.95,2.47,12.86,White,Low_poverty,LPW,42.1462224,-83.2016564
261635919003,1146.0,61.78,31.06,37.52,White,High_poverty,HPW,42.1076881,-83.2234358
261635778002,882.0,86.96,3.06,13.03,White,Low_poverty,LPW,42.2317762,-83.1849806
261635943001,1083.0,89.01,5.82,9.33,White,Low_poverty,LPW,42.1382384,-83.1956451
261635536001,1282.0,4.06,12.09,95.01,Minority,Low_poverty,LPM,42.3976908,-83.0880089
261635315002,938.0,0.0,20.9,97.33,Minority,Low_poverty,LPM,42.3875493,-83.1217246
261635314002,826.0,3.63,47.09,95.28,Minority,High_poverty,HPM,42.3798652,-83.1203867
261635311001,578.0,12.8,77.23,85.29,Minority,High_poverty,HPM,42.3738084,-83.1145525
261635305001,490.0,3.47,42.45,95.1,Minority,High_poverty,HPM,42.3847603,-83.1303408
261635302002,921.0,7.82,45.6,92.19,Minority,High_poverty,HPM,42.412081,-83.1308944
261635301003,771.0,10.25,34.5,84.95,Minority,High_poverty,HPM,42.4138138,-83.1248607
261635642003,1167.0,75.24,8.91,3.18,White,Low_poverty,LPW,42.3184318,-83.482851
261635121004,470.0,7.23,43.83,92.77,Minority,High_poverty,HPM,42.4024107,-82.9624322
261635636001,1956.0,74.9,5.67,4.35,White,Low_poverty,LPW,42.329366,-83.4834182
261635638001,2351.0,74.48,11.57,18.0,White,Low_poverty,LPW,42.3337973,-83.4661707
261635641001,1334.0,77.44,5.47,4.8,White,Low_poverty,LPW,42.3181532,-83.4534705
261635580003,1071.0,92.9,1.04,7.09,White,Low_poverty,LPW,42.3864499,-83.3683342
261635685002,807.0,48.08,44.11,35.94,Other,High_poverty,HPO,42.2907263,-83.356256
261635773002,745.0,75.97,32.48,19.86,White,High_poverty,HPW,42.2423252,-83.2004117
261635573001,791.0,86.98,0.0,6.95,White,Low_poverty,LPW,42.4047917,-83.3592672
261635961001,545.0,95.23,13.58,3.12,White,Low_poverty,LPW,42.1221395,-83.1677055
261635640001,261.0,90.8,12.26,9.2,White,Low_poverty,LPW,42.3363537,-83.4361077
261635592001,1154.0,81.02,11.01,11.44,White,Low_poverty,LPW,42.3589217,-83.3187196
261635585004,889.0,95.16,0.34,3.48,White,Low_poverty,LPW,42.3565532,-83.4048075
261635396001,980.0,2.24,12.86,92.95,Minority,Low_poverty,LPM,42.426856,-83.1973016
261635395002,513.0,4.87,6.75,95.12,Minority,Low_poverty,LPM,42.4201239,-83.1830441
261635392006,1097.0,1.46,18.6,94.98,Minority,Low_poverty,LPM,42.442063,-83.1951779
261635392004,275.0,0.0,23.64,100.0,Minority,Low_poverty,LPM,42.4430855,-83.1733504
261635391001,686.0,2.62,35.86,95.78,Minority,High_poverty,HPM,42.4423071,-83.1640749
261635389004,686.0,0.0,18.81,100.0,Minority,Low_poverty,LPM,42.4332444,-83.1564741
261635388002,800.0,0.0,11.38,84.0,Minority,Low_poverty,LPM,42.4348743,-83.1692394
261635386005,727.0,2.34,7.29,90.92,Minority,Low_poverty,LPM,42.4295969,-83.1569713
261635385005,459.0,0.0,10.46,100.0,Minority,Low_poverty,LPM,42.4206023,-83.1572587
261635733001,1804.0,87.53,55.21,7.21,White,High_poverty,HPW,42.3319829,-83.1899755
261635756001,1082.0,76.89,31.42,20.05,White,High_poverty,HPW,42.2889043,-83.2127387
261635834005,894.0,85.23,14.88,11.07,White,Low_poverty,LPW,42.2559911,-83.2393694
261635728002,1078.0,72.82,7.33,16.88,White,Low_poverty,LPW,42.2760784,-83.2380552
261635835001,901.0,85.02,13.87,14.98,White,Low_poverty,LPW,42.2436997,-83.23781
261635750001,879.0,81.91,7.62,18.09,White,Low_poverty,LPW,42.3017874,-83.242696
261635715001,1133.0,71.76,40.34,19.41,White,High_poverty,HPW,42.3397185,-83.2438385
261635582003,1097.0,76.57,12.39,23.43,White,Low_poverty,LPW,42.3946339,-83.3294311
261635685004,696.0,80.6,16.95,9.34,White,Low_poverty,LPW,42.2899396,-83.3704806
261635696002,1092.0,87.91,11.9,12.09,White,Low_poverty,LPW,42.3141557,-83.3603561
261635384002,1030.0,7.48,0.0,86.99,Minority,Low_poverty,LPM,42.4265054,-83.1360383
261635069003,519.0,0.0,27.55,100.0,Minority,Low_poverty,LPM,42.436685,-83.0658662
261635068001,941.0,9.14,58.02,90.86,Minority,High_poverty,HPM,42.4436447,-83.0746383
261635065002,806.0,0.0,51.86,100.0,Minority,High_poverty,HPM,42.429861,-83.0463678
261635064002,514.0,4.86,50.0,91.05,Minority,High_poverty,HPM,42.4216701,-83.0612682
261635063002,570.0,5.61,49.47,92.28,Minority,High_poverty,HPM,42.4300082,-83.033504
261635052004,1182.0,2.71,32.06,97.3,Minority,High_poverty,HPM,42.4175824,-83.0085381
261635051002,658.0,5.78,19.6,94.22,Minority,Low_poverty,LPM,42.4396008,-83.0207056
261635049001,520.0,1.73,23.65,89.81,Minority,Low_poverty,LPM,42.4325529,-83.0076039
261635737025,538.0,95.54,43.49,0.56,White,High_poverty,HPW,42.3458932,-83.1739819
261635659002,970.0,79.9,11.96,16.59,White,Low_poverty,LPW,42.2995291,-83.3676454
261635839002,890.0,59.1,37.75,30.67,White,High_poverty,HPW,42.236918,-83.2668883
261635668001,914.0,68.93,11.6,28.99,White,Low_poverty,LPW,42.2776316,-83.3677241
261635547001,970.0,76.7,2.06,22.37,White,Low_poverty,LPW,42.3942701,-83.303
261635590002,681.0,90.01,13.51,9.99,White,Low_poverty,LPW,42.3598455,-83.3475467
261635692004,675.0,78.22,40.44,21.78,White,High_poverty,HPW,42.3302786,-83.3285076
261635378001,372.0,0.0,44.09,100.0,Minority,High_poverty,HPM,42.3925871,-83.1937781
261635375002,613.0,2.28,48.12,90.05,Minority,High_poverty,HPM,42.4054179,-83.189741
261635373004,255.0,0.0,68.63,100.0,Minority,High_poverty,HPM,42.3838431,-83.1904069
261635371002,618.0,2.59,36.57,96.44,Minority,High_poverty,HPM,42.3999271,-83.1812749
261635369001,643.0,0.0,27.84,100.0,Minority,Low_poverty,LPM,42.4112957,-83.1827476
261635366003,462.0,0.0,52.81,100.0,Minority,High_poverty,HPM,42.390819,-83.1518441
261635365003,522.0,3.07,36.97,96.93,Minority,High_poverty,HPM,42.383886,-83.1456764
261635364002,560.0,0.0,31.07,100.0,Minority,High_poverty,HPM,42.397766,-83.1563756
261635042002,609.0,0.66,59.46,97.7,Minority,High_poverty,HPM,42.409018,-82.9725612
261635039002,259.0,2.32,12.74,97.68,Minority,Low_poverty,LPM,42.4176994,-82.9866426
261635035004,250.0,0.0,10.4,100.0,Minority,Low_poverty,LPM,42.4332488,-82.9867691
261635034001,610.0,3.28,24.92,86.89,Minority,Low_poverty,LPM,42.4386791,-82.9828864
261635032003,782.0,8.57,24.68,91.43,Minority,Low_poverty,LPM,42.447242,-82.9978273
261635807001,644.0,87.42,47.67,12.58,White,High_poverty,HPW,42.2111268,-83.1511436
261635747003,1262.0,92.55,4.36,5.15,White,Low_poverty,LPW,42.3161756,-83.281853
261635730002,1665.0,91.83,13.2,3.72,White,Low_poverty,LPW,42.3228956,-83.2942709
261635746004,721.0,99.03,3.05,0.97,White,Low_poverty,LPW,42.3150795,-83.2657946
261635738001,1432.0,82.82,50.84,0.0,White,High_poverty,HPW,42.3484746,-83.1807111
261635753002,572.0,98.43,18.36,1.57,White,Low_poverty,LPW,42.2843229,-83.2573197
261635836002,382.0,98.43,2.88,1.57,White,Low_poverty,LPW,42.2436388,-83.2529008
261635775001,913.0,71.96,13.17,28.04,White,Low_poverty,LPW,42.2451287,-83.1709963
261635724001,812.0,96.43,1.48,2.71,White,Low_poverty,LPW,42.3047583,-83.2884312
261635726002,1239.0,93.7,23.66,1.94,White,Low_poverty,LPW,42.271272,-83.2775708
261635721001,1557.0,95.12,30.83,0.71,White,High_poverty,HPW,42.337715,-83.2778519
261635746005,614.0,80.13,20.52,19.87,White,Low_poverty,LPW,42.316265,-83.2693632
261635739001,2390.0,97.32,22.38,2.68,White,Low_poverty,LPW,42.3409442,-83.1914678
261635805002,878.0,92.94,3.42,7.06,White,Low_poverty,LPW,42.2067814,-83.1745977
261635563002,923.0,94.15,3.14,0.98,White,Low_poverty,LPW,42.4298199,-83.3600027
261635580001,1041.0,91.16,4.13,3.46,White,Low_poverty,LPW,42.3939437,-83.3587892
261635811003,853.0,86.17,7.74,11.02,White,Low_poverty,LPW,42.2103046,-83.2014574
261635857002,839.0,51.37,12.13,48.39,White,Low_poverty,LPW,42.2405939,-83.3640929
261635894001,1010.0,89.9,23.66,8.42,White,Low_poverty,LPW,42.1655179,-83.5307418
261635694003,1319.0,82.64,8.57,13.57,White,Low_poverty,LPW,42.3302948,-83.3595648
261635671003,888.0,84.8,14.53,14.19,White,Low_poverty,LPW,42.3417876,-83.3201975
261635415002,1040.0,2.31,42.21,93.37,Minority,High_poverty,HPM,42.432727,-83.2613744
261635414003,1210.0,13.31,39.0,73.88,Minority,High_poverty,HPM,42.4255575,-83.2718244
261635411003,309.0,0.0,80.91,100.0,Minority,High_poverty,HPM,42.4217993,-83.2412119
261635410001,1268.0,5.05,74.68,93.77,Minority,High_poverty,HPM,42.4331104,-83.2416721
261635409002,915.0,5.57,18.43,93.88,Minority,Low_poverty,LPM,42.44171,-83.2545569
261635405003,779.0,1.67,20.41,98.33,Minority,Low_poverty,LPM,42.4259129,-83.2238408
261635403003,348.0,0.0,20.98,100.0,Minority,Low_poverty,LPM,42.4247844,-83.2098078
261635106002,2285.0,51.68,45.86,1.27,White,High_poverty,HPW,42.4066768,-83.0515765
261635079003,611.0,8.67,13.09,89.03,Minority,Low_poverty,LPM,42.4279152,-83.1071477
261635079001,215.0,40.0,39.07,60.0,Minority,High_poverty,HPM,42.4306383,-83.1081465
261635073002,405.0,0.0,19.8,100.0,Minority,Low_poverty,LPM,42.4303201,-83.0910277
261635841002,901.0,84.68,5.11,7.77,White,Low_poverty,LPW,42.2236061,-83.2462302
261635696004,989.0,100.0,12.34,0.0,White,Low_poverty,LPW,42.3139438,-83.3717833
261635403001,357.0,0.0,77.03,100.0,Minority,High_poverty,HPM,42.4267477,-83.2018338
261635402004,474.0,0.0,74.68,100.0,Minority,High_poverty,HPM,42.435618,-83.2114159
261635071002,1046.0,0.19,27.62,99.81,Minority,Low_poverty,LPM,42.4306041,-83.0799132
261635785001,777.0,99.49,29.86,0.0,White,Low_poverty,LPW,42.2863605,-83.1684932
261635761003,919.0,58.22,5.44,40.59,White,Low_poverty,LPW,42.2603399,-83.2045374
261635844001,1038.0,94.7,16.04,0.97,White,Low_poverty,LPW,42.204297,-83.295215
261635846001,1107.0,41.82,40.92,53.84,Minority,High_poverty,HPM,42.1913751,-83.2308325
261635918001,1562.0,62.68,22.73,21.7,White,Low_poverty,LPW,42.1456505,-83.2612492
261635683001,452.0,72.35,16.81,16.15,White,Low_poverty,LPW,42.2915334,-83.389731
261635001004,869.0,0.0,22.21,100.0,Minority,Low_poverty,LPM,42.4433528,-82.9535775
261635575002,1231.0,96.75,2.19,1.87,White,Low_poverty,LPW,42.4079125,-83.3984275
261635672012,1000.0,95.4,5.4,2.0,White,Low_poverty,LPW,42.3501567,-83.3487571
261635819004,652.0,93.25,5.27,4.14,White,Low_poverty,LPW,42.2037396,-83.1892233
261635507004,471.0,97.24,0.0,2.76,White,Low_poverty,LPW,42.4125523,-82.9100789
261635930001,1917.0,74.49,11.99,19.46,White,Low_poverty,LPW,42.1202192,-83.2190916
261635894003,1664.0,82.39,9.15,6.67,White,Low_poverty,LPW,42.1596136,-83.4998871
261635376002,505.0,0.0,42.18,100.0,Minority,High_poverty,HPM,42.4128092,-83.1872076
261635659001,1643.0,74.32,11.75,18.87,White,Low_poverty,LPW,42.3067762,-83.3696446
261635882002,1411.0,40.33,29.58,37.42,Other,Low_poverty,LPO,42.2173172,-83.49735
261635365001,563.0,2.31,22.56,95.03,Minority,Low_poverty,LPM,42.3918453,-83.1456771
261635576001,1366.0,98.54,0.95,0.73,White,Low_poverty,LPW,42.4057368,-83.4190655
261635009001,1635.0,3.24,30.21,94.56,Minority,High_poverty,HPM,42.4192187,-82.9396155
261635455006,475.0,8.0,65.05,66.74,Minority,High_poverty,HPM,42.345913,-83.205955
261635706001,840.0,5.0,51.79,94.64,Minority,High_poverty,HPM,42.278164,-83.3313083
261635941003,659.0,93.63,1.06,1.21,White,Low_poverty,LPW,42.1532247,-83.2014745
261635013003,680.0,4.71,41.18,95.29,Minority,High_poverty,HPM,42.4025928,-82.9449283
261635309001,535.0,2.43,26.26,97.57,Minority,Low_poverty,LPM,42.3768379,-83.1300925
261635162001,237.0,2.53,41.28,91.56,Minority,High_poverty,HPM,42.3683237,-83.0184084
261635161002,359.0,3.06,33.15,96.38,Minority,High_poverty,HPM,42.376491,-83.0272523
261635129002,557.0,9.34,62.84,90.66,Minority,High_poverty,HPM,42.3741025,-82.954901
261635390001,878.0,3.87,19.82,92.48,Minority,Low_poverty,LPM,42.4426611,-83.1453128
261635554003,979.0,17.77,12.36,78.96,Minority,Low_poverty,LPM,42.3605941,-83.270552
261635105003,199.0,0.0,60.8,52.26,Minority,High_poverty,HPM,42.4096769,-83.0673123
261635063003,745.0,1.74,31.95,95.84,Minority,High_poverty,HPM,42.4229587,-83.0311703
261635384004,1329.0,20.99,16.18,73.13,Minority,Low_poverty,LPM,42.4190923,-83.1359777
261635792003,564.0,36.35,26.24,63.65,Minority,Low_poverty,LPM,42.2648613,-83.1396585
261635073003,471.0,0.42,17.41,94.27,Minority,Low_poverty,LPM,42.4232113,-83.0876657
261635764002,743.0,87.21,3.93,11.44,White,Low_poverty,LPW,42.2457827,-83.2163945
261635501003,584.0,68.66,4.97,25.86,White,Low_poverty,LPW,42.3755008,-82.9337945
261635688001,590.0,60.51,31.86,36.61,White,High_poverty,HPW,42.3355619,-83.3874062
261635207001,1171.0,53.8,29.55,32.79,White,Low_poverty,LPW,42.3350888,-83.0568525
261635846002,809.0,42.27,16.32,43.27,Other,Low_poverty,LPO,42.1923009,-83.249874
261635567001,1040.0,97.02,4.62,2.98,White,Low_poverty,LPW,42.4225849,-83.3793574
261635172001,895.0,49.16,14.19,34.19,Other,Low_poverty,LPO,42.3309267,-83.0365924
261635584003,1521.0,87.57,2.65,4.54,White,Low_poverty,LPW,42.3647372,-83.4271921
261635033003,1288.0,0.0,32.38,100.0,Minority,High_poverty,HPM,42.4382597,-82.9974686
261635173001,1385.0,54.22,20.73,38.27,White,Low_poverty,LPW,42.344915,-83.0528131
261635346001,524.0,1.91,1.91,98.09,Minority,Low_poverty,LPM,42.3555881,-83.1446475
261635702001,731.0,32.15,34.29,65.8,Minority,High_poverty,HPM,42.3086634,-83.3030625
261635250003,221.0,28.51,28.96,69.23,Minority,Low_poverty,LPM,42.3016824,-83.1056176
261635031001,1286.0,0.23,14.51,98.76,Minority,Low_poverty,LPM,42.4474737,-82.9750363
261635465001,1129.0,3.63,56.95,94.42,Minority,High_poverty,HPM,42.3684929,-83.2384718
261635066001,682.0,1.47,54.55,98.53,Minority,High_poverty,HPM,42.4368828,-83.0559782
261635728006,770.0,91.43,12.86,8.57,White,Low_poverty,LPW,42.2785738,-83.2432421
261635625001,696.0,96.7,3.02,1.87,White,Low_poverty,LPW,42.3799358,-83.4613927
261635465002,1285.0,3.42,40.08,95.95,Minority,High_poverty,HPM,42.368046,-83.2433619
261635161001,217.0,0.0,43.78,100.0,Minority,High_poverty,HPM,42.3735087,-83.0221863
261635766004,535.0,96.45,11.4,3.55,White,Low_poverty,LPW,42.231399,-83.2045214
261635815001,1058.0,96.69,13.89,2.17,White,Low_poverty,LPW,42.2174113,-83.1846384
261635389002,1009.0,2.08,19.33,96.23,Minority,Low_poverty,LPM,42.4369634,-83.1486891
261635687001,1102.0,73.59,6.72,25.95,White,Low_poverty,LPW,42.3083504,-83.3457317
261635033001,707.0,5.23,22.57,90.38,Minority,Low_poverty,LPM,42.4384365,-82.9878785
261635363005,217.0,5.53,0.0,94.47,Minority,Low_poverty,LPM,42.4073299,-83.1582311
261635704002,561.0,5.88,3.74,94.12,Minority,Low_poverty,LPM,42.3076799,-83.3278972
261635242006,1131.0,29.18,22.37,70.82,Minority,Low_poverty,LPM,42.305649,-83.133857
261635695002,976.0,93.34,6.25,5.12,White,Low_poverty,LPW,42.3211457,-83.371422
261635050001,579.0,2.07,45.77,97.93,Minority,High_poverty,HPM,42.4405058,-83.0081772
261635506002,1196.0,97.99,3.76,2.01,White,Low_poverty,LPW,42.4009394,-82.8955895
261635434002,1502.0,2.86,19.24,89.81,Minority,Low_poverty,LPM,42.4041044,-83.2352829
261635439001,495.0,21.82,41.82,78.19,Minority,High_poverty,HPM,42.3819808,-83.2546893
261635262003,808.0,15.72,40.59,82.67,Minority,High_poverty,HPM,42.3331264,-83.1423951
261635561003,1029.0,76.97,12.24,10.89,White,Low_poverty,LPW,42.4386557,-83.3217095
261635845001,1589.0,65.14,25.3,33.48,White,Low_poverty,LPW,42.2044145,-83.2600844
261635119002,504.0,36.31,37.5,63.69,Minority,High_poverty,HPM,42.379467,-83.0758504
261635365002,397.0,3.53,29.22,84.39,Minority,Low_poverty,LPM,42.3838753,-83.1410487
261635305003,435.0,1.61,61.61,98.39,Minority,High_poverty,HPM,42.3869107,-83.1348117
261635747005,961.0,88.45,3.12,11.55,White,Low_poverty,LPW,42.3232268,-83.2795919
261635463001,969.0,26.21,4.77,73.79,Minority,Low_poverty,LPM,42.3748598,-83.2570511
261635126001,360.0,0.0,53.33,97.78,Minority,High_poverty,HPM,42.3842069,-82.9483441
261635004002,146.0,0.0,43.48,100.0,Minority,High_poverty,HPM,42.429858,-82.9777723
261635647002,2327.0,68.33,4.64,4.43,White,Low_poverty,LPW,42.3010052,-83.4527607
261635405002,602.0,2.33,80.9,97.67,Minority,High_poverty,HPM,42.4237428,-83.2243461
261635684004,1419.0,79.49,16.07,15.57,White,Low_poverty,LPW,42.2987712,-83.3789994
261635369003,1481.0,0.81,31.26,99.19,Minority,High_poverty,HPM,42.4129122,-83.1732909
261635523001,1199.0,34.78,45.37,2.42,Other,High_poverty,HPO,42.4001138,-83.0555762
261635342004,241.0,0.0,73.86,94.61,Minority,High_poverty,HPM,42.3793053,-83.1619018
261635003001,598.0,4.35,23.23,94.65,Minority,Low_poverty,LPM,42.4403505,-82.9611613
261635160002,254.0,14.96,3.15,85.04,Minority,Low_poverty,LPM,42.3715327,-83.0079017
261635308004,417.0,0.24,33.33,99.76,Minority,High_poverty,HPM,42.3689472,-83.1291951
261635364001,132.0,0.0,74.24,100.0,Minority,High_poverty,HPM,42.3978143,-83.1506373
261635502003,1314.0,83.26,17.12,6.85,White,Low_poverty,LPW,42.3864296,-82.9398203
261635991003,419.0,91.17,26.25,8.83,White,Low_poverty,LPW,42.0927567,-83.2871421
261635779003,1421.0,69.74,33.78,30.26,White,High_poverty,HPW,42.2248182,-83.1918624
261635658003,842.0,80.52,15.68,19.48,White,Low_poverty,LPW,42.2980146,-83.3566019
261635052001,977.0,0.41,38.52,98.57,Minority,High_poverty,HPM,42.4160838,-83.0025368
261635721003,598.0,85.28,9.87,14.72,White,Low_poverty,LPW,42.3303477,-83.2848451
261635371001,239.0,2.93,49.37,97.07,Minority,High_poverty,HPM,42.3961176,-83.1762162
261635363006,464.0,1.72,38.72,95.47,Minority,High_poverty,HPM,42.4037351,-83.1501241
261635404003,934.0,0.0,83.62,100.0,Minority,High_poverty,HPM,42.4193772,-83.2085824
261635774005,858.0,45.45,3.61,47.08,Other,Low_poverty,LPO,42.2467746,-83.1835265
261635917002,868.0,69.35,0.0,30.65,White,Low_poverty,LPW,42.1201672,-83.2838184
261635729003,915.0,96.83,4.48,3.17,White,Low_poverty,LPW,42.2725219,-83.2269148
261635503002,1856.0,94.45,5.33,4.63,White,Low_poverty,LPW,42.3855904,-82.9264805
261635014002,885.0,15.03,4.75,84.97,Minority,Low_poverty,LPM,42.4094136,-82.9346757
261635240001,1408.0,15.34,65.13,83.95,Minority,High_poverty,HPM,42.3186576,-83.1201604
261635424003,1213.0,2.14,36.62,97.86,Minority,High_poverty,HPM,42.3933919,-83.2043787
261635113003,485.0,6.6,39.79,79.59,Minority,High_poverty,HPM,42.4153993,-83.0554077
261635113001,1538.0,66.58,39.92,22.37,White,High_poverty,HPW,42.4154923,-83.0470776
261635834004,1786.0,87.18,11.31,12.82,White,Low_poverty,LPW,42.2523186,-83.2452211
261635581001,1354.0,90.77,8.42,3.62,White,Low_poverty,LPW,42.3871563,-83.3388777
261635248003,435.0,0.0,23.45,96.09,Minority,Low_poverty,LPM,42.2613019,-83.1634601
261635467002,247.0,28.74,25.51,71.26,Minority,Low_poverty,LPM,42.3596405,-83.2209261
261635164002,274.0,9.49,21.53,85.77,Minority,Low_poverty,LPM,42.3528511,-83.011694
261635153001,1221.0,48.98,22.63,47.18,Other,Low_poverty,LPO,42.3546861,-82.9977402
261635378002,766.0,4.83,29.11,94.39,Minority,Low_poverty,LPM,42.3929397,-83.1849115
261635549001,1371.0,25.09,12.84,74.25,Minority,Low_poverty,LPM,42.3828555,-83.2892395
261635054003,339.0,14.45,54.28,76.4,Minority,High_poverty,HPM,42.4202446,-82.9928883
261635137001,1304.0,8.67,11.04,89.8,Minority,Low_poverty,LPM,42.3599897,-82.9653765
261635818002,1293.0,95.05,32.1,4.41,White,High_poverty,HPW,42.2024974,-83.2029102
261635047001,622.0,3.05,43.57,96.95,Minority,High_poverty,HPM,42.3906344,-83.0167475
261635842001,1738.0,52.36,14.79,41.95,White,Low_poverty,LPW,42.2158424,-83.2613367
261635336003,833.0,0.0,54.5,100.0,Minority,High_poverty,HPM,42.3570382,-83.118485
261635555001,1711.0,31.85,6.25,67.33,Minority,Low_poverty,LPM,42.360302,-83.2799463
261635436003,336.0,3.87,59.82,96.13,Minority,High_poverty,HPM,42.3969543,-83.2437008
261635121002,679.0,1.03,42.42,98.97,Minority,High_poverty,HPM,42.4003641,-82.9683996
261635664002,409.0,57.95,31.39,40.34,White,High_poverty,HPW,42.2859584,-83.3565867
261635068004,343.0,0.0,37.61,100.0,Minority,High_poverty,HPM,42.4436834,-83.0713604
261635437001,294.0,5.44,63.61,84.35,Minority,High_poverty,HPM,42.3860359,-83.2406959
261635426002,1026.0,0.0,36.14,99.03,Minority,High_poverty,HPM,42.3849794,-83.2123348
261635107002,1373.0,81.79,51.64,3.2,White,High_poverty,HPW,42.3902412,-83.0400904
261635343001,598.0,0.0,50.5,100.0,Minority,High_poverty,HPM,42.3758656,-83.1610203
261635337002,190.0,0.0,13.68,100.0,Minority,Low_poverty,LPM,42.3603909,-83.1351805
261635880001,1098.0,55.28,3.64,42.17,White,Low_poverty,LPW,42.2270075,-83.4755923
261635185002,605.0,12.4,38.68,73.39,Minority,High_poverty,HPM,42.3710735,-83.0331341
261635894005,786.0,86.9,11.32,13.1,White,Low_poverty,LPW,42.108844,-83.5107917
261635879002,1845.0,53.01,2.28,43.2,White,Low_poverty,LPW,42.2395541,-83.4777568
261635013004,244.0,0.0,9.84,100.0,Minority,Low_poverty,LPM,42.4012459,-82.9562794
261635807005,880.0,95.34,36.36,1.13,White,High_poverty,HPW,42.2057297,-83.1572103
261635517003,947.0,92.29,1.06,1.06,White,Low_poverty,LPW,42.4473374,-82.8880687
261635393002,778.0,0.0,26.86,100.0,Minority,Low_poverty,LPM,42.4327797,-83.1847861
261635544004,713.0,47.69,31.0,47.26,Other,High_poverty,HPO,42.4249552,-83.2896085
261635522001,1576.0,58.19,26.65,3.87,White,Low_poverty,LPW,42.3941753,-83.0598923
261635786003,1981.0,34.23,27.26,65.32,Minority,Low_poverty,LPM,42.2731932,-83.1734544
261635042001,503.0,12.92,13.92,87.08,Minority,Low_poverty,LPM,42.4121754,-82.9743335
261635708002,1170.0,5.64,55.56,90.85,Minority,High_poverty,HPM,42.2790144,-83.3143223
261635061001,1230.0,5.53,24.15,94.47,Minority,Low_poverty,LPM,42.4446926,-83.0270745
261635568001,835.0,89.34,2.87,1.2,White,Low_poverty,LPW,42.4195484,-83.3611148
261635170001,3111.0,42.01,12.47,47.7,Other,Low_poverty,LPO,42.3408105,-83.0361037
261635387003,2076.0,1.59,19.8,97.59,Minority,Low_poverty,LPM,42.4285965,-83.165748
261635452003,678.0,0.0,48.38,100.0,Minority,High_poverty,HPM,42.3680035,-83.2132567
261635503001,1302.0,95.85,1.77,0.46,White,Low_poverty,LPW,42.3874063,-82.9200783
261635629002,1051.0,98.0,7.33,2.0,White,Low_poverty,LPW,42.3558943,-83.4374675
261635708003,1125.0,2.4,31.56,97.6,Minority,High_poverty,HPM,42.2818315,-83.3240725
261635015005,1630.0,2.88,48.67,94.73,Minority,High_poverty,HPM,42.4156417,-82.9315205
261635114005,614.0,14.82,36.48,82.08,Minority,High_poverty,HPM,42.3866051,-83.0768128
261635160003,478.0,0.0,43.31,98.32,Minority,High_poverty,HPM,42.3707402,-83.011008
261635263003,1851.0,16.05,29.01,83.95,Minority,Low_poverty,LPM,42.3407906,-83.1418989
261635545002,1494.0,39.76,35.61,51.54,Minority,High_poverty,HPM,42.4035287,-83.282288
261635679002,565.0,85.49,3.72,14.52,White,Low_poverty,LPW,42.3137856,-83.3766331
261635764003,1377.0,85.26,4.35,14.74,White,Low_poverty,LPW,42.2465117,-83.221783
261635665001,936.0,35.79,55.94,51.71,Minority,High_poverty,HPM,42.2800049,-83.3881914
261635933001,1538.0,87.0,3.25,10.67,White,Low_poverty,LPW,42.1324802,-83.2484017
261635584001,1322.0,86.91,7.79,10.44,White,Low_poverty,LPW,42.3575534,-83.4152944
261635385002,397.0,4.79,34.26,95.21,Minority,High_poverty,HPM,42.4189526,-83.1436479
261635069001,773.0,0.0,45.28,100.0,Minority,High_poverty,HPM,42.436806,-83.059546
261635051003,755.0,18.15,12.85,80.0,Minority,Low_poverty,LPM,42.4361044,-83.0198319
261635619003,1392.0,89.22,9.84,7.18,White,Low_poverty,LPW,42.3524284,-83.5175261
261635831001,768.0,97.66,27.45,2.34,White,Low_poverty,LPW,42.2658357,-83.287196
261635392005,783.0,0.0,13.03,100.0,Minority,Low_poverty,LPM,42.4429827,-83.1782259
261635387002,1413.0,0.0,30.79,100.0,Minority,High_poverty,HPM,42.4212712,-83.1681721
261635859001,439.0,37.13,18.68,59.0,Minority,Low_poverty,LPM,42.2321076,-83.3908787
261635019002,481.0,4.16,44.07,90.22,Minority,High_poverty,HPM,42.3940805,-82.9375559
261635748004,930.0,89.46,1.29,10.54,White,Low_poverty,LPW,42.3104219,-83.2706894
261635786001,1290.0,58.37,15.19,41.63,White,Low_poverty,LPW,42.2780112,-83.1948272
261635727003,673.0,64.64,34.92,12.48,White,High_poverty,HPW,42.2772903,-83.2680005
261635737024,1831.0,97.0,44.68,0.0,White,High_poverty,HPW,42.3413385,-83.1737275
261635818001,543.0,84.71,15.29,11.97,White,Low_poverty,LPW,42.2016283,-83.1958925
261635893004,535.0,67.29,2.8,26.17,White,Low_poverty,LPW,42.1056199,-83.4504983
261635418001,1079.0,16.5,44.21,68.21,Minority,High_poverty,HPM,42.4323754,-83.282619
261635417001,686.0,0.58,45.34,97.96,Minority,High_poverty,HPM,42.4382123,-83.2716942
261635412004,364.0,4.4,69.23,93.96,Minority,High_poverty,HPM,42.4219138,-83.2556623
261635406001,1033.0,6.39,42.4,93.61,Minority,High_poverty,HPM,42.42834,-83.2339777
261635079002,131.0,9.16,16.79,88.55,Minority,Low_poverty,LPM,42.4209575,-83.1045141
261635848002,1801.0,23.76,65.52,64.02,Minority,High_poverty,HPM,42.1942651,-83.3004755
261635818003,894.0,95.75,21.7,3.36,White,Low_poverty,LPW,42.2077376,-83.1959471
261635918003,1806.0,72.98,8.86,9.85,White,Low_poverty,LPW,42.1320688,-83.2649815
261635123001,844.0,0.0,41.85,100.0,Minority,High_poverty,HPM,42.387853,-82.9686356
261635843002,949.0,79.56,18.24,12.54,White,Low_poverty,LPW,42.2170526,-83.2911003
261635513003,1529.0,66.25,6.0,19.68,White,Low_poverty,LPW,42.4365796,-82.9176385
261635122002,212.0,0.0,28.21,100.0,Minority,Low_poverty,LPM,42.3972156,-82.9789507
261635243001,668.0,17.37,27.1,81.59,Minority,Low_poverty,LPM,42.3038727,-83.1244317
261635335001,530.0,0.0,37.17,98.49,Minority,High_poverty,HPM,42.3640238,-83.1344658
261635425003,819.0,4.27,24.91,94.51,Minority,Low_poverty,LPM,42.395503,-83.214564
261635635002,2408.0,90.28,0.37,2.74,White,Low_poverty,LPW,42.3326564,-83.4982832
261635672022,1649.0,80.84,7.66,15.77,White,Low_poverty,LPW,42.3435926,-83.342178
261635747004,505.0,90.3,9.5,0.0,White,Low_poverty,LPW,42.3235635,-83.2845072
261635356004,1059.0,1.23,46.74,98.77,Minority,High_poverty,HPM,42.3564081,-83.1627279
261635394002,1256.0,4.38,46.97,92.75,Minority,High_poverty,HPM,42.4210436,-83.1732389
261635546001,986.0,70.99,3.54,26.57,White,Low_poverty,LPW,42.4099303,-83.3037837
261635564001,1212.0,91.91,14.39,8.09,White,Low_poverty,LPW,42.4344948,-83.3794843
261635312002,407.0,29.73,2.21,70.27,Minority,Low_poverty,LPM,42.3760111,-83.1048664
261635423002,543.0,7.55,58.38,92.45,Minority,High_poverty,HPM,42.3961459,-83.2025418
261635240002,494.0,23.68,32.59,76.31,Minority,High_poverty,HPM,42.3132766,-83.1175971
261635316001,761.0,0.92,32.46,97.76,Minority,High_poverty,HPM,42.3947878,-83.1266023
261635020001,1307.0,6.43,40.23,88.68,Minority,High_poverty,HPM,42.3928322,-82.9485978
261635692003,487.0,90.35,6.16,7.6,White,Low_poverty,LPW,42.328228,-83.3247214
261635413002,1057.0,32.73,40.59,65.37,Minority,High_poverty,HPM,42.4240699,-83.2800486
261635243003,999.0,17.92,63.56,81.38,Minority,High_poverty,HPM,42.3013899,-83.1309881
261635006004,380.0,0.0,9.5,100.0,Minority,Low_poverty,LPM,42.432963,-82.9628984
261635671002,1458.0,70.44,15.23,24.42,White,Low_poverty,LPW,42.3459655,-83.3218357
261635702003,775.0,28.0,33.55,72.0,Minority,High_poverty,HPM,42.2975798,-83.3050293
261635385007,1865.0,0.97,14.53,97.11,Minority,Low_poverty,LPM,42.4207236,-83.1489131
261635821005,1018.0,92.14,0.0,7.37,White,Low_poverty,LPW,42.1953049,-83.2020546
261635694002,447.0,97.76,23.27,2.24,White,Low_poverty,LPW,42.3327348,-83.3555153
261635980001,810.0,86.91,10.74,0.0,White,Low_poverty,LPW,42.0678667,-83.2460211
261635538001,529.0,4.35,10.96,82.99,Minority,Low_poverty,LPM,42.3929059,-83.0941376
261635301004,330.0,0.0,34.55,100.0,Minority,High_poverty,HPM,42.4127277,-83.1202042
261635950004,951.0,99.26,3.47,0.74,White,Low_poverty,LPW,42.1813691,-83.1816166
261635572001,685.0,90.95,12.35,9.06,White,Low_poverty,LPW,42.4025409,-83.3396138
261635528002,530.0,71.89,45.98,28.11,White,High_poverty,HPW,42.3860263,-83.0554812
261635514004,1011.0,21.76,11.87,77.55,Minority,Low_poverty,LPM,42.4418725,-82.9280656
261635254002,461.0,3.04,63.12,94.57,Minority,High_poverty,HPM,42.3384105,-83.1149873
261635512002,545.0,96.88,12.17,3.12,White,Low_poverty,LPW,42.4379979,-82.9112079
261635426003,905.0,0.0,12.38,98.34,Minority,Low_poverty,LPM,42.3809809,-83.2109342
261635124003,470.0,1.06,56.81,98.94,Minority,High_poverty,HPM,42.3900601,-82.9593354
261635462004,1270.0,69.29,70.0,27.87,White,High_poverty,HPW,42.3440676,-83.2615624
261635725002,854.0,76.46,38.29,22.25,White,High_poverty,HPW,42.2715015,-83.3018809
261635932001,2466.0,87.19,3.41,5.27,White,Low_poverty,LPW,42.1462857,-83.2467963
261635697003,698.0,95.27,8.49,1.0,White,Low_poverty,LPW,42.3129196,-83.335309
261635501002,773.0,78.27,1.16,12.8,White,Low_poverty,LPW,42.3748443,-82.9257463
261635233003,758.0,9.63,50.4,90.37,Minority,High_poverty,HPM,42.313781,-83.095018
261635541001,742.0,15.23,31.0,71.7,Minority,High_poverty,HPM,42.4327325,-83.2896096
261635376001,767.0,5.74,21.0,93.61,Minority,Low_poverty,LPM,42.4100908,-83.1941504
261635368001,1043.0,0.0,47.94,98.08,Minority,High_poverty,HPM,42.4048128,-83.163438
261635036003,845.0,0.83,19.41,93.25,Minority,Low_poverty,LPM,42.4241236,-83.0012832
261635019004,1064.0,3.67,40.6,96.33,Minority,High_poverty,HPM,42.397127,-82.9431223
261635347004,984.0,0.0,19.82,100.0,Minority,Low_poverty,LPM,42.3626322,-83.1539321
261635011002,514.0,0.0,32.1,100.0,Minority,High_poverty,HPM,42.4116596,-82.9588089
261635005004,120.0,13.33,5.0,86.67,Minority,Low_poverty,LPM,42.4250879,-82.9725502
261635709001,494.0,7.29,27.13,84.42,Minority,Low_poverty,LPM,42.288128,-83.3030242
261635616002,998.0,93.59,3.61,4.21,White,Low_poverty,LPW,42.3927432,-83.4550156
261635203002,628.0,33.28,26.11,29.3,Other,Low_poverty,LPO,42.3477294,-83.0614911
261635604001,2594.0,88.43,4.86,2.43,White,Low_poverty,LPW,42.4034518,-83.4417635
261635459001,1239.0,1.45,45.52,96.21,Minority,High_poverty,HPM,42.3466749,-83.2218234
261635453001,401.0,16.96,18.22,83.04,Minority,Low_poverty,LPM,42.3619485,-83.1996797
261635154001,656.0,51.68,5.49,42.38,White,Low_poverty,LPW,42.3644406,-82.9986307
261635755004,769.0,97.01,17.43,2.99,White,Low_poverty,LPW,42.2886798,-83.2293829
261635775003,770.0,72.08,15.58,22.34,White,Low_poverty,LPW,42.2463526,-83.1774065
261635342005,1094.0,0.0,38.57,100.0,Minority,High_poverty,HPM,42.3828403,-83.1637454
261635339001,1087.0,23.55,25.81,73.23,Minority,Low_poverty,LPM,42.3741024,-83.079632
261635680001,845.0,82.72,20.36,16.21,White,Low_poverty,LPW,42.3206287,-83.3987818
261635159003,393.0,6.11,76.02,92.88,Minority,High_poverty,HPM,42.3775741,-83.0183418
261635670001,1520.0,46.51,32.7,46.91,Other,High_poverty,HPO,42.2799158,-83.3434739
261635765003,630.0,100.0,2.74,0.0,White,Low_poverty,LPW,42.2459585,-83.2104395
261635440001,1054.0,10.91,29.03,80.26,Minority,Low_poverty,LPM,42.3797527,-83.2685252
261635428002,1273.0,16.5,24.98,81.23,Minority,Low_poverty,LPM,42.3901271,-83.2248843
261635421002,522.0,0.57,37.55,99.43,Minority,High_poverty,HPM,42.4104855,-83.2017902
261635072002,649.0,3.54,39.6,84.13,Minority,High_poverty,HPM,42.4209207,-83.0711853
261635831003,406.0,92.36,4.43,7.64,White,Low_poverty,LPW,42.2652023,-83.2983312
261635564002,683.0,96.63,2.93,0.0,White,Low_poverty,LPW,42.4298305,-83.3817447
261635068002,885.0,1.13,30.17,98.87,Minority,High_poverty,HPM,42.4441162,-83.0790711
261635233002,1761.0,8.52,32.42,91.48,Minority,High_poverty,HPM,42.3171472,-83.0974847
261635333001,100.0,8.0,78.0,75.0,Minority,High_poverty,HPM,42.3633028,-83.103738
261635113002,491.0,20.77,43.79,79.23,Minority,High_poverty,HPM,42.4155024,-83.0414342
261635425002,721.0,0.0,22.75,90.01,Minority,Low_poverty,LPM,42.3892007,-83.2148795
261635652003,878.0,56.95,9.11,32.46,White,Low_poverty,LPW,42.3409309,-83.4117202
261635456002,747.0,52.48,6.56,47.52,White,Low_poverty,LPW,42.3399592,-83.2028681
261635748001,558.0,96.24,14.34,1.79,White,Low_poverty,LPW,42.3071403,-83.2663487
261635421005,1101.0,2.91,12.26,92.46,Minority,Low_poverty,LPM,42.4135495,-83.2156589
261635386004,787.0,0.0,17.53,93.9,Minority,Low_poverty,LPM,42.4296565,-83.1499493
261635260001,1718.0,64.96,60.24,25.26,White,High_poverty,HPW,42.3254465,-83.1462812
261635796003,699.0,0.0,9.87,100.0,Minority,Low_poverty,LPM,42.2603028,-83.1507177
261635518001,945.0,95.87,0.63,1.06,White,Low_poverty,LPW,42.4465493,-82.8962717
261635778003,951.0,79.6,11.99,20.4,White,Low_poverty,LPW,42.231793,-83.1941898
261635831004,986.0,66.43,0.81,27.18,White,Low_poverty,LPW,42.2584433,-83.3032646
261635185001,228.0,24.56,32.52,72.8,Minority,High_poverty,HPM,42.3753851,-83.0359321
261635893002,919.0,93.14,3.59,6.85,White,Low_poverty,LPW,42.1568755,-83.477435
261635157001,3078.0,35.28,19.56,64.72,Minority,Low_poverty,LPM,42.3522749,-82.9874086
261635180002,1636.0,11.86,33.31,79.22,Minority,High_poverty,HPM,42.3634923,-83.0591778
261635302004,1509.0,32.01,49.03,55.27,Minority,High_poverty,HPM,42.4112509,-83.1379376
261635418002,1294.0,15.92,14.32,77.67,Minority,Low_poverty,LPM,42.4394031,-83.2831468
261635740004,2004.0,95.16,41.47,0.2,White,High_poverty,HPW,42.3269893,-83.1821825
261635883001,736.0,97.83,10.76,2.17,White,Low_poverty,LPW,42.1944349,-83.4911757
261635346003,981.0,2.34,65.65,97.65,Minority,High_poverty,HPM,42.3554517,-83.1402914
261635065003,825.0,0.61,33.17,99.4,Minority,High_poverty,HPM,42.429762,-83.0511281
261635740002,1891.0,92.7,52.88,1.79,White,High_poverty,HPW,42.3229771,-83.1797676
261635687003,585.0,92.82,12.48,7.18,White,Low_poverty,LPW,42.3019665,-83.3446368
261635377002,747.0,1.2,48.46,98.8,Minority,High_poverty,HPM,42.3981073,-83.1912188
261635041001,231.0,0.0,30.3,100.0,Minority,High_poverty,HPM,42.4195513,-82.9692529
261635402006,822.0,0.97,56.49,91.61,Minority,High_poverty,HPM,42.4319742,-83.2139094
261635629003,1213.0,83.92,4.7,13.85,White,Low_poverty,LPW,42.3554074,-83.4570814
261635709003,663.0,11.31,25.34,86.72,Minority,Low_poverty,LPM,42.2827737,-83.3071184
261635159001,746.0,0.0,33.11,100.0,Minority,High_poverty,HPM,42.3856258,-83.0136516
261635808002,894.0,92.95,11.41,4.47,White,Low_poverty,LPW,42.1938495,-83.1613759
261635386003,965.0,0.0,43.11,100.0,Minority,High_poverty,HPM,42.4260911,-83.149791
261635882001,1951.0,46.03,19.66,44.65,Other,Low_poverty,LPO,42.2119333,-83.5159738
261635751003,958.0,85.91,5.01,8.87,White,Low_poverty,LPW,42.2936203,-83.2665625
261635141001,786.0,3.31,40.59,92.62,Minority,High_poverty,HPM,42.3775829,-82.9883013
261635587002,875.0,96.46,0.0,0.0,White,Low_poverty,LPW,42.3638024,-83.3553856
261635736002,1189.0,94.95,47.75,4.45,White,High_poverty,HPW,42.3498519,-83.1606418
261635970002,813.0,100.0,2.46,0.0,White,Low_poverty,LPW,42.0846232,-83.189449
261635672011,1625.0,90.4,15.18,7.02,White,Low_poverty,LPW,42.3514471,-83.3425245
261635035003,842.0,1.07,33.75,98.93,Minority,High_poverty,HPM,42.4328841,-82.994809
261635807002,685.0,86.72,21.31,5.7,White,Low_poverty,LPW,42.2068992,-83.1461477
261635411001,487.0,0.0,44.1,100.0,Minority,High_poverty,HPM,42.4269665,-83.2414537
261635112001,904.0,8.19,49.77,91.26,Minority,High_poverty,HPM,42.3756537,-83.0650167
261635699002,1343.0,79.52,18.47,11.84,White,Low_poverty,LPW,42.3142792,-83.3159665
261635580004,692.0,98.84,8.24,1.16,White,Low_poverty,LPW,42.3938096,-83.3685508
261635553001,1760.0,22.73,12.22,75.74,Minority,Low_poverty,LPM,42.3675354,-83.2807787
261635385006,709.0,0.0,21.44,100.0,Minority,Low_poverty,LPM,42.4205704,-83.1594399
261635602002,655.0,86.72,17.1,5.95,White,Low_poverty,LPW,42.4341708,-83.45925
261635518003,876.0,90.75,11.76,8.45,White,Low_poverty,LPW,42.4474492,-82.9090363
261635689001,1569.0,71.38,15.16,11.09,White,Low_poverty,LPW,42.328091,-83.3937044
261635468004,1017.0,0.0,42.81,100.0,Minority,High_poverty,HPM,42.3683417,-83.2337273
261635945002,1773.0,86.01,8.1,10.55,White,Low_poverty,LPW,42.1225511,-83.2106315
261635456001,1217.0,86.11,24.73,12.81,White,Low_poverty,LPW,42.3400038,-83.198559
261635305002,890.0,3.82,38.28,95.96,Minority,High_poverty,HPM,42.3824884,-83.135913
261635459003,374.0,25.4,4.19,73.79,Minority,Low_poverty,LPM,42.3468115,-83.2300409
261635043003,782.0,5.88,25.32,94.12,Minority,Low_poverty,LPM,42.4088311,-82.9814108
261635962001,1350.0,90.89,8.07,5.63,White,Low_poverty,LPW,42.1343984,-83.1429263
261635566002,1294.0,89.34,0.93,1.08,White,Low_poverty,LPW,42.4182988,-83.4088128
261635126003,229.0,2.18,61.83,96.94,Minority,High_poverty,HPM,42.3813466,-82.9586485
261635738003,825.0,97.45,62.18,0.85,White,High_poverty,HPW,42.3478485,-83.1868786
261635729001,944.0,92.69,23.94,5.3,White,Low_poverty,LPW,42.2795286,-83.2282087
261635356003,645.0,11.01,38.6,81.24,Minority,High_poverty,HPM,42.3528095,-83.1625211
261635011004,995.0,6.13,65.87,93.87,Minority,High_poverty,HPM,42.412432,-82.9628973
261635730001,1420.0,94.65,17.63,3.67,White,Low_poverty,LPW,42.3226437,-83.3064524
261635425001,1123.0,2.23,39.36,96.44,Minority,High_poverty,HPM,42.3912891,-83.2097898
261635766001,535.0,75.33,3.36,24.67,White,Low_poverty,LPW,42.2415565,-83.2042599
261635820001,728.0,92.86,10.03,5.77,White,Low_poverty,LPW,42.1958087,-83.1825066
261635334005,276.0,0.0,45.29,100.0,Minority,High_poverty,HPM,42.3629057,-83.1167335
261635322001,322.0,9.63,87.27,90.37,Minority,High_poverty,HPM,42.3867948,-83.0984837
261635624002,1886.0,86.21,1.11,5.73,White,Low_poverty,LPW,42.356884,-83.5004489
261635313002,563.0,3.37,35.11,88.63,Minority,High_poverty,HPM,42.3852322,-83.10952
261635577003,943.0,90.88,2.23,0.74,White,Low_poverty,LPW,42.3871425,-83.4245478
261635583002,820.0,91.22,8.54,8.29,White,Low_poverty,LPW,42.3755233,-83.4010635
261635080001,289.0,7.27,65.74,89.62,Minority,High_poverty,HPM,42.4342583,-83.1093932
261635943002,922.0,98.7,4.01,0.43,White,Low_poverty,LPW,42.1364488,-83.2138804
261635051005,520.0,20.77,58.08,79.24,Minority,High_poverty,HPM,42.4287408,-83.0222248
261635461003,825.0,5.45,45.94,94.55,Minority,High_poverty,HPM,42.3469608,-83.242044
261635007003,956.0,1.15,35.46,98.85,Minority,High_poverty,HPM,42.4300218,-82.9483651
261635961003,1376.0,95.78,1.82,1.24,White,Low_poverty,LPW,42.1179087,-83.1522372
261635748005,1289.0,97.75,23.51,0.0,White,Low_poverty,LPW,42.3070887,-83.2747618
261635301002,366.0,0.0,45.08,100.0,Minority,High_poverty,HPM,42.4089965,-83.1218748
261635645022,2012.0,53.18,0.4,14.22,White,Low_poverty,LPW,42.2996853,-83.4939439
261635315003,1197.0,3.01,63.41,95.15,Minority,High_poverty,HPM,42.3840626,-83.1214981
261635776003,848.0,70.17,28.66,24.65,White,Low_poverty,LPW,42.2441704,-83.166561
261635545001,1231.0,83.43,35.25,12.83,White,High_poverty,HPW,42.4074261,-83.2918509
261635802002,789.0,89.99,17.11,7.98,White,Low_poverty,LPW,42.2271859,-83.1564563
261635684001,591.0,79.02,7.61,9.64,White,Low_poverty,LPW,42.3062143,-83.376725
261635068003,1721.0,1.92,30.1,92.27,Minority,High_poverty,HPM,42.443847,-83.0618582
261635705001,963.0,15.47,25.81,72.9,Minority,Low_poverty,LPM,42.3074653,-83.3325843
261635133002,1303.0,6.98,13.97,88.88,Minority,Low_poverty,LPM,42.3626063,-82.9416919
261635114001,496.0,34.48,51.15,65.52,Minority,High_poverty,HPM,42.3922805,-83.0734239
261635184001,181.0,53.59,46.41,44.75,White,High_poverty,HPW,42.370152,-83.0453534
261635752004,1089.0,83.65,2.48,4.96,White,Low_poverty,LPW,42.2910631,-83.2788659
261635363003,814.0,0.0,9.95,100.0,Minority,Low_poverty,LPM,42.4074652,-83.151065
261635778004,1059.0,88.76,8.69,7.08,White,Low_poverty,LPW,42.2360661,-83.1983011
261635136001,338.0,0.0,33.22,97.63,Minority,High_poverty,HPM,42.3674105,-82.9766544
261635542002,517.0,72.53,19.54,9.86,White,Low_poverty,LPW,42.4301492,-83.3125425
261635375005,611.0,2.95,50.9,93.13,Minority,High_poverty,HPM,42.4033962,-83.1963528
261635074003,484.0,0.0,16.32,100.0,Minority,Low_poverty,LPM,42.4375281,-83.0800326
261635331001,634.0,2.68,69.4,96.37,Minority,High_poverty,HPM,42.3729205,-83.0991295
261635737011,989.0,82.1,43.58,6.67,White,High_poverty,HPW,42.349521,-83.1741862
261635421003,566.0,0.0,52.65,100.0,Minority,High_poverty,HPM,42.4115953,-83.2070742
261635543005,1514.0,74.11,22.92,23.98,White,Low_poverty,LPW,42.4245921,-83.3069237
261635905001,1639.0,95.06,2.62,2.02,White,Low_poverty,LPW,42.1598303,-83.3516143
261635319001,178.0,4.49,42.13,95.51,Minority,High_poverty,HPM,42.3943227,-83.1090255
261635040001,807.0,1.98,38.79,95.79,Minority,High_poverty,HPM,42.4173186,-82.9797868
261635443003,1495.0,18.6,26.35,79.67,Minority,Low_poverty,LPM,42.4107765,-83.2816985
261635035005,749.0,0.0,47.13,93.06,Minority,High_poverty,HPM,42.430004,-82.9972705
261635556002,1850.0,62.32,4.03,34.27,White,Low_poverty,LPW,42.3588166,-83.3062278
261635970001,1419.0,95.91,2.54,2.04,White,Low_poverty,LPW,42.09874,-83.1892653
261635991004,2146.0,79.5,14.46,19.2,White,Low_poverty,LPW,42.0825918,-83.2687081
261635916001,830.0,71.45,1.08,21.08,White,Low_poverty,LPW,42.1542803,-83.2884595
261635264002,662.0,0.0,48.64,100.0,Minority,High_poverty,HPM,42.3422444,-83.1323902
261635052002,434.0,4.15,5.76,94.7,Minority,Low_poverty,LPM,42.4093613,-82.9994997
261635798002,948.0,58.76,65.93,25.21,White,High_poverty,HPW,42.2505032,-83.1420593
261635410003,1158.0,3.63,24.18,96.37,Minority,Low_poverty,LPM,42.4310814,-83.2513333
261635741002,1486.0,82.37,45.83,9.62,White,High_poverty,HPW,42.3193792,-83.17693
261635672013,967.0,94.62,4.28,1.24,White,Low_poverty,LPW,42.3502926,-83.3355686
261635748002,706.0,97.73,19.26,0.0,White,Low_poverty,LPW,42.3048914,-83.2805679
261635006001,918.0,0.0,20.81,100.0,Minority,Low_poverty,LPM,42.4324215,-82.957697
261635424001,644.0,0.0,18.04,100.0,Minority,Low_poverty,LPM,42.3893642,-83.2003797
261635819005,1442.0,96.46,15.6,3.12,White,Low_poverty,LPW,42.2097749,-83.1895647
261635735001,2034.0,82.69,34.46,0.29,White,High_poverty,HPW,42.2974393,-83.1446793
261635347001,793.0,0.0,55.11,100.0,Minority,High_poverty,HPM,42.3566641,-83.151418
261635546003,436.0,81.65,8.26,18.35,White,Low_poverty,LPW,42.4015474,-83.3050777
261635001003,465.0,3.87,10.54,93.98,Minority,Low_poverty,LPM,42.4384492,-82.9535008
261635657002,1410.0,90.43,6.6,8.01,White,Low_poverty,LPW,42.2978858,-83.4172957
261635506003,609.0,100.0,0.0,0.0,White,Low_poverty,LPW,42.3912824,-82.90038
261635645011,4979.0,66.88,0.4,12.29,White,Low_poverty,LPW,42.2992093,-83.5250265
261635431002,1312.0,3.13,24.77,95.65,Minority,Low_poverty,LPM,42.4127585,-83.2233255
261635562003,945.0,87.51,5.71,6.99,White,Low_poverty,LPW,42.43775,-83.3505049
261635532002,280.0,20.71,31.43,72.5,Minority,High_poverty,HPM,42.4099319,-83.1141029
261635736004,1024.0,92.87,41.21,3.12,White,High_poverty,HPW,42.3479126,-83.1654952
261635016001,1222.0,14.73,26.89,84.13,Minority,Low_poverty,LPM,42.4105594,-82.9257832
261635919004,1021.0,96.77,18.32,3.23,White,Low_poverty,LPW,42.1006156,-83.2294159
261635904001,2584.0,94.54,0.19,5.45,White,Low_poverty,LPW,42.1317455,-83.3972569
261635160004,394.0,7.87,44.67,92.13,Minority,High_poverty,HPM,42.3694934,-83.0144562
261635750003,748.0,91.44,5.88,8.56,White,Low_poverty,LPW,42.2950885,-83.2515219
261635393003,1091.0,0.0,0.92,100.0,Minority,Low_poverty,LPM,42.4348121,-83.1780087
261635238001,811.0,38.47,48.34,61.53,Minority,High_poverty,HPM,42.3037437,-83.1193565
261635401002,822.0,0.36,53.53,99.64,Minority,High_poverty,HPM,42.4393176,-83.2051207
261635175002,1307.0,31.98,58.76,63.35,Minority,High_poverty,HPM,42.35366,-83.0597109
261635575003,931.0,84.96,0.0,0.0,White,Low_poverty,LPW,42.4002033,-83.4090066
261635650001,1209.0,65.18,3.23,5.13,White,Low_poverty,LPW,42.2815,-83.4313307
261635070002,844.0,4.62,37.2,90.28,Minority,High_poverty,HPM,42.4297749,-83.0623951
261635319002,726.0,15.56,54.36,80.99,Minority,High_poverty,HPM,42.3869115,-83.1040781
261635685003,1008.0,70.83,39.48,23.01,White,High_poverty,HPW,42.2933296,-83.3711739
261635106001,999.0,26.73,60.16,70.67,Minority,High_poverty,HPM,42.4066888,-83.0424092
261635991002,1112.0,87.14,7.1,12.86,White,Low_poverty,LPW,42.0906285,-83.2790047
261635904002,1658.0,93.0,0.6,5.61,White,Low_poverty,LPW,42.1070342,-83.4025798
261635780002,1064.0,52.35,32.8,38.44,White,High_poverty,HPW,42.2234285,-83.1765622
261635222002,148.0,16.89,48.65,81.08,Minority,High_poverty,HPM,42.3523511,-83.1088089
261635762003,765.0,95.29,3.79,4.71,White,Low_poverty,LPW,42.2640738,-83.2277634
261635644011,4020.0,79.95,1.77,2.64,White,Low_poverty,LPW,42.3392435,-83.5269135
261635407002,549.0,3.46,11.48,94.36,Minority,Low_poverty,LPM,42.4317463,-83.223577
261635930003,1408.0,89.7,10.01,10.3,White,Low_poverty,LPW,42.1434438,-83.2282494
261635639001,2315.0,69.37,5.42,10.02,White,Low_poverty,LPW,42.3294805,-83.4518768
261635051001,1683.0,3.39,62.57,96.61,Minority,High_poverty,HPM,42.4443564,-83.0159163
261635613001,6436.0,82.16,0.0,1.18,White,Low_poverty,LPW,42.4066885,-83.4899269
261635735002,2421.0,84.43,61.92,9.33,White,High_poverty,HPW,42.3160734,-83.1534809
261635862003,1330.0,40.9,48.57,57.07,Minority,High_poverty,HPM,42.1906518,-83.3364567
261635672021,1116.0,78.23,27.87,19.62,White,Low_poverty,LPW,42.3384381,-83.3426187
261635215002,835.0,2.63,44.91,97.01,Minority,High_poverty,HPM,42.3351036,-83.0843192
261635248004,242.0,0.0,3.31,100.0,Minority,Low_poverty,LPM,42.2652469,-83.1601925
261635561002,733.0,69.58,20.42,14.46,White,Low_poverty,LPW,42.4374046,-83.3323746
261635357002,510.0,7.06,23.53,88.63,Minority,Low_poverty,LPM,42.3624101,-83.1660253
261635678002,1404.0,83.62,4.49,4.63,White,Low_poverty,LPW,42.3311923,-83.3743177
261635747001,1493.0,89.48,16.08,5.76,White,Low_poverty,LPW,42.3233492,-83.2746875
261635516002,1678.0,24.2,31.64,71.69,Minority,High_poverty,HPM,42.4376584,-82.9437111
261635641003,2095.0,23.05,16.37,19.14,Other,Low_poverty,LPO,42.3157723,-83.4459273
261635165001,1901.0,36.66,14.94,55.45,Minority,Low_poverty,LPM,42.3373711,-83.0153019
261635265002,1132.0,1.24,66.17,98.76,Minority,High_poverty,HPM,42.3482922,-83.1438247
261635458003,1289.0,15.67,35.14,67.42,Minority,High_poverty,HPM,42.3388606,-83.2356337
261635512001,797.0,75.03,5.9,20.7,White,Low_poverty,LPW,42.4419292,-82.9105571
261635110001,164.0,0.0,19.46,100.0,Minority,Low_poverty,LPM,42.3905117,-83.0279439
261635704005,797.0,6.9,38.9,84.07,Minority,High_poverty,HPM,42.2990999,-83.3226404
261635327002,201.0,5.47,14.29,92.04,Minority,Low_poverty,LPM,42.3741013,-83.0959573
261635331003,281.0,0.0,33.45,100.0,Minority,High_poverty,HPM,42.3706832,-83.1050808
261635311002,373.0,2.14,46.92,97.86,Minority,High_poverty,HPM,42.3768732,-83.1165978
261635718002,1143.0,61.42,14.26,26.25,White,Low_poverty,LPW,42.3500407,-83.2817481
261635747002,513.0,97.86,32.55,2.14,White,High_poverty,HPW,42.3161225,-83.2743599
261635799002,629.0,100.0,4.29,0.0,White,Low_poverty,LPW,42.3167773,-83.2458513
261635401001,1259.0,15.25,29.86,84.75,Minority,Low_poverty,LPM,42.4427233,-83.2106068
261635678003,687.0,79.18,4.8,20.82,White,Low_poverty,LPW,42.336274,-83.3775809
261635650003,2502.0,63.23,2.4,13.91,White,Low_poverty,LPW,42.3015266,-83.4320748
261635734002,763.0,91.35,49.67,0.92,White,High_poverty,HPW,42.3212517,-83.1876342
261635513004,1070.0,31.12,11.5,63.09,Minority,Low_poverty,LPM,42.427896,-82.9211181
261635682001,807.0,83.4,8.3,10.16,White,Low_poverty,LPW,42.297843,-83.3933415
261635502002,1362.0,68.5,4.7,24.53,White,Low_poverty,LPW,42.3788716,-82.934268
261635324003,498.0,16.06,32.33,80.32,Minority,High_poverty,HPM,42.3771241,-83.0855498
261635961002,959.0,96.87,0.0,0.73,White,Low_poverty,LPW,42.0944742,-83.1730964
261635551001,602.0,82.56,9.8,17.44,White,Low_poverty,LPW,42.3744809,-83.3068086
261635612002,3393.0,61.36,1.0,4.01,White,Low_poverty,LPW,42.4196738,-83.5364765
261635738002,1062.0,84.65,35.97,3.86,White,High_poverty,HPW,42.3416479,-83.1809527
261635940002,880.0,94.32,8.62,4.55,White,Low_poverty,LPW,42.150901,-83.1751674
261635264001,694.0,15.42,32.71,84.58,Minority,High_poverty,HPM,42.337993,-83.1288887
261635584002,1187.0,91.58,7.08,7.92,White,Low_poverty,LPW,42.3562234,-83.4253647
261635334004,748.0,0.0,10.96,100.0,Minority,Low_poverty,LPM,42.3644318,-83.1248221
261635339003,1302.0,43.47,35.94,48.23,Other,High_poverty,HPO,42.3665413,-83.0761317
261635722002,1063.0,87.11,2.92,3.57,White,Low_poverty,LPW,42.3303967,-83.2943506
261635710004,552.0,14.86,37.14,81.52,Minority,High_poverty,HPM,42.2775948,-83.2947182
261635511003,1293.0,84.22,0.77,2.17,White,Low_poverty,LPW,42.433669,-82.9050567
261635603001,1165.0,84.21,1.29,2.83,White,Low_poverty,LPW,42.4132766,-83.4514731
261635406004,981.0,0.0,26.71,100.0,Minority,Low_poverty,LPM,42.4212446,-83.2332755
261635543001,467.0,79.23,4.07,20.77,White,Low_poverty,LPW,42.4244487,-83.3003375
261635587001,713.0,77.28,4.49,19.21,White,Low_poverty,LPW,42.3668475,-83.359869
261635502001,1312.0,84.68,1.75,8.61,White,Low_poverty,LPW,42.3825276,-82.9368028
261635412003,361.0,0.55,27.15,99.45,Minority,Low_poverty,LPM,42.4172132,-83.2552886
261635754002,714.0,90.06,22.41,3.92,White,Low_poverty,LPW,42.2840343,-83.2476379
261635582002,713.0,79.8,13.74,9.68,White,Low_poverty,LPW,42.3872388,-83.3177267
261635507002,676.0,98.37,1.18,0.0,White,Low_poverty,LPW,42.4032096,-82.9035005
261635250002,411.0,37.47,63.02,53.04,Minority,High_poverty,HPM,42.3087647,-83.0924682
261635775002,364.0,32.42,7.69,67.58,Minority,Low_poverty,LPM,42.245405,-83.1746435
261635776001,637.0,94.35,5.65,2.35,White,Low_poverty,LPW,42.2340874,-83.1664425
261635061002,784.0,5.99,47.45,90.56,Minority,High_poverty,HPM,42.4445055,-83.0344532
261635797003,766.0,39.56,16.19,56.66,Minority,Low_poverty,LPM,42.2491039,-83.156154
261635633001,952.0,68.28,8.82,18.28,White,Low_poverty,LPW,42.3465581,-83.4486368
261635335002,665.0,0.0,58.35,100.0,Minority,High_poverty,HPM,42.3609696,-83.1280808
261635740003,1224.0,95.67,46.57,4.33,White,High_poverty,HPW,42.327233,-83.175667
261635753003,748.0,73.13,2.14,6.55,White,Low_poverty,LPW,42.2849966,-83.2645879
261635834002,856.0,94.63,6.89,2.57,White,Low_poverty,LPW,42.255781,-83.2335644
261635353005,1138.0,2.02,9.67,94.11,Minority,Low_poverty,LPM,42.3764057,-83.1899004
261635341002,533.0,0.0,37.52,90.99,Minority,High_poverty,HPM,42.3785703,-83.1443205
261635673002,1297.0,72.17,7.4,24.29,White,Low_poverty,LPW,42.3436809,-83.3589227
261635626003,1761.0,88.81,4.26,2.32,White,Low_poverty,LPW,42.3727998,-83.4720358
261635893003,924.0,81.6,10.28,15.48,White,Low_poverty,LPW,42.136205,-83.455383
261635553002,1347.0,42.76,37.64,55.3,Minority,High_poverty,HPM,42.3725224,-83.2872052
261635031002,984.0,10.67,19.23,87.71,Minority,Low_poverty,LPM,42.4438435,-82.9762014
261635514002,1009.0,28.64,11.99,61.94,Minority,Low_poverty,LPM,42.4460004,-82.924632
261635648003,1084.0,59.04,5.63,19.46,White,Low_poverty,LPW,42.2832492,-83.4812228
261635693001,1657.0,90.4,4.59,5.55,White,Low_poverty,LPW,42.3356989,-83.3384825
261635382001,1111.0,15.57,2.16,82.36,Minority,Low_poverty,LPM,42.4351167,-83.1373855
261635551003,1814.0,57.17,29.49,41.45,White,Low_poverty,LPW,42.3665685,-83.3082441
261635071004,515.0,0.0,39.81,100.0,Minority,High_poverty,HPM,42.4265371,-83.0749405
261635039001,472.0,1.27,51.48,98.73,Minority,High_poverty,HPM,42.4140164,-82.9873199
261635044003,606.0,0.0,54.79,100.0,Minority,High_poverty,HPM,42.402205,-82.9920484
261635315004,163.0,0.0,44.79,100.0,Minority,High_poverty,HPM,42.3873272,-83.1271078
261635152002,839.0,1.31,45.53,97.74,Minority,High_poverty,HPM,42.3639179,-83.0072284
261635366002,643.0,0.0,27.68,100.0,Minority,Low_poverty,LPM,42.3867222,-83.1637877
261635429001,880.0,0.0,6.36,93.98,Minority,Low_poverty,LPM,42.402812,-83.2282681
261635396003,1414.0,1.13,13.01,95.82,Minority,Low_poverty,LPM,42.427039,-83.1923516
261635651002,2366.0,50.21,16.54,33.06,White,Low_poverty,LPW,42.3232388,-83.4203318
261635531003,602.0,5.48,59.97,94.52,Minority,High_poverty,HPM,42.4103096,-83.1065773
261635765002,775.0,86.58,17.76,5.81,White,Low_poverty,LPW,42.2461695,-83.205148
261635950001,698.0,71.35,6.02,27.36,White,Low_poverty,LPW,42.1796122,-83.1679953
261635031003,826.0,2.3,25.19,97.7,Minority,Low_poverty,LPM,42.4458009,-82.9830881
261635403002,1029.0,0.0,59.67,97.47,Minority,High_poverty,HPM,42.4266862,-83.2056087
261635403004,707.0,0.0,9.62,98.87,Minority,Low_poverty,LPM,42.4246656,-83.2157078
261635459004,605.0,16.36,23.47,78.02,Minority,Low_poverty,LPM,42.3467545,-83.2336895
261635404002,879.0,0.0,20.52,100.0,Minority,Low_poverty,LPM,42.419437,-83.2053328
261635047003,397.0,0.0,24.69,100.0,Minority,Low_poverty,LPM,42.3970153,-83.0150384
261635590003,1346.0,80.98,3.11,14.04,White,Low_poverty,LPW,42.3565163,-83.3421886
261635779001,643.0,69.05,1.24,25.97,White,Low_poverty,LPW,42.227433,-83.1853968
261635796002,688.0,7.56,39.97,71.51,Minority,High_poverty,HPM,42.2591464,-83.1559178
261635404004,696.0,2.87,54.45,95.26,Minority,High_poverty,HPM,42.4192593,-83.2144926
261635577004,1012.0,96.64,0.79,3.36,White,Low_poverty,LPW,42.3925194,-83.4271129
261635619002,2641.0,90.08,0.0,0.0,White,Low_poverty,LPW,42.361441,-83.5314891
261635863002,897.0,83.17,4.87,11.48,White,Low_poverty,LPW,42.1960241,-83.412671
261635249001,749.0,24.97,30.04,75.04,Minority,High_poverty,HPM,42.2959555,-83.1187657
261639853001,233.0,58.37,25.75,41.63,White,Low_poverty,LPW,42.3203926,-83.0701382
261635760002,823.0,80.68,9.17,9.6,White,Low_poverty,LPW,42.2829921,-83.2053116
261635906002,959.0,89.57,4.48,10.43,White,Low_poverty,LPW,42.1194862,-83.321075
261635105004,2069.0,6.33,35.43,6.04,Other,High_poverty,HPO,42.4125398,-83.0621158
261635011003,319.0,0.31,59.56,91.23,Minority,High_poverty,HPM,42.4067542,-82.9608442
261635105001,135.0,0.0,74.07,100.0,Minority,High_poverty,HPM,42.4065334,-83.074311
261635042004,229.0,0.0,59.83,100.0,Minority,High_poverty,HPM,42.4042793,-82.9692813
261635701002,1471.0,6.59,24.61,77.7,Minority,Low_poverty,LPM,42.3064749,-83.2964127
261635224001,151.0,3.97,27.81,90.07,Minority,Low_poverty,LPM,42.3623706,-83.0851347
261635055001,667.0,6.6,55.77,89.66,Minority,High_poverty,HPM,42.3976485,-82.9994168
261635326003,242.0,16.94,29.34,36.36,Other,Low_poverty,LPO,42.3674669,-83.0863348
261635862001,1126.0,46.8,7.64,49.29,Other,Low_poverty,LPO,42.2185142,-83.3220888
261635080002,984.0,1.42,72.36,95.63,Minority,High_poverty,HPM,42.4413496,-83.1149245
261635011005,672.0,0.0,48.96,100.0,Minority,High_poverty,HPM,42.4180613,-82.9616162
261635211002,1123.0,25.02,34.32,72.84,Minority,High_poverty,HPM,42.3232731,-83.0865236
261635220001,1936.0,3.2,58.54,94.83,Minority,High_poverty,HPM,42.3435757,-83.0875891
261635222001,242.0,0.0,28.51,81.82,Minority,Low_poverty,LPM,42.3505114,-83.1054602
261635990002,2592.0,81.1,16.71,15.93,White,Low_poverty,LPW,42.1010082,-83.2555792
261635990003,1704.0,80.58,6.04,17.67,White,Low_poverty,LPW,42.1066927,-83.2961558
261635301001,704.0,0.0,54.12,100.0,Minority,High_poverty,HPM,42.405547,-83.1192523
261635302003,139.0,0.0,0.0,100.0,Minority,Low_poverty,LPM,42.4076209,-83.1295555
261635806003,1000.0,89.0,9.9,11.0,White,Low_poverty,LPW,42.2029483,-83.1655819
261635772003,1227.0,52.24,46.94,43.76,White,High_poverty,HPW,42.2586607,-83.1855416
261635774002,478.0,95.82,9.21,1.46,White,Low_poverty,LPW,42.2410957,-83.1936863
261635765004,734.0,80.93,1.09,11.85,White,Low_poverty,LPW,42.2553082,-83.201139
261635764001,1421.0,86.42,5.44,9.71,White,Low_poverty,LPW,42.2547137,-83.2130091
261635565001,2187.0,79.2,7.82,8.0,White,Low_poverty,LPW,42.4235314,-83.4237379
261635602001,990.0,69.7,1.62,8.08,White,Low_poverty,LPW,42.4321695,-83.4435371
261635645021,1746.0,72.62,2.23,6.3,White,Low_poverty,LPW,42.2910713,-83.4978452
261635383001,1131.0,14.32,30.15,85.59,Minority,High_poverty,HPM,42.4265837,-83.1167893
261635439002,287.0,11.15,72.82,78.05,Minority,High_poverty,HPM,42.3819163,-83.2441278
261635455003,455.0,9.67,51.4,88.35,Minority,High_poverty,HPM,42.3474493,-83.214084
261635411005,361.0,0.0,79.78,100.0,Minority,High_poverty,HPM,42.4171417,-83.2409879
261635635003,1145.0,71.0,1.31,8.3,White,Low_poverty,LPW,42.3252378,-83.4977485
261635799001,1839.0,56.99,43.5,11.91,White,High_poverty,HPW,42.3200692,-83.2276907
261635650002,1378.0,36.87,12.63,18.94,Other,Low_poverty,LPO,42.3011155,-83.4395961
261635644021,5678.0,52.77,5.22,9.25,White,Low_poverty,LPW,42.3138055,-83.5167746
261635701003,1875.0,47.63,21.87,46.56,Other,Low_poverty,LPO,42.309937,-83.2955004
261635720002,631.0,96.35,18.38,3.64,White,Low_poverty,LPW,42.346149,-83.283348
261635247004,527.0,0.0,58.63,98.1,Minority,High_poverty,HPM,42.2722804,-83.1591221
261635272002,155.0,16.13,29.68,83.87,Minority,Low_poverty,LPM,42.3505628,-83.1241365
261635004003,383.0,0.0,52.48,100.0,Minority,High_poverty,HPM,42.4241944,-82.9773914
261635006005,584.0,0.0,27.91,100.0,Minority,Low_poverty,LPM,42.4329825,-82.9703305
261635071003,310.0,0.32,65.48,88.71,Minority,High_poverty,HPM,42.424534,-83.0766808
261635273001,399.0,0.0,53.13,100.0,Minority,High_poverty,HPM,42.3474839,-83.1153131
261635963002,923.0,96.97,0.0,0.43,White,Low_poverty,LPW,42.1427377,-83.1643867
261635110002,211.0,8.53,18.96,91.47,Minority,Low_poverty,LPM,42.399905,-83.0270858
261635755001,645.0,80.93,13.18,17.37,White,Low_poverty,LPW,42.2815229,-83.2232876
261635848001,1211.0,20.15,62.59,79.85,Minority,High_poverty,HPM,42.1904032,-83.3015694
261635848004,1431.0,58.91,21.92,36.96,White,Low_poverty,LPW,42.1854674,-83.296382
261635341003,719.0,5.01,41.17,94.99,Minority,High_poverty,HPM,42.372499,-83.1420523
261635870001,1366.0,87.34,10.48,8.05,White,Low_poverty,LPW,42.206431,-83.486905
261635915021,3292.0,72.57,12.0,13.34,White,Low_poverty,LPW,42.16419,-83.2369026
261635915012,1168.0,72.6,10.7,21.06,White,Low_poverty,LPW,42.1734365,-83.2465968
261635258001,761.0,15.24,44.31,84.76,Minority,High_poverty,HPM,42.3325152,-83.1324678
261635918002,2454.0,63.53,15.08,27.83,White,Low_poverty,LPW,42.1231373,-83.2671816
261635383002,998.0,6.51,47.6,89.67,Minority,High_poverty,HPM,42.4234694,-83.1231908
261635156002,742.0,0.0,14.42,100.0,Minority,Low_poverty,LPM,42.3665019,-82.9935401
261635166002,879.0,3.3,25.26,90.9,Minority,Low_poverty,LPM,42.3425403,-83.0174602
261635188001,272.0,18.75,8.46,81.25,Minority,Low_poverty,LPM,42.3606433,-83.0345037
261635232001,1848.0,25.27,37.45,72.13,Minority,High_poverty,HPM,42.3136235,-83.1061042
261635862004,1288.0,59.01,6.65,30.82,White,Low_poverty,LPW,42.1849219,-83.3549092
261635255001,648.0,5.4,55.71,70.99,Minority,High_poverty,HPM,42.3347626,-83.1058294
261635344002,898.0,1.67,70.38,96.21,Minority,High_poverty,HPM,42.3684566,-83.1581103
261635343002,879.0,0.0,42.66,95.91,Minority,High_poverty,HPM,42.3738684,-83.1647926
261635371003,1418.0,0.71,42.03,97.18,Minority,High_poverty,HPM,42.4000496,-83.1745101
261635370003,1262.0,0.08,39.14,99.05,Minority,High_poverty,HPM,42.4039804,-83.1743551
261635435001,374.0,9.36,27.27,85.56,Minority,Low_poverty,LPM,42.4022531,-83.2498228
261635452004,626.0,0.0,38.98,100.0,Minority,High_poverty,HPM,42.3703402,-83.2074115
261635466003,443.0,6.32,53.05,93.68,Minority,High_poverty,HPM,42.3611049,-83.2384473
261635505003,1417.0,86.03,5.43,4.73,White,Low_poverty,LPW,42.383942,-82.9038931
261635549003,1656.0,73.01,6.46,22.83,White,Low_poverty,LPW,42.3812412,-83.3046108
261635719003,1223.0,81.36,17.01,17.58,White,Low_poverty,LPW,42.3513991,-83.3018553
261635431001,1085.0,22.49,12.9,71.52,Minority,Low_poverty,LPM,42.4125726,-83.2328852
261635430002,634.0,9.46,3.15,88.33,Minority,Low_poverty,LPM,42.4072901,-83.2225991
261635437002,1837.0,2.5,59.61,94.18,Minority,High_poverty,HPM,42.390965,-83.2419021
261635457001,1857.0,43.19,54.39,53.79,Minority,High_poverty,HPM,42.3331814,-83.2292187
261635627001,1445.0,97.16,4.5,2.84,White,Low_poverty,LPW,42.3676021,-83.4730891
261635689002,1207.0,79.62,12.93,9.53,White,Low_poverty,LPW,42.3302051,-83.4040203
261635793002,1843.0,0.0,78.08,99.24,Minority,High_poverty,HPM,42.2650533,-83.1473984
261635847001,1199.0,89.07,4.09,4.09,White,Low_poverty,LPW,42.1946704,-83.2756574
261635370002,785.0,3.57,43.7,96.43,Minority,High_poverty,HPM,42.4056435,-83.1819901
261635397002,1213.0,0.0,35.52,100.0,Minority,High_poverty,HPM,42.432296,-83.194385
261635403005,1083.0,9.97,35.27,81.07,Minority,High_poverty,HPM,42.4283584,-83.2132395
261635469001,1061.0,0.0,33.52,95.95,Minority,High_poverty,HPM,42.373917,-83.2228469
261635410002,1750.0,0.0,20.8,95.77,Minority,Low_poverty,LPM,42.4346938,-83.2514634
261635442002,753.0,10.09,29.08,89.9,Minority,Low_poverty,LPM,42.4071736,-83.2650948
261635574002,1813.0,96.47,4.08,1.49,White,Low_poverty,LPW,42.4075531,-83.3843137
261635579003,2118.0,83.66,5.38,5.15,White,Low_poverty,LPW,42.3897355,-83.3829724
261635649001,1904.0,70.17,23.43,19.07,White,Low_poverty,LPW,42.2720373,-83.4556991
261635667002,1862.0,80.99,30.5,4.03,White,High_poverty,HPW,42.2708759,-83.4089817
261635667003,1708.0,86.24,23.07,9.19,White,Low_poverty,LPW,42.2704371,-83.3831691
261635669004,1319.0,79.08,6.23,16.3,White,Low_poverty,LPW,42.2784887,-83.3581654
261635679003,1658.0,80.46,12.24,17.31,White,Low_poverty,LPW,42.3193011,-83.3835641
261635738004,1911.0,83.1,19.73,1.73,White,Low_poverty,LPW,42.3473287,-83.192748
261635763003,824.0,83.13,7.65,12.25,White,Low_poverty,LPW,42.2479322,-83.2271649
261635796004,1082.0,0.0,10.63,87.89,Minority,Low_poverty,LPM,42.254034,-83.1520392
261635842002,1982.0,62.51,6.23,29.87,White,Low_poverty,LPW,42.22308,-83.2615569
261635859004,861.0,94.19,34.0,3.02,White,High_poverty,HPW,42.2298741,-83.4078748
261635943003,1016.0,87.8,2.87,12.21,White,Low_poverty,LPW,42.1372385,-83.2040916
261635078001,389.0,2.83,73.26,97.17,Minority,High_poverty,HPM,42.4216399,-83.0964252
261635536003,513.0,2.34,5.07,97.66,Minority,Low_poverty,LPM,42.4015726,-83.0812087
261635323001,727.0,29.71,11.69,56.95,Minority,Low_poverty,LPM,42.3840376,-83.0891148
261635189001,1855.0,3.23,51.16,96.5,Minority,High_poverty,HPM,42.3525954,-83.043507
261635215001,679.0,45.21,16.05,53.9,Minority,Low_poverty,LPM,42.3375924,-83.0730863
261635231001,1480.0,18.85,35.81,80.07,Minority,High_poverty,HPM,42.325951,-83.1023821
261635793001,553.0,9.22,20.43,90.78,Minority,Low_poverty,LPM,42.2713941,-83.1420869
261635309003,237.0,0.0,0.0,100.0,Minority,Low_poverty,LPM,42.3783726,-83.1259836
261635716001,1842.0,84.42,28.29,13.19,White,Low_poverty,LPW,42.3351459,-83.2659352
261635879001,2441.0,51.78,11.43,43.75,White,Low_poverty,LPW,42.2563184,-83.4602809
261635820003,1728.0,57.12,29.8,40.68,White,Low_poverty,LPW,42.1887071,-83.1859875
261635679001,756.0,97.49,4.23,0.93,White,Low_poverty,LPW,42.3118187,-83.3838379
261635684003,975.0,82.05,10.56,17.95,White,Low_poverty,LPW,42.3028135,-83.3837371
261635669001,1114.0,81.6,16.7,17.59,White,Low_poverty,LPW,42.2794312,-83.3510122
261635991001,615.0,92.36,20.98,3.9,White,Low_poverty,LPW,42.0884436,-83.2719506
261635568002,927.0,96.98,4.96,2.59,White,Low_poverty,LPW,42.4184482,-83.370735
261635569001,1104.0,83.06,6.34,6.25,White,Low_poverty,LPW,42.4222425,-83.341111
261635715002,1130.0,80.97,18.5,16.9,White,Low_poverty,LPW,42.3334854,-83.2401872
261635652001,3079.0,45.83,3.05,31.21,Other,Low_poverty,LPO,42.3446633,-83.4152922
261635647001,2170.0,36.31,7.83,39.96,Other,Low_poverty,LPO,42.3016084,-83.4455962
261635683002,868.0,82.26,15.32,10.26,White,Low_poverty,LPW,42.2920755,-83.3958839
261635389001,824.0,0.0,13.47,100.0,Minority,Low_poverty,LPM,42.4368179,-83.1584162
261635388001,857.0,0.0,15.87,99.18,Minority,Low_poverty,LPM,42.4350756,-83.1643651
261635386001,943.0,12.09,44.54,87.91,Minority,High_poverty,HPM,42.4297614,-83.1441504
261635385003,632.0,18.2,37.03,80.06,Minority,High_poverty,HPM,42.4206746,-83.1525801
261635696003,881.0,86.27,3.18,4.09,White,Low_poverty,LPW,42.3140002,-83.3669109
261635816004,1856.0,55.12,9.7,14.06,White,Low_poverty,LPW,42.2212077,-83.2223625
261635838001,1167.0,76.95,4.2,22.79,White,Low_poverty,LPW,42.2345478,-83.2772169
261635541002,1151.0,60.38,7.99,38.93,White,Low_poverty,LPW,42.4380734,-83.3012547
261635571002,799.0,80.85,15.39,7.38,White,Low_poverty,LPW,42.4021993,-83.32033
261635544003,538.0,61.71,17.29,35.69,White,Low_poverty,LPW,42.4247848,-83.2944483
261635592002,988.0,86.74,7.46,4.76,White,Low_poverty,LPW,42.3581004,-83.3282093
261635692002,832.0,72.6,13.58,27.4,White,Low_poverty,LPW,42.328333,-83.3170043
261635422003,570.0,0.0,52.98,100.0,Minority,High_poverty,HPM,42.4030774,-83.2095533
261635421004,421.0,0.71,20.43,99.29,Minority,Low_poverty,LPM,42.4121195,-83.2104187
261635421001,1115.0,1.61,20.81,98.39,Minority,Low_poverty,LPM,42.4140708,-83.2030249
261635141002,506.0,0.0,52.37,100.0,Minority,High_poverty,HPM,42.3818652,-82.9911962
261635139001,780.0,0.0,77.31,99.23,Minority,High_poverty,HPM,42.3742858,-82.978837
261635401004,536.0,1.49,50.75,98.51,Minority,High_poverty,HPM,42.4390741,-83.2166689
261635397001,781.0,0.51,16.65,99.49,Minority,Low_poverty,LPM,42.4369855,-83.1969372
261635395004,1084.0,2.03,44.48,96.49,Minority,High_poverty,HPM,42.4195858,-83.1948042
261635394001,1401.0,0.64,25.36,97.57,Minority,Low_poverty,LPM,42.4275939,-83.1729386
261635392002,1913.0,1.36,51.16,95.03,Minority,High_poverty,HPM,42.4417733,-83.1833078
261635392001,584.0,0.0,23.46,100.0,Minority,Low_poverty,LPM,42.4395006,-83.1758866
261635390004,821.0,0.0,16.69,100.0,Minority,Low_poverty,LPM,42.4421889,-83.1597388
261635390002,534.0,19.48,0.0,78.46,Minority,Low_poverty,LPM,42.4420781,-83.1509774
261635963001,1752.0,88.81,1.03,5.6,White,Low_poverty,LPW,42.1780785,-83.1474917
261635337001,709.0,1.69,22.99,90.69,Minority,Low_poverty,LPM,42.3550576,-83.1326831
261635336001,403.0,2.48,30.77,94.79,Minority,High_poverty,HPM,42.357643,-83.1261583
261635334001,439.0,0.0,90.89,100.0,Minority,High_poverty,HPM,42.3658721,-83.119752
261635332003,318.0,0.0,37.74,100.0,Minority,High_poverty,HPM,42.3698394,-83.1081226
261635330002,921.0,3.58,15.42,87.4,Minority,Low_poverty,LPM,42.3648226,-83.099563
261635327001,413.0,0.0,27.6,100.0,Minority,Low_poverty,LPM,42.3757187,-83.0914623
261635324002,613.0,7.99,53.51,88.74,Minority,High_poverty,HPM,42.3780772,-83.0822928
261635318002,477.0,3.56,59.75,96.44,Minority,High_poverty,HPM,42.3896073,-83.1141837
261635316002,1094.0,3.02,40.21,94.7,Minority,High_poverty,HPM,42.3931414,-83.1310048
261635002003,679.0,0.0,17.82,100.0,Minority,Low_poverty,LPM,42.4439389,-82.9676482
261635001002,912.0,5.59,30.92,91.99,Minority,High_poverty,HPM,42.443593,-82.9487847
261635577001,1037.0,98.84,4.24,0.0,White,Low_poverty,LPW,42.3929004,-83.4167767
261635576002,811.0,99.75,2.96,0.25,White,Low_poverty,LPW,42.3987839,-83.4220274
261635577002,1196.0,99.83,0.17,0.17,White,Low_poverty,LPW,42.3852773,-83.4168101
261635917003,4091.0,83.26,1.81,11.44,White,Low_poverty,LPW,42.1385655,-83.2898161
261635855002,511.0,73.19,12.92,11.54,White,Low_poverty,LPW,42.2547581,-83.3358612
261635859003,1211.0,98.6,7.1,1.4,White,Low_poverty,LPW,42.2166872,-83.4018968
261635812001,1522.0,73.39,10.78,18.33,White,Low_poverty,LPW,42.1938507,-83.222807
261635819003,704.0,75.99,0.28,23.86,White,Low_poverty,LPW,42.2005642,-83.1867443
261635126004,240.0,0.0,47.08,100.0,Minority,High_poverty,HPM,42.3801153,-82.9629577
261635121003,643.0,0.0,17.42,97.51,Minority,Low_poverty,LPM,42.3955736,-82.9667813
261635792004,696.0,44.54,23.99,55.46,Minority,Low_poverty,LPM,42.2694724,-83.1342846
261635883002,1697.0,78.49,6.8,10.96,White,Low_poverty,LPW,42.1869792,-83.5161576
261635904003,2998.0,81.85,4.3,14.77,White,Low_poverty,LPW,42.1104823,-83.3496415
261635740001,760.0,94.34,39.08,0.0,White,High_poverty,HPW,42.3268019,-83.1695464
261635762002,854.0,84.78,8.9,7.73,White,Low_poverty,LPW,42.2597426,-83.2234075
261635777001,1256.0,72.45,14.73,25.48,White,Low_poverty,LPW,42.2325266,-83.1775978
261635773004,608.0,64.64,25.33,32.4,White,Low_poverty,LPW,42.2524466,-83.1965586
261635894002,487.0,86.65,21.56,8.01,White,Low_poverty,LPW,42.1378479,-83.5266278
261635821001,786.0,79.13,6.66,20.86,White,Low_poverty,LPW,42.1956218,-83.1966504
261635785003,758.0,36.81,17.28,53.57,Minority,Low_poverty,LPM,42.2916946,-83.1814198
261635772001,1037.0,47.06,40.69,41.85,Other,High_poverty,HPO,42.2663658,-83.1821516
261635697002,1298.0,80.74,5.01,4.62,White,Low_poverty,LPW,42.3174193,-83.335492
261635658001,1245.0,79.68,11.41,17.1,White,Low_poverty,LPW,42.3066886,-83.3561265
261635727002,1144.0,81.64,6.38,13.81,White,Low_poverty,LPW,42.2712939,-83.2605152
261635951003,743.0,87.21,13.73,12.65,White,Low_poverty,LPW,42.1806679,-83.2065431
261635951004,1130.0,79.38,9.3,17.96,White,Low_poverty,LPW,42.1757139,-83.213611
261635634004,1747.0,93.53,3.09,2.69,White,Low_poverty,LPW,42.3401339,-83.4741388
261635835002,785.0,96.69,4.71,1.4,White,Low_poverty,LPW,42.2453147,-83.2475077
261635763002,902.0,98.12,10.2,1.88,White,Low_poverty,LPW,42.2553836,-83.2243368
261635438001,487.0,6.16,37.17,93.84,Minority,High_poverty,HPM,42.389378,-83.2588347
261635437003,489.0,0.0,32.72,100.0,Minority,High_poverty,HPM,42.3908978,-83.234143
261635434003,817.0,8.57,26.19,82.38,Minority,Low_poverty,LPM,42.3976691,-83.2368172
261635432002,358.0,3.35,7.82,96.65,Minority,Low_poverty,LPM,42.4110323,-83.253668
261635428001,586.0,8.7,3.51,90.1,Minority,Low_poverty,LPM,42.3902347,-83.2201022
261635426004,441.0,0.0,18.14,100.0,Minority,Low_poverty,LPM,42.3817272,-83.204276
261635424002,906.0,2.76,23.09,90.07,Minority,Low_poverty,LPM,42.3892962,-83.2052573
261635770001,846.0,49.88,20.69,44.21,Other,Low_poverty,LPO,42.2544023,-83.1631431
261635802003,502.0,100.0,0.0,0.0,White,Low_poverty,LPW,42.2245637,-83.1621834
261635803003,991.0,99.29,4.64,0.71,White,Low_poverty,LPW,42.2191261,-83.1661475
261635820002,779.0,92.81,8.18,1.93,White,Low_poverty,LPW,42.1956938,-83.1891097
261635642001,765.0,88.89,3.66,1.97,White,Low_poverty,LPW,42.3191829,-83.4616638
261635588002,1259.0,87.05,7.31,2.38,White,Low_poverty,LPW,42.3577304,-83.3659124
261635680002,1367.0,75.64,23.92,17.11,White,Low_poverty,LPW,42.313396,-83.3985194
261635678004,1455.0,78.97,21.06,19.93,White,Low_poverty,LPW,42.3305915,-83.3834471
261635786002,1975.0,58.68,44.71,24.76,White,High_poverty,HPW,42.2794482,-83.1783669
261635722004,1601.0,55.59,12.74,41.72,White,Low_poverty,LPW,42.3339189,-83.3087711
261635980004,508.0,97.24,18.31,0.98,White,Low_poverty,LPW,42.0699503,-83.2333926
261635506001,614.0,90.72,0.0,3.74,White,Low_poverty,LPW,42.3955332,-82.8900517
261635501001,648.0,85.65,0.0,6.33,White,Low_poverty,LPW,42.3692529,-82.9251226
261635501004,603.0,94.69,0.0,0.0,White,Low_poverty,LPW,42.3759351,-82.9193121
261635468002,723.0,0.83,34.58,99.17,Minority,High_poverty,HPM,42.3674268,-83.2222575
261635467004,753.0,5.18,26.29,91.5,Minority,Low_poverty,LPM,42.3611683,-83.2341723
261635466002,1008.0,9.72,41.27,86.81,Minority,High_poverty,HPM,42.3627756,-83.2440622
261635721004,1058.0,85.16,21.08,14.84,White,Low_poverty,LPW,42.3302357,-83.2897577
261635731002,2044.0,87.38,7.33,3.23,White,Low_poverty,LPW,42.3156307,-83.2938867
261635746006,438.0,81.51,15.07,16.89,White,Low_poverty,LPW,42.3212003,-83.268516
261635746002,756.0,94.58,1.1,5.42,White,Low_poverty,LPW,42.3191514,-83.2608004
261635698003,645.0,88.22,8.68,8.68,White,Low_poverty,LPW,42.3230822,-83.3247917
261635847002,989.0,82.41,16.78,12.13,White,Low_poverty,LPW,42.1885779,-83.2777006
261635830002,787.0,83.1,11.56,11.05,White,Low_poverty,LPW,42.2668351,-83.2599714
261635841001,696.0,97.84,15.52,2.15,White,Low_poverty,LPW,42.2185728,-83.2401718
261635238004,2142.0,8.64,46.45,89.54,Minority,High_poverty,HPM,42.3083763,-83.1094939
261635234002,997.0,12.24,28.69,87.77,Minority,Low_poverty,LPM,42.3230773,-83.0935917
261635623002,1209.0,94.46,1.08,0.0,White,Low_poverty,LPW,42.3718085,-83.5012945
261635698002,741.0,85.02,3.37,10.39,White,Low_poverty,LPW,42.3185948,-83.3246355
261635699001,1321.0,93.49,14.69,1.14,White,Low_poverty,LPW,42.3140494,-83.3257683
261635632001,1487.0,72.63,14.46,12.17,White,Low_poverty,LPW,42.3464835,-83.4325785
261635883003,2717.0,73.43,3.5,24.22,White,Low_poverty,LPW,42.2020642,-83.5217724
261635687004,1094.0,67.37,4.3,32.36,White,Low_poverty,LPW,42.2927668,-83.3422007
261635653002,1703.0,54.02,39.69,40.46,White,High_poverty,HPW,42.344609,-83.3914025
261635586001,967.0,80.97,7.76,14.07,White,Low_poverty,LPW,42.3627358,-83.376837
261635461005,354.0,48.59,37.29,51.41,Minority,High_poverty,HPM,42.353788,-83.24497
261635233001,831.0,12.52,58.97,87.48,Minority,High_poverty,HPM,42.3206032,-83.0999562
261635207002,1665.0,60.66,26.82,32.55,White,Low_poverty,LPW,42.3334457,-83.0506835
261635225001,528.0,8.9,65.02,84.47,Minority,High_poverty,HPM,42.3400508,-83.0633204
261635832002,796.0,84.17,33.67,11.18,White,High_poverty,HPW,42.2568519,-83.2823852
261635718003,966.0,80.12,13.25,19.35,White,Low_poverty,LPW,42.3537689,-83.2907248
261635779005,858.0,84.38,2.68,12.7,White,Low_poverty,LPW,42.2229116,-83.1973311
261635719002,667.0,87.71,14.84,8.55,White,Low_poverty,LPW,42.343552,-83.3086497
261635019001,771.0,4.54,46.17,95.46,Minority,High_poverty,HPM,42.3989956,-82.940771
261635561001,593.0,78.92,3.2,19.56,White,Low_poverty,LPW,42.4314266,-83.3285504
261635799004,1315.0,94.45,11.18,1.9,White,Low_poverty,LPW,42.310619,-83.2583007
261635729002,702.0,94.3,36.32,3.56,White,High_poverty,HPW,42.2763133,-83.2235065
261635804001,1412.0,98.51,9.14,0.0,White,Low_poverty,LPW,42.219682,-83.1761551
261635363001,385.0,0.0,3.9,100.0,Minority,Low_poverty,LPM,42.4079722,-83.1435887
261635357001,612.0,0.0,47.89,96.73,Minority,High_poverty,HPM,42.3624751,-83.1611426
261635355001,1241.0,0.0,36.1,97.99,Minority,High_poverty,HPM,42.3533845,-83.1940714
261635585001,779.0,97.18,4.88,1.28,White,Low_poverty,LPW,42.3631731,-83.4001528
261635588001,1316.0,90.27,4.56,7.82,White,Low_poverty,LPW,42.3574629,-83.3563435
261635884003,829.0,87.21,2.41,10.26,White,Low_poverty,LPW,42.1846514,-83.4732393
261635637002,673.0,82.91,3.3,4.3,White,Low_poverty,LPW,42.3257103,-83.4618528
261635906001,1442.0,88.49,1.94,3.12,White,Low_poverty,LPW,42.1297259,-83.3370596
261635856002,1091.0,29.33,41.33,59.58,Minority,High_poverty,HPM,42.2560284,-83.3686674
261635694001,877.0,94.3,19.04,1.6,White,Low_poverty,LPW,42.3372443,-83.3557201
261635417002,1815.0,2.81,29.81,95.98,Minority,Low_poverty,LPM,42.433791,-83.274845
261635049004,838.0,0.72,17.42,99.28,Minority,Low_poverty,LPM,42.4264199,-83.0169402
261635048002,381.0,0.0,32.02,100.0,Minority,High_poverty,HPM,42.4147997,-83.0198108
261635548002,759.0,16.6,8.43,79.31,Minority,Low_poverty,LPM,42.3891749,-83.2828369
261635737021,1771.0,99.55,20.21,0.45,White,Low_poverty,LPW,42.334139,-83.1685532
261635736001,1353.0,93.5,38.88,5.47,White,High_poverty,HPW,42.3479895,-83.1510766
261635741001,1308.0,94.95,33.26,0.0,White,High_poverty,HPW,42.3197581,-83.1693189
261635862002,3379.0,39.89,13.08,55.04,Minority,Low_poverty,LPM,42.1871569,-83.3142335
261635835003,938.0,81.66,4.42,15.04,White,Low_poverty,LPW,42.2472889,-83.2379601
261635726004,942.0,56.05,2.76,42.25,White,Low_poverty,LPW,42.2794869,-83.2856913
261635754003,664.0,94.88,4.82,1.81,White,Low_poverty,LPW,42.2886183,-83.2480368
261635746001,912.0,92.21,34.65,7.79,White,High_poverty,HPW,42.3235528,-83.2625568
261635749002,1065.0,84.13,18.69,7.79,White,Low_poverty,LPW,42.3015232,-83.2677243
261635743002,2131.0,87.19,34.68,3.8,White,High_poverty,HPW,42.3187291,-83.1996441
261635751002,791.0,80.53,14.27,15.67,White,Low_poverty,LPW,42.2928566,-83.2558327
261635752001,610.0,79.34,13.28,16.55,White,Low_poverty,LPW,42.2934504,-83.2740296
261635753004,517.0,81.82,10.83,18.18,White,Low_poverty,LPW,42.2874549,-83.2682126
261635728004,687.0,100.0,4.95,0.0,White,Low_poverty,LPW,42.2722694,-83.2483315
261635834001,838.0,76.61,13.96,23.39,White,Low_poverty,LPW,42.2597622,-83.2404198
261635728001,1008.0,73.02,23.12,26.98,White,Low_poverty,LPW,42.2763147,-83.2338683
261635687002,813.0,72.45,7.26,21.03,White,Low_poverty,LPW,42.3050694,-83.3446162
261635746007,546.0,89.74,4.21,10.26,White,Low_poverty,LPW,42.3252222,-83.2686859
261635698001,834.0,83.81,2.28,16.19,White,Low_poverty,LPW,42.3215477,-83.3149752
261635701001,965.0,28.6,34.09,64.25,Minority,High_poverty,HPM,42.2990024,-83.2956166
261635304001,398.0,7.04,62.81,92.96,Minority,High_poverty,HPM,42.3893581,-83.1356245
261635303003,702.0,6.41,49.57,91.45,Minority,High_poverty,HPM,42.403957,-83.1301596
261635302001,1389.0,2.88,34.41,96.4,Minority,High_poverty,HPM,42.4152728,-83.1322296
261635263002,860.0,5.93,63.21,93.96,Minority,High_poverty,HPM,42.340769,-83.1374901
261635261002,2183.0,59.78,66.47,33.62,White,High_poverty,HPW,42.3327717,-83.1502251
261635715003,1001.0,79.52,16.98,4.7,White,Low_poverty,LPW,42.3354846,-83.2512367
261635589001,954.0,83.96,8.49,6.5,White,Low_poverty,LPW,42.366574,-83.3428263
261635673003,914.0,96.28,8.62,3.72,White,Low_poverty,LPW,42.3502249,-83.3668114
261635697004,1229.0,94.79,3.5,2.27,White,Low_poverty,LPW,42.3153866,-83.3449718
261635666002,1412.0,61.05,3.06,35.91,White,Low_poverty,LPW,42.2830486,-83.4171056
261635802004,913.0,89.27,3.72,8.54,White,Low_poverty,LPW,42.2303884,-83.161097
261635664001,506.0,43.87,16.4,56.13,Minority,Low_poverty,LPM,42.2845016,-83.3717097
261635717002,1259.0,53.93,19.55,39.15,White,Low_poverty,LPW,42.3465233,-83.2690436
261635548001,366.0,25.96,5.19,59.29,Minority,Low_poverty,LPM,42.3930615,-83.2818611
261635587003,1050.0,96.95,5.24,1.34,White,Low_poverty,LPW,42.364587,-83.3669561
261635893001,1590.0,91.89,4.78,4.59,White,Low_poverty,LPW,42.1617377,-83.446361
261635919002,1678.0,98.45,3.1,0.24,White,Low_poverty,LPW,42.1064743,-83.2349382
261635920002,3415.0,86.12,8.67,10.84,White,Low_poverty,LPW,42.0659944,-83.2182677
261635385001,340.0,0.29,35.0,99.71,Minority,High_poverty,HPM,42.4225701,-83.1438145
261635070003,644.0,0.0,36.96,100.0,Minority,High_poverty,HPM,42.4295967,-83.0686286
261635069002,728.0,5.36,0.0,89.56,Minority,Low_poverty,LPM,42.4367413,-83.062748
261635066004,1140.0,0.79,60.88,99.21,Minority,High_poverty,HPM,42.4372046,-83.0413188
261635066002,1317.0,3.72,20.5,87.93,Minority,Low_poverty,LPM,42.4370111,-83.050582
261635064001,376.0,3.46,16.49,96.55,Minority,Low_poverty,LPM,42.4216252,-83.0446652
261635062001,1233.0,0.97,19.06,99.03,Minority,Low_poverty,LPM,42.4376169,-83.0265257
261635054001,994.0,0.0,16.8,95.17,Minority,Low_poverty,LPM,42.4181703,-82.9983899
261635052003,368.0,20.65,11.68,73.91,Minority,Low_poverty,LPM,42.4132734,-83.0051751
261635920001,1077.0,100.0,22.14,0.0,White,Low_poverty,LPW,42.0600376,-83.1989508
261635951002,1797.0,97.22,9.33,2.23,White,Low_poverty,LPW,42.1734561,-83.1983798
261635604003,760.0,89.74,1.71,0.0,White,Low_poverty,LPW,42.4067366,-83.4573651
261635632002,1650.0,41.45,8.97,42.91,Other,Low_poverty,LPO,42.3464063,-83.4374467
261635645041,7404.0,58.25,8.68,14.98,White,Low_poverty,LPW,42.2792385,-83.524851
261635538002,471.0,8.92,83.01,90.65,Minority,High_poverty,HPM,42.3964738,-83.0965656
261635534001,366.0,9.56,32.66,89.34,Minority,High_poverty,HPM,42.4028986,-83.1008623
261635533002,330.0,14.24,93.14,85.15,Minority,High_poverty,HPM,42.4005897,-83.1076699
261635312001,902.0,9.31,32.15,86.36,Minority,High_poverty,HPM,42.3788797,-83.1068024
261635308003,298.0,0.0,26.85,100.0,Minority,Low_poverty,LPM,42.3754204,-83.1339967
261635166001,1655.0,1.63,83.81,97.34,Minority,High_poverty,HPM,42.3385995,-83.0266041
261635162002,408.0,2.7,74.26,86.76,Minority,High_poverty,HPM,42.3645129,-83.0193412
261635154002,977.0,55.37,12.49,39.3,White,Low_poverty,LPW,42.356786,-82.9936689
261635142003,472.0,5.3,25.21,94.7,Minority,Low_poverty,LPM,42.3771305,-83.0139984
261635159002,201.0,1.49,7.46,98.51,Minority,Low_poverty,LPM,42.382642,-83.0212283
261635821004,804.0,81.72,6.84,12.43,White,Low_poverty,LPW,42.1955919,-83.2065889
261635770002,456.0,60.96,10.09,38.16,White,Low_poverty,LPW,42.2480644,-83.1620538
261635705004,575.0,11.48,14.61,53.39,Minority,Low_poverty,LPM,42.2921414,-83.3341535
261635616001,1093.0,93.78,12.63,2.74,White,Low_poverty,LPW,42.3887489,-83.4627163
261635603002,1486.0,67.16,6.3,11.24,White,Low_poverty,LPW,42.4204241,-83.4506586
261635648002,2623.0,64.62,4.54,10.72,White,Low_poverty,LPW,42.2844086,-83.4669227
261635570002,931.0,74.87,0.21,25.14,White,Low_poverty,LPW,42.4164112,-83.3200326
261635548003,891.0,47.25,21.7,52.75,Minority,Low_poverty,LPM,42.3979507,-83.2879615
261635570001,1125.0,89.42,3.64,9.07,White,Low_poverty,LPW,42.42317,-83.3201394
261635555002,1200.0,35.92,10.8,62.42,Minority,Low_poverty,LPM,42.3601351,-83.2896765
261635576003,610.0,93.28,1.31,4.43,White,Low_poverty,LPW,42.4056863,-83.4289462
261635460004,473.0,5.5,44.19,92.18,Minority,High_poverty,HPM,42.3559253,-83.2243206
261635012002,680.0,2.35,22.94,93.97,Minority,Low_poverty,LPM,42.4131177,-82.952388
261635009004,449.0,12.25,39.64,87.75,Minority,High_poverty,HPM,42.4256494,-82.9557494
261635009002,799.0,0.0,27.16,98.87,Minority,Low_poverty,LPM,42.4215399,-82.9457549
261635008002,1561.0,5.51,46.51,88.28,Minority,High_poverty,HPM,42.4256592,-82.9382376
261635006003,416.0,0.96,7.58,98.32,Minority,Low_poverty,LPM,42.4288762,-82.9714336
261635006002,593.0,0.0,23.27,100.0,Minority,Low_poverty,LPM,42.4290261,-82.9641147
261635003004,383.0,15.93,29.49,84.08,Minority,Low_poverty,LPM,42.4408702,-82.9698157
261635722003,1328.0,97.06,3.92,0.0,White,Low_poverty,LPW,42.3297973,-83.3012933
261635718001,774.0,85.01,43.67,10.08,White,High_poverty,HPW,42.3547001,-83.2804693
261635604002,1577.0,76.35,4.38,16.93,White,Low_poverty,LPW,42.4020261,-83.4504676
261635855001,1219.0,77.77,28.63,17.55,White,Low_poverty,LPW,42.2552111,-83.3188069
261635617002,2211.0,86.97,7.42,4.7,White,Low_poverty,LPW,42.3830164,-83.537971
261635802001,684.0,89.91,21.49,5.7,White,Low_poverty,LPW,42.2323872,-83.1544621
261635798001,932.0,34.23,35.15,55.25,Minority,High_poverty,HPM,42.2425617,-83.1468757
261635950005,576.0,80.9,7.63,4.69,White,Low_poverty,LPW,42.1742305,-83.178562
261635940001,725.0,93.52,15.86,4.41,White,Low_poverty,LPW,42.1634314,-83.1822438
261635704001,691.0,58.47,20.84,31.11,White,Low_poverty,LPW,42.3079074,-83.3180675
261635658002,1463.0,88.52,5.09,10.19,White,Low_poverty,LPW,42.3020839,-83.3567459
261635460001,425.0,6.82,58.82,93.18,Minority,High_poverty,HPM,42.3542138,-83.2188417
261635458004,1053.0,11.97,31.43,86.13,Minority,High_poverty,HPM,42.3413743,-83.231065
261635458001,825.0,20.61,21.94,79.4,Minority,Low_poverty,LPM,42.3378759,-83.2206871
261635456005,988.0,43.62,43.62,56.38,Minority,High_poverty,HPM,42.3397451,-83.2140398
261635455004,1055.0,1.8,34.5,95.92,Minority,High_poverty,HPM,42.3458256,-83.2104568
261635455002,699.0,18.6,48.21,76.26,Minority,High_poverty,HPM,42.345397,-83.2006507
261635452002,800.0,0.63,13.63,98.25,Minority,Low_poverty,LPM,42.3665072,-83.2033565
261635451002,286.0,0.0,41.26,100.0,Minority,High_poverty,HPM,42.374681,-83.2066667
261635442001,616.0,6.49,42.15,92.2,Minority,High_poverty,HPM,42.4123759,-83.260516
261635441002,815.0,5.64,33.29,94.35,Minority,High_poverty,HPM,42.3946321,-83.2656228
261635169001,2052.0,10.77,22.86,86.6,Minority,Low_poverty,LPM,42.3446547,-83.030245
261635121001,528.0,0.0,21.97,100.0,Minority,Low_poverty,LPM,42.3969142,-82.9632648
261635114004,247.0,11.74,50.61,83.81,Minority,High_poverty,HPM,42.3912221,-83.0798865
261635353004,1194.0,0.0,39.7,97.82,Minority,High_poverty,HPM,42.3690872,-83.1925098
261635352002,158.0,9.49,81.01,90.51,Minority,High_poverty,HPM,42.3743205,-83.1731249
261635351002,1194.0,0.0,30.82,100.0,Minority,High_poverty,HPM,42.3694339,-83.1778189
261635347002,1117.0,0.0,41.72,79.59,Minority,High_poverty,HPM,42.3529969,-83.1536372
261635345002,328.0,0.0,31.4,100.0,Minority,High_poverty,HPM,42.36485,-83.1464351
261635017002,904.0,36.06,33.11,62.5,Minority,High_poverty,HPM,42.4063749,-82.9188172
261635016002,927.0,19.31,41.42,78.75,Minority,High_poverty,HPM,42.4153733,-82.9154935
261635015004,511.0,22.11,55.97,77.89,Minority,High_poverty,HPM,42.4186153,-82.9200679
261635014003,757.0,12.68,40.42,87.32,Minority,High_poverty,HPM,42.4052023,-82.9371469
261635514003,1166.0,33.45,14.49,48.46,Other,Low_poverty,LPO,42.4418312,-82.9226117
261635511002,1239.0,93.79,3.23,1.69,White,Low_poverty,LPW,42.4242975,-82.8974378
261635509001,883.0,82.9,2.72,4.87,White,Low_poverty,LPW,42.444398,-82.8736621
261635257001,1808.0,8.63,23.51,90.71,Minority,Low_poverty,LPM,42.3245538,-83.127637
261635203001,1996.0,52.0,33.28,16.09,White,High_poverty,HPW,42.3516855,-83.0638784
261635186002,146.0,3.42,16.44,96.57,Minority,Low_poverty,LPM,42.36234,-83.0284242
261635785005,763.0,66.84,44.95,33.16,White,High_poverty,HPW,42.2841152,-83.1876882
261635114003,289.0,1.38,56.75,47.4,Other,High_poverty,HPO,42.393943,-83.0817738
261635255002,529.0,3.4,40.45,69.37,Minority,High_poverty,HPM,42.3329465,-83.1143821
261635272001,494.0,3.04,70.59,92.11,Minority,High_poverty,HPM,42.3523537,-83.114551
261635248001,552.0,2.36,39.13,97.65,Minority,High_poverty,HPM,42.2633415,-83.1563408
261635247005,617.0,3.73,40.68,96.27,Minority,High_poverty,HPM,42.2732077,-83.1539582
261635242003,587.0,8.18,34.07,91.82,Minority,High_poverty,HPM,42.3059839,-83.1268122
261635241001,719.0,16.97,19.47,81.22,Minority,Low_poverty,LPM,42.3174724,-83.1367363
261635638002,764.0,94.5,3.66,2.09,White,Low_poverty,LPW,42.3318886,-83.4743055
261635797002,1289.0,42.44,30.72,47.47,Other,High_poverty,HPO,42.239283,-83.1559539
261635778001,800.0,44.63,21.25,55.38,Minority,Low_poverty,LPM,42.2374179,-83.1836611
261635809002,1333.0,84.25,7.13,9.15,White,Low_poverty,LPW,42.1886593,-83.1761429
261635554002,700.0,6.29,0.0,91.86,Minority,Low_poverty,LPM,42.3689886,-83.2691014
261635563001,789.0,84.28,6.21,11.41,White,Low_poverty,LPW,42.4370576,-83.3606073
261635678001,1363.0,51.58,11.52,42.34,White,Low_poverty,LPW,42.3313571,-83.3680635
261635579002,1082.0,86.32,7.54,10.54,White,Low_poverty,LPW,42.3915374,-83.407413
261635547003,1331.0,36.14,7.21,61.53,Minority,Low_poverty,LPM,42.3880549,-83.3093861
261635591001,1737.0,83.65,8.46,9.5,White,Low_poverty,LPW,42.3659499,-83.3182088
261635653001,2127.0,40.2,1.97,45.51,Other,Low_poverty,LPO,42.3458234,-83.4051318
261635528004,1501.0,67.89,53.08,6.33,White,High_poverty,HPW,42.394132,-83.0515326
261635528003,822.0,51.09,52.19,4.01,White,High_poverty,HPW,42.3912289,-83.0505248
261635523003,1068.0,90.92,59.55,2.9,White,High_poverty,HPW,42.3964423,-83.0552242
261635522002,1187.0,69.08,53.16,7.08,White,High_poverty,HPW,42.3973694,-83.061905
261635518002,1559.0,83.07,6.78,14.56,White,Low_poverty,LPW,42.4467248,-82.9021278
261635517002,1227.0,96.33,5.62,0.0,White,Low_poverty,LPW,42.4418948,-82.8888605
261635515002,1284.0,37.77,5.22,60.74,Minority,Low_poverty,LPM,42.4355983,-82.9336446
261635840002,770.0,62.47,11.56,28.7,White,Low_poverty,LPW,42.2387068,-83.2505322
261635656002,796.0,93.47,7.04,3.02,White,Low_poverty,LPW,42.3046429,-83.4254467
261635696001,550.0,88.0,0.55,7.09,White,Low_poverty,LPW,42.3143409,-83.3529872
261635402005,212.0,0.0,27.83,100.0,Minority,Low_poverty,LPM,42.435498,-83.2169033
261635402002,542.0,0.0,52.21,98.89,Minority,High_poverty,HPM,42.4321378,-83.2058592
261635072001,442.0,0.0,38.91,98.87,Minority,High_poverty,HPM,42.4209158,-83.0798106
261635648001,954.0,44.13,1.68,26.1,Other,Low_poverty,LPO,42.2860862,-83.4506663
261635774003,723.0,61.55,9.68,27.66,White,Low_poverty,LPW,42.2423779,-83.1827842
261635415003,721.0,4.44,5.96,88.9,Minority,Low_poverty,LPM,42.4327141,-83.266162
261635415001,782.0,2.94,48.84,95.27,Minority,High_poverty,HPM,42.4418952,-83.2617305
261635761002,2262.0,84.84,15.12,13.84,White,Low_poverty,LPW,42.262785,-83.1945562
261635840001,2648.0,54.08,11.67,43.09,White,Low_poverty,LPW,42.2379497,-83.2371821
261635779002,999.0,83.68,4.5,13.82,White,Low_poverty,LPW,42.2235726,-83.1853379
261635767001,916.0,90.07,1.75,7.97,White,Low_poverty,LPW,42.2356753,-83.2184684
261635863001,1201.0,89.76,7.41,5.16,White,Low_poverty,LPW,42.2044689,-83.4153839
261635384001,1019.0,6.38,0.0,78.02,Minority,Low_poverty,LPM,42.4298745,-83.136822
261635377003,1034.0,0.0,39.94,100.0,Minority,High_poverty,HPM,42.3979586,-83.1961216
261635414002,1189.0,3.11,7.99,96.89,Minority,Low_poverty,LPM,42.4238169,-83.2624554
261635412002,990.0,10.71,23.33,88.48,Minority,Low_poverty,LPM,42.4195648,-83.2511348
261635411002,436.0,0.0,52.18,91.28,Minority,High_poverty,HPM,42.4268359,-83.2469086
261635409003,479.0,0.21,11.9,99.79,Minority,Low_poverty,LPM,42.4381752,-83.2543918
261635407004,1577.0,0.0,22.89,92.64,Minority,Low_poverty,LPM,42.4351182,-83.2335448
261635406002,611.0,21.11,9.49,78.88,Minority,Low_poverty,LPM,42.4249136,-83.2347783
261635404001,374.0,0.53,24.6,99.47,Minority,Low_poverty,LPM,42.41952,-83.2015564
261635112002,300.0,1.33,54.64,98.0,Minority,High_poverty,HPM,42.381487,-83.0716199
261635105002,1854.0,7.39,44.68,13.05,Other,High_poverty,HPO,42.4093521,-83.0616288
261635104001,183.0,0.0,29.51,100.0,Minority,Low_poverty,LPM,42.416428,-83.0670018
261635074001,408.0,5.15,25.98,86.51,Minority,Low_poverty,LPM,42.4341219,-83.0799191
261635375003,479.0,0.21,7.93,99.58,Minority,Low_poverty,LPM,42.4053273,-83.1927802
261635375001,514.0,6.81,51.17,88.13,Minority,High_poverty,HPM,42.4055189,-83.186309
261635373003,552.0,1.27,12.68,98.73,Minority,Low_poverty,LPM,42.3841875,-83.1858613
261635372001,247.0,1.62,24.29,98.38,Minority,Low_poverty,LPM,42.390569,-83.1751478
261635369002,900.0,0.0,48.11,100.0,Minority,High_poverty,HPM,42.4144697,-83.1819299
261635367001,462.0,0.0,45.02,91.77,Minority,High_poverty,HPM,42.3985899,-83.1613353
261635366005,393.0,0.0,42.49,100.0,Minority,High_poverty,HPM,42.3924216,-83.1557346
261635366004,689.0,1.89,47.61,96.67,Minority,High_poverty,HPM,42.3864728,-83.1537363
261635365004,856.0,5.72,42.41,85.86,Minority,High_poverty,HPM,42.3885235,-83.1423032
261635364003,590.0,0.0,18.47,100.0,Minority,Low_poverty,LPM,42.401451,-83.1499185
261635043002,745.0,4.03,43.76,95.97,Minority,High_poverty,HPM,42.4037843,-82.9825262
261635040002,434.0,0.92,11.52,98.62,Minority,Low_poverty,LPM,42.4166224,-82.9754552
261635036001,296.0,1.69,25.68,98.31,Minority,Low_poverty,LPM,42.4263586,-82.9894737
261635035002,279.0,0.0,34.05,97.49,Minority,High_poverty,HPM,42.4293603,-82.9846253
261635035001,664.0,0.0,28.92,100.0,Minority,Low_poverty,LPM,42.4327527,-82.9816671
261635033004,531.0,0.0,27.22,100.0,Minority,Low_poverty,LPM,42.4381242,-83.0023789
261635032001,1091.0,1.47,35.59,98.53,Minority,High_poverty,HPM,42.4450496,-82.9896025
261635019003,556.0,8.27,38.67,91.73,Minority,High_poverty,HPM,42.3913198,-82.9383781
261635776002,1088.0,74.91,11.12,25.09,White,Low_poverty,LPW,42.2394517,-83.167075
261635750002,1097.0,89.61,10.12,3.74,White,Low_poverty,LPW,42.2983035,-83.2482254
261635443001,526.0,13.12,39.35,86.88,Minority,High_poverty,HPM,42.4050204,-83.2701682
261635710002,478.0,4.81,20.92,91.42,Minority,Low_poverty,LPM,42.2852695,-83.2949951
261635123002,561.0,4.1,36.72,95.9,Minority,High_poverty,HPM,42.3888389,-82.9634973
261635324001,301.0,2.99,42.18,97.01,Minority,High_poverty,HPM,42.3805049,-83.0839296
261635313001,481.0,3.74,13.93,96.26,Minority,Low_poverty,LPM,42.3821578,-83.1099534
261635737022,1506.0,97.54,49.34,1.13,White,High_poverty,HPW,42.3351991,-83.1731235
261635816001,1380.0,83.55,6.38,6.74,White,Low_poverty,LPW,42.2172881,-83.1970911
261635143003,1064.0,1.79,39.1,98.21,Minority,High_poverty,HPM,42.3867611,-83.0014489
261635352003,715.0,0.0,59.58,100.0,Minority,High_poverty,HPM,42.3765721,-83.1806207
261635651001,1149.0,65.54,14.71,32.81,White,Low_poverty,LPW,42.317295,-83.412841
261635055002,495.0,1.62,40.81,98.38,Minority,High_poverty,HPM,42.3952671,-83.0077298
261635583001,919.0,75.63,8.87,16.1,White,Low_poverty,LPW,42.3758086,-83.3433829
261635070001,1468.0,3.0,56.35,96.05,Minority,High_poverty,HPM,42.4296775,-83.0558848
261635156001,714.0,7.7,36.69,83.33,Minority,High_poverty,HPM,42.3595628,-82.9887179
261635801001,730.0,90.14,8.63,9.86,White,Low_poverty,LPW,42.2204483,-83.1340611
261635342003,775.0,3.48,55.61,96.52,Minority,High_poverty,HPM,42.3782067,-83.156109
261635514001,1020.0,21.76,17.36,77.65,Minority,Low_poverty,LPM,42.4468775,-82.9326504
261635739002,2862.0,94.23,49.83,0.0,White,High_poverty,HPW,42.3368459,-83.1874136
261635043001,540.0,0.0,41.67,98.7,Minority,High_poverty,HPM,42.4036016,-82.9774686
261635770003,1192.0,49.24,2.01,49.75,Other,Low_poverty,LPO,42.2502482,-83.1675088
261635124002,242.0,0.0,14.46,100.0,Minority,Low_poverty,LPM,42.3910398,-82.9555246
261635695001,1726.0,96.64,13.09,0.58,White,Low_poverty,LPW,42.3214482,-83.3574465
261635691002,1062.0,79.85,5.03,6.4,White,Low_poverty,LPW,42.3349227,-83.3215278
261635407001,256.0,0.0,21.88,94.93,Minority,Low_poverty,LPM,42.4353469,-83.2238104
261635214001,1147.0,44.03,26.68,54.14,Minority,Low_poverty,LPM,42.3305838,-83.0730165
261635917001,1750.0,88.0,13.94,9.26,White,Low_poverty,LPW,42.1314615,-83.2802864
261635765005,767.0,92.18,2.64,7.83,White,Low_poverty,LPW,42.2533942,-83.2075786
261635753001,990.0,78.48,7.78,16.47,White,Low_poverty,LPW,42.2874616,-83.2537415
261635219002,1194.0,0.0,75.02,100.0,Minority,High_poverty,HPM,42.353118,-83.0761705
261635342001,883.0,0.0,24.46,100.0,Minority,Low_poverty,LPM,42.3769209,-83.14965
261635042003,585.0,2.05,77.95,97.95,Minority,High_poverty,HPM,42.4067944,-82.9703952
261635628002,1585.0,87.07,9.15,5.24,White,Low_poverty,LPW,42.3686266,-83.440174
261635761004,1141.0,71.69,19.37,21.12,White,Low_poverty,LPW,42.2661787,-83.1978289
261635830001,449.0,79.06,20.04,20.93,White,Low_poverty,LPW,42.264186,-83.2436066
261635458005,1101.0,42.6,26.16,57.4,Minority,Low_poverty,LPM,42.3415056,-83.2214259
261635067001,1066.0,3.56,19.49,96.43,Minority,Low_poverty,LPM,42.4441868,-83.046581
261635708001,676.0,12.87,43.34,83.73,Minority,High_poverty,HPM,42.2863525,-83.3144287
261635265001,389.0,0.0,25.19,100.0,Minority,Low_poverty,LPM,42.3498369,-83.1374217
261635129003,149.0,0.0,87.25,100.0,Minority,High_poverty,HPM,42.3761264,-82.948254
261635224002,821.0,8.4,79.29,89.52,Minority,High_poverty,HPM,42.3590139,-83.0808343
261635378003,308.0,0.0,48.05,100.0,Minority,High_poverty,HPM,42.3894693,-83.1858008
261635601003,470.0,90.43,0.0,0.0,White,Low_poverty,LPW,42.4319143,-83.4775696
261635669003,1158.0,74.01,34.11,24.69,White,High_poverty,HPW,42.2715549,-83.3522143
261635132002,518.0,5.98,43.05,91.31,Minority,High_poverty,HPM,42.3701845,-82.9424205
261635392003,890.0,1.12,25.73,98.88,Minority,Low_poverty,LPM,42.4416299,-83.188138
261635728005,697.0,79.2,19.23,13.63,White,Low_poverty,LPW,42.2787858,-83.2486898
261635242001,1239.0,6.7,72.07,90.96,Minority,High_poverty,HPM,42.3105183,-83.1263057
261635173002,1051.0,0.0,64.32,100.0,Minority,High_poverty,HPM,42.3466339,-83.0477719
261635941001,1362.0,92.14,8.74,2.5,White,Low_poverty,LPW,42.152124,-83.1931095
261635625002,1138.0,92.44,13.5,6.76,White,Low_poverty,LPW,42.3723191,-83.4558599
261635422005,509.0,0.2,11.0,89.98,Minority,Low_poverty,LPM,42.4047861,-83.2156652
261635624003,974.0,97.74,2.87,0.0,White,Low_poverty,LPW,42.3547443,-83.4840245
261635569002,1599.0,95.93,1.94,2.88,White,Low_poverty,LPW,42.4157686,-83.3462238
261635980003,1037.0,99.04,3.66,0.96,White,Low_poverty,LPW,42.0760608,-83.2621695
261635799003,1159.0,97.67,0.0,1.47,White,Low_poverty,LPW,42.3242291,-83.2558191
261635054004,649.0,6.16,32.42,93.84,Minority,High_poverty,HPM,42.4134933,-82.9948033
261635461002,1285.0,1.71,47.7,96.03,Minority,High_poverty,HPM,42.3466879,-83.2379146
261635755002,1085.0,89.86,9.31,8.85,White,Low_poverty,LPW,42.2843271,-83.2181421
261635879003,1880.0,61.91,39.83,26.7,White,High_poverty,HPW,42.2411122,-83.4426762
261635331002,512.0,0.98,27.15,99.02,Minority,Low_poverty,LPM,42.3718094,-83.1023537
261635386002,703.0,7.82,23.19,92.03,Minority,Low_poverty,LPM,42.4261703,-83.1439779
261635930002,2164.0,76.16,1.85,18.07,White,Low_poverty,LPW,42.1168519,-83.2367639
261635013005,1311.0,1.53,64.99,97.64,Minority,High_poverty,HPM,42.4060603,-82.9485349
261635074002,963.0,0.0,29.8,100.0,Minority,Low_poverty,LPM,42.4375532,-83.0890879
261635831005,680.0,82.94,30.03,10.88,White,High_poverty,HPW,42.2661049,-83.2771753
261635143002,518.0,3.09,61.58,96.91,Minority,High_poverty,HPM,42.3879243,-82.995751
261635640002,1702.0,46.65,6.82,20.09,Other,Low_poverty,LPO,42.3201371,-83.4361477
261635531001,111.0,26.13,15.32,73.87,Minority,Low_poverty,LPM,42.4153966,-83.1121547
261635859002,409.0,36.92,16.87,47.92,Other,Low_poverty,LPO,42.2174973,-83.3894625
261635534002,2232.0,0.31,71.91,98.57,Minority,High_poverty,HPM,42.4068186,-83.1031744
261635880003,2045.0,63.72,13.01,33.3,White,Low_poverty,LPW,42.2272655,-83.459717
261635171001,1167.0,36.42,14.4,57.76,Minority,Low_poverty,LPM,42.3358287,-83.0330442
261635646003,2982.0,61.13,3.35,6.64,White,Low_poverty,LPW,42.3017751,-83.4658944
261635944002,667.0,87.41,0.0,11.55,White,Low_poverty,LPW,42.1190219,-83.1857318
261635137003,1210.0,1.65,56.69,94.3,Minority,High_poverty,HPM,42.3647441,-82.9493053
261635682003,1782.0,75.2,9.37,17.9,White,Low_poverty,LPW,42.3051116,-83.3933605
261635770004,561.0,63.99,42.42,29.94,White,High_poverty,HPW,42.2521721,-83.1724067
261635646001,1450.0,75.45,1.03,3.45,White,Low_poverty,LPW,42.2965115,-83.4720815
261635634001,975.0,94.15,0.82,3.28,White,Low_poverty,LPW,42.3412182,-83.484262
261635697001,1349.0,93.92,5.56,3.19,White,Low_poverty,LPW,42.3226765,-83.3405456
261635765001,878.0,90.21,2.07,9.79,White,Low_poverty,LPW,42.2513879,-83.203348
261635075003,226.0,23.45,31.86,76.55,Minority,High_poverty,HPM,42.4427293,-83.0927957
261635393004,1500.0,0.0,8.27,99.2,Minority,Low_poverty,LPM,42.4347311,-83.1731222
261635627003,1298.0,97.84,2.0,1.62,White,Low_poverty,LPW,42.3618476,-83.473234
261635069004,760.0,0.0,11.98,97.76,Minority,Low_poverty,LPM,42.4366174,-83.0689029
261635462003,920.0,5.22,13.59,93.59,Minority,Low_poverty,LPM,42.350707,-83.2518435
261635693002,1770.0,84.18,4.82,13.56,White,Low_poverty,LPW,42.3290016,-83.3407897
261635175001,897.0,0.67,45.89,90.3,Minority,High_poverty,HPM,42.3576975,-83.0556663
261635815002,1171.0,87.62,6.83,8.28,White,Low_poverty,LPW,42.2173765,-83.1910868
261635905004,1188.0,99.92,20.45,0.08,White,Low_poverty,LPW,42.1670656,-83.4005425
261635221002,425.0,4.71,28.71,95.29,Minority,Low_poverty,LPM,42.3447898,-83.099436
261635734003,1289.0,87.35,38.71,11.4,White,High_poverty,HPW,42.321097,-83.1925102
261635501005,1399.0,88.28,10.08,5.86,White,Low_poverty,LPW,42.364728,-82.9273642
261635104003,238.0,0.0,51.52,100.0,Minority,High_poverty,HPM,42.4153404,-83.0732583
261635393001,721.0,0.28,13.45,99.72,Minority,Low_poverty,LPM,42.4363198,-83.1866126
261635528005,1546.0,82.21,49.68,6.02,White,High_poverty,HPW,42.390468,-83.0574328
261635223002,976.0,1.54,66.91,97.85,Minority,High_poverty,HPM,42.3579237,-83.0989122
261635106003,2790.0,29.53,54.87,18.32,Other,High_poverty,HPO,42.410195,-83.0524015
261635990001,1379.0,91.66,12.4,8.34,White,Low_poverty,LPW,42.1013662,-83.2777014
261635710003,349.0,8.02,30.95,89.69,Minority,High_poverty,HPM,42.2807471,-83.2948327
261635719001,845.0,94.08,27.57,5.92,White,Low_poverty,LPW,42.3457013,-83.3017544
261635742021,1298.0,61.86,13.72,18.8,White,Low_poverty,LPW,42.3052391,-83.1842598
261635405004,604.0,2.15,23.18,97.85,Minority,Low_poverty,LPM,42.4284243,-83.2247742
261635858001,2902.0,66.2,8.27,31.22,White,Low_poverty,LPW,42.2511145,-83.4129139
261635590001,695.0,87.91,0.0,12.09,White,Low_poverty,LPW,42.3602452,-83.3375192
261635585003,1517.0,92.09,3.96,4.88,White,Low_poverty,LPW,42.359362,-83.3972678
261635018003,985.0,25.89,14.11,73.3,Minority,Low_poverty,LPM,42.3949003,-82.9327591
261635543003,969.0,60.99,0.0,39.0,White,Low_poverty,LPW,42.4178305,-83.3116029
261635249002,430.0,41.86,37.91,58.14,Minority,High_poverty,HPM,42.2861382,-83.126512
261635012001,968.0,0.52,56.51,99.48,Minority,High_poverty,HPM,42.4104936,-82.9507049
261635107001,633.0,34.6,51.95,65.4,Minority,High_poverty,HPM,42.3966431,-83.0396903
261635167001,2260.0,2.74,38.54,93.05,Minority,High_poverty,HPM,42.3493485,-83.0206389
261635213001,889.0,7.87,34.53,92.12,Minority,High_poverty,HPM,42.3341233,-83.0929438
261635709002,745.0,10.6,38.66,89.4,Minority,High_poverty,HPM,42.2795145,-83.3021017
261635749001,535.0,92.34,27.1,7.67,White,Low_poverty,LPW,42.3085755,-83.238412
261635706002,1433.0,11.72,64.72,79.97,Minority,High_poverty,HPM,42.2783386,-83.335868
261635710001,536.0,2.24,29.12,97.76,Minority,Low_poverty,LPM,42.2908759,-83.2949506
261635752002,1244.0,83.84,16.48,8.76,White,Low_poverty,LPW,42.2857422,-83.2738218
261635361001,1036.0,0.0,25.0,98.65,Minority,Low_poverty,LPM,42.4134671,-83.1480345
261635355003,1198.0,7.35,49.58,92.65,Minority,High_poverty,HPM,42.3535216,-83.1867628
261635754004,1088.0,81.71,2.3,15.81,White,Low_poverty,LPW,42.2999667,-83.2198983
261635602004,1391.0,54.28,2.08,11.79,White,Low_poverty,LPW,42.4333871,-83.4714473
261635039003,1340.0,2.99,19.16,95.45,Minority,Low_poverty,LPM,42.4107822,-82.9877447
261635145002,515.0,0.0,26.99,100.0,Minority,Low_poverty,LPM,42.375162,-83.0013537
261635232002,2108.0,11.2,37.81,84.39,Minority,High_poverty,HPM,42.3152257,-83.1025222
261635350002,788.0,3.55,43.91,81.47,Minority,High_poverty,HPM,42.3621741,-83.1775025
261635002002,596.0,5.54,0.0,94.46,Minority,Low_poverty,LPM,42.4445962,-82.959735
261635260002,1404.0,35.9,49.93,60.32,Minority,High_poverty,HPM,42.3266565,-83.1380925
261635807003,562.0,94.48,14.59,1.25,White,Low_poverty,LPW,42.2015278,-83.1539235
261635362001,756.0,7.14,25.4,91.93,Minority,Low_poverty,LPM,42.4094883,-83.1622577
261635645032,1654.0,49.27,12.09,17.83,Other,Low_poverty,LPO,42.2819926,-83.4948268
261635413003,780.0,12.05,49.42,86.28,Minority,High_poverty,HPM,42.4238951,-83.2849424
261635373002,335.0,4.78,27.76,95.22,Minority,Low_poverty,LPM,42.3827877,-83.1948686
261635616003,1574.0,93.84,4.83,4.38,White,Low_poverty,LPW,42.3828098,-83.4425313
261635795001,328.0,67.68,50.91,28.35,White,High_poverty,HPW,42.2489347,-83.1327398
261635812002,1825.0,85.64,5.64,8.55,White,Low_poverty,LPW,42.1897873,-83.2153501
261635435002,570.0,7.89,76.49,89.82,Minority,High_poverty,HPM,42.4058467,-83.2499289
261635548004,1366.0,51.98,6.88,48.02,White,Low_poverty,LPW,42.3894006,-83.2899573
261635665002,1399.0,89.78,18.83,8.5,White,Low_poverty,LPW,42.2854395,-83.3887442
261635804002,1191.0,99.5,17.72,0.5,White,Low_poverty,LPW,42.2169394,-83.1729391
261635941004,1155.0,93.77,5.63,5.54,White,Low_poverty,LPW,42.1449501,-83.1929544
261635521004,714.0,14.15,39.22,77.73,Minority,High_poverty,HPM,42.3994954,-83.0721005
261635612001,3566.0,62.23,0.11,5.13,White,Low_poverty,LPW,42.4005561,-83.5302894
261635884001,3590.0,53.29,3.79,43.15,White,Low_poverty,LPW,42.1966234,-83.4463958
261635326002,1086.0,14.27,42.45,79.38,Minority,High_poverty,HPM,42.3684203,-83.0895032
261639851001,200.0,18.0,6.5,82.0,Minority,Low_poverty,LPM,42.3777226,-83.0564328
261635726005,1389.0,80.06,43.27,19.94,White,High_poverty,HPW,42.2769164,-83.2802211
261635081004,274.0,8.39,61.63,91.61,Minority,High_poverty,HPM,42.4445976,-83.0972891
261635633002,1871.0,77.34,9.18,11.87,White,Low_poverty,LPW,42.3441725,-83.4645283
261635081002,213.0,3.29,31.46,96.71,Minority,High_poverty,HPM,42.4416409,-83.0995838
261635684002,706.0,83.29,8.78,16.71,White,Low_poverty,LPW,42.3075014,-83.3835458
261635145001,428.0,0.0,46.96,100.0,Minority,High_poverty,HPM,42.375493,-82.9982351
261635247006,1016.0,3.25,21.56,96.75,Minority,Low_poverty,LPM,42.2786108,-83.1479871
261635402001,672.0,0.0,2.68,100.0,Minority,Low_poverty,LPM,42.4338985,-83.2015995
261635601002,991.0,90.21,6.28,1.62,White,Low_poverty,LPW,42.4340218,-83.4892582
261635727004,1222.0,78.07,12.44,16.2,White,Low_poverty,LPW,42.2776554,-83.2605665
261635634003,1583.0,85.22,3.03,1.07,White,Low_poverty,LPW,42.3474818,-83.4742214
261635521001,537.0,46.0,44.32,14.72,Other,High_poverty,HPO,42.4044346,-83.0660948
261635509002,962.0,85.76,0.42,6.55,White,Low_poverty,LPW,42.42137,-82.8824503
261635247003,704.0,0.0,64.63,100.0,Minority,High_poverty,HPM,42.2669387,-83.1555296
261635241004,683.0,10.4,37.04,87.41,Minority,High_poverty,HPM,42.3123717,-83.1279221
261635530002,413.0,10.65,54.96,89.35,Minority,High_poverty,HPM,42.4097245,-83.0915425
261635905002,1719.0,89.82,5.76,8.9,White,Low_poverty,LPW,42.1523033,-83.3251806
261635543002,945.0,46.56,5.82,43.17,Other,Low_poverty,LPO,42.4173944,-83.3014678
261635942002,484.0,98.55,0.0,0.0,White,Low_poverty,LPW,42.1442419,-83.2084958
261635792002,1525.0,39.28,44.2,59.94,Minority,High_poverty,HPM,42.2634145,-83.1336491
261635315001,417.0,0.0,57.55,100.0,Minority,High_poverty,HPM,42.3905851,-83.1237793
261635308001,321.0,12.77,68.28,81.31,Minority,High_poverty,HPM,42.3676358,-83.133279
261635261001,1013.0,73.64,71.57,25.07,White,High_poverty,HPW,42.3342525,-83.1541307
261635837001,531.0,79.85,0.0,16.57,White,Low_poverty,LPW,42.2504267,-83.2771398
261635573002,1439.0,82.21,6.56,15.08,White,Low_poverty,LPW,42.4045702,-83.3690542
261635531002,952.0,7.04,45.79,91.6,Minority,High_poverty,HPM,42.4142498,-83.1073298
261635667001,577.0,80.76,11.79,16.81,White,Low_poverty,LPW,42.2761698,-83.3825739
261635456004,1195.0,52.72,65.1,36.15,White,High_poverty,HPW,42.3398533,-83.2102765
261635443002,367.0,14.71,28.88,85.29,Minority,Low_poverty,LPM,42.4093569,-83.2724789
261635168002,471.0,25.48,45.01,74.52,Minority,High_poverty,HPM,42.3594925,-83.0245042
261635142004,157.0,0.0,28.03,100.0,Minority,Low_poverty,LPM,42.3813029,-83.0088995
261635238002,639.0,50.23,30.99,49.77,White,High_poverty,HPW,42.3126639,-83.111956
261635894004,1439.0,82.7,10.84,15.42,White,Low_poverty,LPW,42.1298149,-83.5046791
261635542003,1437.0,64.65,29.02,35.35,White,Low_poverty,LPW,42.4354084,-83.3125264
261635682002,1500.0,86.2,1.75,4.86,White,Low_poverty,LPW,42.3025001,-83.403039
261635507001,1068.0,89.89,2.06,10.11,White,Low_poverty,LPW,42.407747,-82.8986101
261635467005,679.0,5.74,36.38,73.2,Minority,High_poverty,HPM,42.3630635,-83.2287544
261635225003,605.0,24.13,73.55,73.39,Minority,High_poverty,HPM,42.3403109,-83.0567636
261635785004,970.0,78.25,8.66,19.38,White,Low_poverty,LPW,42.2872628,-83.184784
261635702002,1107.0,31.44,33.36,67.75,Minority,High_poverty,HPM,42.3069301,-83.3067046
261635547002,618.0,60.19,2.43,34.47,White,Low_poverty,LPW,42.3888011,-83.3011545
261635081005,240.0,0.0,25.0,100.0,Minority,Low_poverty,LPM,42.4373124,-83.0971986
261635791001,832.0,51.8,27.88,43.27,White,Low_poverty,LPW,42.2735059,-83.1313925
261635944001,2106.0,88.6,25.26,4.99,White,Low_poverty,LPW,42.1219164,-83.1963706
261635051004,120.0,0.0,45.0,100.0,Minority,High_poverty,HPM,42.4326486,-83.0208404
261635754001,510.0,88.82,13.33,9.8,White,Low_poverty,LPW,42.2856386,-83.2422866
261635542001,866.0,44.34,2.89,47.81,Other,Low_poverty,LPO,42.431921,-83.3053615
261635367002,494.0,0.0,14.17,100.0,Minority,Low_poverty,LPM,42.3988576,-83.1661492
261635032002,580.0,7.07,42.07,92.93,Minority,High_poverty,HPM,42.4436142,-83.0001332
261635669002,1334.0,50.3,30.51,45.95,White,High_poverty,HPW,42.2702732,-83.3587732
261635065001,510.0,0.0,17.0,100.0,Minority,Low_poverty,LPM,42.4299885,-83.041224
261635062002,741.0,6.88,54.12,92.44,Minority,High_poverty,HPM,42.4374225,-83.0338456
261635048001,210.0,0.0,30.95,100.0,Minority,High_poverty,HPM,42.4076115,-83.0118701
261635785002,1834.0,47.76,2.07,46.35,Other,Low_poverty,LPO,42.2886112,-83.176206
261635748003,332.0,94.88,0.0,2.41,White,Low_poverty,LPW,42.3110653,-83.2798495
261635673001,833.0,89.92,2.4,4.56,White,Low_poverty,LPW,42.3509046,-83.3535147
261635005003,217.0,0.0,20.28,100.0,Minority,Low_poverty,LPM,42.4251577,-82.9676466
261635821002,764.0,86.65,6.68,6.81,White,Low_poverty,LPW,42.1881954,-83.1984175
261635629001,1119.0,93.57,4.56,3.57,White,Low_poverty,LPW,42.354991,-83.4742395
261635436001,195.0,35.9,29.74,58.97,Minority,Low_poverty,LPM,42.3966397,-83.2591202
261635423001,763.0,0.0,26.44,100.0,Minority,Low_poverty,LPM,42.3990528,-83.2007256
261635736005,1035.0,87.73,44.93,4.35,White,High_poverty,HPW,42.3415259,-83.1651152
261635778005,1065.0,72.02,29.67,27.98,White,Low_poverty,LPW,42.2376047,-83.1909534
261635133001,1177.0,44.18,19.37,55.23,Minority,Low_poverty,LPM,42.3579227,-82.9344594
261635122001,849.0,0.0,91.4,100.0,Minority,High_poverty,HPM,42.3930578,-82.9743404
261635121005,387.0,7.24,19.12,92.76,Minority,Low_poverty,LPM,42.39837,-82.9589519
261635390003,545.0,0.0,20.37,97.98,Minority,Low_poverty,LPM,42.4422625,-83.1557834
261635385004,256.0,8.98,63.28,87.89,Minority,High_poverty,HPM,42.4206322,-83.15498
261635354001,859.0,0.0,48.51,89.06,Minority,High_poverty,HPM,42.3626034,-83.1890379
261635018001,1063.0,18.25,10.07,77.33,Minority,Low_poverty,LPM,42.4026792,-82.9309424
261635015002,672.0,2.53,56.7,97.47,Minority,High_poverty,HPM,42.4215921,-82.929332
261635808001,561.0,93.76,11.23,5.34,White,Low_poverty,LPW,42.1920186,-83.1555507
261635334002,546.0,0.0,44.69,100.0,Minority,High_poverty,HPM,42.3597063,-83.1143176
261635332001,214.0,0.0,40.65,100.0,Minority,High_poverty,HPM,42.3688046,-83.1108942
261635003002,531.0,2.07,22.41,91.9,Minority,Low_poverty,LPM,42.436297,-82.9654805
261635626002,745.0,100.0,3.36,0.0,White,Low_poverty,LPW,42.3791498,-83.4814218
261635409004,1009.0,0.4,25.97,99.6,Minority,Low_poverty,LPM,42.4384312,-83.2446894
261635110004,533.0,10.13,69.61,83.49,Minority,High_poverty,HPM,42.3861825,-83.0325256
261635840003,941.0,93.2,3.79,5.1,White,Low_poverty,LPW,42.2318373,-83.2517716
261635007004,1268.0,5.52,11.04,94.48,Minority,Low_poverty,LPM,42.4317686,-82.9525431
261635562001,1110.0,80.81,20.99,15.85,White,Low_poverty,LPW,42.4342038,-83.3411261
261635726003,621.0,81.32,31.88,10.79,White,High_poverty,HPW,42.2727909,-83.2872491
261635704003,1403.0,14.61,8.23,85.39,Minority,Low_poverty,LPM,42.302049,-83.3146851
261635705003,676.0,9.47,33.18,64.2,Minority,High_poverty,HPM,42.3002071,-83.3351183
261635405001,1371.0,0.0,15.39,100.0,Minority,Low_poverty,LPM,42.4190475,-83.2243522
261635666001,555.0,97.48,12.43,1.62,White,Low_poverty,LPW,42.284178,-83.4023099
261635838002,1165.0,94.85,4.59,3.86,White,Low_poverty,LPW,42.2298629,-83.2841968
261635692001,464.0,96.12,23.96,3.88,White,Low_poverty,LPW,42.331794,-83.3169302
261635372002,345.0,0.87,18.26,97.1,Minority,Low_poverty,LPM,42.3856989,-83.1765739
261635366001,296.0,0.0,2.03,100.0,Minority,Low_poverty,LPM,42.391759,-83.1640572
261635044001,534.0,0.0,25.28,99.44,Minority,Low_poverty,LPM,42.4063821,-82.989296
261635034002,345.0,6.96,25.61,87.25,Minority,Low_poverty,LPM,42.439285,-82.9776867
261635352004,609.0,0.0,46.47,100.0,Minority,High_poverty,HPM,42.3820449,-83.1747037
261635643001,1614.0,66.73,13.2,12.95,White,Low_poverty,LPW,42.3115882,-83.4676328
261635579001,1526.0,80.67,5.83,15.93,White,Low_poverty,LPW,42.385335,-83.4016405
261635766002,1343.0,88.68,5.58,8.71,White,Low_poverty,LPW,42.2400203,-83.2115322
261635836003,1312.0,91.46,7.93,5.64,White,Low_poverty,LPW,42.2445762,-83.2630527
261635395003,1168.0,0.0,37.07,97.09,Minority,High_poverty,HPM,42.4204093,-83.1883484
261635401003,321.0,0.0,21.81,100.0,Minority,Low_poverty,LPM,42.4391792,-83.2117709
261635391002,1078.0,0.74,28.85,90.82,Minority,Low_poverty,LPM,42.4420559,-83.16897
261635604004,441.0,86.85,0.0,6.8,White,Low_poverty,LPW,42.4038931,-83.4662145
261635806001,739.0,98.78,9.34,0.0,White,Low_poverty,LPW,42.2067509,-83.1677762
261635792001,751.0,48.2,13.85,51.79,Minority,Low_poverty,LPM,42.2678237,-83.129714
261635263001,974.0,4.0,16.02,96.0,Minority,Low_poverty,LPM,42.3353648,-83.135524
261635575004,730.0,90.14,6.99,0.0,White,Low_poverty,LPW,42.4069049,-83.4085011
261635441003,841.0,0.0,31.63,90.01,Minority,High_poverty,HPM,42.3927353,-83.2714742
261635152001,1112.0,20.68,31.94,79.32,Minority,High_poverty,HPM,42.3595797,-83.0042254
261635652002,1364.0,68.84,3.23,21.27,White,Low_poverty,LPW,42.3428802,-83.4241663
261635257004,796.0,48.37,8.86,37.82,Other,Low_poverty,LPO,42.3258723,-83.1199305
261635242004,707.0,42.43,38.55,55.02,Minority,High_poverty,HPM,42.3033593,-83.1324274
261635464002,592.0,0.0,26.35,100.0,Minority,Low_poverty,LPM,42.3740906,-83.2431807
261635945001,1555.0,100.0,0.58,0.0,White,Low_poverty,LPW,42.1311437,-83.2064156
261635761001,1305.0,80.84,13.1,15.25,White,Low_poverty,LPW,42.2678715,-83.2082993
261635114002,718.0,10.31,78.08,89.69,Minority,High_poverty,HPM,42.3876675,-83.0831222
261635741003,674.0,75.37,45.55,1.34,White,High_poverty,HPW,42.3170773,-83.1817684
261635837003,951.0,96.53,7.47,0.74,White,Low_poverty,LPW,42.2483999,-83.2800142
261635766003,1591.0,89.69,3.46,8.67,White,Low_poverty,LPW,42.2337706,-83.2107803
261635304002,647.0,5.1,38.13,94.9,Minority,High_poverty,HPM,42.3924283,-83.1365949
261635602003,2161.0,73.35,8.65,14.39,White,Low_poverty,LPW,42.4274778,-83.4652056
261635691001,1421.0,89.16,6.78,5.35,White,Low_poverty,LPW,42.3384855,-83.3217113
261635674002,1528.0,93.19,4.25,3.99,White,Low_poverty,LPW,42.3462973,-83.3782953
261635219003,1126.0,55.77,42.98,34.46,White,High_poverty,HPW,42.3507597,-83.0844869
261635746003,424.0,82.78,0.0,17.22,White,Low_poverty,LPW,42.3152745,-83.2610415
261635554001,705.0,34.89,31.63,65.11,Minority,High_poverty,HPM,42.3718534,-83.2713611
261635727001,1228.0,80.13,11.81,17.1,White,Low_poverty,LPW,42.277666,-83.2534211
261635345001,355.0,0.0,72.68,100.0,Minority,High_poverty,HPM,42.3662646,-83.1420416
261635005002,280.0,0.0,51.92,100.0,Minority,High_poverty,HPM,42.421908,-82.9712017
261635613002,1144.0,88.81,8.92,3.58,White,Low_poverty,LPW,42.4272117,-83.5026592
261635755003,928.0,87.82,18.32,12.18,White,Low_poverty,LPW,42.2874638,-83.2247031
261635434001,1258.0,1.19,7.0,96.9,Minority,Low_poverty,LPM,42.4042263,-83.2401792
261635422002,837.0,0.0,32.14,98.69,Minority,High_poverty,HPM,42.4033047,-83.2025007
261635004004,323.0,1.86,40.25,98.14,Minority,High_poverty,HPM,42.4242062,-82.9821712
261635141004,719.0,3.89,56.55,96.11,Minority,High_poverty,HPM,42.3774837,-82.9950256
261635845002,1073.0,83.69,4.66,11.47,White,Low_poverty,LPW,42.2055757,-83.2386454
261635394003,1413.0,0.0,23.5,99.15,Minority,Low_poverty,LPM,42.4280817,-83.1794837
261635628003,616.0,92.69,13.2,3.09,White,Low_poverty,LPW,42.3630446,-83.4525229
261635881001,1252.0,83.87,4.79,13.18,White,Low_poverty,LPW,42.2376385,-83.5269674
261635010003,1839.0,0.87,56.14,98.59,Minority,High_poverty,HPM,42.4216675,-82.9587746
261635081001,279.0,28.67,21.51,71.33,Minority,Low_poverty,LPM,42.4385985,-83.1029032
261635219001,785.0,57.96,21.55,35.03,White,Low_poverty,LPW,42.3453637,-83.0760751
