origin_geoid,Tot_Population_ACS_15_19,pct_NH_White_alone_ACS_15_19,pct_Prs_Blw_Pov_Lev_ACS_15_19,pct_Minority,Race,Poverty,origin_geoid_type,latitude,longitude
482015115001,634.0,67.98,0.0,26.18,White,Low_poverty,LPW,29.8122353,-95.3864872
482013133001,1193.0,2.68,31.44,94.81,Minority,High_poverty,HPM,29.701912,-95.3319122
482013313003,1480.0,0.0,20.84,100.0,Minority,Low_poverty,LPM,29.6365158,-95.3827009
482012213003,1817.0,1.49,19.59,98.51,Minority,Low_poverty,LPM,29.8540194,-95.366572
482014224024,924.0,68.4,0.0,26.3,White,Low_poverty,LPW,29.6619278,-95.4944858
482013107002,2217.0,23.55,38.4,75.42,Minority,High_poverty,HPM,29.7192561,-95.3116879
482014319001,1068.0,46.16,2.34,10.02,Other,Low_poverty,LPO,29.7378926,-95.463933
482014539003,2376.0,3.07,27.86,44.49,Other,Low_poverty,LPO,29.6782442,-95.6187671
482015217002,2376.0,10.69,22.9,84.72,Minority,Low_poverty,LPM,29.847765,-95.5182628
482015518002,1267.0,91.4,0.88,7.02,White,Low_poverty,LPW,29.8916205,-95.557515
482013126004,1910.0,72.15,0.0,10.0,White,Low_poverty,LPW,29.725801,-95.3830479
482014222001,2646.0,6.35,31.9,92.6,Minority,High_poverty,HPM,29.6370837,-95.5018689
482014123005,1416.0,86.79,7.98,7.06,White,Low_poverty,LPW,29.7227396,-95.4260989
482012405021,1179.0,6.45,24.43,93.55,Minority,Low_poverty,LPM,29.946993,-95.392101
482015529003,2011.0,30.03,31.52,59.23,Minority,High_poverty,HPM,29.9938609,-95.5068515
482014123001,1391.0,79.22,1.08,3.16,White,Low_poverty,LPW,29.7201214,-95.4203617
482014323002,1199.0,17.01,36.7,72.14,Minority,High_poverty,HPM,29.7290374,-95.5413671
482013135002,961.0,1.04,62.96,98.96,Minority,High_poverty,HPM,29.6906182,-95.3483815
482012411021,1667.0,39.41,2.46,60.59,Minority,Low_poverty,LPM,30.044951,-95.3641619
482015524002,3070.0,40.33,3.94,41.24,Other,Low_poverty,LPO,29.9375221,-95.5963166
482013103002,964.0,13.9,34.34,85.17,Minority,High_poverty,HPM,29.7371952,-95.3311596
482014541002,2940.0,10.51,3.48,75.34,Minority,Low_poverty,LPM,29.7040557,-95.6582883
482014318022,3115.0,52.3,5.97,23.98,White,Low_poverty,LPW,29.7453818,-95.4624868
482015320014,2347.0,4.81,29.7,94.34,Minority,Low_poverty,LPM,29.8548819,-95.47267
482012202002,880.0,8.52,15.8,91.48,Minority,Low_poverty,LPM,29.8164073,-95.3571302
482013320004,845.0,2.84,29.94,96.09,Minority,Low_poverty,LPM,29.6731817,-95.3529477
482012527002,1667.0,51.77,23.76,44.69,White,Low_poverty,LPW,29.9126982,-95.056111
482013327002,1940.0,2.47,13.3,96.7,Minority,Low_poverty,LPM,29.6854314,-95.3166494
482013137002,1573.0,9.47,26.13,89.39,Minority,Low_poverty,LPM,29.699228,-95.3669298
482013304002,2031.0,5.17,19.25,94.83,Minority,Low_poverty,LPM,29.6188512,-95.4598487
482012529003,2710.0,36.64,1.85,58.85,Minority,Low_poverty,LPM,29.8018854,-95.0480851
482014124002,1566.0,87.87,0.0,7.85,White,Low_poverty,LPW,29.7203487,-95.4370598
482013339023,1649.0,26.99,12.61,65.19,Minority,Low_poverty,LPM,29.6241946,-95.2435337
482014226002,963.0,50.36,4.05,47.56,White,Low_poverty,LPW,29.685332,-95.501254
482015320013,1573.0,22.89,20.67,73.75,Minority,Low_poverty,LPM,29.8596111,-95.4682756
482014324002,2307.0,12.35,19.51,70.18,Minority,Low_poverty,LPM,29.7238351,-95.5519751
482015222022,1845.0,22.87,42.05,77.12,Minority,High_poverty,HPM,29.7977659,-95.5379697
482014305001,1310.0,64.05,4.43,17.48,White,Low_poverty,LPW,29.7788851,-95.5265743
482015214001,1142.0,0.0,38.0,97.99,Minority,High_poverty,HPM,29.8310523,-95.5079861
482013236004,1658.0,17.61,26.0,65.32,Minority,Low_poverty,LPM,29.6353888,-95.1871909
482012537002,1271.0,39.42,10.26,55.86,Minority,Low_poverty,LPM,29.7569699,-94.9679315
482012116001,1858.0,4.57,25.7,95.43,Minority,Low_poverty,LPM,29.7846713,-95.3115693
482014314021,1833.0,61.59,9.77,17.13,White,Low_poverty,LPW,29.7436082,-95.481055
482013315004,1696.0,0.0,17.04,100.0,Minority,Low_poverty,LPM,29.6310552,-95.3610544
482013403023,2673.0,58.74,5.57,35.31,White,Low_poverty,LPW,29.5990415,-95.1155966
482015320012,1141.0,22.61,31.11,71.34,Minority,High_poverty,HPM,29.8522333,-95.4690484
482012224023,2509.0,5.94,48.51,93.42,Minority,High_poverty,HPM,29.9076421,-95.3774956
482012535001,4179.0,25.17,27.5,61.71,Minority,Low_poverty,LPM,29.7720113,-94.9874193
482013339022,4436.0,14.43,10.64,81.15,Minority,Low_poverty,LPM,29.6119272,-95.246226
482013306001,1866.0,0.59,8.95,99.41,Minority,Low_poverty,LPM,29.6168537,-95.4250732
482013324002,1502.0,0.0,10.39,95.34,Minority,Low_poverty,LPM,29.6617121,-95.3326523
482014316003,1242.0,88.65,0.0,9.01,White,Low_poverty,LPW,29.7637343,-95.4895181
482014207003,1751.0,70.76,6.28,16.39,White,Low_poverty,LPW,29.6683491,-95.4718851
482012116002,1210.0,4.63,32.64,93.8,Minority,High_poverty,HPM,29.7782631,-95.3115277
482013128001,1763.0,7.49,68.34,83.78,Minority,High_poverty,HPM,29.7227174,-95.3604859
482012335003,2685.0,17.28,22.47,82.71,Minority,Low_poverty,LPM,29.7631534,-95.228294
482012522001,1895.0,16.99,0.0,79.84,Minority,Low_poverty,LPM,29.8553158,-95.1350123
482014126003,916.0,69.98,6.99,10.59,White,Low_poverty,LPW,29.7149697,-95.4445143
482013341001,1670.0,0.0,0.0,100.0,Minority,Low_poverty,LPM,29.6311798,-95.4391548
482014118002,1503.0,62.87,4.79,33.93,White,Low_poverty,LPW,29.7264031,-95.4328765
482014504002,1922.0,19.77,40.95,76.07,Minority,High_poverty,HPM,29.7749492,-95.60978
482012321002,3001.0,6.16,31.2,93.84,Minority,High_poverty,HPM,29.9007149,-95.3066347
482013129002,1418.0,13.05,7.76,78.91,Minority,Low_poverty,LPM,29.7157415,-95.3661642
482014230002,840.0,2.14,37.26,93.45,Minority,High_poverty,HPM,29.6760958,-95.5215429
482012507021,2469.0,49.7,1.05,48.64,Other,Low_poverty,LPO,30.0027211,-95.1868115
482013209002,1980.0,2.22,28.79,97.78,Minority,Low_poverty,LPM,29.6495865,-95.2443884
482013336001,1646.0,8.57,13.91,91.44,Minority,Low_poverty,LPM,29.6674855,-95.291546
482014236004,2640.0,7.42,0.15,92.5,Minority,Low_poverty,LPM,29.63936,-95.5126144
482012504011,10531.0,42.18,7.19,53.24,Minority,Low_poverty,LPM,29.98616,-95.1797453
482014312024,1829.0,27.56,23.73,28.71,Other,Low_poverty,LPO,29.7405868,-95.5030097
482014515002,1374.0,37.19,9.53,37.12,Other,Low_poverty,LPO,29.7553785,-95.6084888
482013214022,1074.0,11.17,0.84,88.83,Minority,Low_poverty,LPM,29.658128,-95.2277529
482013105002,1752.0,5.71,12.04,92.7,Minority,Low_poverty,LPM,29.7413151,-95.3179322
482014127002,2241.0,63.81,2.87,11.87,White,Low_poverty,LPW,29.7103428,-95.4531036
482012331011,1335.0,5.17,30.79,94.83,Minority,High_poverty,HPM,29.7851626,-95.1729604
482014230003,1878.0,8.89,10.38,88.92,Minority,Low_poverty,LPM,29.6809182,-95.5142691
482015337022,2566.0,3.23,31.41,94.62,Minority,High_poverty,HPM,29.917713,-95.4383429
482014330011,1019.0,1.67,35.23,58.0,Minority,High_poverty,HPM,29.7150681,-95.5525862
482014327013,616.0,29.06,30.19,65.42,Minority,High_poverty,HPM,29.7299261,-95.4947622
482013338005,2127.0,8.13,5.08,89.98,Minority,Low_poverty,LPM,29.6110717,-95.2711224
482013302001,2435.0,3.57,5.49,95.57,Minority,Low_poverty,LPM,29.63468,-95.453645
482015115004,683.0,86.97,2.78,10.69,White,Low_poverty,LPW,29.8061189,-95.3952711
482015224012,1338.0,65.84,0.0,30.05,White,Low_poverty,LPW,29.8004131,-95.5486901
482015108006,1592.0,60.43,0.0,29.46,White,Low_poverty,LPW,29.7684047,-95.4182205
482013323002,1762.0,1.65,23.84,98.36,Minority,Low_poverty,LPM,29.6639086,-95.3231899
482013103001,641.0,49.14,12.64,50.85,Minority,Low_poverty,LPM,29.7406393,-95.3305046
482015106003,2774.0,62.76,0.79,25.74,White,Low_poverty,LPW,29.7742373,-95.4151884
482015529002,1975.0,38.38,8.56,54.48,Minority,Low_poverty,LPM,29.9947172,-95.5143515
482012209001,957.0,8.15,30.22,89.97,Minority,High_poverty,HPM,29.8521069,-95.3372722
482013304001,1123.0,6.41,26.71,92.52,Minority,Low_poverty,LPM,29.6240596,-95.4529364
482013303022,1904.0,10.4,12.82,87.81,Minority,Low_poverty,LPM,29.6197629,-95.4700076
482013406001,1267.0,65.27,1.58,26.76,White,Low_poverty,LPW,29.5764228,-95.1288759
482013340022,1699.0,17.48,10.36,77.05,Minority,Low_poverty,LPM,29.606167,-95.2122422
482013433021,2607.0,56.19,3.95,37.4,White,Low_poverty,LPW,29.6705855,-95.0618749
482013138002,729.0,0.0,21.95,97.39,Minority,Low_poverty,LPM,29.686099,-95.3696525
482015506032,2905.0,2.07,33.7,91.01,Minority,High_poverty,HPM,29.9622407,-95.4747494
482014109003,626.0,44.57,5.59,7.35,Other,Low_poverty,LPO,29.7326615,-95.4075595
482014336001,1638.0,0.0,9.4,95.61,Minority,Low_poverty,LPM,29.6689859,-95.5572682
482013503002,1594.0,40.59,1.69,41.41,Other,Low_poverty,LPO,29.5834672,-95.2208919
482014214021,1961.0,2.24,51.1,97.76,Minority,High_poverty,HPM,29.7155447,-95.4868725
482013437001,1368.0,23.25,10.16,74.34,Minority,Low_poverty,LPM,29.6745167,-95.0298723
482015301001,1071.0,12.89,7.28,87.11,Minority,Low_poverty,LPM,29.8164475,-95.4624565
482013216002,888.0,24.1,1.8,73.54,Minority,Low_poverty,LPM,29.6807451,-95.2224168
482015505001,3447.0,1.31,11.89,78.39,Minority,Low_poverty,LPM,29.957813,-95.442854
482014212021,2644.0,3.86,42.33,96.14,Minority,High_poverty,HPM,29.7183782,-95.4902761
482015115003,955.0,23.46,11.83,74.97,Minority,Low_poverty,LPM,29.8069832,-95.3887326
482014118001,1393.0,63.89,8.11,23.77,White,Low_poverty,LPW,29.7281855,-95.4228916
482015532003,2624.0,17.11,19.06,71.03,Minority,Low_poverty,LPM,30.0279126,-95.4449456
482015206022,1617.0,25.17,18.06,74.09,Minority,Low_poverty,LPM,29.8069073,-95.498431
482012525004,2116.0,16.07,24.83,83.41,Minority,Low_poverty,LPM,29.7742015,-95.1167467
482014216004,1877.0,0.0,31.81,99.25,Minority,High_poverty,HPM,29.701535,-95.4877436
482015331003,2460.0,5.12,11.71,94.88,Minority,Low_poverty,LPM,29.8764494,-95.4563662
482013322001,1549.0,0.9,20.92,99.09,Minority,Low_poverty,LPM,29.6866258,-95.3311242
482015340022,3023.0,6.48,15.02,83.96,Minority,Low_poverty,LPM,29.919379,-95.5079682
482012214002,1966.0,9.92,13.58,89.22,Minority,Low_poverty,LPM,29.8525877,-95.3877765
482013429002,2779.0,50.99,5.0,49.01,White,Low_poverty,LPW,29.6755368,-95.1206915
482015424003,4019.0,20.03,11.59,79.48,Minority,Low_poverty,LPM,29.788932,-95.7238308
482013116001,1135.0,0.0,28.89,99.3,Minority,Low_poverty,LPM,29.7034226,-95.2870281
482014224023,1734.0,0.0,12.63,97.0,Minority,Low_poverty,LPM,29.6553458,-95.5029519
482013506023,4401.0,42.54,4.93,40.72,Other,Low_poverty,LPO,29.5366302,-95.176855
482013101002,2548.0,40.27,9.5,49.17,Other,Low_poverty,LPO,29.7525284,-95.3436349
482015220002,953.0,43.44,13.43,47.85,Other,Low_poverty,LPO,29.8286991,-95.5288936
482012115002,2574.0,0.0,26.3,100.0,Minority,Low_poverty,LPM,29.768148,-95.3094023
482014105004,986.0,71.3,3.04,19.16,White,Low_poverty,LPW,29.7494059,-95.3940204
482013133002,1298.0,10.86,31.43,87.68,Minority,High_poverty,HPM,29.7067217,-95.3376404
482014233013,1077.0,7.8,12.63,91.37,Minority,Low_poverty,LPM,29.6668017,-95.5215324
482013331002,2621.0,6.45,19.53,52.5,Minority,Low_poverty,LPM,29.6751027,-95.2759696
482015221002,1471.0,76.21,5.21,18.56,White,Low_poverty,LPW,29.8122607,-95.5314296
482013313004,1627.0,3.69,18.62,96.19,Minority,Low_poverty,LPM,29.6469163,-95.3767414
482014214032,2249.0,0.53,41.0,98.36,Minority,High_poverty,HPM,29.7109049,-95.4909974
482014520001,2854.0,28.49,20.57,54.56,Minority,Low_poverty,LPM,29.7324733,-95.6150793
482014110001,1676.0,82.46,0.0,4.47,White,Low_poverty,LPW,29.7402798,-95.4243669
482014510023,1399.0,14.87,16.58,83.71,Minority,Low_poverty,LPM,29.7386242,-95.5868118
482014202002,1779.0,13.94,15.51,77.4,Minority,Low_poverty,LPM,29.6763861,-95.4433348
482015333002,2307.0,0.69,59.69,94.15,Minority,High_poverty,HPM,29.8739705,-95.4161652
482014104021,930.0,81.61,10.32,7.96,White,Low_poverty,LPW,29.7498233,-95.3985812
482013227003,1907.0,15.1,1.84,84.9,Minority,Low_poverty,LPM,29.6971668,-95.1667616
482014313011,2722.0,40.37,2.87,49.15,Other,Low_poverty,LPO,29.7405492,-95.4988604
482012211002,1179.0,11.37,50.13,88.63,Minority,High_poverty,HPM,29.8564371,-95.3557624
482015531001,984.0,43.8,0.0,41.67,Other,Low_poverty,LPO,30.0277626,-95.4650584
482014328024,204.0,0.0,53.43,100.0,Minority,High_poverty,HPM,29.706134,-95.5165257
482013228004,1789.0,9.73,9.17,85.47,Minority,Low_poverty,LPM,29.7081922,-95.1896387
482013102001,1912.0,43.36,4.92,40.84,Other,Low_poverty,LPO,29.7434758,-95.3511184
482014120002,1435.0,67.11,5.04,8.85,White,Low_poverty,LPW,29.7203003,-95.4156147
482014325002,1363.0,28.03,54.05,66.32,Minority,High_poverty,HPM,29.7243087,-95.5317667
482014330021,1420.0,0.21,26.76,40.77,Other,Low_poverty,LPO,29.7070775,-95.539984
482014324003,2194.0,22.84,32.13,68.28,Minority,High_poverty,HPM,29.7253789,-95.5422549
482014524002,2124.0,7.39,13.94,59.56,Minority,Low_poverty,LPM,29.7094115,-95.5790748
482015212002,1485.0,12.46,6.94,79.39,Minority,Low_poverty,LPM,29.8068422,-95.5176129
482014313023,1098.0,80.6,1.09,12.66,White,Low_poverty,LPW,29.746929,-95.4897029
482014508025,2493.0,30.77,16.45,63.1,Minority,Low_poverty,LPM,29.7560044,-95.5606488
482013408003,2433.0,48.5,4.97,35.88,Other,Low_poverty,LPO,29.586246,-95.1413659
482013119002,1344.0,10.94,27.67,83.63,Minority,Low_poverty,LPM,29.7193776,-95.3290191
482013216004,1452.0,10.33,7.09,86.23,Minority,Low_poverty,LPM,29.6740488,-95.2120479
482015506011,2186.0,2.84,22.87,94.24,Minority,Low_poverty,LPM,29.9530245,-95.4585115
482014335013,1285.0,10.51,42.41,88.71,Minority,High_poverty,HPM,29.678022,-95.5513549
482014214022,1864.0,4.35,42.38,91.63,Minority,High_poverty,HPM,29.713748,-95.4868408
482013408002,1681.0,62.17,4.4,27.19,White,Low_poverty,LPW,29.5823853,-95.1372067
482015101002,1116.0,45.52,6.69,38.26,Other,Low_poverty,LPO,29.7748723,-95.3714915
482015109003,1603.0,50.47,8.17,30.38,White,Low_poverty,LPW,29.780246,-95.4147774
482013304003,1709.0,5.27,17.76,93.92,Minority,Low_poverty,LPM,29.6099364,-95.4558205
482012119001,1772.0,0.0,45.15,100.0,Minority,High_poverty,HPM,29.7835609,-95.3050235
482013232002,1737.0,18.88,31.55,81.11,Minority,High_poverty,HPM,29.6837122,-95.1779812
482013341003,918.0,0.0,6.32,100.0,Minority,Low_poverty,LPM,29.632622,-95.4439935
482012213001,1613.0,2.98,33.73,87.54,Minority,High_poverty,HPM,29.8489522,-95.3658542
482014214011,1701.0,3.82,38.1,89.18,Minority,High_poverty,HPM,29.7140533,-95.490704
482014312012,1862.0,29.91,37.86,62.83,Minority,High_poverty,HPM,29.7395503,-95.5183878
482014543011,1886.0,14.63,16.65,77.04,Minority,Low_poverty,LPM,29.7135693,-95.6564072
482014551011,1774.0,50.45,4.06,33.43,White,Low_poverty,LPW,29.7727741,-95.7594013
482015315001,817.0,62.18,3.55,28.15,White,Low_poverty,LPW,29.8363631,-95.4689365
482012123004,1293.0,2.09,27.24,97.91,Minority,Low_poverty,LPM,29.7789269,-95.3530053
482015416022,1660.0,53.25,29.52,46.75,White,Low_poverty,LPW,29.8450208,-95.6553433
482013126001,3591.0,41.6,26.73,34.78,Other,Low_poverty,LPO,29.7217905,-95.3845987
482015412022,2054.0,31.5,0.0,64.7,Minority,Low_poverty,LPM,29.8819329,-95.6595464
482012530001,345.0,0.0,14.2,96.24,Minority,Low_poverty,LPM,29.8036334,-95.0273799
482012502001,2210.0,5.29,19.05,94.7,Minority,Low_poverty,LPM,29.9446484,-95.2751039
482012404002,4625.0,3.57,48.61,96.43,Minority,High_poverty,HPM,29.9564323,-95.3697933
482015405013,2621.0,9.69,39.11,86.65,Minority,High_poverty,HPM,29.8563523,-95.642934
482013306002,1778.0,4.72,35.6,93.65,Minority,High_poverty,HPM,29.6099717,-95.4314192
482013140024,779.0,42.23,9.5,17.2,Other,Low_poverty,LPO,29.6838086,-95.3977592
482014234021,3187.0,0.44,15.75,72.33,Minority,Low_poverty,LPM,29.6500997,-95.5318558
482013112003,1121.0,16.68,11.86,82.52,Minority,Low_poverty,LPM,29.7194515,-95.3024306
482013236003,3964.0,36.5,0.73,60.87,Minority,Low_poverty,LPM,29.6454951,-95.1864418
482014204001,944.0,80.61,0.96,13.35,White,Low_poverty,LPW,29.6606393,-95.4601883
482012306002,1832.0,0.27,28.93,99.73,Minority,Low_poverty,LPM,29.8448117,-95.3164626
482012119002,1712.0,0.0,36.39,100.0,Minority,High_poverty,HPM,29.7855187,-95.2998398
482014105002,1278.0,55.63,7.9,27.31,White,Low_poverty,LPW,29.7490606,-95.3873155
482014201001,1917.0,13.3,22.69,64.58,Minority,Low_poverty,LPM,29.6758806,-95.4349432
482015221004,825.0,49.94,21.33,35.88,Other,Low_poverty,LPO,29.8155544,-95.5410295
482014317002,1905.0,79.9,2.57,12.49,White,Low_poverty,LPW,29.7613916,-95.4615095
482014104013,1097.0,81.49,0.0,9.39,White,Low_poverty,LPW,29.7454776,-95.4042039
482012201001,1394.0,0.57,36.66,99.42,Minority,High_poverty,HPM,29.8146253,-95.3452622
482012113004,1423.0,1.34,30.15,96.98,Minority,High_poverty,HPM,29.7786597,-95.3312785
482011000002,1421.0,55.03,11.58,23.22,White,Low_poverty,LPW,29.7518443,-95.3677578
482012210001,1918.0,13.24,30.03,86.76,Minority,High_poverty,HPM,29.8668247,-95.3463529
482015332003,1347.0,11.43,14.63,82.63,Minority,Low_poverty,LPM,29.8668544,-95.4630937
482012532004,2147.0,66.56,5.77,33.44,White,Low_poverty,LPW,29.7753445,-94.933118
482015521031,1324.0,46.37,4.66,41.16,Other,Low_poverty,LPO,29.9326544,-95.6245417
482014332021,1897.0,16.76,26.45,58.2,Minority,Low_poverty,LPM,29.7009716,-95.541196
482013413022,1298.0,55.08,2.47,22.57,White,Low_poverty,LPW,29.555067,-95.1073457
482015223012,2502.0,10.23,21.3,86.85,Minority,Low_poverty,LPM,29.7874611,-95.5259311
482014224013,1428.0,9.31,44.96,68.7,Minority,High_poverty,HPM,29.6594912,-95.5070287
482013218001,2200.0,2.05,22.91,97.09,Minority,Low_poverty,LPM,29.6906894,-95.2381339
482014527001,1473.0,1.7,15.82,83.43,Minority,Low_poverty,LPM,29.7012393,-95.6189101
482013302002,2003.0,1.6,27.66,98.4,Minority,Low_poverty,LPM,29.6333188,-95.4616345
482014115013,2135.0,51.76,12.27,8.71,White,Low_poverty,LPW,29.7399408,-95.442428
482015332002,1766.0,0.91,27.41,88.45,Minority,Low_poverty,LPM,29.8670101,-95.4539816
482012206001,2641.0,2.31,45.7,97.69,Minority,High_poverty,HPM,29.8417725,-95.3630207
482013425003,1264.0,52.69,1.66,42.25,White,Low_poverty,LPW,29.7075993,-95.1313759
482013420012,2856.0,44.15,0.0,36.59,Other,Low_poverty,LPO,29.6406328,-95.1261843
482015537001,593.0,77.91,2.19,17.71,White,Low_poverty,LPW,30.0238662,-95.5131432
482013405004,872.0,58.6,3.21,37.73,White,Low_poverty,LPW,29.5710684,-95.1223131
482013209001,1225.0,10.61,48.61,89.3,Minority,High_poverty,HPM,29.6443235,-95.2425656
482013430002,2364.0,47.55,13.41,52.46,Minority,Low_poverty,LPM,29.6564618,-95.1043583
482015223021,1825.0,5.92,28.99,93.48,Minority,Low_poverty,LPM,29.7896227,-95.542246
482013508022,2606.0,32.31,24.76,57.44,Minority,Low_poverty,LPM,29.5270711,-95.1597928
482015206021,916.0,5.68,23.03,94.32,Minority,Low_poverty,LPM,29.8088137,-95.487108
482012319004,1171.0,0.0,12.04,100.0,Minority,Low_poverty,LPM,29.8807504,-95.2985025
482014512001,1408.0,79.05,0.0,18.25,White,Low_poverty,LPW,29.759898,-95.6019832
482013208002,1540.0,3.96,19.06,95.78,Minority,Low_poverty,LPM,29.6657598,-95.2421529
482012315002,1174.0,0.68,30.83,99.31,Minority,High_poverty,HPM,29.8557456,-95.2959595
482014536022,2137.0,4.59,30.04,85.17,Minority,High_poverty,HPM,29.68155,-95.5722996
482014228004,2025.0,1.23,48.49,98.77,Minority,High_poverty,HPM,29.687148,-95.5115012
482013327001,615.0,1.79,52.68,97.07,Minority,High_poverty,HPM,29.6832359,-95.3003386
482015225002,1202.0,79.2,1.75,10.4,White,Low_poverty,LPW,29.7885871,-95.5130522
482015427001,3399.0,69.73,7.62,27.31,White,Low_poverty,LPW,29.7959091,-95.8194082
482015417001,2284.0,43.65,6.35,56.35,Minority,Low_poverty,LPM,29.7971949,-95.6722851
482014320023,1586.0,31.02,13.49,57.95,Minority,Low_poverty,LPM,29.7351893,-95.492199
482012311003,1215.0,8.15,13.09,82.55,Minority,Low_poverty,LPM,29.8385124,-95.2604041
482012540002,1349.0,53.6,12.38,45.89,White,Low_poverty,LPW,29.7348692,-94.9487078
482013427002,2260.0,74.47,5.0,22.7,White,Low_poverty,LPW,29.6947946,-95.1185511
482013240001,2110.0,41.23,30.05,56.49,Minority,High_poverty,HPM,29.6592286,-95.1618885
482014528021,4211.0,3.75,15.65,76.38,Minority,Low_poverty,LPM,29.6924431,-95.6006535
482013433013,1210.0,63.39,3.72,35.21,White,Low_poverty,LPW,29.6817245,-95.0638432
482014530001,2738.0,3.07,4.67,71.4,Minority,Low_poverty,LPM,29.6922833,-95.5799292
482014536023,2411.0,15.18,5.43,80.63,Minority,Low_poverty,LPM,29.6776243,-95.5802818
482013135001,778.0,0.77,23.91,99.23,Minority,Low_poverty,LPM,29.6925547,-95.344557
482013325001,1547.0,8.02,23.59,91.99,Minority,Low_poverty,LPM,29.6610794,-95.3136223
482015327002,1418.0,13.05,3.17,84.28,Minority,Low_poverty,LPM,29.8774692,-95.4850549
482015225003,1452.0,78.24,6.89,5.23,White,Low_poverty,LPW,29.7890118,-95.4952879
482015402001,2522.0,20.78,7.53,72.28,Minority,Low_poverty,LPM,29.823358,-95.5697134
482015323003,2582.0,17.85,20.76,77.93,Minority,Low_poverty,LPM,29.8588022,-95.5027709
482012415004,933.0,13.83,37.51,81.89,Minority,High_poverty,HPM,29.9432682,-95.3727285
482012229003,3887.0,1.96,24.54,96.71,Minority,Low_poverty,LPM,29.9127327,-95.3346167
482015303002,702.0,9.69,41.45,90.32,Minority,High_poverty,HPM,29.8158886,-95.3964689
482015225001,875.0,74.86,1.6,15.89,White,Low_poverty,LPW,29.7908053,-95.4885192
482015202002,1113.0,87.33,5.21,5.21,White,Low_poverty,LPW,29.789357,-95.4803227
482015115005,1289.0,60.9,0.0,33.52,White,Low_poverty,LPW,29.8074718,-95.4026257
482015115002,985.0,68.22,20.89,17.87,White,Low_poverty,LPW,29.8069934,-95.384343
482015113012,1145.0,79.21,0.79,14.59,White,Low_poverty,LPW,29.7939251,-95.4020865
482015113022,1766.0,81.14,15.46,16.42,White,Low_poverty,LPW,29.7945314,-95.3916009
482015112001,912.0,67.98,0.0,14.58,White,Low_poverty,LPW,29.8072613,-95.4173739
482012405012,1438.0,4.59,42.35,93.53,Minority,High_poverty,HPM,29.9520523,-95.3944206
482012320001,1673.0,0.0,2.33,100.0,Minority,Low_poverty,LPM,29.9068231,-95.2926517
482012225022,2755.0,13.79,10.4,86.21,Minority,Low_poverty,LPM,29.9243713,-95.3955645
482012219003,2404.0,1.54,26.25,98.46,Minority,Low_poverty,LPM,29.8748485,-95.3480875
482015507002,1805.0,8.31,28.64,84.82,Minority,Low_poverty,LPM,29.9405495,-95.4761222
482015103005,595.0,93.11,2.86,6.9,White,Low_poverty,LPW,29.784442,-95.3859806
482014327012,2699.0,7.15,54.14,92.07,Minority,High_poverty,HPM,29.7271284,-95.4943755
482013212001,2430.0,4.77,45.19,92.43,Minority,High_poverty,HPM,29.640702,-95.2031241
482013211002,2585.0,9.94,10.87,78.84,Minority,Low_poverty,LPM,29.6278462,-95.2136038
482013210002,1409.0,13.13,9.37,84.88,Minority,Low_poverty,LPM,29.6377961,-95.2211323
482013208001,1262.0,4.75,14.82,95.25,Minority,Low_poverty,LPM,29.6613042,-95.2462019
482013219003,1312.0,5.11,14.1,93.82,Minority,Low_poverty,LPM,29.687242,-95.2269079
482013216001,1839.0,7.23,4.57,92.77,Minority,Low_poverty,LPM,29.6837796,-95.2181244
482013138001,1134.0,1.59,33.42,98.41,Minority,High_poverty,HPM,29.6903245,-95.3694632
482013137001,637.0,1.57,4.4,96.86,Minority,Low_poverty,LPM,29.6937999,-95.365457
482013134001,887.0,6.2,44.08,93.79,Minority,High_poverty,HPM,29.697497,-95.3449513
482013131002,873.0,42.38,8.43,32.42,Other,Low_poverty,LPO,29.7080271,-95.3972047
482013130001,835.0,13.77,1.83,83.83,Minority,Low_poverty,LPM,29.7218335,-95.3744113
482013127001,655.0,14.66,6.56,83.82,Minority,Low_poverty,LPM,29.7247949,-95.3651121
482013123002,834.0,3.72,48.08,94.24,Minority,High_poverty,HPM,29.7359314,-95.3575194
482013120001,1070.0,33.27,21.39,52.43,Minority,Low_poverty,LPM,29.716964,-95.3375747
482013201001,1489.0,2.15,19.81,96.3,Minority,Low_poverty,LPM,29.6973005,-95.2819343
482013110004,1054.0,3.32,37.19,96.68,Minority,High_poverty,HPM,29.7490769,-95.3023536
482013109005,1464.0,0.61,19.26,99.39,Minority,Low_poverty,LPM,29.7399582,-95.3061211
482013109001,753.0,2.92,42.9,97.08,Minority,High_poverty,HPM,29.7354663,-95.2942568
482013106005,1422.0,15.12,38.09,80.52,Minority,High_poverty,HPM,29.72872,-95.3302213
482013106003,730.0,4.11,35.21,94.25,Minority,High_poverty,HPM,29.7336864,-95.3271895
482013104003,711.0,4.5,27.0,94.1,Minority,Low_poverty,LPM,29.7459287,-95.3309288
482012544004,639.0,5.48,24.41,94.53,Minority,Low_poverty,LPM,29.7240197,-94.9813307
482013117001,3271.0,0.86,40.02,97.62,Minority,High_poverty,HPM,29.7005726,-95.3002396
482013113002,2113.0,0.0,19.03,94.94,Minority,Low_poverty,LPM,29.7072301,-95.2929133
482013112002,1840.0,9.13,37.22,90.87,Minority,High_poverty,HPM,29.7199148,-95.2961058
482012337012,2793.0,9.49,37.16,90.51,Minority,High_poverty,HPM,29.7398172,-95.2435356
482012332002,1390.0,23.09,36.33,76.9,Minority,High_poverty,HPM,29.7782977,-95.1944296
482012330012,2417.0,5.5,26.07,92.27,Minority,Low_poverty,LPM,29.7956155,-95.1855073
482014227022,1527.0,26.59,5.5,67.32,Minority,Low_poverty,LPM,29.7001223,-95.5122346
482012302003,1527.0,1.11,14.06,98.89,Minority,Low_poverty,LPM,29.819877,-95.3076335
482015427002,1900.0,45.68,2.02,42.05,Other,Low_poverty,LPO,29.7914967,-95.8094536
482015424001,4021.0,24.7,13.84,66.23,Minority,Low_poverty,LPM,29.7953916,-95.7245277
482014519012,2375.0,22.23,0.0,49.31,Other,Low_poverty,LPO,29.7263464,-95.6126409
482014513002,1681.0,24.57,18.38,60.79,Minority,Low_poverty,LPM,29.7391192,-95.5936056
482014226001,1587.0,29.49,22.5,66.1,Minority,Low_poverty,LPM,29.6878602,-95.4961187
482014222002,1785.0,4.54,43.25,95.46,Minority,High_poverty,HPM,29.6396458,-95.4953758
482012212002,1371.0,2.12,34.79,97.88,Minority,High_poverty,HPM,29.860695,-95.3676001
482012211001,1169.0,10.01,29.51,88.88,Minority,Low_poverty,LPM,29.8660546,-95.3599024
482012207003,348.0,0.0,6.03,100.0,Minority,Low_poverty,LPM,29.8255224,-95.3463471
482015416012,1400.0,66.93,7.79,25.0,White,Low_poverty,LPW,29.8437483,-95.6790766
482015413001,1895.0,30.29,6.28,67.12,Minority,Low_poverty,LPM,29.8767268,-95.6781721
482014509002,2105.0,56.15,13.21,29.36,White,Low_poverty,LPW,29.7421976,-95.5684255
482014221004,751.0,52.86,22.37,43.94,White,Low_poverty,LPW,29.6466094,-95.4899508
482014219003,779.0,68.81,0.0,12.84,White,Low_poverty,LPW,29.6695636,-95.4892655
482014218004,1788.0,60.29,6.29,12.08,White,Low_poverty,LPW,29.6873304,-95.4805156
482012205001,333.0,0.0,85.29,100.0,Minority,High_poverty,HPM,29.8285082,-95.3789033
482012203001,1087.0,13.34,23.64,86.66,Minority,Low_poverty,LPM,29.8261424,-95.3720112
482012125002,2050.0,0.0,24.88,98.25,Minority,Low_poverty,LPM,29.7648373,-95.2701866
482014504003,286.0,48.95,5.24,8.39,Other,Low_poverty,LPO,29.770992,-95.6095538
482015540022,2365.0,85.33,5.08,14.67,White,Low_poverty,LPW,30.0033888,-95.5470985
482015540011,1428.0,46.43,5.67,46.91,Other,Low_poverty,LPO,30.0137044,-95.5232992
482015310001,1382.0,71.13,5.28,24.17,White,Low_poverty,LPW,29.8245777,-95.4257608
482015307001,1940.0,3.25,40.32,96.14,Minority,High_poverty,HPM,29.8502085,-95.39966
482015307003,1856.0,8.46,49.46,87.61,Minority,High_poverty,HPM,29.8630702,-95.4088157
482015333003,866.0,0.0,24.13,100.0,Minority,Low_poverty,LPM,29.8678501,-95.4251697
482015318002,405.0,1.23,18.02,98.77,Minority,Low_poverty,LPM,29.8607219,-95.441272
482015523011,2887.0,62.59,6.79,32.56,White,Low_poverty,LPW,29.9592053,-95.6283423
482015515001,2408.0,18.23,25.33,62.5,Minority,Low_poverty,LPM,29.9515435,-95.5499775
482015221003,2719.0,14.12,15.67,83.15,Minority,Low_poverty,LPM,29.8183988,-95.5315427
482015220001,2076.0,49.71,23.22,48.99,Other,Low_poverty,LPO,29.8297158,-95.5385796
482015215002,1011.0,26.71,20.34,70.72,Minority,Low_poverty,LPM,29.8291651,-95.5209644
482015213002,1348.0,10.53,49.26,84.72,Minority,High_poverty,HPM,29.8185297,-95.5135488
482015207001,346.0,63.29,4.62,20.52,White,Low_poverty,LPW,29.8009368,-95.4891302
482015516001,3477.0,29.16,26.32,64.71,Minority,Low_poverty,LPM,29.9292544,-95.5807435
482012526002,2736.0,31.51,41.52,68.49,Minority,High_poverty,HPM,29.7894426,-95.1156475
482012113001,711.0,1.41,15.61,98.59,Minority,Low_poverty,LPM,29.7734409,-95.3308498
482012112002,885.0,0.0,64.97,100.0,Minority,High_poverty,HPM,29.7956345,-95.3201603
482012111005,730.0,0.0,62.33,100.0,Minority,High_poverty,HPM,29.7826608,-95.3313328
482012111002,414.0,13.53,41.79,86.48,Minority,High_poverty,HPM,29.7916438,-95.3341531
482014541001,844.0,30.45,2.25,20.26,Other,Low_poverty,LPO,29.7072763,-95.6506764
482014538002,1950.0,3.9,12.85,88.56,Minority,Low_poverty,LPM,29.6668406,-95.6038013
482014325003,2044.0,34.98,33.12,54.4,Minority,High_poverty,HPM,29.7244494,-95.536412
482014322002,738.0,78.32,17.62,18.02,White,Low_poverty,LPW,29.7314861,-95.5292904
482014310001,1901.0,74.22,10.7,15.41,White,Low_poverty,LPW,29.7457186,-95.5556981
482015551002,4433.0,27.75,7.43,50.82,Minority,Low_poverty,LPM,30.0778134,-95.4863177
482015538011,2779.0,71.39,5.69,22.89,White,Low_poverty,LPW,30.0430149,-95.5102012
482015536002,3723.0,66.05,0.94,17.49,White,Low_poverty,LPW,30.026931,-95.4994041
482015532004,233.0,21.03,38.6,78.97,Minority,High_poverty,HPM,30.0211539,-95.4425961
482015530013,1857.0,31.39,19.28,52.89,Minority,Low_poverty,LPM,29.9938294,-95.4958029
482015506012,4796.0,3.38,4.93,82.61,Minority,Low_poverty,LPM,29.9603249,-95.4585813
482012506004,1252.0,17.97,11.89,80.59,Minority,Low_poverty,LPM,29.9840726,-95.2567372
482015335001,2218.0,12.67,2.61,70.6,Minority,Low_poverty,LPM,29.8872988,-95.4162609
482012515021,2191.0,83.66,0.0,15.24,White,Low_poverty,LPW,30.0583908,-95.1632639
482012512002,3045.0,63.19,12.51,25.09,White,Low_poverty,LPW,30.0561156,-95.2197365
482012509001,1167.0,94.09,0.0,2.06,White,Low_poverty,LPW,30.0536372,-95.1550442
482014133002,2986.0,38.28,10.54,44.07,Other,Low_poverty,LPO,29.6884161,-95.4248053
482014128003,1442.0,64.7,0.69,5.41,White,Low_poverty,LPW,29.6926897,-95.4531968
482014124004,1679.0,68.31,2.5,0.95,White,Low_poverty,LPW,29.7128667,-95.4386235
482014109002,1311.0,76.05,10.76,13.73,White,Low_poverty,LPW,29.7331355,-95.4008126
482013317002,562.0,4.27,5.87,95.73,Minority,Low_poverty,LPM,29.6392286,-95.3431552
482013315002,713.0,0.0,0.0,90.46,Minority,Low_poverty,LPM,29.6391869,-95.3596153
482013309001,9310.0,10.42,3.82,84.5,Minority,Low_poverty,LPM,29.6188982,-95.39385
482014503001,2433.0,45.99,26.09,37.81,Other,Low_poverty,LPO,29.777149,-95.6030543
482014401002,2227.0,35.25,6.02,53.93,Minority,Low_poverty,LPM,29.6459504,-95.5479347
482014214031,1501.0,0.0,43.5,100.0,Minority,High_poverty,HPM,29.7070086,-95.4895661
482014212022,2507.0,1.95,49.82,96.97,Minority,High_poverty,HPM,29.7182163,-95.4869012
482012119003,967.0,9.1,29.89,90.9,Minority,Low_poverty,LPM,29.7838646,-95.2940986
482012117001,1643.0,1.34,17.41,98.48,Minority,Low_poverty,LPM,29.8047211,-95.309619
482012114001,1540.0,3.25,33.96,94.22,Minority,High_poverty,HPM,29.7721667,-95.32044
482015222012,2324.0,43.46,5.62,51.94,Minority,Low_poverty,LPM,29.8088554,-95.5373294
482014548001,1736.0,56.28,2.53,31.28,White,Low_poverty,LPW,29.7606904,-95.7425397
482014333001,1692.0,20.74,40.48,65.78,Minority,High_poverty,HPM,29.6997457,-95.5316611
482014329021,2121.0,8.77,34.61,83.45,Minority,High_poverty,HPM,29.709988,-95.5367366
482014207001,560.0,71.25,0.0,17.5,White,Low_poverty,LPW,29.6758454,-95.4620765
482014203002,741.0,81.24,2.29,7.15,White,Low_poverty,LPW,29.6685557,-95.4595089
482014201002,995.0,7.44,21.81,87.74,Minority,Low_poverty,LPM,29.6689993,-95.4371673
482014321002,2556.0,16.55,11.3,54.03,Minority,Low_poverty,LPM,29.7345864,-95.5092029
482013341004,1340.0,6.34,0.0,93.66,Minority,Low_poverty,LPM,29.638256,-95.4401862
482012543001,890.0,21.01,29.21,78.99,Minority,Low_poverty,LPM,29.7441863,-94.9678216
482012538004,1519.0,34.5,11.69,62.93,Minority,Low_poverty,LPM,29.7588992,-94.9568319
482014316002,803.0,89.79,2.71,9.09,White,Low_poverty,LPW,29.7632893,-95.4831937
482014301004,814.0,24.08,2.58,39.44,Other,Low_poverty,LPO,29.7815299,-95.481341
482014301003,1002.0,54.19,5.19,35.63,White,Low_poverty,LPW,29.781557,-95.4727489
482015108005,738.0,24.53,3.52,75.47,Minority,Low_poverty,LPM,29.7669094,-95.4241895
482015105003,1035.0,69.47,3.19,24.73,White,Low_poverty,LPW,29.7869506,-95.4070948
482014210001,1172.0,70.22,1.54,6.06,White,Low_poverty,LPW,29.7183366,-95.463646
482014122002,1029.0,80.56,1.94,17.68,White,Low_poverty,LPW,29.711894,-95.4077527
482014110002,2202.0,60.67,10.58,12.35,White,Low_poverty,LPW,29.7405008,-95.4146969
482014118004,985.0,73.2,2.94,6.4,White,Low_poverty,LPW,29.7281917,-95.4145688
482014116001,1095.0,95.16,3.47,4.38,White,Low_poverty,LPW,29.736244,-95.4508504
482014111001,1406.0,81.58,0.85,18.42,White,Low_poverty,LPW,29.7537016,-95.413638
482013437002,1215.0,49.3,14.59,50.7,Minority,Low_poverty,LPM,29.658906,-95.0242975
482013432001,3377.0,55.76,2.31,38.14,White,Low_poverty,LPW,29.6602841,-95.0660553
482013422003,1322.0,30.03,5.22,66.57,Minority,Low_poverty,LPM,29.6667301,-95.1379566
482013418002,885.0,56.16,18.31,32.2,White,Low_poverty,LPW,29.643491,-95.0240275
482012538001,2140.0,40.56,14.11,55.84,Minority,Low_poverty,LPM,29.7700336,-94.959834
482012536003,1801.0,51.64,6.66,41.81,White,Low_poverty,LPW,29.7652358,-94.9886192
482012528003,1255.0,13.94,29.48,86.06,Minority,Low_poverty,LPM,29.8519544,-95.0382639
482012519012,731.0,54.04,3.56,28.72,White,Low_poverty,LPW,29.9866345,-95.115332
482012513001,1621.0,80.63,0.0,19.37,White,Low_poverty,LPW,30.0623976,-95.1925471
482012323012,5878.0,10.41,22.97,89.59,Minority,Low_poverty,LPM,29.872046,-95.2163708
482012318001,1041.0,0.0,17.87,100.0,Minority,Low_poverty,LPM,29.869875,-95.3078484
482012312003,2044.0,13.45,18.44,86.54,Minority,Low_poverty,LPM,29.8540626,-95.2580631
482012107003,622.0,4.02,22.99,95.02,Minority,Low_poverty,LPM,29.8065754,-95.3543397
482013506021,2799.0,61.31,8.51,27.59,White,Low_poverty,LPW,29.5440987,-95.1864421
482013408001,1841.0,66.49,0.0,8.1,White,Low_poverty,LPW,29.5778915,-95.1490129
482013405002,2272.0,24.34,39.35,69.37,Minority,High_poverty,HPM,29.5617432,-95.1218344
482013403021,2330.0,80.52,4.46,13.39,White,Low_poverty,LPW,29.5910667,-95.1103619
482013337001,2326.0,5.37,21.37,84.18,Minority,Low_poverty,LPM,29.6301886,-95.2764473
482013335003,1652.0,9.75,19.25,89.04,Minority,Low_poverty,LPM,29.6604228,-95.2823092
482013335001,2411.0,1.41,32.77,98.59,Minority,High_poverty,HPM,29.6687698,-95.2792655
482013332013,793.0,20.05,9.84,79.95,Minority,Low_poverty,LPM,29.6677237,-95.2669882
482013328003,2179.0,3.76,21.2,96.24,Minority,Low_poverty,LPM,29.689777,-95.3077088
482013413013,1802.0,36.51,23.09,43.18,Other,Low_poverty,LPO,29.5657347,-95.1119256
482013410001,2007.0,43.2,14.7,44.4,Other,Low_poverty,LPO,29.5555236,-95.1440916
482013319003,1089.0,0.0,13.87,100.0,Minority,Low_poverty,LPM,29.66092,-95.3441338
482013316021,1006.0,8.45,14.61,91.55,Minority,Low_poverty,LPM,29.6278814,-95.3182656
482013312002,1861.0,1.34,51.1,93.99,Minority,High_poverty,HPM,29.6635378,-95.374359
482012106002,991.0,29.77,5.95,70.23,Minority,Low_poverty,LPM,29.8105381,-95.3615703
482012104003,2312.0,6.92,45.24,91.31,Minority,High_poverty,HPM,29.7863478,-95.360949
482014534023,3261.0,9.51,10.67,76.42,Minority,Low_poverty,LPM,29.6672169,-95.5806941
482014532001,2685.0,9.53,18.69,65.22,Minority,Low_poverty,LPM,29.6796443,-95.5648992
482014309002,623.0,43.18,0.0,15.25,Other,Low_poverty,LPO,29.7559351,-95.5403054
482014235001,2001.0,38.53,16.89,49.73,Other,Low_poverty,LPO,29.6509447,-95.5411795
482012309004,1470.0,0.0,38.98,100.0,Minority,High_poverty,HPM,29.81933,-95.2881956
482012309002,693.0,4.33,56.85,95.67,Minority,High_poverty,HPM,29.8164462,-95.280893
482012308002,971.0,0.0,27.5,100.0,Minority,Low_poverty,LPM,29.8355912,-95.294426
482012305002,1810.0,1.55,31.38,92.98,Minority,High_poverty,HPM,29.8525911,-95.3290466
482015560003,4354.0,35.92,17.09,59.89,Minority,Low_poverty,LPM,30.0180065,-95.7901449
482014528011,2369.0,4.81,13.09,48.41,Other,Low_poverty,LPO,29.6995497,-95.6105728
482014524004,1147.0,5.49,41.85,18.66,Other,High_poverty,HPO,29.7108507,-95.5740269
482014524001,2932.0,4.57,16.92,54.13,Minority,Low_poverty,LPM,29.7135277,-95.5819275
482014230001,3286.0,15.22,48.02,72.15,Minority,High_poverty,HPM,29.685675,-95.509302
482013301004,3395.0,1.15,2.68,98.85,Minority,Low_poverty,LPM,29.6347678,-95.4165137
482013236002,1432.0,11.31,36.45,88.69,Minority,High_poverty,HPM,29.6451651,-95.1962867
482013234002,2057.0,15.65,10.5,80.17,Minority,Low_poverty,LPM,29.6788997,-95.1959851
482013232001,2220.0,22.12,10.86,76.35,Minority,Low_poverty,LPM,29.6883736,-95.1777616
482013230001,3535.0,4.89,46.56,95.07,Minority,High_poverty,HPM,29.6953827,-95.1941233
482013326004,1042.0,0.0,42.8,100.0,Minority,High_poverty,HPM,29.6718148,-95.305443
482013323001,1403.0,0.0,30.22,100.0,Minority,High_poverty,HPM,29.6692056,-95.3238022
482013320002,1165.0,0.0,36.31,98.37,Minority,High_poverty,HPM,29.6676469,-95.3433988
482013241001,1335.0,3.9,32.43,96.1,Minority,High_poverty,HPM,29.7035714,-95.2052689
482013221001,1773.0,12.46,18.33,87.54,Minority,Low_poverty,LPM,29.6944686,-95.2051763
482012317002,788.0,6.47,35.53,93.53,Minority,High_poverty,HPM,29.8686106,-95.3245208
482015338021,1849.0,11.14,46.73,87.34,Minority,High_poverty,HPM,29.9217799,-95.4759957
482012303001,1567.0,0.64,33.31,97.0,Minority,High_poverty,HPM,29.8375701,-95.3112228
482012318002,2050.0,4.78,27.32,95.22,Minority,Low_poverty,LPM,29.8807019,-95.3062666
482015224014,1297.0,18.66,46.03,66.46,Minority,High_poverty,HPM,29.7876966,-95.5489354
482015432002,2991.0,33.94,7.02,42.89,Other,Low_poverty,LPO,29.8098773,-95.6055773
482014543022,3445.0,17.42,7.78,68.12,Minority,Low_poverty,LPM,29.7168467,-95.6638164
482014542002,1519.0,13.63,2.3,77.16,Minority,Low_poverty,LPM,29.7066728,-95.66591
482013139003,1012.0,41.4,10.97,33.49,Other,Low_poverty,LPO,29.6831465,-95.3894636
482013140012,531.0,36.35,24.08,22.22,Other,Low_poverty,LPO,29.6904969,-95.391714
482014534024,2001.0,6.65,20.99,61.67,Minority,Low_poverty,LPM,29.6641411,-95.5736788
482013206021,1532.0,7.38,36.68,92.62,Minority,High_poverty,HPM,29.6724969,-95.2621989
482013410002,2157.0,44.65,1.39,52.25,Minority,Low_poverty,LPM,29.5492639,-95.1448205
482013220001,1196.0,7.78,28.43,92.23,Minority,Low_poverty,LPM,29.7015072,-95.2175148
482013505004,1723.0,13.12,9.75,80.2,Minority,Low_poverty,LPM,29.5910311,-95.1982629
482014401004,500.0,0.0,46.0,100.0,Minority,High_poverty,HPM,29.6561934,-95.5602073
482014336003,1781.0,5.78,23.53,76.08,Minority,Low_poverty,LPM,29.673266,-95.5505164
482013330002,1349.0,6.0,18.75,92.66,Minority,Low_poverty,LPM,29.6805637,-95.2804286
482013331001,1753.0,7.93,23.62,90.7,Minority,Low_poverty,LPM,29.6744912,-95.2835205
482013503004,2350.0,32.85,4.13,63.75,Minority,Low_poverty,LPM,29.5824296,-95.2308075
482013415022,836.0,68.42,1.91,31.58,White,Low_poverty,LPW,29.5583846,-95.0375667
482013340012,1979.0,20.62,10.61,71.2,Minority,Low_poverty,LPM,29.6142709,-95.2292795
482014103003,2022.0,67.56,7.37,22.65,White,Low_poverty,LPW,29.757002,-95.4001367
482014107012,1006.0,64.31,19.78,15.9,White,Low_poverty,LPW,29.7409077,-95.3969608
482014115012,2667.0,66.1,5.29,20.21,White,Low_poverty,LPW,29.7353984,-95.4432917
482014320022,1763.0,15.71,27.06,75.49,Minority,Low_poverty,LPM,29.7355151,-95.497916
482014124003,880.0,65.68,0.8,21.25,White,Low_poverty,LPW,29.7116531,-95.4315541
482014312023,702.0,86.75,12.25,13.25,White,Low_poverty,LPW,29.7461497,-95.5028892
482014203001,1577.0,44.01,13.0,46.67,Other,Low_poverty,LPO,29.6759814,-95.4536322
482014223013,1000.0,3.8,43.4,92.7,Minority,High_poverty,HPM,29.6483449,-95.5052673
482014211012,2416.0,11.71,30.13,69.12,Minority,High_poverty,HPM,29.72013,-95.4745443
482014216001,1306.0,1.15,29.48,97.7,Minority,Low_poverty,LPM,29.7006906,-95.4909582
482014233011,1356.0,16.52,0.52,75.29,Minority,Low_poverty,LPM,29.6690117,-95.522352
482014301001,1090.0,70.55,14.59,22.11,White,Low_poverty,LPW,29.7772302,-95.4572598
482014508022,1929.0,18.35,21.62,61.01,Minority,Low_poverty,LPM,29.7515179,-95.5681004
482014510012,2365.0,7.82,54.84,86.8,Minority,High_poverty,HPM,29.7394182,-95.5739223
482015309003,1292.0,83.59,0.85,14.94,White,Low_poverty,LPW,29.8336384,-95.4226416
482015309002,1820.0,48.68,7.53,44.84,Other,Low_poverty,LPO,29.8386122,-95.4230038
482015341003,3019.0,8.45,32.36,82.47,Minority,High_poverty,HPM,29.9020766,-95.5165533
482014323004,1846.0,34.18,26.11,53.79,Minority,Low_poverty,LPM,29.7328733,-95.5515373
482014330022,1965.0,8.8,34.45,87.74,Minority,High_poverty,HPM,29.7106993,-95.541753
482014331001,2038.0,0.0,30.13,97.74,Minority,High_poverty,HPM,29.7026844,-95.5543119
482014502003,978.0,66.56,1.02,2.04,White,Low_poverty,LPW,29.7801891,-95.5718279
482015406011,2283.0,37.06,3.11,46.47,Other,Low_poverty,LPO,29.8587248,-95.6270741
482014522021,1058.0,23.35,9.17,65.6,Minority,Low_poverty,LPM,29.7227889,-95.5616855
482014525001,2291.0,3.97,6.33,74.9,Minority,Low_poverty,LPM,29.7053017,-95.6096419
482014528013,1327.0,3.39,27.35,64.65,Minority,Low_poverty,LPM,29.7007301,-95.6057687
482014549001,3634.0,51.07,1.24,19.01,White,Low_poverty,LPW,29.7532214,-95.7296887
482015110012,1667.0,75.46,9.78,17.94,White,Low_poverty,LPW,29.7958158,-95.4433977
482015110022,2021.0,56.51,1.04,38.1,White,Low_poverty,LPW,29.7990002,-95.4357222
482015110023,863.0,72.54,5.1,23.99,White,Low_poverty,LPW,29.7942834,-95.433403
482015203003,1731.0,38.36,32.81,52.0,Minority,High_poverty,HPM,29.797675,-95.4805572
482015214003,1675.0,13.55,12.84,84.0,Minority,Low_poverty,LPM,29.8230453,-95.5017542
482015339013,4865.0,4.44,19.58,88.22,Minority,Low_poverty,LPM,29.9218656,-95.4861431
482015337011,1635.0,0.0,68.07,100.0,Minority,High_poverty,HPM,29.9220771,-95.4236735
482015339012,1030.0,18.54,3.2,74.95,Minority,Low_poverty,LPM,29.932362,-95.4931079
482015429002,9444.0,41.79,4.14,51.46,Minority,Low_poverty,LPM,29.8113859,-95.7840024
482015519001,1106.0,22.78,29.39,75.5,Minority,Low_poverty,LPM,29.8973192,-95.5905916
482012230012,1043.0,5.37,7.19,94.25,Minority,Low_poverty,LPM,29.9074114,-95.3136966
482012323021,2769.0,11.88,10.26,86.21,Minority,Low_poverty,LPM,29.8485194,-95.192449
482012331031,2448.0,14.71,43.38,84.85,Minority,High_poverty,HPM,29.7764819,-95.172756
482015221001,2719.0,21.18,15.08,71.09,Minority,Low_poverty,LPM,29.8205711,-95.5410733
482014506003,1838.0,61.15,8.54,28.02,White,Low_poverty,LPW,29.7746602,-95.6177788
482014318012,1277.0,38.37,2.74,18.32,Other,Low_poverty,LPO,29.7405076,-95.473884
482012335002,1849.0,5.19,38.62,94.81,Minority,High_poverty,HPM,29.7654294,-95.2412005
482015224022,604.0,52.32,10.1,28.48,White,Low_poverty,LPW,29.791056,-95.5583402
482015410012,2310.0,25.67,24.55,36.8,Other,Low_poverty,LPO,29.9055312,-95.6361568
482012409024,2163.0,23.3,3.05,73.05,Minority,Low_poverty,LPM,30.0082837,-95.3024025
482015411002,1994.0,54.81,1.96,26.63,White,Low_poverty,LPW,29.90145,-95.6618141
482015412023,1227.0,44.34,26.7,44.91,Other,Low_poverty,LPO,29.8910135,-95.6585858
482012408012,1624.0,12.99,32.82,87.01,Minority,High_poverty,HPM,30.0253034,-95.4253794
482012411022,963.0,27.93,32.71,72.07,Minority,High_poverty,HPM,30.0464795,-95.3533306
482015415002,2838.0,23.61,7.89,50.21,Minority,Low_poverty,LPM,29.8596045,-95.6752578
482013122003,479.0,3.76,43.42,96.24,Minority,High_poverty,HPM,29.7331435,-95.3537453
482014535021,1689.0,11.6,10.24,78.8,Minority,Low_poverty,LPM,29.6709503,-95.593953
482013136003,1650.0,2.91,39.39,96.42,Minority,High_poverty,HPM,29.6907424,-95.356109
482013222001,1633.0,9.8,22.96,88.85,Minority,Low_poverty,LPM,29.7048504,-95.2137873
482013411002,1626.0,36.16,12.61,52.27,Minority,Low_poverty,LPM,29.5394224,-95.1349952
482013239002,1800.0,49.33,17.7,47.11,Other,Low_poverty,LPO,29.6707203,-95.1641285
482013313002,1202.0,1.0,7.4,99.01,Minority,Low_poverty,LPM,29.6486118,-95.3703429
482014101002,1473.0,36.86,36.32,56.96,Minority,High_poverty,HPM,29.7546496,-95.3813441
482014107022,904.0,44.69,19.67,36.95,Other,Low_poverty,LPO,29.7365917,-95.3952203
482014126001,1422.0,83.68,0.0,9.28,White,Low_poverty,LPW,29.7096732,-95.4445203
482014332013,775.0,19.1,21.57,13.16,Other,Low_poverty,LPO,29.7001558,-95.5468671
482015116001,1277.0,42.29,7.91,54.58,Minority,Low_poverty,LPM,29.7949233,-95.3742968
482012202001,1766.0,6.51,26.95,93.49,Minority,Low_poverty,LPM,29.8166572,-95.3690154
482012124002,972.0,0.62,15.87,98.66,Minority,Low_poverty,LPM,29.7884972,-95.2814786
482015511005,2587.0,5.1,15.54,75.34,Minority,Low_poverty,LPM,29.9787462,-95.4802069
482015513002,1865.0,35.28,6.49,55.6,Minority,Low_poverty,LPM,29.9508915,-95.5123061
482015528004,2375.0,64.8,3.71,23.2,White,Low_poverty,LPW,29.9860393,-95.5438598
482015520021,1328.0,40.89,1.13,44.95,Other,Low_poverty,LPO,29.9132313,-95.6088331
482015542003,1535.0,67.75,5.28,32.24,White,Low_poverty,LPW,30.0136115,-95.5715037
482015549011,7747.0,44.95,15.31,44.88,Other,Low_poverty,LPO,30.0791477,-95.5386436
482015429001,4031.0,32.18,16.27,65.1,Minority,Low_poverty,LPM,29.8068507,-95.7646826
482012330022,3267.0,10.35,3.73,87.6,Minority,Low_poverty,LPM,29.798832,-95.1688868
482012106001,587.0,21.12,20.27,73.59,Minority,Low_poverty,LPM,29.8113833,-95.3700259
482015412024,2101.0,47.98,35.52,50.59,Minority,High_poverty,HPM,29.8842746,-95.6542426
482014514022,2129.0,10.62,11.46,80.18,Minority,Low_poverty,LPM,29.739641,-95.6163322
482014328023,1221.0,5.81,43.06,77.31,Minority,High_poverty,HPM,29.7113843,-95.5168661
482014129003,1132.0,43.2,1.33,18.29,Other,Low_poverty,LPO,29.6824556,-95.4431237
482012505002,2452.0,52.65,9.01,42.54,White,Low_poverty,LPW,29.9954741,-95.1803084
482015414001,10195.0,18.5,7.92,47.73,Other,Low_poverty,LPO,29.8592069,-95.6531629
482015408003,2464.0,9.86,13.43,82.3,Minority,Low_poverty,LPM,29.8828979,-95.6144074
482012514011,2987.0,68.76,9.16,26.35,White,Low_poverty,LPW,30.0808867,-95.1912502
482012515023,1366.0,88.07,0.0,8.49,White,Low_poverty,LPW,30.0652771,-95.166789
482012504023,5195.0,53.94,17.97,44.2,White,Low_poverty,LPW,30.0013825,-95.1423465
482015215001,980.0,27.65,21.63,72.35,Minority,Low_poverty,LPM,29.8274878,-95.5246901
482012532001,2570.0,16.81,35.91,73.39,Minority,High_poverty,HPM,29.7923396,-95.0230719
482012538003,1974.0,12.51,19.2,85.0,Minority,Low_poverty,LPM,29.7628007,-94.9327401
482012543002,1377.0,27.81,23.67,72.19,Minority,Low_poverty,LPM,29.7374763,-94.9684728
482014315023,1368.0,78.58,0.0,3.51,White,Low_poverty,LPW,29.7536397,-95.4920628
482014528022,3026.0,2.97,36.29,63.35,Minority,High_poverty,HPM,29.6998602,-95.6002446
482012542001,800.0,22.75,13.0,76.25,Minority,Low_poverty,LPM,29.729741,-94.9627759
482015423013,2685.0,40.82,12.44,52.78,Minority,Low_poverty,LPM,29.8271363,-95.7245559
482013105001,1057.0,2.65,29.04,91.86,Minority,Low_poverty,LPM,29.7528532,-95.3101755
482014328021,2273.0,0.0,38.1,99.43,Minority,High_poverty,HPM,29.7112961,-95.5196661
482014328013,1431.0,13.77,40.27,83.3,Minority,High_poverty,HPM,29.7158368,-95.5184367
482012541004,1305.0,14.18,22.38,83.83,Minority,Low_poverty,LPM,29.7366886,-94.959342
482013316011,2253.0,0.62,26.22,91.74,Minority,Low_poverty,LPM,29.6232365,-95.3480598
482014122004,2381.0,64.76,7.67,9.53,White,Low_poverty,LPW,29.7097556,-95.4154775
482014521003,2455.0,12.75,12.02,81.1,Minority,Low_poverty,LPM,29.7347268,-95.5783081
482012411011,2405.0,50.44,5.74,43.99,White,Low_poverty,LPW,30.0650315,-95.3815784
482015102001,2300.0,32.57,20.39,45.05,Other,Low_poverty,LPO,29.7727207,-95.3792646
482012105002,1561.0,4.36,32.61,95.0,Minority,High_poverty,HPM,29.795306,-95.3533496
482012220001,2327.0,7.95,28.41,91.41,Minority,Low_poverty,LPM,29.8680795,-95.336921
482012523023,4082.0,4.39,10.88,93.9,Minority,Low_poverty,LPM,29.8022294,-95.1516298
482014115023,873.0,34.48,19.93,63.69,Minority,Low_poverty,LPM,29.73283,-95.4335752
482012205002,1170.0,10.94,38.89,87.01,Minority,High_poverty,HPM,29.8414756,-95.380072
482012216001,1861.0,1.29,13.16,98.71,Minority,Low_poverty,LPM,29.8929975,-95.4087305
482015342024,2304.0,47.53,1.58,51.65,Minority,Low_poverty,LPM,29.891681,-95.5314687
482013409002,2552.0,38.09,16.54,49.68,Other,Low_poverty,LPO,29.571232,-95.1597488
482012230021,1753.0,5.99,26.13,93.1,Minority,Low_poverty,LPM,29.9084121,-95.327625
482014516012,4897.0,46.74,6.76,30.06,Other,Low_poverty,LPO,29.760826,-95.6357059
482015321004,1699.0,0.0,51.85,100.0,Minority,High_poverty,HPM,29.8468369,-95.4859837
482015517022,1838.0,43.91,1.9,20.95,Other,Low_poverty,LPO,29.9035424,-95.5653169
482015305003,2460.0,10.0,34.23,90.0,Minority,High_poverty,HPM,29.8329248,-95.3959959
482015301003,1738.0,3.16,34.06,96.83,Minority,High_poverty,HPM,29.8084756,-95.4505929
482015517013,1444.0,29.16,4.43,57.27,Minority,Low_poverty,LPM,29.9160517,-95.5722856
482014516021,3275.0,55.85,7.59,28.24,White,Low_poverty,LPW,29.7520423,-95.6355195
482014314012,576.0,64.58,5.08,16.32,White,Low_poverty,LPW,29.7479637,-95.4841992
482012329003,2360.0,1.1,10.59,98.89,Minority,Low_poverty,LPM,29.8027619,-95.1846155
482012531002,5421.0,24.13,1.73,73.59,Minority,Low_poverty,LPM,29.8111578,-94.9913885
482015539004,1426.0,80.22,0.0,17.46,White,Low_poverty,LPW,30.0188406,-95.5395218
482015418002,2146.0,27.03,16.36,64.45,Minority,Low_poverty,LPM,29.7955646,-95.7154731
482013207001,3677.0,9.36,20.32,89.14,Minority,Low_poverty,LPM,29.6777,-95.2463641
482015313001,1497.0,10.89,55.91,86.24,Minority,High_poverty,HPM,29.8188245,-95.4522238
482012123001,938.0,19.72,43.28,80.28,Minority,High_poverty,HPM,29.7754741,-95.3577165
482014209001,1110.0,59.91,7.25,5.68,White,Low_poverty,LPW,29.703959,-95.4673374
482015335003,1191.0,5.04,17.38,94.97,Minority,Low_poverty,LPM,29.8952485,-95.4246068
482013125001,1804.0,51.55,12.97,30.27,White,Low_poverty,LPW,29.7431037,-95.3699612
482014208003,736.0,79.48,0.95,9.24,White,Low_poverty,LPW,29.6844353,-95.474774
482014526001,2631.0,8.29,57.43,76.97,Minority,High_poverty,HPM,29.7088353,-95.6414566
482014526003,3958.0,4.17,31.88,62.65,Minority,High_poverty,HPM,29.7077045,-95.6321553
482013307003,2724.0,1.95,36.16,98.06,Minority,High_poverty,HPM,29.6027544,-95.4600532
482014503004,2632.0,29.9,12.84,51.6,Minority,Low_poverty,LPM,29.773189,-95.5953353
482013227002,1750.0,30.29,2.69,69.71,Minority,Low_poverty,LPM,29.6927171,-95.1656878
482014221002,1113.0,17.34,32.61,76.37,Minority,High_poverty,HPM,29.6458426,-95.4842388
482013226002,2109.0,19.91,27.55,79.47,Minority,Low_poverty,LPM,29.6960717,-95.1571719
482014104011,1968.0,81.5,3.2,6.91,White,Low_poverty,LPW,29.750248,-95.4063964
482014106001,2480.0,64.96,10.03,24.84,White,Low_poverty,LPW,29.74453,-95.3777657
482014127001,1299.0,65.36,1.69,13.09,White,Low_poverty,LPW,29.7176164,-95.4543931
482015203002,1160.0,17.93,66.12,82.07,Minority,High_poverty,HPM,29.8013096,-95.4795194
482013303031,1596.0,14.91,6.8,83.33,Minority,Low_poverty,LPM,29.6297738,-95.4994985
482014529001,1970.0,8.63,35.94,72.03,Minority,High_poverty,HPM,29.701672,-95.5900348
482012225033,3261.0,3.4,39.62,95.34,Minority,High_poverty,HPM,29.9246165,-95.4029425
482013210003,2160.0,1.53,36.94,98.47,Minority,High_poverty,HPM,29.6362815,-95.2344196
482013316013,1479.0,3.18,41.45,96.82,Minority,High_poverty,HPM,29.6348041,-95.3523996
482013143003,2168.0,8.3,15.73,90.41,Minority,Low_poverty,LPM,29.6791537,-95.4158615
482015547001,2992.0,61.2,7.15,20.18,White,Low_poverty,LPW,30.0029805,-95.5884137
482012331022,2214.0,9.39,35.68,89.61,Minority,High_poverty,HPM,29.7864262,-95.1665591
482013220003,2895.0,4.32,31.06,91.4,Minority,High_poverty,HPM,29.7071257,-95.2190126
482013227004,1604.0,12.03,31.92,85.91,Minority,High_poverty,HPM,29.7018952,-95.1668265
482013127002,1119.0,11.8,13.05,82.39,Minority,Low_poverty,LPM,29.7266677,-95.3685745
482014527003,5061.0,2.29,11.93,41.08,Other,Low_poverty,LPO,29.695725,-95.6294874
482014311021,2791.0,19.53,22.21,75.35,Minority,Low_poverty,LPM,29.7426874,-95.5315696
482014132021,885.0,51.86,17.97,18.3,White,Low_poverty,LPW,29.6990392,-95.4163528
482012304003,1131.0,4.24,16.09,95.75,Minority,Low_poverty,LPM,29.8238946,-95.3290959
482013241005,1487.0,4.57,14.26,91.93,Minority,Low_poverty,LPM,29.6999387,-95.2052201
482014217003,1184.0,51.6,0.76,16.55,White,Low_poverty,LPW,29.6824032,-95.4907757
482012212001,1830.0,8.47,22.46,91.53,Minority,Low_poverty,LPM,29.866032,-95.3678128
482013215001,3299.0,3.64,31.43,94.76,Minority,High_poverty,HPM,29.6650372,-95.2118862
482015108001,1605.0,90.47,3.18,9.53,White,Low_poverty,LPW,29.7681515,-95.4124135
482012543004,1390.0,18.78,23.42,78.13,Minority,Low_poverty,LPM,29.7395222,-94.9744986
482015517021,2134.0,59.79,3.94,23.43,White,Low_poverty,LPW,29.8997343,-95.5567987
482012101001,7363.0,17.41,0.0,81.56,Minority,Low_poverty,LPM,29.7663846,-95.3513042
482014535013,1766.0,8.95,9.97,85.5,Minority,Low_poverty,LPM,29.6723444,-95.5899582
482014311012,1973.0,24.84,7.65,68.53,Minority,Low_poverty,LPM,29.739392,-95.5352849
482014330032,4083.0,0.54,40.04,78.16,Minority,High_poverty,HPM,29.7095974,-95.5472425
482012323013,1807.0,25.12,26.18,74.88,Minority,Low_poverty,LPM,29.8373468,-95.2231575
482015516002,2844.0,29.71,2.07,56.37,Minority,Low_poverty,LPM,29.9303617,-95.5704421
482015518003,991.0,50.45,12.85,41.57,White,Low_poverty,LPW,29.8812615,-95.5557088
482014539001,6764.0,4.55,5.29,55.8,Minority,Low_poverty,LPM,29.685336,-95.6286604
482012525003,872.0,54.59,16.86,45.41,White,Low_poverty,LPW,29.7741245,-95.1069933
482012113002,1304.0,2.99,48.63,95.78,Minority,High_poverty,HPM,29.7725983,-95.3373197
482013115004,1598.0,3.88,16.78,96.12,Minority,Low_poverty,LPM,29.7065373,-95.28366
482015313003,2986.0,18.12,38.81,78.53,Minority,High_poverty,HPM,29.8233633,-95.4591683
482013311001,601.0,0.0,51.25,98.17,Minority,High_poverty,HPM,29.6726161,-95.3580251
482012111001,961.0,0.0,22.37,100.0,Minority,Low_poverty,LPM,29.7853714,-95.3381244
482013332023,2205.0,3.72,36.33,95.56,Minority,High_poverty,HPM,29.6630381,-95.2749989
482012217001,2352.0,0.77,29.68,99.23,Minority,Low_poverty,LPM,29.8802933,-95.378558
482014525003,2957.0,6.05,7.17,68.65,Minority,Low_poverty,LPM,29.7104753,-95.6095438
482013305002,1189.0,0.0,6.14,100.0,Minority,Low_poverty,LPM,29.622875,-95.4335425
482014510022,1785.0,0.78,19.27,94.46,Minority,Low_poverty,LPM,29.7457104,-95.585574
482014329022,2434.0,1.6,34.31,80.4,Minority,High_poverty,HPM,29.706968,-95.5260242
482014333003,1718.0,22.82,19.44,49.48,Other,Low_poverty,LPO,29.6934338,-95.5312422
482012535004,1531.0,29.07,3.72,62.64,Minority,Low_poverty,LPM,29.7733667,-95.0109833
482015315002,700.0,45.71,1.57,54.29,Minority,Low_poverty,LPM,29.8349848,-95.4761021
482015325022,1236.0,12.14,20.23,80.1,Minority,Low_poverty,LPM,29.8926332,-95.4993547
482015338023,2065.0,3.2,35.06,96.81,Minority,High_poverty,HPM,29.9268343,-95.4554099
482014527004,3523.0,3.52,15.74,64.61,Minority,Low_poverty,LPM,29.6970297,-95.6391054
482012228002,1996.0,4.11,33.32,92.88,Minority,High_poverty,HPM,29.9085169,-95.3657035
482013118001,1475.0,3.46,10.71,88.0,Minority,Low_poverty,LPM,29.7045469,-95.316088
482012115001,748.0,3.61,34.89,96.39,Minority,High_poverty,HPM,29.7612325,-95.2898918
482013427003,1293.0,79.89,9.69,17.79,White,Low_poverty,LPW,29.6831031,-95.1182023
482014132012,1488.0,52.22,22.51,12.17,White,Low_poverty,LPW,29.7032683,-95.425711
482012307003,458.0,1.31,73.58,98.69,Minority,High_poverty,HPM,29.8507629,-95.2962017
482013127003,295.0,18.98,21.36,70.17,Minority,Low_poverty,LPM,29.7288663,-95.3708833
482014131003,887.0,65.84,5.52,12.97,White,Low_poverty,LPW,29.6984641,-95.4355501
482013417003,602.0,48.67,5.48,51.33,Minority,Low_poverty,LPM,29.6388487,-95.0172203
482013235001,2966.0,9.95,35.64,89.75,Minority,High_poverty,HPM,29.6620966,-95.2054455
482013315001,808.0,0.0,16.34,100.0,Minority,Low_poverty,LPM,29.6437798,-95.3610403
482012107002,1112.0,2.88,26.85,97.12,Minority,Low_poverty,LPM,29.8098259,-95.3530958
482012304002,1368.0,0.8,38.01,92.04,Minority,High_poverty,HPM,29.8334794,-95.3254314
482012203002,1772.0,0.45,24.89,99.55,Minority,Low_poverty,LPM,29.8217504,-95.370734
482015325012,702.0,27.49,6.84,58.97,Minority,Low_poverty,LPM,29.8791539,-95.5212443
482015520012,1722.0,33.74,11.21,58.89,Minority,Low_poverty,LPM,29.912469,-95.5898158
482012331021,1453.0,12.87,34.27,86.58,Minority,High_poverty,HPM,29.7760789,-95.1609948
482012322002,125.0,22.4,0.0,21.6,Other,Low_poverty,LPO,29.921467,-95.2901383
482013413012,1572.0,85.24,3.18,6.29,White,Low_poverty,LPW,29.561987,-95.1009359
482012533001,1951.0,44.39,3.77,52.38,Minority,Low_poverty,LPM,29.7790866,-95.0390102
482013237013,2072.0,30.94,6.62,59.56,Minority,Low_poverty,LPM,29.6548669,-95.1824842
482012544002,751.0,2.53,27.43,97.47,Minority,Low_poverty,LPM,29.7248567,-94.9750848
482013401001,5607.0,22.86,10.56,60.12,Minority,Low_poverty,LPM,29.5988878,-95.1904393
482014539002,1663.0,1.74,3.67,56.04,Minority,Low_poverty,LPM,29.6786964,-95.6269887
482014522022,2723.0,9.44,30.15,82.81,Minority,High_poverty,HPM,29.7225959,-95.5686128
482013238021,3080.0,11.49,31.54,86.76,Minority,High_poverty,HPM,29.6765419,-95.1788388
482012302004,2442.0,3.73,24.45,94.56,Minority,Low_poverty,LPM,29.8293344,-95.3001237
482014511004,971.0,29.45,35.84,64.26,Minority,High_poverty,HPM,29.7511662,-95.5745585
482014519011,691.0,0.0,5.07,95.66,Minority,Low_poverty,LPM,29.7199953,-95.6152086
482012331032,3102.0,4.55,39.26,95.1,Minority,High_poverty,HPM,29.7764484,-95.1794408
482012414003,2499.0,42.3,43.58,47.98,Other,High_poverty,HPO,30.073699,-95.3879196
482012113003,1458.0,1.85,32.44,96.3,Minority,High_poverty,HPM,29.7766441,-95.3202366
482014227012,1096.0,17.34,7.76,72.63,Minority,Low_poverty,LPM,29.7032027,-95.4979719
482012337032,1171.0,6.15,19.9,93.86,Minority,Low_poverty,LPM,29.7386697,-95.2317173
482015340031,2777.0,6.95,19.52,79.91,Minority,Low_poverty,LPM,29.9302327,-95.5124902
482012329001,1642.0,5.42,8.53,93.06,Minority,Low_poverty,LPM,29.7979368,-95.1898878
482014208001,570.0,54.74,0.0,14.56,White,Low_poverty,LPW,29.6845257,-95.4626182
482015541021,2793.0,52.88,7.23,39.49,White,Low_poverty,LPW,30.0144389,-95.5495353
482013407002,2405.0,42.08,10.06,38.13,Other,Low_poverty,LPO,29.5578584,-95.1332984
482013506022,2129.0,49.55,2.14,30.11,Other,Low_poverty,LPO,29.5322033,-95.1679723
482014517001,3159.0,14.88,23.93,71.22,Minority,Low_poverty,LPM,29.7340218,-95.6353023
482015521022,1656.0,51.87,0.0,43.3,White,Low_poverty,LPW,29.940309,-95.6134063
482012327022,345.0,0.0,5.22,100.0,Minority,Low_poverty,LPM,29.7744576,-95.2259306
482013505002,1506.0,0.0,32.67,95.88,Minority,High_poverty,HPM,29.5951962,-95.1968461
482013315005,1719.0,0.0,5.18,100.0,Minority,Low_poverty,LPM,29.6247382,-95.3604863
482013233002,1447.0,16.93,31.38,83.07,Minority,High_poverty,HPM,29.6856138,-95.1960453
482014320011,2087.0,29.56,24.39,53.09,Minority,Low_poverty,LPM,29.7347013,-95.4870019
482015528003,3407.0,46.17,5.17,43.0,Other,Low_poverty,LPO,29.9736684,-95.5354098
482012330031,1692.0,26.77,14.54,72.29,Minority,Low_poverty,LPM,29.7941531,-95.1747451
482013134002,2085.0,6.14,28.11,88.3,Minority,Low_poverty,LPM,29.6924183,-95.3346583
482013306004,2855.0,3.96,20.85,96.04,Minority,Low_poverty,LPM,29.6149921,-95.4370219
482015511004,1542.0,13.36,11.98,64.27,Minority,Low_poverty,LPM,29.981046,-95.4891795
482014522012,1010.0,12.77,37.72,81.58,Minority,High_poverty,HPM,29.7304061,-95.5698274
482015308001,704.0,7.95,11.39,91.33,Minority,Low_poverty,LPM,29.8608576,-95.4177386
482012215002,3281.0,1.49,53.12,97.14,Minority,High_poverty,HPM,29.8672178,-95.4021729
482012313001,1767.0,0.85,30.67,99.15,Minority,High_poverty,HPM,29.8638148,-95.2693428
482015516003,2654.0,19.4,17.48,65.64,Minority,Low_poverty,LPM,29.9298646,-95.5565503
482012407011,6301.0,5.55,16.57,89.5,Minority,Low_poverty,LPM,30.0007605,-95.4126939
482015417003,3821.0,23.79,3.61,64.8,Minority,Low_poverty,LPM,29.7876432,-95.6627589
482013433012,1529.0,60.37,19.42,39.63,White,Low_poverty,LPW,29.6884555,-95.0573799
482014502001,1777.0,81.94,1.74,6.64,White,Low_poverty,LPW,29.7792527,-95.5857849
482015310002,2567.0,69.65,4.13,26.68,White,Low_poverty,LPW,29.8255416,-95.4164468
482015308003,2357.0,17.82,8.53,81.89,Minority,Low_poverty,LPM,29.8461556,-95.4201372
482015512003,1768.0,36.76,6.45,30.21,Other,Low_poverty,LPO,29.9667097,-95.5041071
482015204001,1202.0,14.06,43.34,85.78,Minority,High_poverty,HPM,29.8109512,-95.4817758
482013126003,720.0,52.22,12.22,47.78,White,Low_poverty,LPW,29.7305452,-95.376356
482014215002,3377.0,3.82,38.47,83.12,Minority,High_poverty,HPM,29.7073966,-95.48048
482014209002,1928.0,62.34,3.48,14.31,White,Low_poverty,LPW,29.6994694,-95.4658745
482012115003,1279.0,12.28,27.68,87.73,Minority,Low_poverty,LPM,29.7663207,-95.3005177
482014329012,847.0,33.65,39.5,64.94,Minority,High_poverty,HPM,29.7124471,-95.5226597
482013431003,1589.0,56.64,3.4,34.36,White,Low_poverty,LPW,29.6607791,-95.0818481
482013303033,1107.0,2.89,13.19,91.6,Minority,Low_poverty,LPM,29.6332449,-95.4896874
482013340032,1574.0,6.23,25.6,91.61,Minority,Low_poverty,LPM,29.6084771,-95.2257189
482015517012,1275.0,33.33,14.04,45.96,Other,Low_poverty,LPO,29.9198363,-95.5798624
482014318013,1052.0,49.81,3.42,29.47,Other,Low_poverty,LPO,29.7460323,-95.4745655
482012337021,1308.0,3.59,30.4,94.42,Minority,High_poverty,HPM,29.751271,-95.2384109
482012408013,1808.0,29.65,7.58,68.86,Minority,Low_poverty,LPM,30.0293691,-95.4116289
482014321001,2771.0,26.6,28.73,60.6,Minority,Low_poverty,LPM,29.7333477,-95.517431
482014119001,732.0,72.54,6.81,12.3,White,Low_poverty,LPW,29.7299533,-95.3953288
482013301001,1857.0,0.0,17.5,98.06,Minority,Low_poverty,LPM,29.639561,-95.4262308
482012539003,1690.0,51.89,6.33,46.63,White,Low_poverty,LPW,29.7415012,-94.9434221
482012519023,2918.0,70.9,3.02,21.8,White,Low_poverty,LPW,29.9174333,-95.0815986
482012512001,2026.0,59.18,9.77,25.86,White,Low_poverty,LPW,30.0638076,-95.2168588
482012319003,980.0,0.0,6.53,100.0,Minority,Low_poverty,LPM,29.8755471,-95.293175
482012105001,2199.0,4.18,16.46,91.72,Minority,Low_poverty,LPM,29.7973666,-95.3623071
482014318011,1282.0,82.76,0.7,4.83,White,Low_poverty,LPW,29.7448016,-95.4687232
482015108002,2269.0,74.39,4.67,6.44,White,Low_poverty,LPW,29.7607793,-95.4191067
482014114002,700.0,92.57,0.0,5.71,White,Low_poverty,LPW,29.7447576,-95.431309
482013431002,1401.0,55.89,4.57,40.33,White,Low_poverty,LPW,29.6595413,-95.07354
482014236002,1463.0,24.54,0.0,70.07,Minority,Low_poverty,LPM,29.6352752,-95.5224886
482014526002,2606.0,5.26,9.25,27.82,Other,Low_poverty,LPO,29.708301,-95.6192851
482014233023,2442.0,10.07,20.84,84.68,Minority,Low_poverty,LPM,29.6596516,-95.5224745
482015304002,1243.0,2.98,34.92,97.03,Minority,High_poverty,HPM,29.8256649,-95.3837888
482015116002,579.0,32.12,25.73,61.66,Minority,Low_poverty,LPM,29.8005226,-95.3744175
482012319001,3353.0,0.45,20.73,99.56,Minority,Low_poverty,LPM,29.8856313,-95.2917889
482012212003,3272.0,3.0,37.74,97.0,Minority,High_poverty,HPM,29.8647499,-95.3783857
482013340031,2258.0,17.36,1.51,78.66,Minority,Low_poverty,LPM,29.6043621,-95.221997
482013415012,1300.0,67.54,14.23,29.62,White,Low_poverty,LPW,29.574285,-95.0387418
482013311004,1344.0,0.6,26.49,99.41,Minority,Low_poverty,LPM,29.676262,-95.3708658
482014225001,2731.0,12.6,30.21,84.8,Minority,High_poverty,HPM,29.6740116,-95.5040678
482012208002,2259.0,3.23,67.42,96.77,Minority,High_poverty,HPM,29.8262393,-95.3389451
482014220003,967.0,54.81,0.0,15.1,White,Low_poverty,LPW,29.6621111,-95.4797843
482012204002,2124.0,7.25,36.44,91.9,Minority,High_poverty,HPM,29.8331504,-95.3619816
482013229002,762.0,12.07,0.0,87.93,Minority,Low_poverty,LPM,29.699884,-95.1842325
482013220002,821.0,23.26,27.04,76.74,Minority,Low_poverty,LPM,29.694393,-95.218178
482013209003,2040.0,10.29,18.14,89.17,Minority,Low_poverty,LPM,29.6487017,-95.2348807
482013139002,1294.0,21.17,20.48,38.18,Other,Low_poverty,LPO,29.6832182,-95.3836924
482013128002,1050.0,9.9,27.54,85.71,Minority,Low_poverty,LPM,29.7210481,-95.3548895
482013105003,1630.0,3.25,39.63,96.2,Minority,High_poverty,HPM,29.7457054,-95.3249275
482012333003,1583.0,12.44,17.62,87.56,Minority,Low_poverty,LPM,29.7657939,-95.2088765
482012529005,2060.0,34.47,22.57,57.96,Minority,Low_poverty,LPM,29.8172259,-95.0460271
482012111003,923.0,0.76,22.97,94.69,Minority,Low_poverty,LPM,29.788565,-95.3249407
482015535002,2613.0,84.62,8.14,14.51,White,Low_poverty,LPW,30.0415361,-95.4739769
482015506021,1941.0,2.63,15.51,90.47,Minority,Low_poverty,LPM,29.9422461,-95.4592805
482015315003,1339.0,28.01,23.59,68.48,Minority,Low_poverty,LPM,29.8378259,-95.4820616
482012306001,896.0,2.57,47.32,97.43,Minority,High_poverty,HPM,29.8449265,-95.3028386
482013205001,2441.0,4.67,26.18,87.67,Minority,Low_poverty,LPM,29.6925996,-95.2522701
482013307002,1444.0,3.95,27.15,91.07,Minority,Low_poverty,LPM,29.6010353,-95.455517
482014231002,1727.0,0.0,28.37,100.0,Minority,Low_poverty,LPM,29.6747513,-95.5338114
482014223011,2086.0,5.47,33.72,94.53,Minority,High_poverty,HPM,29.646455,-95.5069078
482014234022,1556.0,1.41,21.53,89.98,Minority,Low_poverty,LPM,29.6451871,-95.5248503
482014522011,1685.0,5.88,17.86,89.5,Minority,Low_poverty,LPM,29.7336047,-95.5605563
482014330012,1689.0,5.86,33.46,94.14,Minority,High_poverty,HPM,29.7163759,-95.5429841
482014334001,2692.0,10.1,37.52,81.39,Minority,High_poverty,HPM,29.689268,-95.5438502
482014514012,1892.0,49.84,16.81,45.4,Other,Low_poverty,LPO,29.7496373,-95.6098606
482015111001,1477.0,52.06,6.62,37.64,White,Low_poverty,LPW,29.8070483,-95.4339062
482015337012,2055.0,7.69,18.95,89.44,Minority,Low_poverty,LPM,29.9237887,-95.4439292
482014516011,2538.0,37.98,0.47,23.17,Other,Low_poverty,LPO,29.7692923,-95.6312241
482015301004,1403.0,19.03,31.08,75.34,Minority,High_poverty,HPM,29.8131923,-95.4477671
482014314011,1361.0,59.15,6.69,31.45,White,Low_poverty,LPW,29.7421294,-95.4838532
482012204003,844.0,2.73,49.17,97.28,Minority,High_poverty,HPM,29.8308239,-95.3719698
482012229002,1371.0,2.92,30.42,93.22,Minority,High_poverty,HPM,29.9091589,-95.3466645
482015526022,2005.0,82.49,0.77,11.32,White,Low_poverty,LPW,29.9711929,-95.5854388
482012112001,870.0,0.0,20.69,93.68,Minority,Low_poverty,LPM,29.8047049,-95.3205996
482015406022,3093.0,40.41,2.23,49.63,Other,Low_poverty,LPO,29.8717452,-95.6307953
482013417001,1091.0,85.43,1.66,13.2,White,Low_poverty,LPW,29.6179285,-95.0135927
482015207002,621.0,64.25,12.88,33.17,White,Low_poverty,LPW,29.7969506,-95.4890038
482015205003,1977.0,14.97,31.74,85.03,Minority,High_poverty,HPM,29.8358168,-95.49887
482015523021,3427.0,53.02,3.27,31.92,White,Low_poverty,LPW,29.9619098,-95.5989319
482012217003,1660.0,2.95,33.98,97.05,Minority,High_poverty,HPM,29.8879534,-95.3763606
482013237011,1412.0,24.43,25.63,73.65,Minority,Low_poverty,LPM,29.6619078,-95.1792913
482014534012,1554.0,10.88,15.32,82.11,Minority,Low_poverty,LPM,29.6530786,-95.5745476
482015501002,2656.0,2.3,35.66,95.52,Minority,High_poverty,HPM,29.9516654,-95.4240204
482015412021,3316.0,57.81,0.0,33.62,White,Low_poverty,LPW,29.892741,-95.6645619
482014117001,1122.0,46.35,3.83,52.23,Minority,Low_poverty,LPM,29.7284495,-95.4541943
482015508001,1253.0,3.99,16.52,85.23,Minority,Low_poverty,LPM,29.9537393,-95.4768515
482014321003,726.0,83.75,0.0,6.61,White,Low_poverty,LPW,29.7324336,-95.5060907
482013116002,2106.0,2.09,30.1,97.49,Minority,High_poverty,HPM,29.7014234,-95.2872257
482013238022,1938.0,27.66,3.72,66.98,Minority,Low_poverty,LPM,29.6680905,-95.1758765
482013206023,1562.0,5.31,34.51,94.68,Minority,High_poverty,HPM,29.6793289,-95.2603968
482012413003,6174.0,42.61,8.16,45.63,Other,Low_poverty,LPO,30.0844726,-95.426264
482012405022,2221.0,2.3,38.63,95.41,Minority,High_poverty,HPM,29.9493413,-95.396049
482013234004,1402.0,14.62,27.96,85.38,Minority,Low_poverty,LPM,29.676074,-95.2028
482013110005,1823.0,6.36,43.66,93.64,Minority,High_poverty,HPM,29.7427655,-95.3042305
482013106002,1932.0,9.21,19.0,89.7,Minority,Low_poverty,LPM,29.7319324,-95.3226763
482013118003,1522.0,3.68,42.98,94.68,Minority,High_poverty,HPM,29.708708,-95.3102871
482013143002,1002.0,2.3,3.29,86.73,Minority,Low_poverty,LPM,29.686626,-95.4165265
482015105002,1340.0,73.58,3.58,11.79,White,Low_poverty,LPW,29.7803802,-95.4028368
482012123005,1174.0,9.03,36.0,87.99,Minority,High_poverty,HPM,29.777657,-95.3639398
482015339021,1807.0,8.63,40.18,89.82,Minority,High_poverty,HPM,29.9322431,-95.5037102
482015538021,970.0,53.3,16.19,39.69,White,Low_poverty,LPW,30.0287262,-95.5194132
482012407021,2730.0,11.03,16.81,85.06,Minority,Low_poverty,LPM,29.9895234,-95.40998
482014115011,2717.0,63.6,8.25,26.68,White,Low_poverty,LPW,29.7319897,-95.4409066
482014522014,1457.0,21.28,13.66,65.75,Minority,Low_poverty,LPM,29.734538,-95.5675422
482015517011,2459.0,23.51,0.0,71.7,Minority,Low_poverty,LPM,29.9129091,-95.5790526
482013332022,1354.0,9.6,17.21,83.23,Minority,Low_poverty,LPM,29.6621677,-95.2703397
482014211022,1373.0,12.31,36.49,80.84,Minority,High_poverty,HPM,29.7182901,-95.4806352
482015530012,2498.0,36.95,5.42,50.64,Minority,Low_poverty,LPM,30.0037497,-95.4875268
482013218002,1955.0,7.67,5.06,92.33,Minority,Low_poverty,LPM,29.6861614,-95.2402801
482014543021,2930.0,27.0,15.9,61.88,Minority,Low_poverty,LPM,29.7138233,-95.6742917
482014534022,1057.0,7.85,14.38,68.97,Minority,Low_poverty,LPM,29.6709807,-95.573406
482013339011,5955.0,5.73,7.19,71.08,Minority,Low_poverty,LPM,29.6056545,-95.2580686
482014234012,2301.0,42.81,28.42,51.06,Minority,Low_poverty,LPM,29.6536805,-95.512522
482015219002,1425.0,21.47,5.05,74.04,Minority,Low_poverty,LPM,29.8139392,-95.5542011
482014330031,1704.0,0.0,45.89,44.37,Other,High_poverty,HPO,29.7080149,-95.5525086
482014551021,939.0,68.37,2.24,12.46,White,Low_poverty,LPW,29.7625555,-95.7719157
482012114003,1417.0,19.83,24.28,76.29,Minority,Low_poverty,LPM,29.7656719,-95.3351495
482015506033,2258.0,3.99,10.08,89.63,Minority,Low_poverty,LPM,29.960363,-95.4695511
482012335004,1620.0,4.94,4.75,95.06,Minority,Low_poverty,LPM,29.7636452,-95.251688
482012411012,2614.0,31.03,15.35,67.25,Minority,Low_poverty,LPM,30.0609083,-95.3936899
482012337022,923.0,0.33,18.74,99.67,Minority,Low_poverty,LPM,29.7335634,-95.2364677
482015519002,2218.0,18.98,14.79,76.51,Minority,Low_poverty,LPM,29.9038259,-95.586043
482015503013,2912.0,0.58,27.27,95.92,Minority,Low_poverty,LPM,29.9841943,-95.4265706
482013214011,2928.0,9.77,34.22,89.52,Minority,High_poverty,HPM,29.6652361,-95.2227114
482012337023,805.0,3.23,27.58,96.77,Minority,Low_poverty,LPM,29.7375751,-95.2365549
482012507011,2484.0,44.28,0.6,46.66,Other,Low_poverty,LPO,30.0177599,-95.1863453
482012514021,2247.0,72.27,6.68,19.27,White,Low_poverty,LPW,30.0739942,-95.2068069
482013403012,2286.0,63.12,2.14,12.51,White,Low_poverty,LPW,29.5935324,-95.1253776
482014536011,2308.0,5.29,25.95,80.03,Minority,Low_poverty,LPM,29.6800729,-95.5912718
482012308001,1346.0,0.0,19.84,98.07,Minority,Low_poverty,LPM,29.8431137,-95.2931787
482014518003,1527.0,20.04,17.29,64.18,Minority,Low_poverty,LPM,29.7164278,-95.6199009
482014505001,1288.0,62.97,4.19,23.91,White,Low_poverty,LPW,29.7814237,-95.6354805
482013405005,1201.0,81.93,2.75,10.41,White,Low_poverty,LPW,29.5674134,-95.1285137
482013337002,1239.0,7.83,32.24,91.61,Minority,High_poverty,HPM,29.6369985,-95.2973971
482013221002,764.0,11.91,11.65,88.09,Minority,Low_poverty,LPM,29.6940539,-95.2124642
482013132002,694.0,11.1,21.82,88.9,Minority,Low_poverty,LPM,29.703854,-95.3526473
482015113011,1102.0,63.79,7.89,36.03,White,Low_poverty,LPW,29.8004427,-95.4026836
482012524003,245.0,30.61,0.0,69.39,Minority,Low_poverty,LPM,29.7768683,-95.1380016
482013316012,2216.0,0.0,10.2,99.32,Minority,Low_poverty,LPM,29.6298838,-95.3478878
482012541003,1467.0,22.22,15.27,77.77,Minority,Low_poverty,LPM,29.7428856,-94.959774
482012513002,1743.0,65.69,0.86,20.71,White,Low_poverty,LPW,30.0643188,-95.2049051
482015322002,1627.0,26.74,43.58,70.13,Minority,High_poverty,HPM,29.8569939,-95.4844214
482012119004,947.0,0.0,31.95,96.3,Minority,High_poverty,HPM,29.7819157,-95.2994968
482015342021,2420.0,44.05,2.81,45.2,Other,Low_poverty,LPO,29.8957933,-95.5434036
482014120001,1456.0,81.73,9.27,12.29,White,Low_poverty,LPW,29.7230907,-95.4043492
482013429003,2768.0,80.49,14.1,9.68,White,Low_poverty,LPW,29.6718114,-95.1002263
482015311002,2084.0,73.51,5.66,24.71,White,Low_poverty,LPW,29.8233343,-95.4325226
482015215003,1505.0,10.1,25.71,87.84,Minority,Low_poverty,LPM,29.823384,-95.5215803
482015503023,2917.0,5.9,34.25,85.95,Minority,High_poverty,HPM,30.0031854,-95.4498849
482015325021,1171.0,32.54,20.5,62.34,Minority,Low_poverty,LPM,29.8839974,-95.4979658
482014335012,2422.0,1.07,41.95,95.99,Minority,High_poverty,HPM,29.6800131,-95.5442959
482012117002,832.0,7.33,32.81,92.67,Minority,High_poverty,HPM,29.7974186,-95.2990429
482014207002,494.0,77.73,0.0,22.27,White,Low_poverty,LPW,29.6757036,-95.4713592
482015554021,1159.0,69.72,7.44,26.83,White,Low_poverty,LPW,30.0966916,-95.6243451
482012206002,1442.0,4.02,16.64,95.98,Minority,Low_poverty,LPM,29.8418502,-95.3722218
482015425001,2927.0,75.95,4.69,20.16,White,Low_poverty,LPW,29.7934797,-95.7639381
482014229002,2027.0,17.76,33.2,76.17,Minority,High_poverty,HPM,29.6807698,-95.5339612
482014215001,496.0,23.19,7.49,61.09,Minority,Low_poverty,LPM,29.7128292,-95.4785161
482015521011,4324.0,34.55,8.75,53.54,Minority,Low_poverty,LPM,29.9234939,-95.6188028
482014132022,3095.0,48.08,11.53,20.22,Other,Low_poverty,LPO,29.7017191,-95.4207616
482015524001,1421.0,36.59,6.47,63.41,Minority,Low_poverty,LPM,29.9471706,-95.5936762
482015506022,1237.0,5.25,7.11,85.05,Minority,Low_poverty,LPM,29.9477559,-95.459749
482012411025,1756.0,32.52,10.13,63.84,Minority,Low_poverty,LPM,30.0485285,-95.3692834
482013227001,1741.0,24.64,11.66,74.85,Minority,Low_poverty,LPM,29.7085427,-95.1667991
482013140025,2420.0,40.58,35.91,10.87,Other,High_poverty,HPO,29.6927871,-95.3964744
482015512001,3033.0,40.65,24.0,47.41,Other,Low_poverty,LPO,29.9814692,-95.4990756
482014309004,1763.0,48.55,3.91,14.81,Other,Low_poverty,LPO,29.7646042,-95.5572123
482014218001,1077.0,23.77,19.68,73.16,Minority,Low_poverty,LPM,29.6777533,-95.479959
482012406001,2790.0,2.01,53.05,96.38,Minority,High_poverty,HPM,29.9581699,-95.4085283
482014211021,3245.0,1.33,51.77,98.65,Minority,High_poverty,HPM,29.721818,-95.4812665
482014333002,1711.0,39.45,20.46,38.63,Other,Low_poverty,LPO,29.7004021,-95.5238097
482012123003,216.0,14.35,55.56,79.63,Minority,High_poverty,HPM,29.7728915,-95.3550741
482014320021,1404.0,1.21,45.01,93.3,Minority,High_poverty,HPM,29.733144,-95.4983705
482014520002,1391.0,15.17,31.42,72.97,Minority,High_poverty,HPM,29.7310454,-95.6091023
482015511003,2462.0,6.38,17.55,62.75,Minority,Low_poverty,LPM,29.9875039,-95.4892366
482012335001,1959.0,4.54,13.88,94.44,Minority,Low_poverty,LPM,29.7615625,-95.2396023
482015106001,1379.0,67.37,5.0,19.8,White,Low_poverty,LPW,29.7745334,-95.4234788
482013422001,1971.0,40.54,0.0,59.16,Minority,Low_poverty,LPM,29.6751968,-95.14838
482012534001,623.0,64.69,17.15,33.71,White,Low_poverty,LPW,29.7559128,-95.0170173
482015525003,2045.0,41.22,3.72,30.08,Other,Low_poverty,LPO,29.9559104,-95.5816855
482012407022,11321.0,13.06,10.92,83.01,Minority,Low_poverty,LPM,29.9724257,-95.4021115
482012104002,298.0,24.16,9.06,61.41,Minority,Low_poverty,LPM,29.7825782,-95.360392
482015504023,6714.0,2.37,16.28,85.49,Minority,Low_poverty,LPM,29.969715,-95.4582718
482013422002,590.0,30.17,25.93,65.25,Minority,Low_poverty,LPM,29.6683131,-95.1483176
482014216003,1798.0,26.03,37.65,57.23,Minority,High_poverty,HPM,29.7017486,-95.4774386
482015340021,3415.0,19.53,18.04,76.98,Minority,Low_poverty,LPM,29.9116222,-95.5019924
482015325023,2720.0,7.5,15.4,89.63,Minority,Low_poverty,LPM,29.8782605,-95.5049055
482014312021,2919.0,42.62,34.64,31.92,Other,High_poverty,HPO,29.7415171,-95.5087713
482012322003,12029.0,34.58,4.56,54.56,Minority,Low_poverty,LPM,29.9263733,-95.2498265
482015318001,2143.0,2.57,40.46,91.83,Minority,High_poverty,HPM,29.8519355,-95.4346839
482014328012,2013.0,6.01,32.74,80.73,Minority,High_poverty,HPM,29.7149047,-95.5157429
482015101001,1228.0,57.82,0.73,34.45,White,Low_poverty,LPW,29.7674684,-95.3711263
482015428001,2185.0,93.73,3.25,6.27,White,Low_poverty,LPW,29.8239638,-95.8152203
482012519011,4099.0,62.72,6.51,35.35,White,Low_poverty,LPW,29.9296973,-95.0741916
482013206022,1866.0,5.68,27.65,94.31,Minority,Low_poverty,LPM,29.6785326,-95.2550355
482012526001,1762.0,11.01,12.88,88.99,Minority,Low_poverty,LPM,29.7988913,-95.117827
482014225004,693.0,62.48,4.91,17.89,White,Low_poverty,LPW,29.6755219,-95.4985286
482014130001,1441.0,62.11,0.0,9.72,White,Low_poverty,LPW,29.6965848,-95.4422597
482012105003,1788.0,3.64,19.63,95.3,Minority,Low_poverty,LPM,29.7938775,-95.3642416
482013228002,1194.0,3.27,22.57,96.73,Minority,Low_poverty,LPM,29.7012298,-95.1793962
482013402012,1131.0,40.76,4.33,30.33,Other,Low_poverty,LPO,29.5874179,-95.148217
482014124001,634.0,95.27,3.0,4.73,White,Low_poverty,LPW,29.7212809,-95.4319531
482014545011,3635.0,77.88,0.0,5.72,White,Low_poverty,LPW,29.7717107,-95.7093309
482012334001,1015.0,5.62,28.18,94.39,Minority,Low_poverty,LPM,29.7701596,-95.2337533
482015312002,1227.0,66.83,2.28,29.42,White,Low_poverty,LPW,29.8287871,-95.4494635
482014104022,1503.0,62.94,5.46,20.43,White,Low_poverty,LPW,29.7457277,-95.3988205
482012517001,1921.0,79.02,15.93,18.48,White,Low_poverty,LPW,30.0620988,-95.0749867
482014543012,1461.0,26.08,19.23,61.12,Minority,Low_poverty,LPM,29.7151736,-95.6484327
482013508011,2654.0,43.29,16.09,43.48,Other,Low_poverty,LPO,29.524048,-95.1676075
482015331001,2501.0,8.68,12.28,85.16,Minority,Low_poverty,LPM,29.8750988,-95.4647652
482012336001,1457.0,2.54,38.85,96.63,Minority,High_poverty,HPM,29.7564963,-95.260864
482014528012,2121.0,10.56,32.96,70.44,Minority,High_poverty,HPM,29.6924794,-95.609441
482015333001,2213.0,1.17,30.95,95.39,Minority,High_poverty,HPM,29.8826962,-95.42459
482015522001,2091.0,40.32,17.65,49.22,Other,Low_poverty,LPO,29.9445401,-95.6326648
482015312001,1391.0,17.54,28.54,81.24,Minority,Low_poverty,LPM,29.8293853,-95.4542943
482013415021,3540.0,79.41,5.42,19.38,White,Low_poverty,LPW,29.5684029,-95.0337999
482015514003,2700.0,18.26,13.3,63.63,Minority,Low_poverty,LPM,29.9604435,-95.5252082
482012516001,1762.0,58.46,3.46,41.43,White,Low_poverty,LPW,30.1145231,-95.0921894
482015544031,13044.0,44.64,2.66,42.39,Other,Low_poverty,LPO,30.0018594,-95.7164287
482013237012,1450.0,44.76,5.03,55.24,Minority,Low_poverty,LPM,29.6551252,-95.1769249
482015107002,2429.0,59.78,6.63,19.8,White,Low_poverty,LPW,29.7642242,-95.4053426
482014511003,903.0,77.19,4.87,14.83,White,Low_poverty,LPW,29.7523215,-95.5793931
482015405021,1672.0,52.57,5.38,46.59,White,Low_poverty,LPW,29.8496473,-95.629215
482014311011,366.0,92.62,1.64,3.83,White,Low_poverty,LPW,29.7489785,-95.5355029
482015218002,2501.0,20.27,5.4,60.78,Minority,Low_poverty,LPM,29.8371256,-95.5508772
482012505001,3958.0,42.17,10.76,50.71,Minority,Low_poverty,LPM,29.994446,-95.2021155
482015406012,1793.0,17.29,15.84,69.66,Minority,Low_poverty,LPM,29.8639683,-95.6374163
482013213001,2811.0,4.77,26.65,93.81,Minority,Low_poverty,LPM,29.6507891,-95.2200095
482012112003,456.0,0.44,13.82,99.56,Minority,Low_poverty,LPM,29.7897139,-95.3203509
482013318001,2761.0,3.44,37.05,93.92,Minority,High_poverty,HPM,29.6547468,-95.3462585
482015509004,2250.0,1.91,14.58,89.47,Minority,Low_poverty,LPM,29.9494298,-95.4873114
482012509004,3797.0,87.57,0.0,8.19,White,Low_poverty,LPW,30.0420229,-95.1308225
482014513001,2067.0,48.23,3.77,32.42,Other,Low_poverty,LPO,29.7465965,-95.5920826
482013301002,1159.0,6.21,43.49,88.7,Minority,High_poverty,HPM,29.6359739,-95.4256451
482013202003,584.0,6.34,26.71,47.94,Other,Low_poverty,LPO,29.6890533,-95.2663708
482015115007,1557.0,54.53,7.9,39.31,White,Low_poverty,LPW,29.8110675,-95.3966732
482015409021,2385.0,26.5,8.55,67.8,Minority,Low_poverty,LPM,29.8976152,-95.632622
482012207005,2798.0,6.18,52.39,93.82,Minority,High_poverty,HPM,29.8402079,-95.3529364
482015219001,3504.0,66.04,7.89,17.8,White,Low_poverty,LPW,29.8238219,-95.5542576
482015412012,4193.0,63.46,5.2,29.04,White,Low_poverty,LPW,29.9026475,-95.6748123
482014226004,1869.0,13.86,27.77,82.24,Minority,Low_poverty,LPM,29.6848977,-95.5060592
482012337011,2621.0,12.86,36.21,86.83,Minority,High_poverty,HPM,29.7396848,-95.2497584
482013340033,2646.0,25.25,7.33,56.12,Minority,Low_poverty,LPM,29.605755,-95.2354384
482014540001,2199.0,12.37,14.96,74.4,Minority,Low_poverty,LPM,29.69615,-95.6574195
482015205004,1656.0,20.89,31.82,67.33,Minority,High_poverty,HPM,29.8274297,-95.4877092
482015213001,802.0,58.98,9.98,24.81,White,Low_poverty,LPW,29.8188432,-95.5219341
482013103004,912.0,38.27,4.17,59.65,Minority,Low_poverty,LPM,29.7359835,-95.3359979
482015538023,5080.0,38.17,4.02,36.43,Other,Low_poverty,LPO,30.0404466,-95.5290237
482012330032,863.0,32.91,1.39,63.04,Minority,Low_poverty,LPM,29.7931727,-95.1661241
482013235002,1502.0,12.45,38.28,87.55,Minority,High_poverty,HPM,29.6705491,-95.2019454
482014212023,299.0,0.0,49.16,100.0,Minority,High_poverty,HPM,29.7180122,-95.4947847
482012215001,2289.0,6.16,35.91,93.57,Minority,High_poverty,HPM,29.8672316,-95.3880389
482014123004,1462.0,77.77,0.0,3.97,White,Low_poverty,LPW,29.7175647,-95.4261453
482014108002,1519.0,61.55,11.52,25.42,White,Low_poverty,LPW,29.7382928,-95.4086361
482014317003,872.0,79.24,14.56,16.29,White,Low_poverty,LPW,29.7595859,-95.4703775
482012532003,1518.0,46.71,1.86,50.86,Minority,Low_poverty,LPM,29.7971618,-94.9447096
482015535003,1676.0,55.61,0.89,25.18,White,Low_poverty,LPW,30.0307694,-95.4731178
482015337021,1249.0,12.01,23.78,85.42,Minority,Low_poverty,LPM,29.9214685,-95.4362853
482012124003,707.0,1.84,47.95,98.16,Minority,High_poverty,HPM,29.7771636,-95.3052173
482015308002,1336.0,0.0,18.11,100.0,Minority,Low_poverty,LPM,29.8557644,-95.42417
482014118003,1566.0,62.39,4.73,14.43,White,Low_poverty,LPW,29.7264493,-95.4409513
482012507022,2290.0,55.5,14.15,23.28,White,Low_poverty,LPW,30.0035547,-95.1737958
482012540001,2683.0,36.27,12.04,61.12,Minority,Low_poverty,LPM,29.7357665,-94.9387852
482015543013,1960.0,74.59,1.83,25.41,White,Low_poverty,LPW,29.9914988,-95.586106
482012545002,1231.0,10.8,21.53,88.38,Minority,Low_poverty,LPM,29.7405994,-95.022408
482013214012,1791.0,1.56,21.55,98.44,Minority,Low_poverty,LPM,29.6665589,-95.2334616
482015409023,1975.0,52.91,6.58,26.43,White,Low_poverty,LPW,29.8894525,-95.6339593
482012328001,3316.0,1.96,13.9,98.04,Minority,Low_poverty,LPM,29.7851888,-95.2076883
482013333003,1867.0,1.98,29.64,96.84,Minority,Low_poverty,LPM,29.6374862,-95.2594602
482013305003,1593.0,1.0,23.39,98.99,Minority,Low_poverty,LPM,29.6247128,-95.4405994
482014327011,2669.0,0.34,52.42,99.66,Minority,High_poverty,HPM,29.7247358,-95.4952012
482013325002,1402.0,2.85,10.63,96.71,Minority,Low_poverty,LPM,29.6677086,-95.3034481
482014115021,1063.0,93.13,1.51,0.94,White,Low_poverty,LPW,29.7362301,-95.4242431
482012327011,3107.0,3.73,21.26,95.14,Minority,Low_poverty,LPM,29.7910525,-95.2285352
482013402032,2252.0,73.71,6.97,11.94,White,Low_poverty,LPW,29.5911563,-95.0959245
482012109002,299.0,0.0,20.74,100.0,Minority,Low_poverty,LPM,29.8043974,-95.3268675
482015320021,1139.0,41.88,1.67,50.13,Minority,Low_poverty,LPM,29.8443098,-95.4629524
482014204003,1049.0,53.96,20.11,42.52,White,Low_poverty,LPW,29.6546818,-95.4558859
482013144001,1452.0,40.84,20.04,11.01,Other,Low_poverty,LPO,29.6960491,-95.4111517
482015301002,2177.0,15.53,36.06,84.16,Minority,High_poverty,HPM,29.8164084,-95.4552364
482013421001,2013.0,22.85,23.05,77.15,Minority,Low_poverty,LPM,29.6602899,-95.1389482
482015525001,5617.0,27.59,13.58,63.06,Minority,Low_poverty,LPM,29.9535412,-95.5662983
482015406021,3992.0,12.7,9.85,77.43,Minority,Low_poverty,LPM,29.8736951,-95.6404096
482012502002,8801.0,14.21,18.44,82.96,Minority,Low_poverty,LPM,29.9452638,-95.259802
482014232011,1901.0,18.31,13.26,78.33,Minority,Low_poverty,LPM,29.661387,-95.546558
482014221005,1005.0,58.51,20.7,34.93,White,Low_poverty,LPW,29.6536156,-95.4892335
482013107001,2365.0,5.84,38.31,94.16,Minority,High_poverty,HPM,29.7232936,-95.321336
482012315001,1826.0,0.0,39.16,100.0,Minority,High_poverty,HPM,29.8627656,-95.2969664
482014304002,1948.0,72.33,3.75,14.99,White,Low_poverty,LPW,29.7525851,-95.5156117
482012320002,2747.0,1.2,31.16,98.8,Minority,High_poverty,HPM,29.9032675,-95.266226
482015554024,727.0,70.56,13.76,29.43,White,Low_poverty,LPW,30.0734376,-95.6054777
482015412011,4661.0,45.42,6.19,36.55,Other,Low_poverty,LPO,29.886437,-95.676694
482013230002,1476.0,1.42,2.24,98.58,Minority,Low_poverty,LPM,29.6944576,-95.1896261
482013402021,3563.0,46.53,1.52,21.44,Other,Low_poverty,LPO,29.6148694,-95.1253198
482015327001,1594.0,13.61,3.64,83.38,Minority,Low_poverty,LPM,29.8817025,-95.4765306
482012329002,3276.0,11.39,12.7,75.76,Minority,Low_poverty,LPM,29.8003936,-95.1995606
482012515025,1035.0,93.14,1.06,1.74,White,Low_poverty,LPW,30.0580753,-95.1792033
482015549021,5948.0,56.99,3.44,33.37,White,Low_poverty,LPW,30.0921943,-95.5088857
482015503021,2860.0,7.38,31.47,89.37,Minority,High_poverty,HPM,30.0154035,-95.4397882
482015410031,5568.0,36.93,3.04,39.94,Other,Low_poverty,LPO,29.9339225,-95.6715443
482012535002,1379.0,41.77,1.81,58.23,Minority,Low_poverty,LPM,29.7770196,-94.9976629
482014232012,1782.0,31.26,1.01,48.38,Other,Low_poverty,LPO,29.6607288,-95.5389378
482012503023,2657.0,43.7,4.78,40.91,Other,Low_poverty,LPO,29.9810819,-95.2049328
482015545012,3693.0,66.61,1.98,31.12,White,Low_poverty,LPW,30.0052488,-95.648406
482014319002,3711.0,43.9,9.86,21.56,Other,Low_poverty,LPO,29.7301271,-95.465414
482012113005,423.0,2.6,21.04,97.4,Minority,Low_poverty,LPM,29.7820504,-95.3207187
482015204002,2101.0,21.23,16.18,77.01,Minority,Low_poverty,LPM,29.806616,-95.4738931
482014315013,1894.0,65.68,3.59,14.26,White,Low_poverty,LPW,29.7534205,-95.4799604
482014336002,673.0,2.53,30.31,97.48,Minority,High_poverty,HPM,29.6666389,-95.5552706
482013140021,1226.0,20.88,16.07,73.65,Minority,Low_poverty,LPM,29.6867078,-95.3977243
482014515001,3966.0,44.43,12.99,42.26,Other,Low_poverty,LPO,29.7617846,-95.6220516
482014311013,1529.0,44.28,19.56,31.2,Other,Low_poverty,LPO,29.744459,-95.5366044
482015504022,2114.0,4.4,15.7,95.6,Minority,Low_poverty,LPM,29.9710792,-95.4318079
482012124001,1358.0,6.77,32.33,93.23,Minority,High_poverty,HPM,29.7778192,-95.2982254
482015541022,3628.0,44.63,4.77,33.98,Other,Low_poverty,LPO,30.0216841,-95.5602832
482015430011,14083.0,47.43,1.07,34.85,Other,Low_poverty,LPO,29.9497236,-95.7871396
482014518002,3065.0,18.4,10.8,71.12,Minority,Low_poverty,LPM,29.7210583,-95.6374778
482012523011,4071.0,5.21,5.15,93.86,Minority,Low_poverty,LPM,29.7948159,-95.1541275
482015522002,2943.0,30.85,16.0,47.61,Other,Low_poverty,LPO,29.9506558,-95.6538252
482013332024,1504.0,0.0,18.55,100.0,Minority,Low_poverty,LPM,29.659682,-95.2745514
482015107001,2476.0,60.82,1.74,19.83,White,Low_poverty,LPW,29.7679684,-95.4020929
482014509001,986.0,62.37,2.64,32.25,White,Low_poverty,LPW,29.7419374,-95.5623163
482014308002,1558.0,57.64,4.04,15.21,White,Low_poverty,LPW,29.7717435,-95.5551157
482014514031,4128.0,25.73,13.13,56.18,Minority,Low_poverty,LPM,29.7505376,-95.6219211
482012511004,554.0,86.1,1.99,13.9,White,Low_poverty,LPW,30.0271192,-95.2316201
482013413021,1598.0,37.23,25.27,52.94,Minority,Low_poverty,LPM,29.5507417,-95.100415
482012526004,2176.0,33.36,21.37,62.96,Minority,Low_poverty,LPM,29.796285,-95.0872518
482014503002,2525.0,22.85,26.69,70.29,Minority,Low_poverty,LPM,29.7819482,-95.5967077
482012224011,1439.0,8.55,26.95,90.2,Minority,Low_poverty,LPM,29.8982105,-95.3865403
482015331002,1918.0,0.52,58.03,92.97,Minority,High_poverty,HPM,29.8769683,-95.4480801
482013339012,4254.0,8.18,8.39,69.44,Minority,Low_poverty,LPM,29.6191775,-95.2599372
482015401002,2125.0,69.98,2.45,16.99,White,Low_poverty,LPW,29.8411388,-95.5843055
482012214001,711.0,0.0,23.49,100.0,Minority,Low_poverty,LPM,29.8501334,-95.3935288
482014212012,3011.0,3.02,28.83,90.77,Minority,Low_poverty,LPM,29.7217652,-95.4909519
482012225032,2944.0,0.75,50.88,99.25,Minority,High_poverty,HPM,29.923011,-95.4083254
482014506002,1450.0,62.97,6.62,22.63,White,Low_poverty,LPW,29.7667067,-95.6096747
482015104002,639.0,76.21,2.5,22.22,White,Low_poverty,LPW,29.7862035,-95.389835
482015317001,1629.0,71.88,2.25,22.65,White,Low_poverty,LPW,29.8383765,-95.4367451
482015113014,1233.0,65.21,15.17,32.84,White,Low_poverty,LPW,29.799999,-95.4088355
482012537003,1579.0,24.32,0.89,65.8,Minority,Low_poverty,LPM,29.769782,-94.9677328
482012408022,3237.0,20.57,8.99,77.32,Minority,Low_poverty,LPM,30.0314017,-95.3877918
482015211001,2304.0,14.19,32.12,84.9,Minority,High_poverty,HPM,29.8017669,-95.5197006
482014208002,877.0,64.65,5.36,12.66,White,Low_poverty,LPW,29.6830151,-95.4697879
482015210001,2620.0,22.63,42.37,73.36,Minority,High_poverty,HPM,29.7942598,-95.5178102
482014233022,1756.0,24.32,11.28,75.68,Minority,Low_poverty,LPM,29.6601449,-95.51088
482012307002,1560.0,0.0,29.54,100.0,Minority,Low_poverty,LPM,29.8513557,-95.3090775
482015323004,3527.0,8.11,9.15,88.26,Minority,Low_poverty,LPM,29.8575255,-95.5078167
482012218002,1483.0,9.1,25.38,89.28,Minority,Low_poverty,LPM,29.8751153,-95.3600079
482013423001,2482.0,32.84,3.9,66.36,Minority,Low_poverty,LPM,29.6788938,-95.1339031
482015503011,2988.0,4.45,14.36,93.14,Minority,Low_poverty,LPM,29.9765913,-95.4273556
482015544021,8542.0,60.95,2.78,34.08,White,Low_poverty,LPW,29.99842,-95.66736
482015336001,782.0,2.17,34.02,93.35,Minority,High_poverty,HPM,29.9066319,-95.4189263
482012544003,703.0,13.09,52.49,86.91,Minority,High_poverty,HPM,29.7205372,-94.9721925
482015423014,2044.0,16.59,0.64,70.93,Minority,Low_poverty,LPM,29.813837,-95.7272742
482015506031,1374.0,5.24,14.48,87.34,Minority,Low_poverty,LPM,29.9536294,-95.4676768
482012226001,3021.0,3.57,38.7,94.14,Minority,High_poverty,HPM,29.9364914,-95.4060248
482014204002,1615.0,72.57,9.6,12.57,White,Low_poverty,LPW,29.6599834,-95.4525588
482015421021,10440.0,19.54,8.94,78.55,Minority,Low_poverty,LPM,29.8721091,-95.7107909
482015405011,2302.0,22.33,44.8,64.34,Minority,High_poverty,HPM,29.844179,-95.6432044
482013316022,940.0,2.34,27.34,87.23,Minority,Low_poverty,LPM,29.627582,-95.3355193
482015430022,4551.0,42.36,4.0,44.41,Other,Low_poverty,LPO,29.9579941,-95.6998854
482013507002,817.0,59.85,0.37,40.15,White,Low_poverty,LPW,29.5393295,-95.190387
482014548003,4427.0,48.97,15.74,43.71,Other,Low_poverty,LPO,29.7707516,-95.7433909
482013420011,1854.0,83.55,1.29,14.29,White,Low_poverty,LPW,29.6375474,-95.1370576
482015541023,3304.0,69.28,1.91,20.13,White,Low_poverty,LPW,30.009955,-95.5583754
482015534022,2806.0,37.28,13.47,46.58,Other,Low_poverty,LPO,30.0527688,-95.4495075
482014530002,3144.0,5.98,27.42,69.91,Minority,Low_poverty,LPM,29.6999974,-95.5814852
482012336002,750.0,0.8,36.27,98.4,Minority,High_poverty,HPM,29.7392791,-95.2608181
482014112001,1107.0,81.57,3.7,10.3,White,Low_poverty,LPW,29.7546633,-95.4372174
482012541001,1600.0,30.88,30.5,61.94,Minority,High_poverty,HPM,29.7509953,-94.9498829
482013115002,1506.0,2.12,17.33,97.87,Minority,Low_poverty,LPM,29.704073,-95.2896714
482012310002,1871.0,3.15,10.13,90.27,Minority,Low_poverty,LPM,29.8392372,-95.2823925
482012515022,1782.0,86.31,1.98,11.45,White,Low_poverty,LPW,30.0621297,-95.1773281
482015514002,1532.0,47.39,6.85,47.45,Other,Low_poverty,LPO,29.970702,-95.5106976
482012210002,2296.0,3.7,40.85,95.73,Minority,High_poverty,HPM,29.8549165,-95.3448183
482014545021,2540.0,57.8,6.73,14.49,White,Low_poverty,LPW,29.744714,-95.7173569
482015220003,1689.0,13.26,18.65,84.84,Minority,Low_poverty,LPM,29.8243094,-95.5323801
482013338002,2493.0,3.37,0.0,96.63,Minority,Low_poverty,LPM,29.6156894,-95.280459
482012517004,2373.0,58.79,14.5,39.36,White,Low_poverty,LPW,30.0046539,-95.0757892
482014305002,1388.0,62.82,13.3,18.8,White,Low_poverty,LPW,29.7803398,-95.5142555
482015534012,1707.0,70.83,2.9,19.39,White,Low_poverty,LPW,30.0395914,-95.4501716
482014547004,2101.0,61.26,1.05,30.99,White,Low_poverty,LPW,29.766639,-95.7314091
482012514022,1632.0,75.98,0.0,19.61,White,Low_poverty,LPW,30.07243,-95.1931421
482012303002,893.0,0.0,24.41,96.75,Minority,Low_poverty,LPM,29.8304232,-95.3149939
482015421012,8675.0,20.01,3.93,73.04,Minority,Low_poverty,LPM,29.8407017,-95.7091916
482013138003,741.0,0.0,58.57,100.0,Minority,High_poverty,HPM,29.6829394,-95.3737735
482012415003,3328.0,13.04,12.03,85.79,Minority,Low_poverty,LPM,29.9488686,-95.3079316
482014101001,3338.0,42.06,27.47,46.73,Other,Low_poverty,LPO,29.7581579,-95.3798486
482014549002,8571.0,42.82,6.11,35.17,Other,Low_poverty,LPO,29.749317,-95.7410639
482013229001,2048.0,7.52,14.83,92.48,Minority,Low_poverty,LPM,29.7063163,-95.1969741
482015423012,8240.0,18.03,3.25,76.42,Minority,Low_poverty,LPM,29.8238689,-95.7358599
482012219001,1389.0,3.38,19.37,96.54,Minority,Low_poverty,LPM,29.8874667,-95.3494982
482015417002,4979.0,22.19,3.22,55.54,Minority,Low_poverty,LPM,29.8148765,-95.6665227
482012546002,1406.0,11.38,14.3,86.55,Minority,Low_poverty,LPM,29.7151396,-95.0110863
482014309001,1718.0,79.92,11.0,8.56,White,Low_poverty,LPW,29.7523751,-95.5317095
482013505003,3703.0,10.88,25.55,57.79,Minority,Low_poverty,LPM,29.5771201,-95.1965098
482014552001,1191.0,49.54,7.3,42.66,Other,Low_poverty,LPO,29.7802344,-95.7558227
482015407002,2798.0,19.98,12.62,71.12,Minority,Low_poverty,LPM,29.8701622,-95.6171603
482015114002,714.0,70.87,6.91,15.83,White,Low_poverty,LPW,29.7924371,-95.3796445
482012410004,2776.0,43.05,12.97,53.42,Minority,Low_poverty,LPM,30.0406993,-95.3311585
482015207003,1365.0,47.91,11.49,30.7,Other,Low_poverty,LPO,29.7991101,-95.4959953
482014335023,3270.0,6.15,42.43,81.99,Minority,High_poverty,HPM,29.6831892,-95.5531521
482015553011,2224.0,63.26,2.7,34.4,White,Low_poverty,LPW,30.1234693,-95.5170643
482012515031,2402.0,75.27,5.52,17.82,White,Low_poverty,LPW,30.0726664,-95.1832132
482014317001,1865.0,81.02,5.2,18.98,White,Low_poverty,LPW,29.7533913,-95.4705984
482014128002,1484.0,71.36,5.53,8.56,White,Low_poverty,LPW,29.696321,-95.4532338
482013306003,740.0,2.7,16.89,97.29,Minority,Low_poverty,LPM,29.6097156,-95.4439302
482015428003,3807.0,41.13,5.78,56.06,Minority,Low_poverty,LPM,29.8133453,-95.8170943
482013437003,1363.0,52.82,20.32,44.53,White,Low_poverty,LPW,29.6245541,-95.0634883
482013332011,2113.0,2.79,21.68,90.39,Minority,Low_poverty,LPM,29.6691115,-95.2745258
482015529004,2059.0,52.5,17.78,36.76,White,Low_poverty,LPW,29.9853744,-95.5139447
482012327021,2472.0,4.05,28.28,92.68,Minority,Low_poverty,LPM,29.772769,-95.2200286
482012511001,1450.0,88.83,2.83,3.86,White,Low_poverty,LPW,30.0460303,-95.2228687
482015557012,5908.0,51.05,5.37,40.79,White,Low_poverty,LPW,29.9921808,-95.7317488
482015543022,2589.0,63.5,3.13,21.32,White,Low_poverty,LPW,29.974321,-95.6143116
482012123002,766.0,2.35,34.86,97.65,Minority,High_poverty,HPM,29.7805595,-95.3572332
482012337031,1339.0,18.37,14.12,81.63,Minority,Low_poverty,LPM,29.743492,-95.2215425
482015327003,2157.0,10.52,40.98,86.74,Minority,High_poverty,HPM,29.8731826,-95.4795804
482014536024,1200.0,5.33,25.94,79.25,Minority,Low_poverty,LPM,29.6820785,-95.5830522
482013140022,962.0,17.98,12.43,7.69,Other,Low_poverty,LPO,29.6887184,-95.4015847
482015332001,870.0,15.4,40.23,84.6,Minority,High_poverty,HPM,29.8668142,-95.4406246
482012515026,835.0,82.16,0.0,17.84,White,Low_poverty,LPW,30.0533255,-95.1786574
482013235003,1203.0,8.48,22.44,91.52,Minority,Low_poverty,LPM,29.6603878,-95.200344
482014123003,1244.0,64.87,0.0,12.54,White,Low_poverty,LPW,29.7105383,-95.4264742
482014102002,2248.0,59.56,0.0,27.23,White,Low_poverty,LPW,29.7577471,-95.3950921
482014537004,1837.0,10.34,14.64,81.16,Minority,Low_poverty,LPM,29.6815962,-95.5978738
482014211023,838.0,8.95,20.29,89.73,Minority,Low_poverty,LPM,29.7243611,-95.479683
482014301002,1800.0,76.72,4.17,14.33,White,Low_poverty,LPW,29.772477,-95.4721868
482014335011,1886.0,1.48,45.12,98.51,Minority,High_poverty,HPM,29.686814,-95.5554093
482012511003,1715.0,87.52,10.38,11.84,White,Low_poverty,LPW,30.0397769,-95.2332791
482013427001,1338.0,63.45,8.15,32.66,White,Low_poverty,LPW,29.708107,-95.118659
482015545011,2660.0,53.2,6.69,32.45,White,Low_poverty,LPW,30.0167328,-95.6751813
482014322001,908.0,66.52,0.0,27.64,White,Low_poverty,LPW,29.733205,-95.5357492
482015217003,1864.0,2.74,47.32,94.47,Minority,High_poverty,HPM,29.845917,-95.5094851
482014508023,2525.0,25.66,34.97,65.74,Minority,High_poverty,HPM,29.7535449,-95.5718529
482014313021,1836.0,60.68,5.38,27.78,White,Low_poverty,LPW,29.7419116,-95.4871149
482012323022,8477.0,3.15,12.42,95.88,Minority,Low_poverty,LPM,29.8689447,-95.1981896
482014111002,1091.0,33.09,12.92,26.85,Other,Low_poverty,LPO,29.7478008,-95.4146946
482014128001,2253.0,65.11,1.95,13.94,White,Low_poverty,LPW,29.7022973,-95.4533825
482015539003,2933.0,50.84,12.49,33.07,White,Low_poverty,LPW,30.0247287,-95.5378599
482014107014,541.0,80.59,2.59,8.5,White,Low_poverty,LPW,29.7434564,-95.3850382
482014522013,1250.0,22.24,5.76,57.68,Minority,Low_poverty,LPM,29.7295561,-95.5636
482013240002,3343.0,42.27,3.26,45.92,Other,Low_poverty,LPO,29.6352813,-95.1750995
482014507003,1926.0,96.88,1.51,0.0,White,Low_poverty,LPW,29.7650809,-95.5908122
482015206023,1812.0,26.38,33.89,70.31,Minority,High_poverty,HPM,29.8069239,-95.4925982
482013143001,720.0,6.25,39.44,84.31,Minority,High_poverty,HPM,29.679777,-95.4226845
482013338003,2688.0,8.18,16.85,87.35,Minority,Low_poverty,LPM,29.605729,-95.2751137
482014206002,1754.0,64.82,8.38,23.32,White,Low_poverty,LPW,29.6628786,-95.4681728
482014224021,1811.0,16.57,25.9,83.43,Minority,Low_poverty,LPM,29.6548707,-95.4955654
482014514032,1568.0,21.3,3.51,48.98,Other,Low_poverty,LPO,29.7415643,-95.62143
482014307002,1910.0,58.9,19.74,10.57,White,Low_poverty,LPW,29.781075,-95.5383135
482013231002,2121.0,2.73,37.29,97.26,Minority,High_poverty,HPM,29.6944119,-95.17778
482013231001,1945.0,8.89,14.19,90.13,Minority,Low_poverty,LPM,29.6850797,-95.1662943
482013228001,2042.0,14.54,17.04,85.46,Minority,Low_poverty,LPM,29.7092911,-95.1791101
482013324003,1217.0,0.0,39.92,100.0,Minority,High_poverty,HPM,29.6535262,-95.3296356
482013322003,616.0,2.6,22.24,95.13,Minority,Low_poverty,LPM,29.6825549,-95.3376618
482014524003,1343.0,3.95,46.08,95.16,Minority,High_poverty,HPM,29.7062834,-95.5831989
482014523001,2467.0,7.22,9.12,57.8,Minority,Low_poverty,LPM,29.7078193,-95.5654888
482013301003,3178.0,0.82,14.48,99.18,Minority,Low_poverty,LPM,29.6307174,-95.4244616
482012543003,1481.0,20.26,21.31,77.11,Minority,Low_poverty,LPM,29.7428774,-94.9776756
482012542003,801.0,18.23,28.96,75.91,Minority,Low_poverty,LPM,29.7331085,-94.9636604
482012541002,812.0,21.31,3.69,78.7,Minority,Low_poverty,LPM,29.7510195,-94.9596244
482012538002,2404.0,60.69,2.2,39.31,White,Low_poverty,LPW,29.77154,-94.9486705
482012326001,1341.0,15.73,24.16,84.27,Minority,Low_poverty,LPM,29.7829809,-95.2560703
482013322002,2727.0,0.0,20.87,100.0,Minority,Low_poverty,LPM,29.6778926,-95.3285639
482013320001,2062.0,2.13,21.44,97.86,Minority,Low_poverty,LPM,29.6722265,-95.3413299
482013221003,1709.0,9.71,18.78,90.29,Minority,Low_poverty,LPM,29.6844121,-95.2124386
482013213002,1669.0,8.57,32.83,87.0,Minority,High_poverty,HPM,29.647228,-95.2175768
482013212002,1600.0,16.56,23.75,81.69,Minority,Low_poverty,LPM,29.6330089,-95.1994109
482013211003,1424.0,10.04,14.26,88.2,Minority,Low_poverty,LPM,29.6237665,-95.2074917
482013210005,2808.0,13.11,1.53,81.3,Minority,Low_poverty,LPM,29.640484,-95.2345098
482014533001,3676.0,5.11,49.35,87.62,Minority,High_poverty,HPM,29.6641983,-95.5651337
482014531002,1130.0,11.59,24.87,58.05,Minority,Low_poverty,LPM,29.7001318,-95.5644437
482014307003,903.0,75.19,0.0,5.2,White,Low_poverty,LPW,29.7712152,-95.5423163
482014236003,1992.0,9.04,8.89,77.36,Minority,Low_poverty,LPM,29.6335967,-95.5139454
482012311002,1475.0,5.83,23.8,94.17,Minority,Low_poverty,LPM,29.8416195,-95.25562
482012311001,2320.0,2.93,30.3,97.06,Minority,High_poverty,HPM,29.8277465,-95.2500046
482012310001,2806.0,3.49,22.34,93.94,Minority,Low_poverty,LPM,29.8388816,-95.2741697
482012309001,1293.0,1.86,50.12,98.15,Minority,High_poverty,HPM,29.8263788,-95.2768207
482012307001,745.0,6.44,19.19,92.62,Minority,Low_poverty,LPM,29.8551176,-95.3158676
482012305001,636.0,4.72,45.6,95.28,Minority,High_poverty,HPM,29.8592466,-95.3251567
482011000003,1461.0,68.72,9.1,20.47,White,Low_poverty,LPW,29.762179,-95.365248
482014233012,2039.0,49.73,18.44,37.62,Other,Low_poverty,LPO,29.6696449,-95.5106085
482014228003,2312.0,25.22,9.06,66.44,Minority,Low_poverty,LPM,29.6866521,-95.5180825
482014227021,1805.0,28.64,22.88,62.99,Minority,Low_poverty,LPM,29.6979926,-95.5068472
482012302005,572.0,3.15,11.54,94.41,Minority,Low_poverty,LPM,29.8139487,-95.2964843
482012302002,308.0,0.0,18.51,100.0,Minority,Low_poverty,LPM,29.8223901,-95.316157
482015554022,3380.0,48.61,23.53,49.91,Other,Low_poverty,LPO,30.0821536,-95.6173999
482015555012,3225.0,65.77,8.03,33.05,White,Low_poverty,LPW,30.0972982,-95.6690076
482015554023,2989.0,72.57,9.31,26.57,White,Low_poverty,LPW,30.1119553,-95.6321573
482014525002,2436.0,8.42,30.25,53.12,Minority,High_poverty,HPM,29.7092621,-95.5961357
482014547001,1084.0,79.15,20.48,6.83,White,Low_poverty,LPW,29.7723145,-95.727969
482014332011,2815.0,6.57,25.22,45.22,Other,Low_poverty,LPO,29.6997145,-95.5505044
482014332022,2372.0,8.39,24.24,70.49,Minority,Low_poverty,LPM,29.6939376,-95.5412841
482014328011,1446.0,11.27,23.58,59.06,Minority,Low_poverty,LPM,29.7183288,-95.5067597
482014206001,631.0,40.89,8.87,43.58,Other,Low_poverty,LPO,29.6558778,-95.4758875
482014203003,1257.0,84.57,2.86,15.43,White,Low_poverty,LPW,29.6684554,-95.451047
482012106004,1251.0,20.7,37.25,79.3,Minority,High_poverty,HPM,29.8048616,-95.3691042
482012106003,2498.0,9.05,2.52,90.95,Minority,Low_poverty,LPM,29.8035199,-95.3614806
482012104004,938.0,7.89,17.59,92.11,Minority,Low_poverty,LPM,29.7876372,-95.3675842
482012104001,874.0,1.37,33.41,98.62,Minority,High_poverty,HPM,29.787065,-95.3536021
482014535022,2079.0,6.73,30.11,87.78,Minority,High_poverty,HPM,29.6727865,-95.6003853
482014504001,2404.0,37.94,1.16,56.49,Minority,Low_poverty,LPM,29.782035,-95.6142135
482014202001,881.0,55.62,0.0,17.36,White,Low_poverty,LPW,29.6654049,-95.4427158
482014534021,1325.0,7.09,34.42,80.45,Minority,High_poverty,HPM,29.6593831,-95.5757203
482014503003,980.0,65.31,1.73,25.41,White,Low_poverty,LPW,29.7787667,-95.5921802
482014502002,2695.0,66.64,0.82,22.56,White,Low_poverty,LPW,29.7782723,-95.5787749
482014401003,2607.0,5.56,21.02,78.9,Minority,Low_poverty,LPM,29.6358782,-95.5361126
482014216002,2192.0,2.55,27.11,97.45,Minority,Low_poverty,LPM,29.7025517,-95.4838353
482014214033,771.0,17.25,17.33,74.32,Minority,Low_poverty,LPM,29.7100553,-95.4867825
482014209003,1957.0,62.39,0.0,15.18,White,Low_poverty,LPW,29.6966906,-95.4749902
482012114002,933.0,3.64,61.63,95.5,Minority,High_poverty,HPM,29.7640076,-95.3225771
482015222011,1636.0,3.61,47.01,94.5,Minority,High_poverty,HPM,29.8016777,-95.5275935
482015222021,2604.0,17.59,28.99,73.62,Minority,Low_poverty,LPM,29.8036414,-95.5377938
482014552002,1886.0,57.21,4.19,34.25,White,Low_poverty,LPW,29.7798216,-95.7634902
482014550001,2838.0,65.12,5.71,24.49,White,Low_poverty,LPW,29.7533336,-95.7603032
482014547003,1048.0,69.75,0.0,21.28,White,Low_poverty,LPW,29.758157,-95.7243112
482012204001,1285.0,2.65,40.86,95.96,Minority,High_poverty,HPM,29.8351871,-95.3732481
482012203003,1578.0,7.98,32.19,87.83,Minority,High_poverty,HPM,29.8245254,-95.3612783
482012201002,723.0,0.0,8.58,100.0,Minority,Low_poverty,LPM,29.8165731,-95.3389295
482015224021,3376.0,30.12,20.79,66.67,Minority,Low_poverty,LPM,29.8049457,-95.5588167
482015313002,1484.0,57.75,9.64,42.25,White,Low_poverty,LPW,29.8239016,-95.4675315
482015319002,971.0,11.33,25.37,82.08,Minority,Low_poverty,LPM,29.8585414,-95.4485511
482015543012,1913.0,71.62,8.63,22.79,White,Low_poverty,LPW,29.9904759,-95.6026226
482015546001,2392.0,77.3,1.09,19.24,White,Low_poverty,LPW,30.0086517,-95.6156524
482015206011,2726.0,12.51,41.64,80.04,Minority,High_poverty,HPM,29.8167961,-95.4926764
482015205002,3581.0,3.13,41.97,96.87,Minority,High_poverty,HPM,29.8312204,-95.4845125
482015547002,4781.0,71.76,1.9,22.13,White,Low_poverty,LPW,30.005473,-95.601681
482015525002,3822.0,30.01,10.15,58.74,Minority,Low_poverty,LPM,29.9454743,-95.5802668
482015341001,2860.0,14.41,12.78,47.55,Other,Low_poverty,LPO,29.9170877,-95.5375515
482015507001,2150.0,8.6,7.91,78.79,Minority,Low_poverty,LPM,29.942318,-95.5037485
482015527001,2879.0,48.63,11.29,46.86,Other,Low_poverty,LPO,29.9798107,-95.5598006
482015542001,3357.0,36.04,7.66,54.78,Minority,Low_poverty,LPM,29.9974798,-95.569093
482015216001,2407.0,13.92,12.13,85.17,Minority,Low_poverty,LPM,29.8380553,-95.5288909
482015213004,2247.0,13.31,26.97,69.96,Minority,Low_poverty,LPM,29.8127807,-95.5186885
482015207004,2002.0,54.45,5.97,38.66,White,Low_poverty,LPW,29.7998307,-95.5042522
482012414002,4110.0,62.53,3.41,34.87,White,Low_poverty,LPW,30.1034447,-95.4185021
482013507001,1399.0,70.12,3.59,23.73,White,Low_poverty,LPW,29.5294645,-95.1826823
482013504001,2089.0,22.12,5.34,73.72,Minority,Low_poverty,LPM,29.5999119,-95.2037417
482013406002,1241.0,80.98,2.18,13.94,White,Low_poverty,LPW,29.5749619,-95.1350786
482013405001,687.0,36.68,12.52,63.32,Minority,Low_poverty,LPM,29.5597198,-95.118283
482013404001,1319.0,77.33,0.3,10.24,White,Low_poverty,LPW,29.5814459,-95.112162
482013401002,1350.0,32.67,26.59,51.63,Minority,Low_poverty,LPM,29.5841992,-95.176149
482013338004,2154.0,5.9,16.85,89.09,Minority,Low_poverty,LPM,29.6210793,-95.2713451
482013338001,2058.0,2.14,17.64,97.86,Minority,Low_poverty,LPM,29.6177853,-95.2911513
482013336002,1230.0,10.73,4.15,86.34,Minority,Low_poverty,LPM,29.6571555,-95.2999617
482013335002,2173.0,8.7,20.75,91.3,Minority,Low_poverty,LPM,29.6670119,-95.2847899
482013333002,7180.0,4.44,33.26,92.69,Minority,High_poverty,HPM,29.6329859,-95.242207
482013332012,1785.0,3.19,14.06,96.8,Minority,Low_poverty,LPM,29.6710605,-95.2684848
482013329002,2450.0,5.67,20.85,92.0,Minority,Low_poverty,LPM,29.6887339,-95.2882288
482013415013,2100.0,63.71,9.52,32.47,White,Low_poverty,LPW,29.5679987,-95.0453741
482013508012,1782.0,62.18,0.39,35.91,White,Low_poverty,LPW,29.5273782,-95.1756889
482013414001,1432.0,81.7,7.54,17.66,White,Low_poverty,LPW,29.579541,-95.052434
482013210004,1380.0,14.49,6.52,84.49,Minority,Low_poverty,LPM,29.6325485,-95.2272195
482013209004,2046.0,15.1,18.0,83.68,Minority,Low_poverty,LPM,29.6489099,-95.228528
482013219004,1480.0,21.55,10.2,78.45,Minority,Low_poverty,LPM,29.6942158,-95.2223908
482013217001,1642.0,22.47,6.54,75.33,Minority,Low_poverty,LPM,29.6796532,-95.2394273
482013216003,1908.0,11.22,11.01,86.22,Minority,Low_poverty,LPM,29.6741915,-95.2254682
482013140011,103.0,60.19,0.0,33.01,White,Low_poverty,LPW,29.7012351,-95.3933193
482013138004,1823.0,2.3,27.98,97.15,Minority,Low_poverty,LPM,29.6917508,-95.3750085
482013136001,1198.0,7.76,40.4,90.9,Minority,High_poverty,HPM,29.698357,-95.3557052
482013132004,730.0,15.07,1.23,84.93,Minority,Low_poverty,LPM,29.7087807,-95.3638544
482013132003,1340.0,11.34,22.18,77.01,Minority,Low_poverty,LPM,29.705675,-95.3703553
482013131001,3176.0,59.13,8.24,23.62,White,Low_poverty,LPW,29.7147813,-95.3863198
482013130002,1163.0,18.74,23.3,80.57,Minority,Low_poverty,LPM,29.7156476,-95.3735071
482013129001,2943.0,10.36,39.1,85.93,Minority,High_poverty,HPM,29.7122702,-95.3590791
482013125002,1666.0,41.42,29.82,46.64,Other,Low_poverty,LPO,29.7361643,-95.3764282
482015328001,1893.0,20.97,19.86,74.54,Minority,Low_poverty,LPM,29.8714664,-95.4714738
482015324001,2369.0,4.18,21.15,95.82,Minority,Low_poverty,LPM,29.8710066,-95.4862792
482015524003,3028.0,28.1,8.03,66.62,Minority,Low_poverty,LPM,29.9289709,-95.6002748
482015518001,1952.0,84.07,1.33,10.29,White,Low_poverty,LPW,29.8882376,-95.5685125
482015408001,1774.0,13.13,7.78,81.4,Minority,Low_poverty,LPM,29.8882537,-95.6133463
482015324003,2177.0,28.07,3.72,66.51,Minority,Low_poverty,LPM,29.8720553,-95.5130173
482015336002,4617.0,2.04,33.66,92.48,Minority,High_poverty,HPM,29.9094521,-95.4322577
482015531004,1565.0,39.23,6.42,57.64,Minority,Low_poverty,LPM,30.0200079,-95.4694557
482015530011,1478.0,63.4,4.47,30.92,White,Low_poverty,LPW,30.0064064,-95.5042417
482015512004,1133.0,34.16,0.0,57.99,Minority,Low_poverty,LPM,29.9794,-95.5082727
482015509003,2017.0,7.78,9.52,92.22,Minority,Low_poverty,LPM,29.9607692,-95.4826976
482015509002,3550.0,7.04,4.68,71.69,Minority,Low_poverty,LPM,29.9616793,-95.487725
482012413002,3210.0,50.37,2.65,41.28,White,Low_poverty,LPW,30.0584637,-95.4162491
482012410001,968.0,42.46,13.33,52.38,Minority,Low_poverty,LPM,30.0361181,-95.3479827
482015533002,3233.0,11.17,7.92,86.91,Minority,Low_poverty,LPM,30.0258952,-95.4347051
482015552002,3801.0,48.33,22.55,43.78,Other,Low_poverty,LPO,30.0979336,-95.4441692
482015552001,6454.0,41.91,3.64,51.15,Minority,Low_poverty,LPM,30.0974179,-95.4912496
482015503022,3663.0,5.41,17.58,84.63,Minority,Low_poverty,LPM,29.989103,-95.4381546
482012517002,2461.0,77.29,9.73,18.56,White,Low_poverty,LPW,30.0253208,-95.1132293
482012506001,1864.0,5.95,24.36,94.05,Minority,Low_poverty,LPM,29.9910792,-95.2711936
482012501003,5038.0,15.44,2.26,81.3,Minority,Low_poverty,LPM,29.9768873,-95.247633
482015334001,1795.0,3.01,14.32,95.15,Minority,Low_poverty,LPM,29.8780816,-95.4367069
482012513005,830.0,83.61,0.0,16.39,White,Low_poverty,LPW,30.05354,-95.1920007
482012513004,1796.0,88.2,9.97,7.18,White,Low_poverty,LPW,30.0496043,-95.2028972
482012511002,824.0,78.52,3.16,20.15,White,Low_poverty,LPW,30.0332553,-95.2194277
482012510002,1220.0,76.31,0.66,21.07,White,Low_poverty,LPW,30.0355937,-95.2075559
482015321001,3444.0,7.49,38.1,88.97,Minority,High_poverty,HPM,29.8431008,-95.4738623
482015549022,3698.0,72.61,0.05,19.66,White,Low_poverty,LPW,30.1108519,-95.5262959
482015538022,1579.0,75.49,7.22,24.51,White,Low_poverty,LPW,30.0356512,-95.5208256
482015537002,3573.0,46.52,9.39,34.85,Other,Low_poverty,LPO,30.0160835,-95.5079376
482015536001,3660.0,56.91,9.15,37.49,White,Low_poverty,LPW,30.0281722,-95.4886488
482015535001,2331.0,55.56,0.0,31.05,White,Low_poverty,LPW,30.0372626,-95.4815004
482014119003,1506.0,79.35,20.53,6.84,White,Low_poverty,LPW,29.7266021,-95.3929645
482014116002,1330.0,71.5,5.79,17.74,White,Low_poverty,LPW,29.7347781,-95.4563685
482014114001,1382.0,88.93,2.17,10.49,White,Low_poverty,LPW,29.7442597,-95.4420197
482012224012,1984.0,5.29,33.32,93.09,Minority,High_poverty,HPM,29.9052388,-95.4047171
482012223003,1738.0,2.24,46.26,97.75,Minority,High_poverty,HPM,29.8882623,-95.3322549
482012223001,1973.0,6.03,31.68,93.56,Minority,High_poverty,HPM,29.8928905,-95.3413691
482012216003,1459.0,9.66,5.0,88.21,Minority,Low_poverty,LPM,29.8731949,-95.3971467
482012508001,2305.0,78.66,0.0,19.61,White,Low_poverty,LPW,30.0055867,-95.1614362
482015104001,1624.0,77.71,9.02,15.76,White,Low_poverty,LPW,29.7861213,-95.3947566
482015103004,1190.0,93.53,1.76,6.47,White,Low_poverty,LPW,29.7893788,-95.3815801
482015103002,890.0,78.2,3.6,13.26,White,Low_poverty,LPW,29.7807427,-95.3803802
482014327022,1862.0,10.1,13.53,81.79,Minority,Low_poverty,LPM,29.7289099,-95.4822084
482014326001,518.0,77.61,0.0,6.18,White,Low_poverty,LPW,29.728286,-95.5053954
482014318021,1585.0,51.67,7.11,37.29,White,Low_poverty,LPW,29.7526608,-95.4586549
482014313022,1569.0,88.21,0.0,8.6,White,Low_poverty,LPW,29.7425908,-95.4928268
482014303001,1180.0,80.17,0.85,3.81,White,Low_poverty,LPW,29.7689401,-95.4918136
482014302001,1489.0,62.12,3.29,28.74,White,Low_poverty,LPW,29.775924,-95.4847429
482014112002,764.0,88.22,28.14,4.45,White,Low_poverty,LPW,29.7505278,-95.4273387
482013502003,2727.0,11.81,7.11,82.88,Minority,Low_poverty,LPM,29.5911437,-95.2287037
482013436003,934.0,75.27,21.73,24.73,White,Low_poverty,LPW,29.6633779,-95.0161123
482013436002,774.0,65.37,14.34,26.23,White,Low_poverty,LPW,29.6548041,-95.0149281
482013432002,1660.0,48.13,0.6,45.72,Other,Low_poverty,LPO,29.658331,-95.0491078
482013430001,2593.0,68.84,21.91,27.84,White,Low_poverty,LPW,29.6547108,-95.119894
482013429001,836.0,32.3,10.17,67.7,Minority,Low_poverty,LPM,29.6668705,-95.1183397
482013425002,1456.0,92.79,3.84,5.91,White,Low_poverty,LPW,29.697792,-95.129349
482013424002,2615.0,28.76,7.85,67.07,Minority,Low_poverty,LPM,29.6848379,-95.1479002
482013421002,2310.0,48.05,4.07,41.39,Other,Low_poverty,LPO,29.6538146,-95.1460956
482013416001,1518.0,51.19,18.48,40.78,White,Low_poverty,LPW,29.5648384,-95.0184066
482013508013,955.0,64.71,8.7,23.98,White,Low_poverty,LPW,29.5219392,-95.1796609
482013103005,674.0,19.73,3.86,80.27,Minority,Low_poverty,LPM,29.7414687,-95.3360465
482013103003,782.0,9.34,42.46,89.51,Minority,High_poverty,HPM,29.7372483,-95.3413348
482013101001,2798.0,6.25,56.72,91.67,Minority,High_poverty,HPM,29.759711,-95.3428956
482012542002,1019.0,11.78,21.28,84.99,Minority,Low_poverty,LPM,29.725561,-94.9662077
482012535003,2727.0,16.87,45.07,81.44,Minority,High_poverty,HPM,29.7798109,-95.015564
482013115001,1235.0,3.4,28.1,88.82,Minority,Low_poverty,LPM,29.7088946,-95.2764556
482013113003,1637.0,1.59,25.23,97.74,Minority,Low_poverty,LPM,29.707519,-95.298733
482013112001,1961.0,2.7,26.72,97.3,Minority,Low_poverty,LPM,29.7207487,-95.2926546
482012523022,514.0,28.02,32.68,61.09,Minority,High_poverty,HPM,29.7937015,-95.1272002
482012216002,952.0,6.41,35.19,93.59,Minority,High_poverty,HPM,29.8799842,-95.3935981
482015304001,1689.0,1.24,20.16,98.76,Minority,Low_poverty,LPM,29.8266044,-95.3923787
482015303001,800.0,5.25,55.88,94.75,Minority,High_poverty,HPM,29.8206539,-95.3907462
482015302001,1580.0,74.75,2.78,17.22,White,Low_poverty,LPW,29.8160244,-95.4068163
482015202003,1889.0,40.07,6.41,54.58,Minority,Low_poverty,LPM,29.7917661,-95.4718614
482015116003,870.0,21.49,3.22,70.69,Minority,Low_poverty,LPM,29.799673,-95.3794857
482015115006,1949.0,43.36,0.0,49.46,Other,Low_poverty,LPO,29.8082453,-95.4091529
482015114003,968.0,35.33,13.02,63.02,Minority,Low_poverty,LPM,29.7982224,-95.38279
482015113013,644.0,92.39,0.0,6.37,White,Low_poverty,LPW,29.7932626,-95.4086127
482015113023,1068.0,90.17,11.57,9.36,White,Low_poverty,LPW,29.7973437,-95.3972673
482015112003,2352.0,61.14,2.17,32.95,White,Low_poverty,LPW,29.7981108,-95.4198013
482015112002,2734.0,63.39,5.45,30.07,White,Low_poverty,LPW,29.7989217,-95.4146512
482015111002,2037.0,56.55,3.93,24.1,White,Low_poverty,LPW,29.8082038,-95.4241441
482012415002,1397.0,15.25,3.94,79.74,Minority,Low_poverty,LPM,29.9659095,-95.2891756
482012401002,1671.0,16.04,23.88,68.34,Minority,Low_poverty,LPM,29.9474154,-95.4104973
482014215003,1490.0,11.28,28.32,82.41,Minority,Low_poverty,LPM,29.7128977,-95.4731093
482015109001,2025.0,60.25,4.31,36.64,White,Low_poverty,LPW,29.7864805,-95.4244996
482015108003,1386.0,54.04,14.94,37.09,White,Low_poverty,LPW,29.7636032,-95.4193136
482015105001,1358.0,67.45,3.39,19.58,White,Low_poverty,LPW,29.78788,-95.4010295
482014210002,1941.0,62.6,1.91,11.08,White,Low_poverty,LPW,29.7091423,-95.466853
482014105003,651.0,64.82,3.99,23.5,White,Low_poverty,LPW,29.7487567,-95.3904617
482013124001,999.0,5.51,47.95,94.5,Minority,High_poverty,HPM,29.732947,-95.3670241
482013124002,471.0,3.4,55.97,95.12,Minority,High_poverty,HPM,29.729232,-95.3609873
482013122001,446.0,6.05,17.71,91.26,Minority,Low_poverty,LPM,29.7327913,-95.34787
482013120002,3500.0,34.74,3.17,44.52,Other,Low_poverty,LPO,29.7154656,-95.3499119
482012522002,8058.0,12.94,9.9,78.32,Minority,Low_poverty,LPM,29.8329284,-95.1490398
482012333002,1360.0,6.1,15.88,93.9,Minority,Low_poverty,LPM,29.7653119,-95.2189359
482012331023,3448.0,9.77,43.09,89.85,Minority,High_poverty,HPM,29.7767161,-95.1663335
482012330011,1744.0,33.89,4.59,66.11,Minority,Low_poverty,LPM,29.7980635,-95.1809241
482012327023,2517.0,10.61,24.22,88.2,Minority,Low_poverty,LPM,29.797783,-95.2118104
482015334003,2311.0,1.25,15.79,95.29,Minority,Low_poverty,LPM,29.8889161,-95.4354953
482012409012,7439.0,13.34,7.04,81.77,Minority,Low_poverty,LPM,30.0179313,-95.3106441
482012408021,3622.0,10.8,16.95,83.68,Minority,Low_poverty,LPM,30.0243765,-95.3564617
482012321001,589.0,7.64,29.03,92.36,Minority,Low_poverty,LPM,29.9156236,-95.304344
482012229001,751.0,7.19,14.25,89.35,Minority,Low_poverty,LPM,29.9217548,-95.3489693
482012225031,1524.0,7.94,4.66,89.63,Minority,Low_poverty,LPM,29.9183967,-95.4038159
482013202002,438.0,3.2,3.2,96.8,Minority,Low_poverty,LPM,29.6946024,-95.2626834
482013201002,1322.0,2.72,17.62,93.19,Minority,Low_poverty,LPM,29.6914103,-95.2804471
482013110003,1376.0,2.98,27.18,97.02,Minority,Low_poverty,LPM,29.7425546,-95.2964196
482013109004,665.0,1.65,55.79,84.36,Minority,High_poverty,HPM,29.7372531,-95.3080677
482013109003,1217.0,3.12,53.66,95.97,Minority,High_poverty,HPM,29.7360053,-95.2999752
482013108002,1343.0,14.59,13.48,81.76,Minority,Low_poverty,LPM,29.728322,-95.314858
482013106004,406.0,25.12,8.13,72.41,Minority,Low_poverty,LPM,29.7265448,-95.3271927
482013106001,917.0,12.32,7.74,86.59,Minority,Low_poverty,LPM,29.737123,-95.3215125
482014226003,2397.0,35.63,26.49,57.11,Minority,Low_poverty,LPM,29.6787457,-95.5016269
482014225003,2867.0,5.02,42.45,93.09,Minority,High_poverty,HPM,29.6684187,-95.5041957
482014224022,1926.0,11.94,24.21,83.65,Minority,Low_poverty,LPM,29.6616183,-95.4989327
482012213004,2341.0,6.41,44.81,93.59,Minority,High_poverty,HPM,29.8495871,-95.3783409
482012211003,1346.0,3.64,31.28,95.25,Minority,High_poverty,HPM,29.8504294,-95.3549398
482012209002,798.0,12.66,26.44,87.34,Minority,Low_poverty,LPM,29.8435182,-95.3382328
482012208001,1830.0,0.0,40.11,100.0,Minority,High_poverty,HPM,29.8365754,-95.3384037
482012207001,917.0,11.89,38.5,88.11,Minority,High_poverty,HPM,29.8427948,-95.3456653
482015420002,5114.0,39.62,0.0,51.31,Minority,Low_poverty,LPM,29.8096843,-95.7118041
482015416023,1403.0,12.69,16.75,87.31,Minority,Low_poverty,LPM,29.8373023,-95.6570633
482014511002,1214.0,59.56,21.66,33.04,White,Low_poverty,LPW,29.7521197,-95.5842351
482014508021,745.0,95.44,0.0,4.56,White,Low_poverty,LPW,29.7536751,-95.565198
482014505002,1627.0,65.89,0.74,21.94,White,Low_poverty,LPW,29.7746984,-95.6336106
482014220002,940.0,82.45,0.0,14.57,White,Low_poverty,LPW,29.6597829,-95.4880027
482014220001,649.0,62.25,8.01,19.72,White,Low_poverty,LPW,29.6641664,-95.4866528
482014219002,1103.0,86.49,2.63,10.52,White,Low_poverty,LPW,29.6692673,-95.481509
482014218002,749.0,17.49,10.15,67.02,Minority,Low_poverty,LPM,29.6804056,-95.4781675
482014217002,912.0,53.51,2.3,25.22,White,Low_poverty,LPW,29.6912704,-95.489328
482015426001,5841.0,45.28,2.74,45.99,Other,Low_poverty,LPO,29.7936727,-95.7888377
482015424002,4560.0,20.75,14.61,69.41,Minority,Low_poverty,LPM,29.7935507,-95.743747
482015422001,12630.0,17.09,7.81,72.22,Minority,Low_poverty,LPM,29.853327,-95.7474777
482014519021,2420.0,37.11,7.93,17.52,Other,Low_poverty,LPO,29.722453,-95.5986977
482014518001,807.0,22.68,19.58,55.02,Minority,Low_poverty,LPM,29.7242411,-95.6216919
482014513003,2208.0,40.67,9.78,47.19,Other,Low_poverty,LPO,29.7415609,-95.6014379
482014512002,1227.0,77.02,0.74,13.77,White,Low_poverty,LPW,29.7525004,-95.5905626
482014544001,1186.0,16.53,4.97,66.19,Minority,Low_poverty,LPM,29.7454505,-95.6690868
482014540002,3002.0,8.76,4.98,53.29,Minority,Low_poverty,LPM,29.6947835,-95.6470906
482014537003,2140.0,10.14,12.52,88.41,Minority,Low_poverty,LPM,29.6845787,-95.6010249
482014537001,3392.0,7.75,27.87,68.78,Minority,Low_poverty,LPM,29.6853039,-95.6099821
482013309003,930.0,1.61,33.66,98.38,Minority,High_poverty,HPM,29.6020369,-95.4163408
482013309002,3044.0,0.0,60.02,97.83,Minority,High_poverty,HPM,29.6077289,-95.4007576
482013412011,2113.0,15.85,45.44,83.48,Minority,High_poverty,HPM,29.5224149,-95.1173231
482013411001,2642.0,41.9,11.3,50.08,Minority,Low_poverty,LPM,29.5472894,-95.1182423
482013319001,1538.0,2.28,24.25,97.72,Minority,Low_poverty,LPM,29.6631164,-95.3523939
482013317003,860.0,1.16,11.98,97.68,Minority,Low_poverty,LPM,29.6437957,-95.3518058
482013314001,2414.0,0.0,62.84,87.28,Minority,High_poverty,HPM,29.6547314,-95.3611324
482013313001,911.0,2.74,19.98,95.83,Minority,Low_poverty,LPM,29.6521621,-95.3810196
482013311003,1156.0,0.87,42.65,99.14,Minority,High_poverty,HPM,29.6723733,-95.3773718
482013311002,1194.0,7.62,50.17,91.38,Minority,High_poverty,HPM,29.6768045,-95.3609447
482013234003,1935.0,1.45,18.86,97.51,Minority,Low_poverty,LPM,29.669663,-95.1954394
482013234001,3242.0,5.06,28.72,94.88,Minority,Low_poverty,LPM,29.6805141,-95.2038965
482013232004,1188.0,13.8,20.03,85.69,Minority,Low_poverty,LPM,29.688459,-95.1863764
482012324014,1375.0,21.6,21.45,78.4,Minority,Low_poverty,LPM,29.8317153,-95.2027325
482012324013,1274.0,21.82,35.16,78.17,Minority,High_poverty,HPM,29.8366654,-95.192437
482014325001,1882.0,11.16,30.23,80.39,Minority,High_poverty,HPM,29.7249143,-95.5248404
482014310002,687.0,95.34,0.0,0.0,White,Low_poverty,LPW,29.7573712,-95.5511688
482014310003,2163.0,78.5,3.33,20.85,White,Low_poverty,LPW,29.7423812,-95.5437291
482014309003,1483.0,65.88,11.22,15.58,White,Low_poverty,LPW,29.7603672,-95.547736
482014133004,995.0,55.48,3.02,14.17,White,Low_poverty,LPW,29.6878248,-95.4353774
482014133003,1286.0,75.12,2.57,12.21,White,Low_poverty,LPW,29.6857925,-95.4295515
482014131001,1155.0,61.04,2.68,22.59,White,Low_poverty,LPW,29.7007335,-95.4296102
482014125001,906.0,82.23,2.21,4.64,White,Low_poverty,LPW,29.7116418,-95.4355353
482014123002,1550.0,74.06,0.0,2.0,White,Low_poverty,LPW,29.7106085,-95.4207213
482014109001,1261.0,66.93,11.66,22.28,White,Low_poverty,LPW,29.7331824,-95.3933459
482013315003,1075.0,0.0,0.0,100.0,Minority,Low_poverty,LPM,29.6349956,-95.3592068
482012324011,5199.0,7.83,3.12,84.44,Minority,Low_poverty,LPM,29.8227136,-95.1837615
482012525002,270.0,62.22,21.85,37.78,White,Low_poverty,LPW,29.7769579,-95.0848265
482012524002,1610.0,22.92,46.89,77.08,Minority,High_poverty,HPM,29.7807979,-95.1545397
482012111006,1135.0,0.53,29.16,99.47,Minority,Low_poverty,LPM,29.7860662,-95.3333639
482012111004,1159.0,3.28,60.83,96.72,Minority,High_poverty,HPM,29.7886679,-95.3293129
482012110002,1257.0,0.4,44.87,98.65,Minority,High_poverty,HPM,29.7965066,-95.3288252
482012109001,1021.0,4.6,11.07,90.59,Minority,Low_poverty,LPM,29.8039996,-95.3341524
482012316002,1889.0,0.0,13.66,100.0,Minority,Low_poverty,LPM,29.8604886,-95.3056047
482012313002,2729.0,0.29,29.61,99.71,Minority,Low_poverty,LPM,29.8511748,-95.2697219
482012312002,1846.0,2.93,5.37,96.97,Minority,Low_poverty,LPM,29.8456184,-95.2396962
482012107001,725.0,8.0,30.62,91.73,Minority,High_poverty,HPM,29.8023292,-95.35404
482012537004,1749.0,30.02,24.3,61.64,Minority,Low_poverty,LPM,29.7680129,-94.9744203
482012537001,1214.0,7.17,1.65,82.71,Minority,Low_poverty,LPM,29.7520635,-94.9750306
482012536002,609.0,24.3,13.46,58.12,Minority,Low_poverty,LPM,29.7599825,-94.9986972
482012532005,2378.0,74.85,0.0,24.43,White,Low_poverty,LPW,29.7849332,-94.9225644
482012531001,6937.0,33.24,3.13,61.67,Minority,Low_poverty,LPM,29.8288339,-94.9611681
482012530003,2803.0,34.78,29.25,63.94,Minority,Low_poverty,LPM,29.8225888,-95.0250222
482012528002,2829.0,43.8,15.87,49.95,Other,Low_poverty,LPO,29.8689451,-94.9943668
482012527003,787.0,87.8,3.56,5.34,White,Low_poverty,LPW,29.9227392,-95.0100952
482012514023,2387.0,57.6,30.25,36.03,White,High_poverty,HPW,30.0705323,-95.1996308
482012513003,1064.0,83.18,0.38,15.22,White,Low_poverty,LPW,30.0611587,-95.206232
482012509003,1126.0,86.32,0.0,0.0,White,Low_poverty,LPW,30.063558,-95.1503805
482015540021,1813.0,70.1,2.87,17.93,White,Low_poverty,LPW,29.9969492,-95.5401865
482015529005,1633.0,69.57,0.0,15.8,White,Low_poverty,LPW,29.9918264,-95.5223302
482015539001,2541.0,60.76,2.83,12.12,White,Low_poverty,LPW,30.0308454,-95.5474213
482015302002,1525.0,39.15,35.44,56.0,Minority,High_poverty,HPM,29.8161831,-95.424873
482015302003,574.0,56.45,10.8,22.3,White,Low_poverty,LPW,29.8162235,-95.4400734
482015307002,2133.0,8.02,36.47,91.0,Minority,High_poverty,HPM,29.8527135,-95.4072712
482015312003,853.0,67.76,13.13,29.66,White,Low_poverty,LPW,29.8230523,-95.4476834
482015316001,1714.0,73.69,3.85,25.09,White,Low_poverty,LPW,29.8377569,-95.4491387
482015316002,1532.0,29.05,3.85,69.12,Minority,Low_poverty,LPM,29.8366994,-95.4615158
482014115024,1632.0,56.25,6.0,15.2,White,Low_poverty,LPW,29.7323084,-95.4238184
482012205003,1874.0,9.77,42.74,85.59,Minority,High_poverty,HPM,29.8396449,-95.3850065
482015430021,23094.0,44.43,4.91,36.06,Other,Low_poverty,LPO,29.9271382,-95.7059888
482015556002,1914.0,91.27,3.66,5.69,White,Low_poverty,LPW,30.0903204,-95.7288727
482015560002,3142.0,39.56,7.03,52.36,Minority,Low_poverty,LPM,30.0552817,-95.8247831
482015517015,1077.0,88.21,5.39,8.91,White,Low_poverty,LPW,29.9028145,-95.573218
482015517016,1723.0,43.47,12.23,19.45,Other,Low_poverty,LPO,29.898249,-95.5774474
482014315012,1949.0,71.01,2.72,16.01,White,Low_poverty,LPW,29.754609,-95.4842534
482015430031,20730.0,13.58,7.91,78.06,Minority,Low_poverty,LPM,29.8860805,-95.701229
482015421022,6250.0,13.66,5.0,73.68,Minority,Low_poverty,LPM,29.8715828,-95.6919153
482012214003,3314.0,4.83,32.11,95.17,Minority,High_poverty,HPM,29.8566944,-95.3959444
482015553022,16270.0,58.43,3.63,31.04,White,Low_poverty,LPW,30.1453574,-95.5324533
482015335002,836.0,15.91,4.78,84.09,Minority,Low_poverty,LPM,29.8991158,-95.4231962
482015342022,3824.0,43.28,10.12,48.72,Other,Low_poverty,LPO,29.8868278,-95.5426595
482012224021,2893.0,12.69,14.17,87.31,Minority,Low_poverty,LPM,29.9111035,-95.3937671
482013409001,1970.0,34.26,5.38,49.9,Other,Low_poverty,LPO,29.562813,-95.146466
482013410003,2815.0,41.07,14.42,45.51,Other,Low_poverty,LPO,29.5569368,-95.1389757
482012225021,1286.0,2.88,44.11,87.95,Minority,High_poverty,HPM,29.9249997,-95.3846237
482015338011,9404.0,6.15,20.08,79.55,Minority,Low_poverty,LPM,29.9087893,-95.4595452
482014108003,1451.0,61.47,11.85,21.71,White,Low_poverty,LPW,29.7364925,-95.4027861
482014108001,1256.0,82.32,8.6,6.84,White,Low_poverty,LPW,29.7407034,-95.403183
482015517031,3701.0,41.26,15.24,27.77,Other,Low_poverty,LPO,29.9128095,-95.5584913
482015517032,3024.0,35.25,13.69,39.55,Other,Low_poverty,LPO,29.9214969,-95.5613432
482015321002,984.0,2.44,1.42,77.75,Minority,Low_poverty,LPM,29.8476314,-95.4743013
482015321003,1242.0,45.01,6.2,53.14,Minority,Low_poverty,LPM,29.8447596,-95.4811958
482012324021,1822.0,7.14,13.39,81.77,Minority,Low_poverty,LPM,29.8100003,-95.1865904
482012324022,2299.0,12.53,16.01,86.47,Minority,Low_poverty,LPM,29.8144738,-95.189495
482012524004,1777.0,33.48,21.61,65.73,Minority,Low_poverty,LPM,29.7851374,-95.1482177
482013413011,1840.0,58.26,29.47,22.67,White,Low_poverty,LPW,29.5706402,-95.0924781
482012229004,2002.0,5.04,31.27,94.96,Minority,High_poverty,HPM,29.903566,-95.3421419
482012517003,1746.0,89.58,10.19,10.42,White,Low_poverty,LPW,30.0426714,-95.1031092
482012516002,4843.0,80.78,6.38,18.58,White,Low_poverty,LPW,30.0922544,-95.1210753
482012508002,2359.0,73.12,4.87,25.43,White,Low_poverty,LPW,30.0140464,-95.1517558
482015419002,5318.0,39.04,9.58,50.09,Minority,Low_poverty,LPM,29.8090311,-95.6960431
482012529001,1810.0,64.53,14.35,33.59,White,Low_poverty,LPW,29.8177666,-95.0741468
482013433022,2208.0,58.79,6.01,38.27,White,Low_poverty,LPW,29.6692444,-95.0828346
482012503021,7302.0,27.36,2.61,70.06,Minority,Low_poverty,LPM,29.967476,-95.208156
482014519014,1832.0,4.09,33.02,91.98,Minority,High_poverty,HPM,29.7159911,-95.6101136
482013116003,682.0,10.7,59.09,78.59,Minority,High_poverty,HPM,29.7006969,-95.2857967
482014312022,581.0,89.33,3.27,10.67,White,Low_poverty,LPW,29.7478642,-95.5048652
482014534032,2966.0,5.02,36.75,79.8,Minority,High_poverty,HPM,29.6717287,-95.5840998
482014535011,2663.0,3.94,11.44,64.82,Minority,Low_poverty,LPM,29.6647048,-95.5894965
482012527001,1647.0,45.66,17.58,54.34,Minority,Low_poverty,LPM,29.9048299,-95.0461676
482015420004,1734.0,49.13,1.56,50.86,Minority,Low_poverty,LPM,29.8182514,-95.7074217
482015420001,6684.0,49.24,7.35,41.43,Other,Low_poverty,LPO,29.8209048,-95.7145336
482013420013,2334.0,62.0,0.6,36.76,White,Low_poverty,LPW,29.6463856,-95.1383234
482013403022,1725.0,60.06,2.38,9.04,White,Low_poverty,LPW,29.6049783,-95.111408
482013402031,1737.0,63.15,1.9,7.14,White,Low_poverty,LPW,29.6178323,-95.1037121
482015526021,4643.0,40.96,8.27,43.12,Other,Low_poverty,LPO,29.9739317,-95.5738957
482015519003,2861.0,32.19,17.72,62.46,Minority,Low_poverty,LPM,29.9044439,-95.5903701
482015557011,4082.0,71.19,0.0,19.53,White,Low_poverty,LPW,30.009967,-95.740363
482014520003,4014.0,14.05,27.55,69.98,Minority,Low_poverty,LPM,29.7314304,-95.6023918
482013110002,705.0,4.54,39.72,95.46,Minority,High_poverty,HPM,29.7485868,-95.2984315
482012207004,1634.0,3.43,49.63,96.57,Minority,High_poverty,HPM,29.8251791,-95.3509769
482012226002,2041.0,0.0,34.49,90.1,Minority,High_poverty,HPM,29.9350834,-95.3902406
482013238012,1955.0,24.4,9.05,74.58,Minority,Low_poverty,LPM,29.6697586,-95.1898125
482015413004,1712.0,16.47,1.34,80.67,Minority,Low_poverty,LPM,29.8723457,-95.6766098
482015405023,1540.0,40.06,12.28,50.65,Minority,Low_poverty,LPM,29.8523101,-95.6371676
482012408014,906.0,6.18,14.46,91.62,Minority,Low_poverty,LPM,30.0317018,-95.4268077
482014329023,1648.0,21.72,17.11,43.63,Other,Low_poverty,LPO,29.7107157,-95.5306045
482013214021,883.0,24.24,11.21,75.76,Minority,Low_poverty,LPM,29.6585051,-95.2150765
482014212013,580.0,0.0,41.9,100.0,Minority,High_poverty,HPM,29.7209724,-95.4868932
482014335024,1664.0,0.0,50.9,92.9,Minority,High_poverty,HPM,29.6794797,-95.5541748
482015556001,3829.0,55.81,4.7,37.32,White,Low_poverty,LPW,30.0616193,-95.7169243
482015504014,2485.0,11.03,22.16,78.15,Minority,Low_poverty,LPM,29.9833277,-95.4693997
482015504011,6918.0,6.9,23.39,87.52,Minority,Low_poverty,LPM,29.9935562,-95.4702638
482015513001,2354.0,5.23,5.35,63.29,Minority,Low_poverty,LPM,29.9526063,-95.5041683
482015527002,2775.0,32.97,13.54,47.75,Other,Low_poverty,LPO,29.9684013,-95.5462853
482015526011,6479.0,22.92,22.42,61.34,Minority,Low_poverty,LPM,29.9629845,-95.567918
482015528005,2182.0,66.09,0.96,25.75,White,Low_poverty,LPW,29.9802175,-95.5345622
482015521021,3463.0,49.32,0.0,31.34,Other,Low_poverty,LPO,29.9316022,-95.6128855
482015544011,4673.0,75.67,6.34,19.93,White,Low_poverty,LPW,29.977581,-95.640576
482015543011,1835.0,76.4,0.0,13.79,White,Low_poverty,LPW,29.9834978,-95.5915951
482015542002,4645.0,52.85,4.9,40.93,White,Low_poverty,LPW,30.0008569,-95.5618148
482015548021,17718.0,59.18,2.79,27.59,White,Low_poverty,LPW,30.0520359,-95.5649945
482015550003,2022.0,53.56,17.11,43.02,White,Low_poverty,LPW,30.0674684,-95.4891708
482015548022,3704.0,73.65,1.78,21.03,White,Low_poverty,LPW,30.0872145,-95.5783577
482015544012,10355.0,65.3,1.64,16.23,White,Low_poverty,LPW,29.9676346,-95.6654698
482015555022,14373.0,58.81,2.34,26.67,White,Low_poverty,LPW,30.0364253,-95.6476553
482012304001,820.0,5.73,62.32,94.27,Minority,High_poverty,HPM,29.8333101,-95.321285
482012125003,738.0,21.68,26.83,78.32,Minority,Low_poverty,LPM,29.7479531,-95.2826081
482012317001,2852.0,2.24,40.71,97.23,Minority,High_poverty,HPM,29.8818102,-95.3163286
482012225012,1869.0,3.8,27.39,95.78,Minority,Low_poverty,LPM,29.9287699,-95.4057653
482012325001,4060.0,14.43,21.8,85.57,Minority,Low_poverty,LPM,29.8059908,-95.2502743
482012108002,1028.0,5.93,25.3,94.07,Minority,Low_poverty,LPM,29.7810234,-95.3457402
482015306002,1566.0,17.31,30.91,78.93,Minority,High_poverty,HPM,29.8249187,-95.4037458
482015103001,1499.0,75.85,2.98,22.74,White,Low_poverty,LPW,29.7828934,-95.3726933
482014106002,2419.0,58.99,10.71,34.23,White,Low_poverty,LPW,29.7493804,-95.3778889
482015545022,2257.0,84.98,4.21,6.47,White,Low_poverty,LPW,29.990136,-95.6367747
482012331012,2637.0,11.04,32.08,85.36,Minority,High_poverty,HPM,29.7878931,-95.1830062
482015502001,2227.0,8.71,56.08,89.76,Minority,High_poverty,HPM,29.9568578,-95.4315035
482015504021,2614.0,3.83,35.0,90.67,Minority,High_poverty,HPM,29.9685224,-95.4385106
482015533001,2916.0,8.13,43.69,88.75,Minority,High_poverty,HPM,30.0284333,-95.4386232
482012414001,3187.0,63.26,4.89,35.2,White,Low_poverty,LPW,30.0745165,-95.4008682
482012412003,1266.0,50.47,10.43,39.1,White,Low_poverty,LPW,30.0425002,-95.390983
482012410002,3422.0,33.05,2.66,51.52,Minority,Low_poverty,LPM,30.037567,-95.340843
482015551001,4585.0,41.48,1.7,41.7,Other,Low_poverty,LPO,30.0790663,-95.4521289
482015520011,4224.0,36.86,12.26,34.76,Other,Low_poverty,LPO,29.9248033,-95.5937346
482015408002,2884.0,15.81,20.87,70.0,Minority,Low_poverty,LPM,29.8880852,-95.602221
482012216005,1796.0,7.35,60.08,92.66,Minority,High_poverty,HPM,29.8930048,-95.4011077
482012501002,3284.0,13.73,7.49,79.42,Minority,Low_poverty,LPM,29.9527322,-95.2777935
482012504012,2148.0,44.23,10.75,51.3,Minority,Low_poverty,LPM,29.9923933,-95.1648352
482012520001,21439.0,41.04,2.15,53.91,Minority,Low_poverty,LPM,29.9178646,-95.1821484
482013241002,1014.0,6.02,14.1,93.98,Minority,Low_poverty,LPM,29.7167966,-95.2182166
482013230003,1859.0,9.84,34.37,90.16,Minority,High_poverty,HPM,29.69343,-95.1858853
482014113003,1421.0,73.05,11.26,17.1,White,Low_poverty,LPW,29.7437556,-95.4506638
482014113002,839.0,24.91,0.0,40.76,Other,Low_poverty,LPO,29.7441777,-95.4551706
482014314022,1496.0,49.47,5.68,26.47,Other,Low_poverty,LPO,29.7442276,-95.4784121
482015212003,1907.0,17.57,8.55,79.13,Minority,Low_poverty,LPM,29.8069667,-95.5095414
482015224013,2081.0,49.45,9.13,45.75,Other,Low_poverty,LPO,29.7942096,-95.5499236
482012405023,2579.0,0.0,30.17,100.0,Minority,High_poverty,HPM,29.9498005,-95.3886577
482012405011,5230.0,1.59,22.08,93.27,Minority,Low_poverty,LPM,29.9598818,-95.3917467
482012509002,3527.0,72.53,2.87,24.27,White,Low_poverty,LPW,30.0443755,-95.1657882
482012409011,3960.0,8.43,2.07,82.6,Minority,Low_poverty,LPM,30.0211467,-95.3218866
482012409022,10492.0,14.45,9.38,78.47,Minority,Low_poverty,LPM,30.0265127,-95.2993218
482015412032,1091.0,80.48,6.6,8.89,White,Low_poverty,LPW,29.8923632,-95.6510289
482015412031,1597.0,77.65,1.38,19.41,White,Low_poverty,LPW,29.885425,-95.6471787
482015534021,2561.0,35.65,33.04,58.57,Minority,High_poverty,HPM,30.0563565,-95.4450237
482012507012,675.0,85.48,2.96,14.52,White,Low_poverty,LPW,30.008984,-95.2300838
482012504022,201.0,100.0,0.0,0.0,White,Low_poverty,LPW,29.9973983,-95.1586183
482014551022,1981.0,51.39,1.21,28.16,White,Low_poverty,LPW,29.7698427,-95.7707872
482013326002,3303.0,2.57,19.29,93.76,Minority,Low_poverty,LPM,29.6756286,-95.2984095
482013504003,3188.0,5.11,16.56,81.87,Minority,Low_poverty,LPM,29.5901356,-95.2154875
482013501002,10489.0,18.56,9.15,61.34,Minority,Low_poverty,LPM,29.5841587,-95.2532764
482013340011,1767.0,3.45,16.07,67.4,Minority,Low_poverty,LPM,29.6161152,-95.222261
482013402022,1793.0,73.51,3.96,11.38,White,Low_poverty,LPW,29.5998791,-95.1393907
482013415011,3067.0,75.51,2.73,21.88,White,Low_poverty,LPW,29.5813105,-95.0379497
482013416003,1109.0,86.11,4.51,7.39,White,Low_poverty,LPW,29.5992825,-95.0154757
482013423002,1750.0,38.74,21.77,55.14,Minority,Low_poverty,LPM,29.6716765,-95.1329983
482013504002,1479.0,20.01,15.08,65.99,Minority,Low_poverty,LPM,29.5939418,-95.2118486
482014102003,1746.0,70.62,3.44,12.03,White,Low_poverty,LPW,29.7550714,-95.3889321
482013506011,2778.0,43.02,5.83,43.02,Other,Low_poverty,LPO,29.5573909,-95.1747074
482013139001,2317.0,36.69,26.11,48.72,Other,Low_poverty,LPO,29.6945012,-95.3831845
482014213003,1853.0,4.8,11.8,67.84,Minority,Low_poverty,LPM,29.7081632,-95.4988036
482014213002,3200.0,10.31,53.0,77.88,Minority,High_poverty,HPM,29.7087134,-95.4950115
482013207002,1153.0,0.0,31.57,78.67,Minority,High_poverty,HPM,29.6678299,-95.2527371
482013410004,1780.0,57.02,3.09,33.93,White,Low_poverty,LPW,29.5484217,-95.1352516
482013237022,773.0,31.82,0.52,49.03,Other,Low_poverty,LPO,29.6423623,-95.1761453
482013237021,2410.0,38.46,10.17,58.05,Minority,Low_poverty,LPM,29.6471981,-95.1769173
482015529001,1355.0,49.67,0.0,50.34,Minority,Low_poverty,LPM,29.9992081,-95.5197915
482014334002,1603.0,13.23,17.34,73.61,Minority,Low_poverty,LPM,29.6845962,-95.5409054
482013430003,2086.0,38.78,17.02,60.07,Minority,Low_poverty,LPM,29.6579432,-95.0927994
482013431001,1600.0,73.56,3.38,23.5,White,Low_poverty,LPW,29.6548133,-95.0813479
482014401001,2179.0,4.13,32.1,89.58,Minority,High_poverty,HPM,29.6493314,-95.5594262
482014336004,2479.0,2.42,35.82,95.28,Minority,High_poverty,HPM,29.6719585,-95.5583194
482013303032,1528.0,24.21,30.56,73.95,Minority,High_poverty,HPM,29.622194,-95.5038295
482013303011,6001.0,0.78,12.7,93.67,Minority,Low_poverty,LPM,29.6370798,-95.4704962
482014231001,984.0,2.95,46.34,97.06,Minority,High_poverty,HPM,29.6647245,-95.5494555
482012510001,1473.0,49.69,15.61,31.71,Other,Low_poverty,LPO,30.0349289,-95.1889174
482015405012,1832.0,5.68,30.08,94.32,Minority,High_poverty,HPM,29.8599737,-95.6392541
482012409021,1105.0,76.11,36.83,17.47,White,High_poverty,HPW,30.0193363,-95.2726596
482015409011,2607.0,62.95,4.1,26.16,White,Low_poverty,LPW,29.8894857,-95.6244446
482012515011,6002.0,72.54,2.35,12.11,White,Low_poverty,LPW,30.0980671,-95.1595942
482012407012,7784.0,9.3,13.39,88.82,Minority,Low_poverty,LPM,30.0138678,-95.4137091
482012404001,3675.0,33.85,2.94,62.01,Minority,Low_poverty,LPM,29.993929,-95.3835975
482012515024,2094.0,68.77,2.44,25.59,White,Low_poverty,LPW,30.0683817,-95.1782019
482015223022,1850.0,30.97,14.7,54.06,Minority,Low_poverty,LPM,29.789431,-95.5358953
482014538001,2343.0,2.99,25.35,83.91,Minority,Low_poverty,LPM,29.674629,-95.6089807
482014543013,5219.0,8.89,13.68,81.11,Minority,Low_poverty,LPM,29.7273471,-95.6533659
482014527002,3305.0,2.66,9.35,43.03,Other,Low_poverty,LPO,29.6939911,-95.6190408
482014536021,2573.0,9.83,20.6,65.53,Minority,Low_poverty,LPM,29.6858574,-95.5805717
482015401001,7157.0,43.08,4.02,29.52,Other,Low_poverty,LPO,29.8670658,-95.5907178
482015401003,1203.0,18.04,0.0,80.22,Minority,Low_poverty,LPM,29.8641508,-95.5725295
482015320011,1558.0,0.9,30.23,99.1,Minority,High_poverty,HPM,29.8599789,-95.4754003
482015342031,2279.0,25.89,15.89,68.1,Minority,Low_poverty,LPM,29.8730007,-95.5368807
482015326001,2623.0,3.74,41.1,89.59,Minority,High_poverty,HPM,29.8873686,-95.4801065
482014323003,2315.0,17.93,15.85,72.74,Minority,Low_poverty,LPM,29.7307761,-95.5454546
482014329011,2195.0,7.97,35.44,92.02,Minority,High_poverty,HPM,29.7177685,-95.5299254
482014211011,644.0,37.42,11.49,51.09,Minority,Low_poverty,LPM,29.7230372,-95.4684989
482014117002,2354.0,50.72,3.36,29.57,White,Low_poverty,LPW,29.7237975,-95.454703
482014313012,1420.0,35.21,11.27,48.31,Other,Low_poverty,LPO,29.7471696,-95.4993139
482014313013,1569.0,47.16,10.83,45.51,Other,Low_poverty,LPO,29.7444876,-95.4963803
482014232023,1821.0,0.88,31.74,99.12,Minority,High_poverty,HPM,29.6687434,-95.534021
482014129002,1521.0,53.39,23.77,24.46,White,Low_poverty,LPW,29.6827483,-95.4480278
482014222003,1002.0,1.1,42.91,94.01,Minority,High_poverty,HPM,29.6419046,-95.505325
482014103002,915.0,69.07,6.23,13.66,White,Low_poverty,LPW,29.7545803,-95.4061884
482014111003,1244.0,56.43,5.87,23.15,White,Low_poverty,LPW,29.7446041,-95.4147083
482014223014,2203.0,9.44,22.97,48.25,Other,Low_poverty,LPO,29.6532197,-95.5059183
482014215004,2534.0,1.07,22.45,78.81,Minority,Low_poverty,LPM,29.7146254,-95.4831698
482014224011,1379.0,10.59,23.65,74.55,Minority,Low_poverty,LPM,29.6621998,-95.50256
482014232021,2309.0,2.99,36.73,96.14,Minority,High_poverty,HPM,29.6683074,-95.5302336
482014234013,1384.0,10.26,0.29,78.69,Minority,Low_poverty,LPM,29.6517284,-95.5199193
482014227011,1996.0,2.76,43.29,97.24,Minority,High_poverty,HPM,29.6907182,-95.5055252
482014301005,1222.0,73.16,35.56,24.55,White,High_poverty,HPW,29.7820798,-95.4618058
482015201001,2088.0,49.38,6.34,36.59,Other,Low_poverty,LPO,29.7922608,-95.4603234
482014510013,1371.0,36.03,20.42,60.54,Minority,Low_poverty,LPM,29.7449674,-95.5742933
482014508024,366.0,16.94,6.01,69.13,Minority,Low_poverty,LPM,29.7499142,-95.5606147
482014132011,1254.0,50.72,22.81,35.97,White,Low_poverty,LPW,29.6991945,-95.4246003
482014126002,1575.0,70.29,0.0,4.25,White,Low_poverty,LPW,29.7204167,-95.4447746
482014306002,2847.0,66.81,3.59,16.82,White,Low_poverty,LPW,29.7634234,-95.5345575
482014308001,4651.0,60.85,3.66,17.35,White,Low_poverty,LPW,29.7778915,-95.5520278
482015432001,3657.0,56.88,13.23,37.66,White,Low_poverty,LPW,29.7915359,-95.5724072
482015523012,1420.0,62.32,0.77,31.62,White,Low_poverty,LPW,29.9575435,-95.6140603
482015554011,2379.0,62.88,12.06,36.65,White,Low_poverty,LPW,30.1074172,-95.6076922
482015303003,880.0,5.57,28.41,93.41,Minority,Low_poverty,LPM,29.8165783,-95.3849694
482012125001,1217.0,1.4,54.8,98.61,Minority,High_poverty,HPM,29.7695172,-95.2778707
482012332003,1376.0,12.65,8.56,82.42,Minority,Low_poverty,LPM,29.7758252,-95.1875498
482014320012,2178.0,51.88,1.52,35.08,White,Low_poverty,LPW,29.7346838,-95.4762155
482014330013,3014.0,2.62,38.22,79.13,Minority,High_poverty,HPM,29.7180055,-95.5463748
482015555021,15232.0,62.59,1.1,22.93,White,Low_poverty,LPW,30.033847,-95.6223711
482015548011,17986.0,38.67,7.61,49.11,Other,Low_poverty,LPO,30.0429825,-95.5938936
482015214004,1472.0,3.94,49.73,94.23,Minority,High_poverty,HPM,29.8265826,-95.5059837
482015329003,1989.0,2.41,21.82,85.17,Minority,Low_poverty,LPM,29.8955013,-95.4749333
482015329001,1663.0,0.42,10.88,96.99,Minority,Low_poverty,LPM,29.8894169,-95.4688443
482015334004,1702.0,2.88,12.34,97.12,Minority,Low_poverty,LPM,29.8915856,-95.4284811
482015342023,1035.0,46.76,0.0,3.29,Other,Low_poverty,LPO,29.8837997,-95.5280307
482015502002,2154.0,5.76,33.3,89.13,Minority,High_poverty,HPM,29.9602099,-95.4216347
482015338022,3937.0,3.73,7.57,65.56,Minority,Low_poverty,LPM,29.9315308,-95.4684877
482015337013,1868.0,0.75,37.69,99.25,Minority,High_poverty,HPM,29.9307343,-95.4431659
482015339022,2822.0,5.0,31.01,88.66,Minority,High_poverty,HPM,29.9259973,-95.4951005
482015432003,1845.0,25.96,15.71,57.45,Minority,Low_poverty,LPM,29.8020898,-95.5755354
482013308002,8657.0,7.6,5.28,88.67,Minority,Low_poverty,LPM,29.5951606,-95.3870003
482014332012,1350.0,22.96,26.59,58.22,Minority,Low_poverty,LPM,29.6925883,-95.5488401
482014335021,1986.0,9.57,38.07,85.91,Minority,High_poverty,HPM,29.6814076,-95.5571665
482014532002,2731.0,0.73,44.89,94.43,Minority,High_poverty,HPM,29.6876641,-95.5668037
482015410022,1940.0,32.58,0.0,31.39,Other,Low_poverty,LPO,29.9347936,-95.6578713
482014506001,836.0,82.89,5.5,5.62,White,Low_poverty,LPW,29.7645979,-95.6147753
482014508012,1009.0,38.65,6.24,61.34,Minority,Low_poverty,LPM,29.7592097,-95.5741012
482014521001,2658.0,12.64,23.23,83.18,Minority,Low_poverty,LPM,29.7315502,-95.5754462
482014514011,1500.0,49.73,8.8,30.67,Other,Low_poverty,LPO,29.7510676,-95.6147719
482014543014,3408.0,5.28,12.12,69.51,Minority,Low_poverty,LPM,29.7236845,-95.649072
482014545012,2717.0,42.55,5.74,22.3,Other,Low_poverty,LPO,29.7801047,-95.703999
482014551013,2120.0,62.64,9.58,25.85,White,Low_poverty,LPW,29.7617069,-95.7628201
482015206024,1336.0,0.0,22.98,100.0,Minority,Low_poverty,LPM,29.8049379,-95.4869603
482015205001,2365.0,5.75,36.77,94.25,Minority,High_poverty,HPM,29.8127278,-95.4684823
482015110011,1441.0,62.53,6.73,29.14,White,Low_poverty,LPW,29.8042846,-95.4417956
482015514001,890.0,44.61,13.37,40.11,Other,Low_poverty,LPO,29.9753771,-95.5148905
482012547001,2397.0,46.81,13.04,49.4,Other,Low_poverty,LPO,29.6859304,-94.9543866
482013114001,1667.0,0.78,28.07,99.22,Minority,Low_poverty,LPM,29.7190269,-95.2752207
482013118002,1588.0,4.35,34.26,92.76,Minority,High_poverty,HPM,29.7049279,-95.3238735
482013206011,2512.0,7.32,14.49,92.28,Minority,Low_poverty,LPM,29.6839896,-95.262852
482013208003,2355.0,7.69,25.01,91.17,Minority,Low_poverty,LPM,29.656013,-95.2376115
482014119002,1060.0,92.64,6.51,3.11,White,Low_poverty,LPW,29.7284061,-95.4049666
482014324001,1673.0,32.52,17.51,49.85,Other,Low_poverty,LPO,29.721117,-95.5442195
482012506005,1481.0,37.0,19.38,61.38,Minority,Low_poverty,LPM,29.9887639,-95.2337506
482013111004,1696.0,0.0,18.56,100.0,Minority,Low_poverty,LPM,29.7327615,-95.2856287
482013124003,586.0,3.58,12.29,96.41,Minority,Low_poverty,LPM,29.7268929,-95.3540027
482013144002,2075.0,31.18,25.59,14.12,Other,Low_poverty,LPO,29.6883653,-95.4055952
482013412023,1133.0,61.08,3.53,28.25,White,Low_poverty,LPW,29.542004,-95.0956966
482014508011,647.0,80.83,5.26,11.13,White,Low_poverty,LPW,29.7598431,-95.567942
482015225004,1628.0,79.73,2.95,11.67,White,Low_poverty,LPW,29.7914872,-95.5053182
482012411032,1757.0,52.02,7.44,46.5,White,Low_poverty,LPW,30.0508225,-95.3789293
482012503012,7128.0,18.64,10.37,76.51,Minority,Low_poverty,LPM,29.9383171,-95.2252786
482014311022,1506.0,65.41,22.18,18.99,White,Low_poverty,LPW,29.7405306,-95.5256211
482015430012,3272.0,16.26,6.85,76.44,Minority,Low_poverty,LPM,29.8915614,-95.7434252
482015504012,4140.0,6.16,11.55,69.54,Minority,Low_poverty,LPM,29.9770431,-95.4558291
482015534011,2383.0,74.11,3.61,21.32,White,Low_poverty,LPW,30.0416346,-95.4365548
482012327012,945.0,0.0,18.62,98.84,Minority,Low_poverty,LPM,29.7803788,-95.2250695
482012545001,656.0,0.91,11.59,96.65,Minority,Low_poverty,LPM,29.7345122,-94.9905227
482014107021,1864.0,67.11,15.89,25.53,White,Low_poverty,LPW,29.7362857,-95.3859891
482014224012,879.0,8.53,47.33,84.3,Minority,High_poverty,HPM,29.6618182,-95.5054229
482015324002,1802.0,25.42,4.72,68.36,Minority,Low_poverty,LPM,29.8698577,-95.4955957
482013407001,2194.0,47.36,1.0,40.74,Other,Low_poverty,LPO,29.5676752,-95.1412578
482015416024,5103.0,22.91,8.39,60.47,Minority,Low_poverty,LPM,29.8349033,-95.668737
482015550001,2039.0,44.19,8.63,55.81,Minority,Low_poverty,LPM,30.0636197,-95.4932272
482012539002,776.0,54.51,17.4,34.02,White,Low_poverty,LPW,29.7560438,-94.9300062
482011000001,3129.0,43.66,25.18,51.62,Minority,Low_poverty,LPM,29.7575077,-95.3574861
482012227001,3721.0,3.87,33.65,96.13,Minority,High_poverty,HPM,29.9351531,-95.3408688
482015325013,3597.0,14.68,8.87,66.36,Minority,Low_poverty,LPM,29.8865402,-95.5089053
482012501001,1090.0,31.19,0.0,68.81,Minority,Low_poverty,LPM,29.9736015,-95.2716633
482013239001,2152.0,18.87,35.55,79.93,Minority,High_poverty,HPM,29.6784522,-95.165351
482013329001,2972.0,3.53,39.13,96.47,Minority,High_poverty,HPM,29.6930931,-95.2940404
482015309001,1020.0,15.39,29.8,84.61,Minority,Low_poverty,LPM,29.8362345,-95.4135469
482015501001,2953.0,6.94,51.13,92.69,Minority,High_poverty,HPM,29.9417695,-95.4293818
482012519013,2525.0,68.59,0.0,25.86,White,Low_poverty,LPW,29.9370325,-95.1044359
482012503011,4848.0,12.81,14.47,86.3,Minority,Low_poverty,LPM,29.9598115,-95.2252556
482013216005,826.0,13.44,4.24,86.2,Minority,Low_poverty,LPM,29.67299,-95.2183571
482014303003,1924.0,94.59,0.62,4.83,White,Low_poverty,LPW,29.7786511,-95.4965415
482015224011,763.0,76.93,20.71,22.02,White,Low_poverty,LPW,29.808522,-95.5497229
482015416021,2462.0,9.59,45.94,85.42,Minority,High_poverty,HPM,29.8427413,-95.6488648
482014315011,875.0,81.83,1.83,18.17,White,Low_poverty,LPW,29.7597354,-95.4798413
482014125002,746.0,54.96,7.1,18.77,White,Low_poverty,LPW,29.7059193,-95.4362218
482012544001,878.0,21.75,25.85,73.92,Minority,Low_poverty,LPM,29.7317804,-94.9769347
482014501001,2023.0,66.88,5.34,22.34,White,Low_poverty,LPW,29.7772428,-95.5669287
482012221001,3350.0,3.1,26.96,96.9,Minority,Low_poverty,LPM,29.8828527,-95.3375602
482013501001,7146.0,35.07,6.46,22.63,Other,Low_poverty,LPO,29.567329,-95.2198341
482012324012,1407.0,4.05,22.96,95.95,Minority,Low_poverty,LPM,29.8209032,-95.2162835
482015219003,1105.0,21.63,13.94,63.9,Minority,Low_poverty,LPM,29.8161951,-95.5555974
482012213002,1135.0,2.38,24.41,97.62,Minority,Low_poverty,LPM,29.8573064,-95.3666011
482015410032,8246.0,55.76,9.86,33.48,White,Low_poverty,LPW,29.9132692,-95.6795992
482014227013,2825.0,10.48,4.78,85.63,Minority,Low_poverty,LPM,29.6968469,-95.4989283
482012526003,2177.0,19.25,36.53,80.75,Minority,High_poverty,HPM,29.8426487,-95.1125542
482012412002,1356.0,47.71,4.42,51.03,Minority,Low_poverty,LPM,30.0418471,-95.3963537
482015215004,2125.0,42.26,11.86,52.85,Minority,Low_poverty,LPM,29.8269678,-95.5134076
482012231001,2313.0,16.47,22.14,81.67,Minority,Low_poverty,LPM,29.922176,-95.3239749
482013328001,1594.0,5.83,60.03,94.17,Minority,High_poverty,HPM,29.6939044,-95.3149881
482013332021,886.0,26.98,14.67,66.81,Minority,Low_poverty,LPM,29.6590171,-95.260673
482012207002,722.0,0.0,26.87,100.0,Minority,Low_poverty,LPM,29.8332188,-95.3458587
482013502004,1758.0,20.65,30.38,75.6,Minority,High_poverty,HPM,29.5978814,-95.2410971
482015517014,814.0,36.24,28.75,34.64,Other,Low_poverty,LPO,29.9238107,-95.5721643
482013503003,959.0,31.8,4.59,62.56,Minority,Low_poverty,LPM,29.5780245,-95.2256536
482013412022,595.0,46.55,5.55,50.25,Minority,Low_poverty,LPM,29.5406672,-95.0999364
482015409022,2698.0,29.47,10.75,61.61,Minority,Low_poverty,LPM,29.9059384,-95.6240007
482015413003,4165.0,12.82,18.03,84.82,Minority,Low_poverty,LPM,29.8669364,-95.6690701
482014331002,1984.0,1.81,30.49,93.5,Minority,High_poverty,HPM,29.6929682,-95.5548594
482015539002,1207.0,85.75,0.99,7.54,White,Low_poverty,LPW,30.0373857,-95.5397263
482013104002,725.0,11.45,41.93,88.55,Minority,High_poverty,HPM,29.749646,-95.3340913
482013229003,1284.0,4.83,5.22,95.17,Minority,Low_poverty,LPM,29.7006548,-95.1934104
482014209004,2131.0,72.92,0.0,7.84,White,Low_poverty,LPW,29.6924922,-95.470941
482014552003,1255.0,65.42,1.83,31.16,White,Low_poverty,LPW,29.7799354,-95.7726201
482013340021,639.0,27.39,3.91,68.38,Minority,Low_poverty,LPM,29.6114473,-95.2171319
482015325011,5020.0,22.79,8.92,50.84,Minority,Low_poverty,LPM,29.8922271,-95.516906
482015530021,2486.0,23.65,20.33,73.17,Minority,Low_poverty,LPM,30.0085885,-95.4724535
482013508021,6131.0,51.7,1.42,21.53,White,Low_poverty,LPW,29.5138987,-95.1487734
482015326002,2118.0,5.95,19.31,92.83,Minority,Low_poverty,LPM,29.8872659,-95.4895323
482013303021,2885.0,1.32,24.38,98.37,Minority,Low_poverty,LPM,29.6114177,-95.4739372
482015531003,2244.0,17.38,16.0,80.7,Minority,Low_poverty,LPM,30.0128295,-95.4616432
482015543014,1530.0,72.55,0.0,19.81,White,Low_poverty,LPW,29.9858579,-95.6063666
482013317001,3511.0,1.22,36.4,97.64,Minority,High_poverty,HPM,29.643526,-95.326859
482013228003,1971.0,9.84,21.0,90.16,Minority,Low_poverty,LPM,29.701825,-95.1740147
482012217004,1647.0,6.56,19.73,93.44,Minority,Low_poverty,LPM,29.887986,-95.3898053
482012217002,2239.0,9.02,3.97,90.98,Minority,Low_poverty,LPM,29.8742699,-95.3755369
482015106002,2851.0,55.56,5.16,32.55,White,Low_poverty,LPW,29.7738473,-95.403195
482013321001,1547.0,0.0,18.07,100.0,Minority,Low_poverty,LPM,29.6810159,-95.347551
482014110003,1297.0,72.01,7.79,14.81,White,Low_poverty,LPW,29.7346933,-95.4146908
482012519022,1934.0,67.89,0.0,26.06,White,Low_poverty,LPW,29.9156331,-95.1109677
482012506002,1050.0,40.0,4.03,55.05,Minority,Low_poverty,LPM,29.9882066,-95.2644507
482015305002,1464.0,4.85,28.32,95.01,Minority,Low_poverty,LPM,29.8391541,-95.3923596
482013316014,814.0,0.0,8.73,100.0,Minority,Low_poverty,LPM,29.6349947,-95.3442622
482012115004,904.0,0.0,24.2,100.0,Minority,Low_poverty,LPM,29.7681686,-95.2949991
482012539001,1388.0,58.07,16.43,38.11,White,Low_poverty,LPW,29.7496778,-94.9425999
482014510011,1613.0,68.38,0.87,10.72,White,Low_poverty,LPW,29.742492,-95.5798417
482015428002,3537.0,50.01,0.0,43.37,White,Low_poverty,LPW,29.8070346,-95.8232637
482019801001,519.0,8.86,46.05,90.17,Minority,High_poverty,HPM,29.9853952,-95.3462109
482015421011,17065.0,16.97,6.9,75.75,Minority,Low_poverty,LPM,29.8524831,-95.6968952
482012411031,2571.0,26.68,17.93,72.82,Minority,Low_poverty,LPM,30.0406317,-95.3758706
482013414003,1683.0,87.4,2.38,11.77,White,Low_poverty,LPW,29.567377,-95.0630444
482015530022,2327.0,31.71,0.3,50.02,Minority,Low_poverty,LPM,30.0076064,-95.4826867
482013416002,4178.0,72.76,9.6,21.11,White,Low_poverty,LPW,29.579837,-95.010781
482013130003,738.0,9.35,36.31,89.3,Minority,High_poverty,HPM,29.7206271,-95.369605
482013126002,1802.0,37.29,19.7,39.18,Other,Low_poverty,LPO,29.7193588,-95.3792349
482013305001,2200.0,4.14,20.77,88.77,Minority,Low_poverty,LPM,29.6229046,-95.4251824
482012316001,1461.0,2.12,17.18,97.88,Minority,Low_poverty,LPM,29.8637542,-95.3104933
482013418001,1473.0,68.91,2.23,27.77,White,Low_poverty,LPW,29.6223544,-95.0278793
482013232003,582.0,23.71,21.13,74.74,Minority,Low_poverty,LPM,29.6853253,-95.1899119
482012332004,1613.0,5.33,0.0,94.67,Minority,Low_poverty,LPM,29.7848508,-95.1872088
482012326002,1797.0,14.41,13.36,84.58,Minority,Low_poverty,LPM,29.7824128,-95.2407477
482012225011,1965.0,0.0,53.94,95.11,Minority,High_poverty,HPM,29.9265415,-95.4061291
482015543021,2050.0,45.61,6.68,54.04,Minority,Low_poverty,LPM,29.9796789,-95.6020176
482015534024,1848.0,81.49,3.25,18.5,White,Low_poverty,LPW,30.0476359,-95.4653285
482015522003,2777.0,29.64,6.88,61.47,Minority,Low_poverty,LPM,29.9370567,-95.6391856
482015217004,1340.0,7.69,42.86,92.31,Minority,High_poverty,HPM,29.8584307,-95.5357874
482015323001,884.0,58.6,10.75,37.9,White,Low_poverty,LPW,29.8547163,-95.4956613
482012525001,950.0,15.68,38.95,83.26,Minority,High_poverty,HPM,29.7587441,-95.1372138
482014323001,1979.0,7.58,15.87,81.2,Minority,Low_poverty,LPM,29.7338071,-95.5413118
482015511002,2627.0,1.87,28.82,97.33,Minority,Low_poverty,LPM,29.9697605,-95.4768191
482015512002,1546.0,38.03,14.29,52.45,Minority,Low_poverty,LPM,29.9715439,-95.498871
482015418001,4585.0,23.6,15.04,61.02,Minority,Low_poverty,LPM,29.7919239,-95.7001366
482013326001,1187.0,4.04,4.13,90.9,Minority,Low_poverty,LPM,29.6799865,-95.3012502
482012219002,1358.0,6.33,25.92,93.67,Minority,Low_poverty,LPM,29.8805386,-95.3502003
482014113001,2358.0,65.56,9.21,12.42,White,Low_poverty,LPW,29.7530335,-95.4529918
482012227002,2290.0,3.71,61.27,93.27,Minority,High_poverty,HPM,29.9345943,-95.3013689
482014521002,6194.0,34.23,21.18,40.2,Other,Low_poverty,LPO,29.7273015,-95.5856664
482012411024,6744.0,27.43,5.55,64.97,Minority,Low_poverty,LPM,30.057747,-95.3676988
482014513004,1373.0,92.94,9.69,7.06,White,Low_poverty,LPW,29.7497005,-95.601004
482014219001,819.0,73.99,3.3,7.94,White,Low_poverty,LPW,29.673948,-95.4858339
482014514021,2790.0,47.42,4.27,48.46,Other,Low_poverty,LPO,29.7417967,-95.6111917
482014234011,2570.0,4.2,10.57,91.48,Minority,Low_poverty,LPM,29.6453958,-95.5149813
482012530002,1318.0,17.6,14.95,82.4,Minority,Low_poverty,LPM,29.8066165,-95.0188782
482015319003,1680.0,6.43,11.61,89.64,Minority,Low_poverty,LPM,29.8552828,-95.4566771
482012518001,2047.0,66.93,4.49,32.73,White,Low_poverty,LPW,29.9733823,-95.03331
482015338012,1835.0,2.89,6.92,86.32,Minority,Low_poverty,LPM,29.9133254,-95.4450308
482013428002,1667.0,89.56,2.4,10.44,White,Low_poverty,LPW,29.70246,-95.1026573
482013219002,1751.0,9.88,17.53,90.12,Minority,Low_poverty,LPM,29.6969216,-95.2259469
482015104003,1607.0,68.89,4.36,22.09,White,Low_poverty,LPW,29.7787854,-95.3923273
482015102002,4327.0,46.5,6.61,38.15,Other,Low_poverty,LPO,29.7637218,-95.3891865
482015545021,811.0,81.63,0.0,0.0,White,Low_poverty,LPW,29.9855976,-95.6256366
482015553021,3623.0,63.81,3.67,15.79,White,Low_poverty,LPW,30.1261031,-95.5448391
482012108001,1438.0,4.94,51.6,95.07,Minority,High_poverty,HPM,29.7978636,-95.3453781
482014530003,2277.0,0.92,22.49,98.16,Minority,Low_poverty,LPM,29.6956307,-95.5735062
482012528001,2972.0,16.32,19.18,79.61,Minority,Low_poverty,LPM,29.8559317,-95.0705212
482013312001,1776.0,0.56,54.67,99.44,Minority,High_poverty,HPM,29.6634591,-95.3595876
482015306001,2061.0,10.14,55.98,88.25,Minority,High_poverty,HPM,29.8391653,-95.4069821
482013321002,2041.0,0.0,35.33,100.0,Minority,High_poverty,HPM,29.6795938,-95.3404509
482014114003,728.0,95.47,0.0,4.53,White,Low_poverty,LPW,29.745051,-95.4226049
482013403011,1592.0,68.03,0.0,11.81,White,Low_poverty,LPW,29.5953256,-95.1290596
482013424001,821.0,53.59,4.14,46.41,White,Low_poverty,LPW,29.7010156,-95.1502997
482013103006,867.0,7.15,20.07,92.84,Minority,Low_poverty,LPM,29.7425558,-95.339462
482012319002,2192.0,5.06,24.2,94.94,Minority,Low_poverty,LPM,29.8790503,-95.2745459
482015326003,2667.0,2.85,10.28,74.09,Minority,Low_poverty,LPM,29.8947509,-95.4858259
482012331013,486.0,46.91,23.05,53.08,Minority,Low_poverty,LPM,29.7897211,-95.1746394
482012117003,1667.0,2.28,46.37,90.52,Minority,High_poverty,HPM,29.7947239,-95.313586
482013205002,2142.0,7.75,11.44,92.25,Minority,Low_poverty,LPM,29.6961467,-95.2433121
482012213005,3011.0,2.56,13.42,97.44,Minority,Low_poverty,LPM,29.8564283,-95.3781385
482013140013,2082.0,26.22,14.75,28.19,Other,Low_poverty,LPO,29.6956215,-95.3901828
482014205001,1244.0,9.08,28.46,88.42,Minority,Low_poverty,LPM,29.6446991,-95.4778698
482015527003,2773.0,49.59,7.25,44.97,Other,Low_poverty,LPO,29.9798717,-95.5535045
482012322001,1668.0,20.44,17.93,77.39,Minority,Low_poverty,LPM,29.9378552,-95.2752315
482014213001,3054.0,13.75,31.7,48.1,Other,High_poverty,HPO,29.70946,-95.5035855
482014551012,2106.0,39.32,3.51,59.49,Minority,Low_poverty,LPM,29.7642022,-95.7550012
482014205003,1728.0,5.67,31.31,90.33,Minority,High_poverty,HPM,29.6488512,-95.4722713
482012521001,2392.0,32.82,17.1,65.93,Minority,Low_poverty,LPM,29.8850976,-95.1385243
482015311001,1263.0,76.33,2.3,21.54,White,Low_poverty,LPW,29.8254514,-95.4420959
482012312001,3560.0,2.02,24.38,97.97,Minority,Low_poverty,LPM,29.8750343,-95.2473206
482013315006,4247.0,7.49,10.84,87.66,Minority,Low_poverty,LPM,29.6315758,-95.3720536
482015423021,7768.0,26.83,5.74,66.26,Minority,Low_poverty,LPM,29.8095309,-95.7436773
482014517002,703.0,33.14,11.66,21.34,Other,Low_poverty,LPO,29.7326724,-95.6259269
482012215003,2828.0,7.6,35.32,92.4,Minority,High_poverty,HPM,29.8632113,-95.3987458
482015416011,4737.0,39.69,3.61,41.59,Other,Low_poverty,LPO,29.8408571,-95.6866543
482014511001,823.0,44.47,4.13,48.12,Other,Low_poverty,LPO,29.7613189,-95.5821937
482014218003,860.0,25.81,1.51,66.28,Minority,Low_poverty,LPM,29.6812523,-95.4817753
482015405022,1578.0,79.28,4.41,18.89,White,Low_poverty,LPW,29.8411879,-95.633719
482015538024,2539.0,37.22,25.01,56.2,Minority,Low_poverty,LPM,30.0274031,-95.5260371
482012115005,1042.0,0.0,24.95,100.0,Minority,Low_poverty,LPM,29.7748856,-95.2920349
482012546003,1120.0,17.59,7.86,80.53,Minority,Low_poverty,LPM,29.718433,-94.992236
482013241004,853.0,7.62,4.92,92.38,Minority,Low_poverty,LPM,29.7091221,-95.2055714
482012222002,1611.0,9.06,20.67,82.68,Minority,Low_poverty,LPM,29.8868547,-95.3255418
482014310004,1373.0,81.72,1.38,10.64,White,Low_poverty,LPW,29.7488727,-95.5506821
482015541011,1161.0,76.06,5.08,15.76,White,Low_poverty,LPW,30.0226472,-95.5492643
482015553031,11985.0,58.11,3.73,33.83,White,Low_poverty,LPW,30.1347668,-95.5688014
482013123001,1131.0,19.72,21.13,73.21,Minority,Low_poverty,LPM,29.7398734,-95.362607
482013104001,1994.0,1.65,50.25,98.35,Minority,High_poverty,HPM,29.7545119,-95.3256938
482014326002,1508.0,16.45,20.56,77.85,Minority,Low_poverty,LPM,29.7250792,-95.5125502
482014507002,2831.0,92.05,3.81,3.78,White,Low_poverty,LPW,29.7673289,-95.5694992
482013324001,1396.0,0.0,17.47,87.39,Minority,Low_poverty,LPM,29.6683557,-95.332939
482013226001,1918.0,35.92,22.37,64.08,Minority,Low_poverty,LPM,29.7063194,-95.159727
482013211001,4460.0,18.43,6.96,70.96,Minority,Low_poverty,LPM,29.617103,-95.2057141
482013219001,1463.0,1.44,25.43,98.43,Minority,Low_poverty,LPM,29.7047071,-95.2234362
482013135003,1053.0,6.17,21.95,90.89,Minority,Low_poverty,LPM,29.6857028,-95.3493142
482013202001,2005.0,2.49,24.99,97.51,Minority,Low_poverty,LPM,29.7051792,-95.2676942
482013110001,796.0,3.77,20.48,96.23,Minority,Low_poverty,LPM,29.7436828,-95.2914877
482013108001,1300.0,2.85,28.77,97.16,Minority,Low_poverty,LPM,29.7312519,-95.3101318
482012546001,1152.0,2.95,34.46,80.38,Minority,High_poverty,HPM,29.7210753,-94.9979333
482013115003,3204.0,0.41,16.23,99.59,Minority,Low_poverty,LPM,29.7114442,-95.2842443
482012523012,913.0,19.61,1.42,74.37,Minority,Low_poverty,LPM,29.8025372,-95.1603033
482012328002,2148.0,14.39,10.29,82.35,Minority,Low_poverty,LPM,29.7880273,-95.1983573
482013307001,5798.0,3.19,11.75,91.94,Minority,Low_poverty,LPM,29.6012486,-95.4338285
482013132001,1234.0,18.72,6.4,76.01,Minority,Low_poverty,LPM,29.7080514,-95.3497695
482015339011,3577.0,3.89,9.9,93.71,Minority,Low_poverty,LPM,29.9338477,-95.4878662
482015329002,2010.0,4.33,23.36,95.08,Minority,Low_poverty,LPM,29.8881161,-95.472073
482014133005,871.0,76.12,0.0,14.24,White,Low_poverty,LPW,29.6822273,-95.4357346
482014129001,1502.0,33.02,3.26,46.27,Other,Low_poverty,LPO,29.6850348,-95.452935
482014534011,1589.0,13.66,21.4,69.48,Minority,Low_poverty,LPM,29.6569855,-95.5793679
482014531001,3086.0,5.15,33.28,87.2,Minority,High_poverty,HPM,29.6930223,-95.5634804
482012309003,651.0,0.0,24.42,100.0,Minority,Low_poverty,LPM,29.8117943,-95.2758111
482012305003,1194.0,8.38,22.09,90.54,Minority,Low_poverty,LPM,29.8394005,-95.3309375
482015560001,1143.0,49.43,28.87,47.16,Other,Low_poverty,LPO,30.0928687,-95.9168761
482014228001,805.0,61.86,0.0,28.95,White,Low_poverty,LPW,29.692592,-95.5191564
482012218001,2608.0,4.06,50.04,95.94,Minority,High_poverty,HPM,29.8870816,-95.3607325
482013412021,1195.0,82.09,16.15,16.23,White,Low_poverty,LPW,29.547361,-95.0797936
482015508002,2415.0,3.98,18.18,87.54,Minority,Low_poverty,LPM,29.9475054,-95.4732084
482015503024,4371.0,11.14,18.74,83.5,Minority,Low_poverty,LPM,30.0083264,-95.4389892
482012409023,2898.0,2.04,0.0,88.4,Minority,Low_poverty,LPM,30.0138321,-95.3007657
482012302001,498.0,9.24,44.58,90.76,Minority,High_poverty,HPM,29.8125053,-95.31537
482013420021,3352.0,48.51,5.4,40.75,Other,Low_poverty,LPO,29.6431002,-95.1518843
482014545013,3426.0,62.08,0.93,11.65,White,Low_poverty,LPW,29.758381,-95.6939194
482013217002,1798.0,11.01,3.95,88.99,Minority,Low_poverty,LPM,29.6782764,-95.2317335
482012529002,610.0,60.66,12.46,35.25,White,Low_poverty,LPW,29.814116,-95.0735465
482012519021,1381.0,61.77,10.72,37.43,White,Low_poverty,LPW,29.9019126,-95.090992
482012324031,2721.0,5.51,24.15,91.18,Minority,Low_poverty,LPM,29.8125177,-95.2062269
482012228001,1138.0,13.62,50.62,83.57,Minority,High_poverty,HPM,29.9234175,-95.3657928
482014307001,989.0,45.3,12.13,8.09,Other,Low_poverty,LPO,29.7759795,-95.5347817
482013136002,1802.0,7.33,50.17,87.91,Minority,High_poverty,HPM,29.6847914,-95.3613697
482013122002,1014.0,0.2,56.71,99.5,Minority,High_poverty,HPM,29.7293115,-95.3478342
482014327021,2174.0,53.82,10.28,35.14,White,Low_poverty,LPW,29.7288263,-95.472348
482014519013,2390.0,16.03,25.13,63.18,Minority,Low_poverty,LPM,29.7207698,-95.6084634
482012411023,1643.0,28.42,0.0,71.58,Minority,Low_poverty,LPM,30.0402624,-95.3631228
482013119001,1110.0,8.11,2.97,91.89,Minority,Low_poverty,LPM,29.7122706,-95.317319
482015523022,808.0,42.7,34.53,45.17,Other,High_poverty,HPO,29.9587802,-95.5892058
482014104012,954.0,63.42,0.73,10.69,White,Low_poverty,LPW,29.7454152,-95.4084964
482014115022,578.0,80.28,0.0,6.23,White,Low_poverty,LPW,29.7378704,-95.4323855
482014133001,1695.0,68.2,25.53,15.11,White,Low_poverty,LPW,29.6931332,-95.4190524
482014212011,2061.0,5.63,19.21,86.85,Minority,Low_poverty,LPM,29.7239846,-95.4870506
482014303002,1721.0,86.93,1.39,4.01,White,Low_poverty,LPW,29.7707824,-95.504322
482012503022,1682.0,34.96,10.58,65.04,Minority,Low_poverty,LPM,29.9736854,-95.2156486
482012508003,4248.0,74.39,4.66,10.52,White,Low_poverty,LPW,30.0239661,-95.162152
482015429003,13295.0,38.75,6.28,49.65,Other,Low_poverty,LPO,29.8495555,-95.7982743
482012519014,3532.0,69.25,14.58,29.53,White,Low_poverty,LPW,29.956063,-95.1127383
482015419001,2702.0,27.54,3.74,57.36,Minority,Low_poverty,LPM,29.8233455,-95.6957486
482013414002,1785.0,71.48,4.27,17.76,White,Low_poverty,LPW,29.5917356,-95.06951
482013113001,1165.0,5.58,24.21,92.62,Minority,Low_poverty,LPM,29.7137906,-95.2911974
482013328002,1238.0,4.28,12.36,95.72,Minority,Low_poverty,LPM,29.6948163,-95.304539
482015517033,1872.0,48.08,1.87,25.22,Other,Low_poverty,LPO,29.9159752,-95.5681506
482015557021,14796.0,66.18,3.49,22.97,White,Low_poverty,LPW,30.0089922,-95.7613593
482014516022,6329.0,34.84,7.21,30.04,Other,Low_poverty,LPO,29.7436739,-95.6296499
482012523021,10339.0,7.57,12.44,88.75,Minority,Low_poverty,LPM,29.8126782,-95.132117
482015511001,2148.0,4.52,31.15,85.29,Minority,High_poverty,HPM,29.985928,-95.4828461
482015509001,1735.0,18.27,29.34,41.38,Other,Low_poverty,LPO,29.9520806,-95.4933971
482015521032,1812.0,52.59,6.95,41.56,White,Low_poverty,LPW,29.941624,-95.6249993
482015534023,1912.0,66.32,11.19,28.14,White,Low_poverty,LPW,30.04382,-95.4583709
482015555011,1805.0,39.39,16.05,56.17,Minority,Low_poverty,LPM,30.0627631,-95.654063
482012221002,2177.0,9.28,54.87,90.72,Minority,High_poverty,HPM,29.8769822,-95.3326024
482012224022,659.0,11.38,24.13,88.62,Minority,Low_poverty,LPM,29.9079467,-95.398937
482012301001,1229.0,2.93,20.02,96.91,Minority,Low_poverty,LPM,29.8138484,-95.330229
482013241003,774.0,13.57,54.52,83.85,Minority,High_poverty,HPM,29.7313641,-95.1790857
482015534031,7843.0,48.43,2.77,35.12,Other,Low_poverty,LPO,30.0590538,-95.4624926
482015423011,1397.0,33.5,0.0,55.04,Minority,Low_poverty,LPM,29.8098692,-95.7283312
482014510021,997.0,16.15,8.32,73.52,Minority,Low_poverty,LPM,29.7427275,-95.5870902
482014507001,1448.0,75.35,0.0,15.33,White,Low_poverty,LPW,29.7673995,-95.6019614
482013213003,2285.0,10.02,16.94,89.98,Minority,Low_poverty,LPM,29.6447146,-95.2117152
482012230022,2115.0,0.9,53.66,98.01,Minority,High_poverty,HPM,29.9041447,-95.3278093
482012324032,1953.0,1.28,11.52,97.34,Minority,Low_poverty,LPM,29.8102775,-95.1969222
482012333001,1320.0,0.0,37.95,100.0,Minority,High_poverty,HPM,29.7526257,-95.1959677
482015410011,9036.0,29.36,4.22,44.98,Other,Low_poverty,LPO,29.91735,-95.6401388
482012415001,2253.0,13.05,18.73,83.09,Minority,Low_poverty,LPM,29.9931154,-95.2855718
482012412001,5529.0,20.31,11.2,73.92,Minority,Low_poverty,LPM,30.0506762,-95.3998062
482015415001,2655.0,28.63,21.28,55.82,Minority,Low_poverty,LPM,29.8532468,-95.6781053
482015109002,3940.0,61.09,2.31,25.08,White,Low_poverty,LPW,29.7830277,-95.4415501
482015214002,3477.0,0.0,48.55,100.0,Minority,High_poverty,HPM,29.8289101,-95.5013312
482015340011,3237.0,9.42,36.84,71.43,Minority,High_poverty,HPM,29.9064322,-95.483956
482015341002,2073.0,18.28,15.19,76.99,Minority,Low_poverty,LPM,29.9122939,-95.5115352
482015407003,1835.0,28.66,1.74,60.32,Minority,Low_poverty,LPM,29.858099,-95.6158122
482014535012,2395.0,9.27,16.42,62.12,Minority,Low_poverty,LPM,29.6599725,-95.5902334
482015549012,2699.0,43.05,0.96,56.95,Minority,Low_poverty,LPM,30.096485,-95.5482387
482013303023,1751.0,0.69,9.54,98.28,Minority,Low_poverty,LPM,29.620242,-95.4812501
482012408011,1110.0,29.46,7.93,70.54,Minority,Low_poverty,LPM,30.0304916,-95.4173916
482015203001,2464.0,25.69,22.19,68.5,Minority,Low_poverty,LPM,29.7986856,-95.4719357
482015114001,1431.0,68.34,16.7,25.37,White,Low_poverty,LPW,29.7970888,-95.3861595
482015113021,882.0,90.36,9.18,7.26,White,Low_poverty,LPW,29.8011694,-95.3918071
482012507013,2618.0,53.97,8.74,45.57,White,Low_poverty,LPW,30.0104133,-95.1956077
482012223002,1325.0,4.83,10.21,92.0,Minority,Low_poverty,LPM,29.8990792,-95.367505
482015218001,3365.0,14.26,9.07,54.89,Minority,Low_poverty,LPM,29.8564075,-95.5543015
482015116004,816.0,24.88,37.38,73.9,Minority,High_poverty,HPM,29.8081587,-95.3778172
482014232022,3818.0,16.97,27.48,81.22,Minority,Low_poverty,LPM,29.6608811,-95.5321725
482014223012,1597.0,5.39,21.04,94.62,Minority,Low_poverty,LPM,29.6493757,-95.5018457
482015544022,7803.0,55.68,1.17,26.84,White,Low_poverty,LPW,29.9887023,-95.6857695
482014221001,966.0,44.41,9.21,48.87,Other,Low_poverty,LPO,29.6545177,-95.482537
482013303012,2736.0,3.51,0.0,95.4,Minority,Low_poverty,LPM,29.6331631,-95.4782695
482013117002,2470.0,4.13,29.11,95.87,Minority,Low_poverty,LPM,29.6992663,-95.3149974
482013140023,1524.0,45.01,6.97,17.26,Other,Low_poverty,LPO,29.681541,-95.4000375
482013506012,2201.0,61.79,2.5,32.03,White,Low_poverty,LPW,29.5446587,-95.173819
482013402011,415.0,65.3,7.23,14.46,White,Low_poverty,LPW,29.6111624,-95.1626205
482013320003,2713.0,3.54,61.85,93.51,Minority,High_poverty,HPM,29.6769905,-95.3474935
482013503001,1828.0,14.39,21.44,83.53,Minority,Low_poverty,LPM,29.5854078,-95.225771
482013412012,1864.0,61.7,13.78,33.1,White,Low_poverty,LPW,29.5302201,-95.1032264
482013226003,1489.0,24.78,7.32,74.27,Minority,Low_poverty,LPM,29.6890679,-95.1580232
482014122001,684.0,88.01,6.29,2.05,White,Low_poverty,LPW,29.7016007,-95.4118873
482012529004,1718.0,73.46,8.79,24.51,White,Low_poverty,LPW,29.8340336,-95.0512674
482013236001,1493.0,57.74,16.08,39.05,White,Low_poverty,LPW,29.6567323,-95.1925062
482015532002,1443.0,43.87,11.37,46.44,Other,Low_poverty,LPO,30.0318287,-95.4458373
482014553001,10991.0,39.36,9.16,45.97,Other,Low_poverty,LPO,29.7751464,-95.790629
482014547002,2716.0,76.77,12.08,13.14,White,Low_poverty,LPW,29.7660915,-95.7187504
482014205002,954.0,14.78,36.93,85.22,Minority,High_poverty,HPM,29.6534761,-95.469318
482015528001,1176.0,55.61,1.7,37.25,White,Low_poverty,LPW,29.9884551,-95.5311999
482015317002,1886.0,61.72,2.12,20.3,White,Low_poverty,LPW,29.8323408,-95.4344597
482015319001,2323.0,5.9,26.0,91.73,Minority,Low_poverty,LPM,29.845828,-95.4509323
482015546002,2112.0,85.94,2.51,9.94,White,Low_poverty,LPW,29.9988654,-95.620078
482015217001,1193.0,13.5,22.46,86.5,Minority,Low_poverty,LPM,29.8439481,-95.5016414
482015213003,1064.0,21.8,12.59,77.26,Minority,Low_poverty,LPM,29.8161051,-95.5050658
482014304001,1450.0,82.9,4.48,2.07,White,Low_poverty,LPW,29.7680944,-95.5157902
482015110021,1516.0,55.08,5.87,30.14,White,Low_poverty,LPW,29.7950372,-95.4256842
482014122003,1859.0,51.48,18.61,14.36,White,Low_poverty,LPW,29.7071825,-95.4086393
482014105001,1645.0,82.43,2.61,13.92,White,Low_poverty,LPW,29.7491307,-95.3833386
482013502002,3067.0,16.04,24.45,58.78,Minority,Low_poverty,LPM,29.5928672,-95.235703
482013428001,6983.0,59.46,1.61,34.33,White,Low_poverty,LPW,29.6870723,-95.1008468
482013417002,1383.0,85.1,6.22,13.45,White,Low_poverty,LPW,29.6215405,-95.0086101
482012524001,2829.0,40.26,7.18,59.73,Minority,Low_poverty,LPM,29.7864839,-95.1329343
482014546001,5031.0,60.21,3.38,32.52,White,Low_poverty,LPW,29.7815114,-95.735821
482014537002,1754.0,10.26,0.0,87.4,Minority,Low_poverty,LPM,29.679859,-95.608781
482013336003,1576.0,26.08,5.01,70.24,Minority,Low_poverty,LPM,29.6550889,-95.3066565
482013333001,1175.0,18.38,10.89,72.26,Minority,Low_poverty,LPM,29.6455686,-95.2559675
482013412024,1720.0,58.55,22.21,36.98,White,Low_poverty,LPW,29.5444238,-95.0897662
482013318002,1224.0,0.49,21.9,99.51,Minority,Low_poverty,LPM,29.6486875,-95.3440214
482013238011,1865.0,18.61,11.15,80.59,Minority,Low_poverty,LPM,29.6784457,-95.1886494
482012536004,3686.0,19.78,28.3,79.65,Minority,Low_poverty,LPM,29.7521903,-94.985536
482012532002,1406.0,46.3,24.82,45.1,Other,Low_poverty,LPO,29.7919941,-94.9794526
482015505002,3356.0,2.41,12.69,91.9,Minority,Low_poverty,LPM,29.9454218,-95.4468764
482015540012,1959.0,54.93,0.87,33.94,White,Low_poverty,LPW,30.0076227,-95.5270185
482015531002,1542.0,33.2,16.15,64.27,Minority,Low_poverty,LPM,30.018925,-95.4561845
482012506003,2152.0,25.19,36.34,74.12,Minority,High_poverty,HPM,29.9936705,-95.2520473
482015333004,663.0,5.58,48.11,94.42,Minority,High_poverty,HPM,29.8745827,-95.4253663
482012511005,2534.0,45.42,6.51,54.07,Minority,Low_poverty,LPM,30.0365714,-95.2485603
482015411001,2862.0,58.39,0.49,36.34,White,Low_poverty,LPW,29.8981471,-95.6431018
482013233001,1863.0,12.78,39.08,84.33,Minority,High_poverty,HPM,29.6878049,-95.2032221
482015103003,949.0,87.46,1.37,6.22,White,Low_poverty,LPW,29.7862326,-95.3804403
482013505001,919.0,21.98,18.49,61.04,Minority,Low_poverty,LPM,29.587652,-95.2059107
482013405003,1867.0,48.63,24.48,20.94,Other,Low_poverty,LPO,29.5682214,-95.1137771
482014236001,1695.0,0.0,29.68,98.88,Minority,Low_poverty,LPM,29.6416994,-95.5323572
482014214012,2268.0,14.77,48.5,72.62,Minority,High_poverty,HPM,29.7146772,-95.4935966
482014120003,1076.0,79.28,0.37,17.84,White,Low_poverty,LPW,29.7216458,-95.410559
482015422002,11891.0,12.16,5.12,83.87,Minority,Low_poverty,LPM,29.8735294,-95.7379834
482013111002,1015.0,0.79,24.33,99.21,Minority,Low_poverty,LPM,29.7239766,-95.2871764
482014217004,771.0,55.77,9.21,25.29,White,Low_poverty,LPW,29.6823922,-95.4853981
482014221003,1459.0,14.05,0.0,77.38,Minority,Low_poverty,LPM,29.6404517,-95.4891842
482015330001,2433.0,0.95,23.1,96.34,Minority,Low_poverty,LPM,29.8894868,-95.4616977
482014312011,1926.0,35.05,9.16,54.57,Minority,Low_poverty,LPM,29.7395432,-95.5129323
482013407003,2208.0,17.8,23.28,64.67,Minority,Low_poverty,LPM,29.5589485,-95.1277932
482014551014,1134.0,59.52,0.0,34.83,White,Low_poverty,LPW,29.7695158,-95.7614219
482014233021,1257.0,33.17,15.91,62.93,Minority,Low_poverty,LPM,29.6627345,-95.516534
482012332001,2211.0,17.55,3.52,82.45,Minority,Low_poverty,LPM,29.7841844,-95.1961514
482012230011,3174.0,3.4,40.13,96.38,Minority,High_poverty,HPM,29.9152058,-95.325129
482015322001,2256.0,0.13,44.98,99.38,Minority,High_poverty,HPM,29.8515283,-95.4761679
482013242001,1087.0,3.86,25.72,96.13,Minority,Low_poverty,LPM,29.7123998,-95.250456
482012504021,17433.0,50.23,2.17,46.21,White,Low_poverty,LPW,29.9705385,-95.1781815
482013423003,4046.0,25.01,14.68,72.25,Minority,Low_poverty,LPM,29.6695723,-95.1265468
482013433011,2212.0,44.53,8.86,45.11,Other,Low_poverty,LPO,29.6771889,-95.0800152
482012413001,2680.0,55.52,8.02,37.17,White,Low_poverty,LPW,30.0412875,-95.4205396
482015216002,1137.0,2.29,16.97,96.74,Minority,Low_poverty,LPM,29.8519886,-95.5400834
482012314001,2837.0,1.23,23.81,98.77,Minority,Low_poverty,LPM,29.8638818,-95.2872193
482015342011,3289.0,10.67,14.26,69.2,Minority,Low_poverty,LPM,29.9127214,-95.5480759
482015503012,1739.0,20.59,30.48,78.15,Minority,High_poverty,HPM,29.9939604,-95.4290929
482014225002,992.0,75.6,5.95,17.44,White,Low_poverty,LPW,29.6700821,-95.4972559
482014542001,2934.0,16.6,6.24,82.96,Minority,Low_poverty,LPM,29.7041762,-95.6718817
482013111003,1637.0,4.7,18.75,95.3,Minority,Low_poverty,LPM,29.7273284,-95.2841941
482013111001,956.0,3.24,19.56,96.76,Minority,Low_poverty,LPM,29.7381574,-95.2843045
482015528002,496.0,94.56,0.0,5.44,White,Low_poverty,LPW,29.9785074,-95.5228378
482012323011,5253.0,5.67,18.59,89.44,Minority,Low_poverty,LPM,29.9044286,-95.2152067
482015410021,6918.0,37.92,5.68,43.78,Other,Low_poverty,LPO,29.9189965,-95.6613874
482013109002,1343.0,12.29,36.78,87.71,Minority,High_poverty,HPM,29.7310229,-95.2971193
482015411003,2567.0,44.25,20.68,40.59,Other,Low_poverty,LPO,29.9039377,-95.6515284
482014510024,1184.0,40.96,23.31,54.9,Minority,Low_poverty,LPM,29.7388631,-95.5831877
482015545023,2977.0,68.29,3.63,27.91,White,Low_poverty,LPW,29.9974029,-95.6355472
482015334002,6056.0,0.43,16.2,94.76,Minority,Low_poverty,LPM,29.8931002,-95.4423023
482015413002,5227.0,15.31,24.39,53.86,Minority,Low_poverty,LPM,29.8720365,-95.6528063
482015520013,3009.0,42.11,21.3,49.95,Other,Low_poverty,LPO,29.907561,-95.5984378
482015549031,13121.0,57.4,3.16,27.26,White,Low_poverty,LPW,30.0609817,-95.5186873
482015504013,2190.0,1.69,6.89,95.02,Minority,Low_poverty,LPM,29.9912308,-95.4554608
482014532003,3445.0,2.21,18.81,94.63,Minority,Low_poverty,LPM,29.6867782,-95.5620325
482013341002,10775.0,13.92,16.73,73.85,Minority,Low_poverty,LPM,29.6523284,-95.4109712
482013339021,3346.0,7.59,14.49,81.77,Minority,Low_poverty,LPM,29.6200073,-95.2352238
482014534031,1623.0,4.87,27.36,78.74,Minority,Low_poverty,LPM,29.6674352,-95.5863507
482013407004,1193.0,65.88,2.6,14.17,White,Low_poverty,LPW,29.5717923,-95.1395111
482014335022,1322.0,1.51,23.37,92.51,Minority,Low_poverty,LPM,29.6762204,-95.5571048
482014102001,1582.0,71.81,2.02,19.66,White,Low_poverty,LPW,29.7592653,-95.3906778
482014107011,1188.0,46.04,12.96,34.09,Other,Low_poverty,LPO,29.741673,-95.3918103
482015521023,1047.0,67.72,7.08,32.29,White,Low_poverty,LPW,29.9463593,-95.6129617
482014328022,2766.0,11.14,38.17,70.21,Minority,High_poverty,HPM,29.7109767,-95.5113787
482015414002,5725.0,11.02,15.32,86.43,Minority,Low_poverty,LPM,29.8552643,-95.6637189
482015510001,3621.0,7.13,23.89,85.09,Minority,Low_poverty,LPM,29.9697315,-95.4917709
482015223011,1477.0,49.56,9.8,44.01,Other,Low_poverty,LPO,29.7934807,-95.5280223
482012533002,1562.0,55.89,7.75,42.25,White,Low_poverty,LPW,29.7593964,-95.0566654
482013436001,1199.0,49.62,9.23,48.29,Other,Low_poverty,LPO,29.7209837,-95.0612085
482015212001,2412.0,5.47,29.19,90.17,Minority,Low_poverty,LPM,29.8070095,-95.5037111
482015407001,2291.0,64.56,0.0,8.55,White,Low_poverty,LPW,29.8404169,-95.6192304
482012222001,1998.0,8.06,36.34,91.94,Minority,High_poverty,HPM,29.8974419,-95.3226754
482015202001,361.0,79.5,3.05,2.77,White,Low_poverty,LPW,29.7866758,-95.472019
482012322004,2652.0,0.0,39.89,100.0,Minority,High_poverty,HPM,29.9295811,-95.2972043
482012216004,3335.0,3.84,26.27,96.16,Minority,Low_poverty,LPM,29.8818744,-95.4038822
482015431001,2536.0,38.21,6.32,56.23,Minority,Low_poverty,LPM,29.9681712,-95.8562557
482013425001,2933.0,62.46,7.65,37.54,White,Low_poverty,LPW,29.6852691,-95.1329158
482014130002,2287.0,62.92,3.59,18.98,White,Low_poverty,LPW,29.6984634,-95.4390208
482013326003,1827.0,2.13,0.77,97.86,Minority,Low_poverty,LPM,29.6738948,-95.3136079
482013210001,1793.0,2.96,3.74,97.04,Minority,Low_poverty,LPM,29.6443187,-95.2244284
482013214023,2455.0,8.39,1.84,91.61,Minority,Low_poverty,LPM,29.6548447,-95.2162029
482013330001,2678.0,8.25,13.47,91.75,Minority,Low_poverty,LPM,29.6819562,-95.2891064
482013319002,1272.0,0.86,11.64,99.14,Minority,Low_poverty,LPM,29.6640096,-95.3416028
482013308001,5159.0,3.31,22.17,95.83,Minority,Low_poverty,LPM,29.6054441,-95.3265014
482012536001,551.0,35.03,7.62,62.26,Minority,Low_poverty,LPM,29.7673596,-95.0050793
482012323023,768.0,15.36,4.95,84.63,Minority,Low_poverty,LPM,29.8406737,-95.2083522
482014306001,1105.0,79.73,3.53,8.96,White,Low_poverty,LPW,29.7673654,-95.5263159
482014529002,2785.0,7.47,22.35,78.6,Minority,Low_poverty,LPM,29.6940805,-95.5919139
482014223021,1741.0,25.1,10.6,71.63,Minority,Low_poverty,LPM,29.6490268,-95.4971327
482015420003,2098.0,49.81,0.0,27.07,Other,Low_poverty,LPO,29.8025739,-95.7126287
482014217001,1848.0,14.72,45.13,85.28,Minority,High_poverty,HPM,29.6952155,-95.4872082
482014548002,2271.0,51.56,8.7,36.94,White,Low_poverty,LPW,29.7657058,-95.7452689
482014229001,1947.0,7.55,40.01,82.33,Minority,High_poverty,HPM,29.6848446,-95.5264946
482014107013,1266.0,77.8,8.85,14.85,White,Low_poverty,LPW,29.7403505,-95.3860373
482014315021,1174.0,63.63,1.98,16.44,White,Low_poverty,LPW,29.7528951,-95.4981534
482014228002,273.0,38.83,27.47,51.28,Minority,Low_poverty,LPM,29.6901756,-95.5114589
482014315022,1093.0,68.89,27.03,11.34,White,Low_poverty,LPW,29.7541585,-95.4873362
482013202004,2410.0,6.85,14.15,79.46,Minority,Low_poverty,LPM,29.6932418,-95.2729395
482015305001,1499.0,3.6,34.62,95.87,Minority,High_poverty,HPM,29.8393485,-95.399574
482012523013,4286.0,10.43,6.67,88.34,Minority,Low_poverty,LPM,29.7919656,-95.1461302
482012401001,2288.0,7.6,29.55,89.08,Minority,Low_poverty,LPM,29.9428053,-95.3915855
482012110001,732.0,1.5,14.62,94.94,Minority,Low_poverty,LPM,29.7978151,-95.336265
482012334002,1539.0,13.19,23.39,86.42,Minority,Low_poverty,LPM,29.7707059,-95.2535413
482014322003,2848.0,12.61,7.94,80.34,Minority,Low_poverty,LPM,29.7339463,-95.5245456
482014131002,785.0,80.38,1.15,16.43,White,Low_poverty,LPW,29.6967492,-95.432489
482015550002,4232.0,55.08,5.63,27.13,White,Low_poverty,LPW,30.0625452,-95.4751619
482015532001,2527.0,29.96,26.08,65.1,Minority,Low_poverty,LPM,30.0220524,-95.4525811
482012512003,1818.0,54.07,22.99,42.46,White,Low_poverty,LPW,30.0528268,-95.2288173
482015314001,2194.0,51.19,10.39,44.03,White,Low_poverty,LPW,29.8302031,-95.4709951
482015515002,5642.0,14.92,6.54,67.14,Minority,Low_poverty,LPM,29.9392445,-95.5552364
482012330021,1725.0,10.32,7.36,65.33,Minority,Low_poverty,LPM,29.8037488,-95.1710913
482012327013,3773.0,4.32,40.55,95.68,Minority,High_poverty,HPM,29.7772496,-95.2250201
482012410003,2204.0,39.75,18.92,60.25,Minority,Low_poverty,LPM,30.0560607,-95.3374649
482015551003,2006.0,80.36,2.74,14.46,White,Low_poverty,LPW,30.0768984,-95.4681162
482014316001,909.0,87.46,4.07,9.46,White,Low_poverty,LPW,29.767579,-95.4732403
482015108004,810.0,84.44,0.0,15.56,White,Low_poverty,LPW,29.7713829,-95.4386021
482013502001,1060.0,31.7,6.89,68.31,Minority,Low_poverty,LPM,29.5978585,-95.2231016
