origin_geoid,Tot_Population_ACS_15_19,pct_NH_White_alone_ACS_15_19,pct_Prs_Blw_Pov_Lev_ACS_15_19,pct_Minority,Race,Poverty,origin_geoid_type,latitude,longitude
60378004081,928.0,72.84,6.54,27.15,White,Low_poverty,LPW,34.0296286,-118.7693119
60372920001,1212.0,9.16,27.15,68.9,Minority,Low_poverty,LPM,33.839917,-118.3017723
60375702023,712.0,26.12,8.15,50.42,Minority,Low_poverty,LPM,33.8784368,-118.1797781
60374308013,2004.0,21.11,8.91,16.01,Other,Low_poverty,LPO,34.137888,-118.0282744
60374633002,830.0,56.63,2.41,10.48,White,Low_poverty,LPW,34.1392992,-118.1065171
60375337032,3248.0,0.0,7.88,100.0,Minority,Low_poverty,LPM,33.9819846,-118.1719805
60375507006,768.0,15.36,2.21,82.68,Minority,Low_poverty,LPM,33.9620994,-118.1344418
60375337021,2699.0,0.26,28.42,99.11,Minority,Low_poverty,LPM,33.983685,-118.1838168
60379104012,2719.0,27.58,6.03,55.2,Minority,Low_poverty,LPM,34.5704286,-118.1375172
60375313024,1406.0,0.57,28.21,99.43,Minority,Low_poverty,LPM,34.0176529,-118.1890795
60372965003,1119.0,5.81,6.43,75.96,Minority,Low_poverty,LPM,33.7504467,-118.2942782
60375519004,571.0,8.41,4.73,82.66,Minority,Low_poverty,LPM,33.9046777,-118.1017113
60375538011,1202.0,0.0,23.63,100.0,Minority,Low_poverty,LPM,33.8927166,-118.1633706
60375732022,2340.0,10.13,18.89,69.23,Minority,Low_poverty,LPM,33.7916718,-118.1861055
60371918102,1499.0,22.41,17.61,75.05,Minority,Low_poverty,LPM,34.0889242,-118.3271584
60373103001,918.0,52.4,6.31,26.36,White,Low_poverty,LPW,34.1957663,-118.3122171
60375705024,1364.0,7.55,0.67,62.47,Minority,Low_poverty,LPM,33.8667675,-118.1724213
60375336032,3053.0,11.2,23.39,87.19,Minority,Low_poverty,LPM,33.9724728,-118.195066
60374810013,1427.0,4.41,6.94,28.38,Other,Low_poverty,LPO,34.0826605,-118.1317958
60374051013,789.0,0.25,33.84,87.84,Minority,High_poverty,HPM,34.0942293,-117.9670749
60375358023,1756.0,5.75,14.07,94.25,Minority,Low_poverty,LPM,33.9389401,-118.2047628
60375301014,486.0,1.65,8.23,96.5,Minority,Low_poverty,LPM,34.0149649,-118.1043288
60372407003,1961.0,1.02,9.08,95.82,Minority,Low_poverty,LPM,33.948848,-118.2586188
60375329001,601.0,7.49,22.3,92.52,Minority,Low_poverty,LPM,33.9815028,-118.2499782
60372183001,1494.0,1.81,41.77,66.33,Minority,High_poverty,HPM,34.0431638,-118.3469147
60372183004,1318.0,9.71,22.69,77.47,Minority,Low_poverty,LPM,34.0413787,-118.3589953
60372409005,985.0,0.0,29.24,98.08,Minority,Low_poverty,LPM,33.9378423,-118.2673428
60372352013,945.0,1.27,11.11,93.33,Minority,Low_poverty,LPM,33.9750598,-118.3248569
60379106021,4433.0,16.58,25.38,77.44,Minority,Low_poverty,LPM,34.5769105,-118.07892
60375526014,1329.0,9.41,3.16,83.45,Minority,Low_poverty,LPM,33.8935117,-118.077954
60374009001,794.0,46.98,7.93,39.54,Other,Low_poverty,LPO,34.143294,-117.8768799
60372653031,1755.0,29.57,67.46,20.06,Other,High_poverty,HPO,34.06932,-118.4537428
60375550012,750.0,12.67,1.73,28.27,Other,Low_poverty,LPO,33.8478101,-118.0841879
60371918201,1139.0,58.12,9.28,25.11,White,Low_poverty,LPW,34.0852859,-118.3315058
60372171005,1125.0,54.67,9.51,15.29,White,Low_poverty,LPW,34.0525184,-118.35512
60371899052,1412.0,74.43,10.48,18.7,White,Low_poverty,LPW,34.0995882,-118.3510594
60375416053,1438.0,1.25,21.7,90.41,Minority,Low_poverty,LPM,33.8997464,-118.2144474
60375523022,493.0,19.88,5.88,65.11,Minority,Low_poverty,LPM,33.9078146,-118.0624089
60372110001,681.0,73.57,4.7,4.56,White,Low_poverty,LPW,34.0729269,-118.323586
60376201013,2337.0,49.08,1.75,15.58,Other,Low_poverty,LPO,33.9288913,-118.4258706
60375748003,673.0,78.16,5.5,13.82,White,Low_poverty,LPW,33.7863037,-118.1318266
60377025014,2194.0,62.85,0.82,21.15,White,Low_poverty,LPW,34.0112586,-118.3953631
60375027004,1000.0,6.2,3.2,90.8,Minority,Low_poverty,LPM,33.9525218,-118.0816916
60372379003,896.0,13.62,13.95,86.38,Minority,Low_poverty,LPM,33.9690966,-118.3144691
60375705014,1637.0,7.03,50.95,90.72,Minority,High_poverty,HPM,33.8655934,-118.1787981
60374071014,2173.0,0.41,11.41,92.82,Minority,Low_poverty,LPM,34.0447423,-117.9679519
60374329022,1213.0,6.68,4.78,16.57,Other,Low_poverty,LPO,34.0756325,-118.058125
60377016014,1007.0,75.67,0.0,9.53,White,Low_poverty,LPW,34.035527,-118.4834351
60377021025,422.0,96.21,6.87,0.0,White,Low_poverty,LPW,34.0030442,-118.4801879
60375707014,857.0,30.81,0.0,23.1,Other,Low_poverty,LPO,33.8522791,-118.1518825
60372073011,990.0,23.94,57.07,45.96,Other,High_poverty,HPO,34.0455853,-118.2521649
60375706012,2434.0,6.78,22.76,75.43,Minority,Low_poverty,LPM,33.8600079,-118.1811271
60376203032,1473.0,70.67,0.0,0.61,White,Low_poverty,LPW,33.8897206,-118.3994792
60371043102,1433.0,0.77,11.37,97.63,Minority,Low_poverty,LPM,34.2777294,-118.4278913
60371240001,1323.0,87.83,1.06,5.37,White,Low_poverty,LPW,34.1665847,-118.4089038
60377008012,429.0,57.81,5.13,38.0,White,Low_poverty,LPW,34.0695896,-118.3922015
60374312004,2044.0,28.28,5.87,53.52,Minority,Low_poverty,LPM,34.1206416,-118.0007224
60373021033,1678.0,80.33,22.82,10.31,White,Low_poverty,LPW,34.1426347,-118.2406883
60375545122,2634.0,13.74,6.23,13.9,Other,Low_poverty,LPO,33.8696129,-118.0551737
60377012021,1653.0,76.23,4.68,8.83,White,Low_poverty,LPW,34.0354547,-118.4879252
60374800023,1331.0,27.95,4.06,28.47,Other,Low_poverty,LPO,34.1173197,-118.0877635
60376013011,743.0,19.11,1.88,74.16,Minority,Low_poverty,LPM,33.9805637,-118.3639018
60375013004,1406.0,26.03,3.7,73.97,Minority,Low_poverty,LPM,33.9924711,-118.0559935
60372655203,3022.0,49.4,8.87,19.13,Other,Low_poverty,LPO,34.0508513,-118.4453206
60375542013,1974.0,15.35,8.35,63.62,Minority,Low_poverty,LPM,33.8806692,-118.1382612
60372403004,913.0,0.0,22.45,100.0,Minority,Low_poverty,LPM,33.9539327,-118.28928
60372328002,2559.0,1.06,41.53,98.43,Minority,High_poverty,HPM,33.9912426,-118.2771623
60376201023,1868.0,68.74,10.39,16.22,White,Low_poverty,LPW,33.9208155,-118.4215786
60374054003,1212.0,21.29,4.18,65.43,Minority,Low_poverty,LPM,34.0886532,-117.9358317
60371852032,625.0,13.6,20.48,80.8,Minority,Low_poverty,LPM,34.1014405,-118.2350905
60374329011,1789.0,6.09,9.56,24.82,Other,Low_poverty,LPO,34.0783399,-118.0687443
60374024061,1269.0,1.1,43.1,93.07,Minority,High_poverty,HPM,34.0627888,-117.7813242
60371152013,2177.0,49.01,7.95,28.39,Other,Low_poverty,LPO,34.2441108,-118.5382749
60372715001,1014.0,59.17,6.45,17.16,White,Low_poverty,LPW,34.0190464,-118.4366837
60377012013,892.0,86.88,5.38,5.61,White,Low_poverty,LPW,34.0387731,-118.4923245
60375711024,601.0,28.12,3.33,68.22,Minority,Low_poverty,LPM,33.8378109,-118.1206841
60375338034,2058.0,11.13,24.53,88.34,Minority,Low_poverty,LPM,33.9708229,-118.182736
60375437011,1572.0,1.97,5.22,52.48,Minority,Low_poverty,LPM,33.821699,-118.2658274
60371237001,1025.0,64.88,0.0,28.79,White,Low_poverty,LPW,34.188527,-118.4075534
60371814003,2434.0,20.5,4.2,33.28,Other,Low_poverty,LPO,34.1371868,-118.2135737
60377032005,698.0,0.0,5.87,87.82,Minority,Low_poverty,LPM,34.0004208,-118.3454635
60376510021,1193.0,28.67,6.45,32.53,Other,Low_poverty,LPO,33.8191031,-118.3242901
60374064022,506.0,20.16,0.99,62.64,Minority,Low_poverty,LPM,34.0592322,-117.9034359
60375435022,1000.0,13.3,23.64,55.6,Minority,Low_poverty,LPM,33.8428663,-118.2945777
60372315002,1858.0,0.0,19.49,98.55,Minority,Low_poverty,LPM,34.0054813,-118.3130103
60375752023,907.0,3.09,47.19,70.67,Minority,High_poverty,HPM,33.7844123,-118.1692682
60372962103,1766.0,5.66,27.46,93.43,Minority,Low_poverty,LPM,33.7450919,-118.2841374
60372698001,1132.0,54.68,8.57,15.46,White,Low_poverty,LPW,34.0324864,-118.3983131
60372772001,2196.0,22.91,21.36,62.29,Minority,Low_poverty,LPM,33.9561879,-118.3830931
60373021031,1335.0,57.6,18.8,20.82,White,Low_poverty,LPW,34.1448436,-118.2371323
60372422001,1790.0,0.0,23.8,100.0,Minority,Low_poverty,LPM,33.9507426,-118.2362901
60371133031,2442.0,65.68,8.39,21.17,White,Low_poverty,LPW,34.2465101,-118.5695037
60375341022,2318.0,0.0,29.29,100.0,Minority,Low_poverty,LPM,33.973146,-118.16137
60376514024,1172.0,38.31,1.96,18.94,Other,Low_poverty,LPO,33.7958396,-118.3427677
60372326003,2258.0,0.35,32.73,96.59,Minority,High_poverty,HPM,33.9921082,-118.3023519
60375306011,1984.0,6.6,16.61,90.37,Minority,Low_poverty,LPM,34.0571286,-118.1749604
60374033242,2221.0,5.45,8.51,21.66,Other,Low_poverty,LPO,33.9851395,-117.8229438
60375713001,1239.0,43.02,0.73,32.44,Other,Low_poverty,LPO,33.8402295,-118.1442976
60372163004,793.0,75.91,0.0,11.35,White,Low_poverty,LPW,34.0610013,-118.3698077
60375727002,1355.0,0.81,23.57,61.33,Minority,Low_poverty,LPM,33.8007499,-118.211634
60374334033,1518.0,1.84,29.57,83.0,Minority,Low_poverty,LPM,34.061407,-118.0248871
60371111002,1641.0,34.19,5.85,48.33,Other,Low_poverty,LPO,34.2697595,-118.494623
60371241022,1206.0,32.75,10.28,47.76,Other,Low_poverty,LPO,34.1739684,-118.3817451
60375731003,1200.0,15.42,18.61,67.58,Minority,Low_poverty,LPM,33.8016572,-118.2007607
60372346001,1134.0,3.44,43.47,92.68,Minority,High_poverty,HPM,33.9920715,-118.319806
60375539011,2214.0,5.28,1.07,92.19,Minority,Low_poverty,LPM,33.8928418,-118.1447507
60371236023,826.0,80.99,9.56,17.56,White,Low_poverty,LPW,34.1777472,-118.424779
60373118012,1405.0,41.49,9.11,44.27,Other,Low_poverty,LPO,34.1644706,-118.3079969
60375040012,3609.0,48.77,12.21,28.37,Other,Low_poverty,LPO,33.909471,-118.0159632
60373023011,1702.0,49.06,9.65,34.73,Other,Low_poverty,LPO,34.1447332,-118.2676886
60374822023,2273.0,0.0,13.24,29.12,Other,Low_poverty,LPO,34.057597,-118.1102397
60371835102,1169.0,16.51,18.79,81.86,Minority,Low_poverty,LPM,34.1139856,-118.2042439
60373106021,1177.0,64.57,5.35,22.94,White,Low_poverty,LPW,34.1896819,-118.3152956
60373010004,1481.0,58.74,8.85,17.08,White,Low_poverty,LPW,34.1603723,-118.2371455
60374609003,1423.0,5.13,6.86,87.35,Minority,Low_poverty,LPM,34.1778907,-118.1574052
60379010082,768.0,56.25,6.82,38.67,White,Low_poverty,LPW,34.6966413,-118.1678073
60375529005,2070.0,8.79,19.03,67.01,Minority,Low_poverty,LPM,33.8893492,-118.0955526
60372134022,1049.0,8.67,16.19,65.68,Minority,Low_poverty,LPM,34.0516018,-118.2879094
60374067023,1770.0,15.59,4.09,61.8,Minority,Low_poverty,LPM,34.0626211,-117.9407795
60372946201,1842.0,3.09,17.54,96.9,Minority,Low_poverty,LPM,33.7871124,-118.2452539
60371432002,1007.0,70.51,1.59,20.95,White,Low_poverty,LPW,34.1510102,-118.3712462
60372427002,801.0,4.87,5.68,95.13,Minority,Low_poverty,LPM,33.9355217,-118.2402683
60374028011,2043.0,1.42,17.18,88.74,Minority,Low_poverty,LPM,34.0565236,-117.7268085
60375039011,1456.0,34.13,11.57,56.52,Minority,Low_poverty,LPM,33.8932844,-118.0088123
60374602002,1357.0,23.07,7.77,73.92,Minority,Low_poverty,LPM,34.1999372,-118.1408051
60372144001,1037.0,86.31,10.32,8.78,White,Low_poverty,LPW,34.0781774,-118.354775
60375433041,1183.0,28.49,2.03,61.37,Minority,Low_poverty,LPM,33.8548331,-118.2401466
60371905201,1003.0,37.49,24.53,45.66,Other,Low_poverty,LPO,34.0999387,-118.3018885
60372167001,1414.0,26.66,5.58,50.28,Minority,Low_poverty,LPM,34.0499608,-118.3693262
60375432012,2093.0,1.77,19.78,96.99,Minority,Low_poverty,LPM,33.8849886,-118.2303056
60375527001,1369.0,17.53,12.66,64.5,Minority,Low_poverty,LPM,33.8988467,-118.0667641
60379201122,1737.0,59.01,4.95,26.94,White,Low_poverty,LPW,34.4369009,-118.5386299
60375710005,592.0,72.64,3.38,19.09,White,Low_poverty,LPW,33.8377447,-118.1021008
60374624002,1080.0,63.89,12.78,27.04,White,Low_poverty,LPW,34.1635359,-118.1263007
60372382002,1380.0,0.0,25.22,94.2,Minority,Low_poverty,LPM,33.9615855,-118.294595
60377015021,1178.0,61.46,6.63,12.14,White,Low_poverty,LPW,34.0285135,-118.4834691
60371061131,2166.0,18.7,13.87,68.98,Minority,Low_poverty,LPM,34.3081267,-118.4250046
60375754014,2894.0,5.81,32.79,91.71,Minority,High_poverty,HPM,33.7868922,-118.1950348
60373113002,1498.0,53.07,10.01,28.7,White,Low_poverty,LPW,34.1750926,-118.343288
60375769012,1679.0,13.1,33.21,77.54,Minority,High_poverty,HPM,33.7771559,-118.164934
60372117042,1667.0,15.66,13.14,33.84,Other,Low_poverty,LPO,34.0635136,-118.3128206
60372046001,2461.0,4.84,25.27,94.6,Minority,Low_poverty,LPM,34.0345211,-118.2174861
60371316003,1121.0,24.98,7.31,59.85,Minority,Low_poverty,LPM,34.2101897,-118.5579043
60374010023,1493.0,51.17,13.8,26.66,White,Low_poverty,LPW,34.1378683,-117.8659206
60376038022,1173.0,12.62,3.75,54.05,Minority,Low_poverty,LPM,33.8892002,-118.348107
60376018012,1171.0,0.0,36.85,100.0,Minority,High_poverty,HPM,33.9436332,-118.3547376
60375744004,1564.0,40.98,5.51,46.55,Other,Low_poverty,LPO,33.7992119,-118.1085934
60376212042,381.0,72.18,5.51,17.85,White,Low_poverty,LPW,33.8499555,-118.394439
60372352021,2273.0,0.0,29.52,96.57,Minority,Low_poverty,LPM,33.9763292,-118.3308619
60375507003,786.0,29.39,0.0,64.12,Minority,Low_poverty,LPM,33.963928,-118.1289104
60372393102,1910.0,2.41,40.58,96.97,Minority,High_poverty,HPM,33.9798882,-118.2761121
60372349023,1529.0,7.0,29.23,82.54,Minority,Low_poverty,LPM,33.9829958,-118.3323086
60371908012,1049.0,47.0,37.37,40.9,Other,High_poverty,HPO,34.0961915,-118.3244653
60375769011,2134.0,8.48,41.0,59.37,Minority,High_poverty,HPM,33.7807861,-118.1660146
60374033222,1677.0,14.13,9.48,9.0,Other,Low_poverty,LPO,33.9862535,-117.8366717
60375533001,758.0,31.4,6.07,63.19,Minority,Low_poverty,LPM,33.9074019,-118.1367271
60374066021,1055.0,11.18,1.8,60.67,Minority,Low_poverty,LPM,34.0590368,-117.9304511
60376001002,1707.0,2.34,26.19,96.49,Minority,Low_poverty,LPM,33.9540346,-118.2980668
60371853202,998.0,9.62,46.74,85.27,Minority,High_poverty,HPM,34.0861065,-118.2238044
60374086283,1855.0,7.49,19.14,19.79,Other,Low_poverty,LPO,33.9892511,-117.9362943
60372764002,883.0,60.93,8.95,23.55,White,Low_poverty,LPW,33.9688994,-118.4088421
60372944212,1022.0,0.0,24.07,94.43,Minority,Low_poverty,LPM,33.7928274,-118.2979266
60371096012,1540.0,30.97,1.69,58.31,Minority,Low_poverty,LPM,34.2531344,-118.4564753
60375355021,2367.0,3.46,15.61,96.53,Minority,Low_poverty,LPM,33.9615172,-118.2133477
60373020023,525.0,58.48,23.62,27.24,White,Low_poverty,LPW,34.1494483,-118.2473682
60372973002,611.0,34.7,0.0,45.67,Other,Low_poverty,LPO,33.7160153,-118.3179234
60375767001,1094.0,61.97,17.13,22.31,White,Low_poverty,LPW,33.7652018,-118.1570269
60375712002,1004.0,39.24,6.37,45.02,Other,Low_poverty,LPO,33.8367477,-118.1276653
60372379002,1667.0,0.84,18.54,99.16,Minority,Low_poverty,LPM,33.9691014,-118.3079033
60374307232,2721.0,21.83,14.0,17.38,Other,Low_poverty,LPO,34.1302638,-118.0551666
60375505002,1349.0,4.74,9.49,84.58,Minority,Low_poverty,LPM,33.9551813,-118.1042208
60375433224,414.0,0.0,19.08,80.92,Minority,Low_poverty,LPM,33.8499743,-118.2506823
60372089031,2518.0,4.17,38.37,91.66,Minority,High_poverty,HPM,34.0604432,-118.2719215
60375742021,944.0,50.95,10.05,37.93,White,Low_poverty,LPW,33.797881,-118.1385777
60371272201,1163.0,12.64,21.32,72.48,Minority,Low_poverty,LPM,34.2071788,-118.4525049
60371093002,1269.0,32.94,6.38,53.82,Minority,Low_poverty,LPM,34.2688923,-118.4761198
60372732001,514.0,68.29,2.33,18.29,White,Low_poverty,LPW,34.0003319,-118.4700807
60374631011,696.0,27.01,0.57,49.14,Other,Low_poverty,LPO,34.1467218,-118.0719415
60372216021,1461.0,2.05,35.59,93.63,Minority,High_poverty,HPM,34.038438,-118.295893
60374066022,947.0,18.69,3.91,68.95,Minority,Low_poverty,LPM,34.0556641,-117.9325823
60375766012,680.0,49.56,6.91,50.44,Minority,Low_poverty,LPM,33.7679171,-118.1769262
60375008003,1139.0,1.23,1.36,98.77,Minority,Low_poverty,LPM,33.9833533,-118.0861024
60374006022,1849.0,10.49,2.76,84.7,Minority,Low_poverty,LPM,34.1372473,-117.9054511
60376011001,2261.0,1.86,22.43,93.28,Minority,Low_poverty,LPM,33.9472754,-118.3465335
60375754012,429.0,1.63,13.05,94.41,Minority,Low_poverty,LPM,33.7857969,-118.1999696
60371343021,988.0,51.01,29.86,42.21,White,Low_poverty,LPW,34.2157976,-118.6167646
60377031006,1292.0,3.17,19.97,78.32,Minority,Low_poverty,LPM,33.9856942,-118.35418
60371881002,845.0,33.02,8.06,41.54,Other,Low_poverty,LPO,34.1279031,-118.265976
60371282202,1553.0,38.31,27.56,53.89,Minority,Low_poverty,LPM,34.183588,-118.4377985
60371436021,1308.0,72.48,1.83,4.12,White,Low_poverty,LPW,34.144105,-118.3816985
60374614002,801.0,41.07,6.8,42.57,Other,Low_poverty,LPO,34.1722039,-118.124877
60375334021,2544.0,1.42,39.27,98.58,Minority,High_poverty,HPM,33.990096,-118.1973806
60371853101,1945.0,4.32,14.65,89.87,Minority,Low_poverty,LPM,34.0946294,-118.2245103
60372317201,2906.0,3.37,21.61,90.88,Minority,Low_poverty,LPM,34.0090849,-118.28497
60371234201,2676.0,36.25,18.05,55.01,Minority,Low_poverty,LPM,34.1975663,-118.4159725
60371132331,1430.0,11.61,15.23,66.3,Minority,Low_poverty,LPM,34.2214417,-118.6039753
60372283101,1076.0,0.0,9.29,100.0,Minority,Low_poverty,LPM,34.0128247,-118.2646773
60372675012,1751.0,42.49,9.54,37.86,Other,Low_poverty,LPO,34.041063,-118.4566083
60371041032,1593.0,9.54,10.04,83.18,Minority,Low_poverty,LPM,34.2812921,-118.3903974
60371951003,1067.0,53.8,1.87,18.65,White,Low_poverty,LPW,34.1030772,-118.269449
60375412002,443.0,0.0,6.32,100.0,Minority,Low_poverty,LPM,33.9047674,-118.248406
60374801021,1232.0,20.54,16.8,20.94,Other,Low_poverty,LPO,34.1095001,-118.0822263
60372408003,1240.0,0.0,29.19,96.45,Minority,Low_poverty,LPM,33.9404166,-118.2663592
60375359023,1624.0,4.62,8.71,89.22,Minority,Low_poverty,LPM,33.9394426,-118.1965067
60372170013,478.0,92.26,2.09,2.72,White,Low_poverty,LPW,34.0551234,-118.3887526
60371998001,1072.0,0.84,21.74,22.11,Other,Low_poverty,LPO,34.0720011,-118.2071047
60372098201,1960.0,2.3,40.33,93.83,Minority,High_poverty,HPM,34.0479893,-118.2778306
60375726002,1393.0,3.16,12.99,39.99,Other,Low_poverty,LPO,33.8080147,-118.2132655
60375544032,2964.0,18.62,18.98,70.08,Minority,Low_poverty,LPM,33.8709527,-118.1382015
60376200011,1146.0,60.12,4.36,25.13,White,Low_poverty,LPW,33.928728,-118.400768
60376005011,1376.0,2.76,8.58,91.43,Minority,Low_poverty,LPM,33.9362971,-118.3224765
60375715023,2137.0,26.16,4.82,45.67,Other,Low_poverty,LPO,33.8389001,-118.1878717
60372652021,508.0,40.94,24.8,3.35,Other,Low_poverty,LPO,34.0629884,-118.44304
60376033012,1374.0,9.75,9.65,27.59,Other,Low_poverty,LPO,33.8838283,-118.3019828
60375732012,2244.0,5.26,33.89,79.68,Minority,High_poverty,HPM,33.8007622,-118.1871851
60375551021,3492.0,12.77,14.09,56.76,Minority,Low_poverty,LPM,33.8427292,-118.0768589
60374811012,2140.0,15.19,8.7,33.41,Other,Low_poverty,LPO,34.1007778,-118.1048133
60371815001,1182.0,47.88,2.39,23.86,Other,Low_poverty,LPO,34.1369776,-118.1986935
60371810005,2279.0,22.9,14.74,39.32,Other,Low_poverty,LPO,34.1431179,-118.2032857
60371320011,1058.0,38.0,4.03,32.33,Other,Low_poverty,LPO,34.1916197,-118.5141885
60372086202,1976.0,6.07,21.48,56.63,Minority,Low_poverty,LPM,34.0689968,-118.2803789
60379005072,1870.0,13.32,26.79,86.69,Minority,Low_poverty,LPM,34.686156,-118.08988
60375704023,967.0,2.69,25.0,91.72,Minority,Low_poverty,LPM,33.8681847,-118.1988824
60375758012,931.0,15.25,28.25,78.42,Minority,Low_poverty,LPM,33.7771544,-118.19998
60371278062,776.0,44.72,27.84,47.94,Other,Low_poverty,LPO,34.1876356,-118.460667
60374634003,849.0,47.47,13.31,9.06,Other,Low_poverty,LPO,34.1403069,-118.1193122
60374086313,857.0,6.3,6.42,89.26,Minority,Low_poverty,LPM,34.0010311,-117.9524085
60374811023,1595.0,13.29,7.15,12.53,Other,Low_poverty,LPO,34.1011404,-118.0952065
60375737002,645.0,40.47,19.22,44.96,Other,Low_poverty,LPO,33.8248845,-118.1060423
60375426021,1819.0,2.47,20.12,96.32,Minority,Low_poverty,LPM,33.8996085,-118.223085
60374057011,1014.0,29.78,0.59,52.37,Minority,Low_poverty,LPM,34.0939976,-117.9209952
60372117012,1020.0,55.0,5.29,0.0,White,Low_poverty,LPW,34.0657048,-118.3201558
60373023022,1499.0,43.5,23.62,39.89,Other,Low_poverty,LPO,34.1410845,-118.2577915
60372374011,1121.0,0.0,44.16,100.0,Minority,High_poverty,HPM,33.9765633,-118.2937098
60375401013,1821.0,2.58,0.88,97.42,Minority,Low_poverty,LPM,33.9315389,-118.1903615
60375316023,2249.0,1.78,38.98,98.22,Minority,High_poverty,HPM,34.0201104,-118.1652839
60374056004,942.0,12.42,2.76,80.36,Minority,Low_poverty,LPM,34.0750533,-117.9107518
60375331051,2510.0,0.56,27.25,99.44,Minority,Low_poverty,LPM,33.9828819,-118.216407
60374081392,2645.0,3.21,13.32,92.59,Minority,Low_poverty,LPM,34.0108836,-117.9120938
60371348002,1716.0,21.74,24.83,58.33,Minority,Low_poverty,LPM,34.1961363,-118.5687514
60372162001,725.0,27.45,28.39,47.44,Other,Low_poverty,LPO,34.0580071,-118.343701
60377009024,1613.0,83.2,10.79,6.57,White,Low_poverty,LPW,34.0646319,-118.396455
60375356071,1467.0,0.61,13.36,99.39,Minority,Low_poverty,LPM,33.9433474,-118.2232272
60375513002,1256.0,22.77,22.11,68.16,Minority,Low_poverty,LPM,33.9353606,-118.1341071
60379201112,1346.0,69.54,4.04,20.36,White,Low_poverty,LPW,34.4549032,-118.5397604
60371241051,1294.0,32.61,14.99,62.29,Minority,Low_poverty,LPM,34.1813386,-118.3810667
60372412024,966.0,0.0,30.33,90.17,Minority,High_poverty,HPM,33.9297571,-118.2858927
60372171001,1358.0,31.3,6.26,67.31,Minority,Low_poverty,LPM,34.0500794,-118.3510605
60371047012,1956.0,2.56,41.64,97.34,Minority,High_poverty,HPM,34.2677784,-118.4161664
60376012112,1646.0,4.19,14.88,89.31,Minority,Low_poverty,LPM,33.960713,-118.3580322
60371192011,1229.0,3.99,23.43,90.64,Minority,Low_poverty,LPM,34.2431581,-118.4425561
60375521004,1078.0,6.86,2.13,70.03,Minority,Low_poverty,LPM,33.9055745,-118.0914581
60375348021,1986.0,0.5,11.28,98.03,Minority,Low_poverty,LPM,33.9712282,-118.2201322
60371310202,1755.0,12.59,6.45,84.84,Minority,Low_poverty,LPM,34.198477,-118.539499
60375535031,2906.0,2.34,12.38,95.84,Minority,Low_poverty,LPM,33.9130459,-118.1541186
60374636024,1150.0,39.3,8.39,25.3,Other,Low_poverty,LPO,34.1378654,-118.1472609
60376039005,1150.0,10.61,0.26,89.39,Minority,Low_poverty,LPM,33.8932338,-118.3585475
60371999002,1210.0,1.49,8.68,77.52,Minority,Low_poverty,LPM,34.0659551,-118.2089922
60375433064,3918.0,6.87,9.03,42.83,Other,Low_poverty,LPO,33.829017,-118.2386878
60375415001,1486.0,0.0,21.74,99.53,Minority,Low_poverty,LPM,33.9163684,-118.2252919
60374004022,2162.0,48.38,2.59,47.0,Other,Low_poverty,LPO,34.132627,-117.8396753
60372161003,669.0,60.09,5.83,29.0,White,Low_poverty,LPW,34.0566161,-118.3414777
60372703003,1359.0,16.48,9.27,74.17,Minority,Low_poverty,LPM,34.0381143,-118.3683829
60371991201,2922.0,2.29,33.65,70.53,Minority,High_poverty,HPM,34.0702395,-118.2032147
60373116005,630.0,46.67,0.0,33.97,Other,Low_poverty,LPO,34.1517318,-118.334064
60372655202,1012.0,55.53,8.4,9.39,White,Low_poverty,LPW,34.0508071,-118.4380391
60376024022,2012.0,12.18,3.78,71.82,Minority,Low_poverty,LPM,33.9122012,-118.3568154
60376018021,2510.0,1.12,1.45,93.79,Minority,Low_poverty,LPM,33.9400123,-118.3481976
60375503004,1224.0,20.67,14.12,61.19,Minority,Low_poverty,LPM,33.9285013,-118.1028922
60371031021,751.0,47.67,4.79,31.16,Other,Low_poverty,LPO,34.2637063,-118.3007801
60376013023,2093.0,14.95,21.4,83.85,Minority,Low_poverty,LPM,33.9719796,-118.3676924
60371832202,1722.0,15.91,18.59,60.62,Minority,Low_poverty,LPM,34.1185869,-118.1864746
60372971101,2382.0,17.97,28.0,70.91,Minority,Low_poverty,LPM,33.7360225,-118.2841804
60372087101,4858.0,8.65,10.54,35.32,Other,Low_poverty,LPO,34.0657276,-118.2825413
60372287201,1262.0,0.0,30.98,100.0,Minority,High_poverty,HPM,34.0025035,-118.2499452
60372197002,1088.0,3.22,18.33,92.37,Minority,Low_poverty,LPM,34.0334961,-118.3454771
60372092001,4545.0,22.73,23.08,42.16,Other,Low_poverty,LPO,34.0542091,-118.2610818
60375710004,900.0,58.11,2.11,27.67,White,Low_poverty,LPW,33.8359784,-118.1064271
60373201003,2431.0,4.15,16.7,88.89,Minority,Low_poverty,LPM,34.2951577,-118.4283479
60376506021,3165.0,24.3,10.33,16.49,Other,Low_poverty,LPO,33.8407158,-118.3567043
60372221003,613.0,6.53,1.14,80.75,Minority,Low_poverty,LPM,34.0274573,-118.3067418
60373021042,1502.0,41.28,6.19,16.84,Other,Low_poverty,LPO,34.1415352,-118.2312582
60376007022,1005.0,7.26,23.85,92.74,Minority,Low_poverty,LPM,33.9491001,-118.3242834
60376700034,1889.0,39.12,6.51,45.37,Other,Low_poverty,LPO,33.7993078,-118.3248147
60375418023,1945.0,0.41,10.64,95.73,Minority,Low_poverty,LPM,33.9099905,-118.1892387
60375013003,680.0,30.15,15.0,67.79,Minority,Low_poverty,LPM,33.9888451,-118.0517792
60376704132,2453.0,44.39,3.95,8.56,Other,Low_poverty,LPO,33.7687768,-118.3975459
60371344222,3440.0,57.03,4.42,18.89,White,Low_poverty,LPW,34.2019085,-118.6360898
60376513024,736.0,60.87,4.21,8.42,White,Low_poverty,LPW,33.8071589,-118.3767796
60374639001,1181.0,53.09,7.43,37.01,White,Low_poverty,LPW,34.1324599,-118.15476
60372051202,1430.0,0.0,42.8,99.16,Minority,High_poverty,HPM,34.0185221,-118.2134858
60375405014,1496.0,0.0,13.5,99.26,Minority,Low_poverty,LPM,33.9225038,-118.2163233
60374050021,2169.0,0.65,4.84,91.66,Minority,Low_poverty,LPM,34.1033383,-117.9467906
60373202011,911.0,1.65,18.55,95.5,Minority,Low_poverty,LPM,34.2821117,-118.4354666
60372674021,2010.0,56.52,6.88,24.72,White,Low_poverty,LPW,34.0433912,-118.464012
60371397012,1828.0,77.13,8.97,13.18,White,Low_poverty,LPW,34.1592152,-118.4921108
60375041012,1821.0,12.63,6.7,66.67,Minority,Low_poverty,LPM,33.9087322,-118.0345159
60372652022,580.0,45.69,7.69,54.31,Minority,Low_poverty,LPM,34.0630346,-118.4357209
60374307213,1211.0,42.03,11.15,17.26,Other,Low_poverty,LPO,34.1472618,-118.0387814
60376015021,2327.0,1.25,29.01,93.72,Minority,Low_poverty,LPM,33.940011,-118.3602208
60376510022,1359.0,41.35,2.59,14.12,Other,Low_poverty,LPO,33.8151595,-118.3241142
60371310203,1978.0,27.55,28.46,58.7,Minority,Low_poverty,LPM,34.1926456,-118.5392487
60374033252,1526.0,25.36,1.38,32.96,Other,Low_poverty,LPO,33.9791723,-117.8378575
60371278031,2009.0,27.38,29.03,58.34,Minority,Low_poverty,LPM,34.1993322,-118.4530718
60376022001,1777.0,22.28,13.26,51.15,Minority,Low_poverty,LPM,33.9271828,-118.368885
60374010012,450.0,71.11,3.78,23.56,White,Low_poverty,LPW,34.1378768,-117.8506402
60372141004,1519.0,91.64,1.45,5.4,White,Low_poverty,LPW,34.0736097,-118.3418587
60375753001,1019.0,17.57,39.25,49.85,Other,High_poverty,HPO,33.7866845,-118.182648
60372226003,1218.0,0.57,11.89,95.4,Minority,Low_poverty,LPM,34.0231183,-118.2978512
60375337012,1727.0,2.72,24.49,96.06,Minority,Low_poverty,LPM,33.9878059,-118.1820907
60372211102,2790.0,0.93,42.94,94.44,Minority,High_poverty,HPM,34.0456976,-118.2863136
60376003022,936.0,0.0,5.56,98.72,Minority,Low_poverty,LPM,33.9330951,-118.3068367
60372379001,954.0,0.0,21.17,93.4,Minority,Low_poverty,LPM,33.9727402,-118.3078975
60375433044,1174.0,0.77,9.8,96.6,Minority,Low_poverty,LPM,33.8501008,-118.2457487
60372128002,1020.0,30.0,12.84,53.93,Minority,Low_poverty,LPM,34.0523359,-118.3309461
60372974001,572.0,60.66,0.0,31.29,White,Low_poverty,LPW,33.7262128,-118.3147616
60372060201,8947.0,18.52,13.64,74.18,Minority,Low_poverty,LPM,34.057123,-118.2311021
60376026002,1771.0,6.44,1.69,67.08,Minority,Low_poverty,LPM,33.9139581,-118.3118457
60371994001,883.0,5.44,7.36,63.08,Minority,Low_poverty,LPM,34.0937119,-118.2081241
60372733003,765.0,65.88,11.63,29.15,White,Low_poverty,LPW,33.992847,-118.4693182
60372193003,1977.0,5.77,18.51,86.95,Minority,Low_poverty,LPM,34.0298667,-118.332968
60375320021,697.0,0.72,19.37,94.98,Minority,Low_poverty,LPM,34.0077169,-118.1152996
60372085011,875.0,10.29,23.64,44.11,Other,Low_poverty,LPO,34.0689598,-118.2704292
60371012201,1126.0,62.7,5.95,26.11,White,Low_poverty,LPW,34.2537861,-118.2817171
60372361005,586.0,4.1,4.27,74.75,Minority,Low_poverty,LPM,34.0163481,-118.3399331
60371913022,413.0,19.13,17.79,70.94,Minority,Low_poverty,LPM,34.0975659,-118.28912
60375326063,1170.0,4.44,26.47,94.79,Minority,Low_poverty,LPM,33.9804512,-118.2208261
60372672002,2098.0,77.5,14.35,9.06,White,Low_poverty,LPW,34.0457356,-118.4365187
60377006001,1177.0,95.67,2.38,0.0,White,Low_poverty,LPW,34.0780658,-118.4044812
60374814024,765.0,7.97,7.19,10.98,Other,Low_poverty,LPO,34.0882695,-118.0958526
60375033022,3616.0,17.34,1.67,70.71,Minority,Low_poverty,LPM,33.9388041,-118.0218379
60374802012,1073.0,38.49,0.0,37.47,Other,Low_poverty,LPO,34.1102758,-118.1156102
60375357012,2004.0,0.7,8.87,94.71,Minority,Low_poverty,LPM,33.9601674,-118.2040283
60371918103,806.0,43.8,15.88,51.12,Minority,Low_poverty,LPM,34.0889177,-118.3315205
60371380003,2116.0,63.94,7.66,18.9,White,Low_poverty,LPW,34.1518384,-118.6003921
60371893002,1226.0,68.27,6.36,11.99,White,Low_poverty,LPW,34.1096786,-118.3039111
60372198002,1044.0,4.98,32.38,93.78,Minority,High_poverty,HPM,34.0300679,-118.3536397
60371210101,711.0,40.65,5.77,59.35,Minority,Low_poverty,LPM,34.2175361,-118.3997946
60375711012,756.0,54.23,1.19,30.69,White,Low_poverty,LPW,33.8413498,-118.1104005
60375750023,1120.0,55.27,2.93,32.77,White,Low_poverty,LPW,33.7835634,-118.140093
60374613003,1679.0,56.58,13.28,24.54,White,Low_poverty,LPW,34.1724066,-118.1077001
60372695004,1078.0,94.9,0.0,3.43,White,Low_poverty,LPW,34.0472263,-118.3945755
60374338011,1504.0,1.73,33.71,98.2,Minority,High_poverty,HPM,34.0546664,-118.0378337
60375745001,1661.0,59.84,3.85,33.05,White,Low_poverty,LPW,33.7922531,-118.0952754
60374301014,1308.0,20.57,9.67,72.33,Minority,Low_poverty,LPM,34.1366358,-117.9815548
60371241052,1244.0,32.07,16.16,57.08,Minority,Low_poverty,LPM,34.1811357,-118.3853921
60371838202,1706.0,11.96,20.11,81.24,Minority,Low_poverty,LPM,34.1045884,-118.194414
60374040002,573.0,9.77,13.09,76.09,Minority,Low_poverty,LPM,34.1160585,-117.8858131
60377016011,507.0,80.08,0.39,0.0,White,Low_poverty,LPW,34.0436426,-118.4769552
60371898001,1524.0,67.52,14.93,25.92,White,Low_poverty,LPW,34.0980677,-118.3555325
60372675011,2137.0,53.91,12.96,18.49,White,Low_poverty,LPW,34.0424856,-118.4542291
60372288002,512.0,0.0,24.61,100.0,Minority,Low_poverty,LPM,33.9955095,-118.2435915
60371323001,3460.0,25.49,20.29,43.36,Other,Low_poverty,LPO,34.1992514,-118.5251322
60372674032,898.0,77.62,25.28,12.7,White,Low_poverty,LPW,34.04893,-118.459041
60375720011,2320.0,39.91,4.68,37.89,Other,Low_poverty,LPO,33.8228,-118.1702436
60372408002,1925.0,1.14,24.96,93.2,Minority,Low_poverty,LPM,33.9397052,-118.261893
60372933072,875.0,11.2,38.86,76.34,Minority,High_poverty,HPM,33.7882003,-118.3045858
60371903011,2109.0,44.76,14.48,40.87,Other,Low_poverty,LPO,34.1035507,-118.3107679
60375536021,3562.0,3.09,15.1,92.47,Minority,Low_poverty,LPM,33.9080496,-118.1623238
60374326021,1681.0,2.26,12.61,53.66,Minority,Low_poverty,LPM,34.0826426,-118.0050706
60372403003,1831.0,2.46,51.88,96.73,Minority,High_poverty,HPM,33.9546078,-118.281967
60372756032,624.0,31.89,12.82,40.38,Other,Low_poverty,LPO,33.9890926,-118.4086386
60376501021,666.0,29.88,0.0,29.58,Other,Low_poverty,LPO,33.8714946,-118.338025
60377007003,1879.0,93.24,1.97,0.96,White,Low_poverty,LPW,34.0717957,-118.4118719
60375405023,1659.0,3.62,34.42,94.88,Minority,High_poverty,HPM,33.9152416,-118.2108927
60374019021,867.0,80.51,3.82,16.26,White,Low_poverty,LPW,34.102744,-117.717529
60374039022,821.0,49.45,1.6,45.43,Other,Low_poverty,LPO,34.1083941,-117.8682494
60374621003,1515.0,38.81,24.29,50.76,Minority,Low_poverty,LPM,34.1652358,-118.1393237
60375540023,1107.0,31.98,0.0,59.71,Minority,Low_poverty,LPM,33.8923781,-118.1340155
60375700032,1142.0,34.59,0.0,45.09,Other,Low_poverty,LPO,33.8640608,-118.1383252
60371371032,2481.0,76.82,7.46,11.6,White,Low_poverty,LPW,34.1753005,-118.6018205
60371044012,1938.0,1.39,31.11,98.61,Minority,High_poverty,HPM,34.2650455,-118.4343858
60372347004,956.0,0.21,14.97,99.58,Minority,Low_poverty,LPM,33.9871512,-118.3353497
60372283203,900.0,0.0,27.78,100.0,Minority,Low_poverty,LPM,34.007777,-118.259047
60375766013,1255.0,43.51,21.04,48.85,Other,Low_poverty,LPO,33.7683675,-118.180476
60372713003,1314.0,62.71,6.77,13.93,White,Low_poverty,LPW,34.0266483,-118.4472848
60375022003,934.0,2.14,3.6,84.9,Minority,Low_poverty,LPM,33.9753279,-118.0771031
60375539012,1641.0,6.4,15.72,82.94,Minority,Low_poverty,LPM,33.8928386,-118.149025
60372011202,1640.0,10.73,6.89,74.27,Minority,Low_poverty,LPM,34.0947292,-118.1661707
60379200152,3542.0,67.36,2.57,24.53,White,Low_poverty,LPW,34.4744299,-118.5189384
60375517005,696.0,2.73,0.0,95.98,Minority,Low_poverty,LPM,33.9202235,-118.1536982
60372318002,3363.0,0.0,41.98,97.77,Minority,High_poverty,HPM,34.0083696,-118.2761727
60374025012,3301.0,3.73,25.59,92.79,Minority,Low_poverty,LPM,34.0528793,-117.7645708
60371172011,3819.0,6.49,21.34,75.15,Minority,Low_poverty,LPM,34.2391724,-118.4701782
60371172022,930.0,27.74,4.62,32.58,Other,Low_poverty,LPO,34.2430101,-118.4745005
60374823041,1445.0,1.73,52.87,49.55,Other,High_poverty,HPO,34.0644158,-118.1033718
60374047031,584.0,0.0,23.63,94.52,Minority,Low_poverty,LPM,34.0666422,-117.977073
60371914202,1110.0,24.23,4.41,71.98,Minority,Low_poverty,LPM,34.0851179,-118.2856625
60371276032,1296.0,15.66,26.37,81.87,Minority,Low_poverty,LPM,34.1957303,-118.4767493
60375714001,1339.0,32.64,14.59,52.27,Minority,Low_poverty,LPM,33.8438125,-118.1577385
60372264203,1717.0,2.1,37.19,90.74,Minority,High_poverty,HPM,34.0209961,-118.2551454
60373116001,956.0,80.75,15.79,13.5,White,Low_poverty,LPW,34.1484671,-118.3434544
60374041001,1336.0,13.85,9.44,77.09,Minority,Low_poverty,LPM,34.1196832,-117.8946383
60375331061,1131.0,0.62,19.27,95.31,Minority,Low_poverty,LPM,33.978083,-118.2201487
60372119101,1340.0,11.87,16.94,62.24,Minority,Low_poverty,LPM,34.068119,-118.2979314
60374308021,700.0,24.14,8.0,4.86,Other,Low_poverty,LPO,34.1261283,-118.0109188
60372756033,1036.0,48.46,2.61,12.74,Other,Low_poverty,LPO,33.9856431,-118.4094304
60372111221,1278.0,13.77,43.27,59.94,Minority,High_poverty,HPM,34.0735191,-118.2896456
60374314004,1032.0,26.84,8.14,20.44,Other,Low_poverty,LPO,34.1128525,-118.0142112
60372220022,961.0,0.0,9.16,100.0,Minority,Low_poverty,LPM,34.022771,-118.3132279
60375507005,1509.0,15.24,6.89,82.84,Minority,Low_poverty,LPM,33.9609962,-118.1385531
60375532001,1447.0,15.69,11.18,69.59,Minority,Low_poverty,LPM,33.9046732,-118.110886
60371240002,1381.0,75.81,3.33,12.67,White,Low_poverty,LPW,34.1612418,-118.3986775
60372095202,913.0,0.55,41.84,90.04,Minority,High_poverty,HPM,34.0513294,-118.278661
60371926201,1864.0,2.74,24.58,76.07,Minority,Low_poverty,LPM,34.0776975,-118.2936719
60379007011,1716.0,17.25,57.87,78.2,Minority,High_poverty,HPM,34.685323,-118.1372626
60372171002,2100.0,3.1,19.48,95.43,Minority,Low_poverty,LPM,34.0465458,-118.3528291
60371902012,1267.0,41.91,18.3,49.96,Other,Low_poverty,LPO,34.1046025,-118.3293532
60375541052,2024.0,25.35,38.74,64.38,Minority,High_poverty,HPM,33.8862656,-118.1213564
60374067021,1497.0,13.23,5.04,74.49,Minority,Low_poverty,LPM,34.0685843,-117.944661
60375511012,882.0,1.7,2.72,92.52,Minority,Low_poverty,LPM,33.9209874,-118.1226977
60374804001,911.0,18.22,16.47,44.9,Other,Low_poverty,LPO,34.1070179,-118.1266708
60374323002,1176.0,2.72,24.06,36.99,Other,Low_poverty,LPO,34.0844109,-118.0423297
60375529002,763.0,15.99,5.5,62.52,Minority,Low_poverty,LPM,33.8894247,-118.0890139
60374081351,3161.0,9.74,10.14,49.35,Other,Low_poverty,LPO,34.016299,-117.8939441
60375013006,517.0,20.5,9.48,63.44,Minority,Low_poverty,LPM,33.9917385,-118.0606219
60376502002,1139.0,18.88,2.28,30.03,Other,Low_poverty,LPO,33.8632597,-118.338094
60376030014,2386.0,2.14,26.45,83.82,Minority,Low_poverty,LPM,33.9016365,-118.2983336
60372326002,1957.0,0.31,38.73,97.55,Minority,High_poverty,HPM,33.9920814,-118.2980152
60375527002,980.0,6.63,2.04,78.98,Minority,Low_poverty,LPM,33.8982475,-118.0711582
60374051012,2037.0,5.79,12.13,79.38,Minority,Low_poverty,LPM,34.0964842,-117.9640396
60376099002,1125.0,32.18,8.13,51.92,Minority,Low_poverty,LPM,33.7396375,-118.3041282
60376200021,1122.0,53.92,10.85,22.91,White,Low_poverty,LPW,33.9186877,-118.4078108
60375717032,1874.0,5.92,12.01,84.16,Minority,Low_poverty,LPM,33.846493,-118.1917431
60376200023,978.0,79.35,3.78,7.57,White,Low_poverty,LPW,33.9217457,-118.4094361
60374055003,987.0,9.12,10.44,87.64,Minority,Low_poverty,LPM,34.073858,-117.9309608
60371340022,2563.0,30.08,10.53,52.13,Minority,Low_poverty,LPM,34.2026924,-118.5855271
60379005012,2762.0,17.41,25.25,80.56,Minority,Low_poverty,LPM,34.6779703,-118.128592
60374026003,1791.0,22.95,19.26,75.6,Minority,Low_poverty,LPM,34.0638698,-117.7414096
60372716002,1023.0,66.76,6.55,18.57,White,Low_poverty,LPW,34.0218322,-118.4352116
60377021022,685.0,82.77,4.82,4.23,White,Low_poverty,LPW,34.0014058,-118.4736175
60375431002,710.0,1.69,49.72,96.47,Minority,High_poverty,HPM,33.8822633,-118.256167
60372406001,1454.0,0.0,17.54,100.0,Minority,Low_poverty,LPM,33.9505972,-118.2684067
60374827013,638.0,0.31,2.86,84.8,Minority,Low_poverty,LPM,34.0352275,-118.1462806
60373111002,1358.0,56.41,8.39,27.76,White,Low_poverty,LPW,34.1830005,-118.3542908
60371273001,2355.0,19.58,19.96,65.22,Minority,Low_poverty,LPM,34.2103766,-118.4696995
60375513001,2216.0,9.12,9.79,83.8,Minority,Low_poverty,LPM,33.9332191,-118.1295485
60372186002,649.0,17.72,23.84,77.66,Minority,Low_poverty,LPM,34.0369422,-118.3402103
60375700014,1279.0,35.89,16.03,23.92,Other,Low_poverty,LPO,33.8672998,-118.1211697
60377002004,1083.0,98.43,8.68,1.57,White,Low_poverty,LPW,34.0893085,-118.3678023
60371112051,1562.0,25.03,2.62,26.57,Other,Low_poverty,LPO,34.2541171,-118.5401583
60375321011,2408.0,2.95,12.08,88.75,Minority,Low_poverty,LPM,34.0025179,-118.1030956
60374044024,816.0,7.6,0.81,85.17,Minority,Low_poverty,LPM,34.1161373,-117.9106195
60376025082,2129.0,8.64,14.75,80.74,Minority,Low_poverty,LPM,33.9109972,-118.3416644
60371131011,1525.0,59.02,9.05,25.31,White,Low_poverty,LPW,34.2687951,-118.5856516
60375432021,1025.0,1.17,17.56,73.36,Minority,Low_poverty,LPM,33.8847878,-118.2197472
60374034061,2955.0,23.96,9.88,27.34,Other,Low_poverty,LPO,34.0450793,-117.8556711
60375509011,2206.0,11.38,18.44,78.42,Minority,Low_poverty,LPM,33.9442913,-118.1334784
60374311005,590.0,48.47,11.02,49.49,Other,Low_poverty,LPO,34.125804,-118.001894
60371330001,1666.0,36.37,6.0,52.16,Minority,Low_poverty,LPM,34.1974007,-118.555693
60372732004,1008.0,52.88,11.01,42.85,White,Low_poverty,LPW,33.9942723,-118.4660844
60375725001,1725.0,8.46,41.91,66.72,Minority,High_poverty,HPM,33.8136083,-118.2181487
60374817121,2798.0,0.96,9.86,19.01,Other,Low_poverty,LPO,34.0665096,-118.1100284
60379200355,2106.0,23.27,6.89,47.72,Other,Low_poverty,LPO,34.4196987,-118.4605569
60372032001,3838.0,1.69,18.12,97.18,Minority,Low_poverty,LPM,34.0533271,-118.1973883
60371247004,1182.0,73.27,1.1,14.29,White,Low_poverty,LPW,34.1594276,-118.4181409
60371374013,2094.0,74.4,8.64,16.53,White,Low_poverty,LPW,34.1613811,-118.6133292
60375408001,364.0,0.0,4.95,98.08,Minority,Low_poverty,LPM,33.9214909,-118.248791
60374819012,604.0,38.41,22.02,25.17,Other,Low_poverty,LPO,34.0723217,-118.1497868
60375713002,792.0,57.2,0.0,34.47,White,Low_poverty,LPW,33.8356188,-118.1500635
60376030041,1549.0,4.45,12.25,56.94,Minority,Low_poverty,LPM,33.8933016,-118.2965026
60375336033,1428.0,5.04,38.94,93.63,Minority,High_poverty,HPM,33.9715148,-118.1901636
60374303022,1015.0,57.64,5.66,13.6,White,Low_poverty,LPW,34.1545174,-117.9952524
60372702003,1495.0,21.07,6.56,64.49,Minority,Low_poverty,LPM,34.0341437,-118.3807589
60375019002,1098.0,16.3,13.02,74.41,Minority,Low_poverty,LPM,33.9524865,-118.02509
60374613001,564.0,57.27,0.71,2.84,White,Low_poverty,LPW,34.1769598,-118.1262512
60372377101,1879.0,0.0,34.7,96.17,Minority,High_poverty,HPM,33.9726807,-118.2893154
60372912201,878.0,0.57,14.24,82.0,Minority,Low_poverty,LPM,33.8808211,-118.2872726
60379008051,1142.0,29.33,1.23,64.8,Minority,Low_poverty,LPM,34.7003476,-118.1614315
60372323003,995.0,1.51,17.09,97.28,Minority,Low_poverty,LPM,33.9984834,-118.2988477
60377013042,1852.0,69.22,14.85,14.85,White,Low_poverty,LPW,34.0287512,-118.507027
60372182103,1124.0,15.04,26.16,82.12,Minority,Low_poverty,LPM,34.0416426,-118.3410336
60375544041,1483.0,6.61,1.55,83.88,Minority,Low_poverty,LPM,33.876627,-118.1295425
60379008031,2248.0,26.6,32.67,68.51,Minority,High_poverty,HPM,34.7074483,-118.1526625
60373005013,1164.0,47.16,2.07,12.54,Other,Low_poverty,LPO,34.2248059,-118.2465319
60372405003,1476.0,0.0,38.21,100.0,Minority,High_poverty,HPM,33.9432949,-118.2749163
60376024024,1526.0,12.06,5.9,80.14,Minority,Low_poverty,LPM,33.906496,-118.3562424
60373001004,1589.0,74.76,7.74,13.41,White,Low_poverty,LPW,34.2433174,-118.2375599
60371210102,1659.0,40.2,23.57,31.64,Other,Low_poverty,LPO,34.223913,-118.403944
60375355022,3044.0,1.45,12.35,92.87,Minority,Low_poverty,LPM,33.961479,-118.2170626
60377021021,1186.0,69.39,23.27,5.57,White,Low_poverty,LPW,33.9977319,-118.4846381
60374810012,2282.0,18.67,11.91,23.84,Other,Low_poverty,LPO,34.0889514,-118.1318128
60372675013,2105.0,45.7,4.66,38.19,Other,Low_poverty,LPO,34.0398002,-118.4584162
60372723012,1068.0,50.28,4.33,26.4,White,Low_poverty,LPW,34.0058289,-118.4241696
60372291002,2051.0,0.24,26.62,99.02,Minority,Low_poverty,LPM,33.9907792,-118.2520929
60371047013,907.0,0.88,17.75,99.12,Minority,Low_poverty,LPM,34.2657099,-118.4190097
60374308031,954.0,16.67,4.61,1.05,Other,Low_poverty,LPO,34.1203718,-118.0245953
60371242012,1502.0,37.62,13.32,55.13,Minority,Low_poverty,LPM,34.181689,-118.3757637
60374303024,994.0,52.92,2.41,31.28,White,Low_poverty,LPW,34.1534555,-118.0007617
60375007003,1643.0,1.77,5.78,95.86,Minority,Low_poverty,LPM,33.9922493,-118.0936182
60372184002,1103.0,20.49,14.51,75.43,Minority,Low_poverty,LPM,34.0391735,-118.3556783
60374084021,1342.0,15.13,12.97,67.29,Minority,Low_poverty,LPM,34.0132002,-117.985456
60375515021,1775.0,14.42,3.75,74.14,Minority,Low_poverty,LPM,33.9333923,-118.1478376
60375440013,1148.0,9.06,2.53,64.19,Minority,Low_poverty,LPM,33.8377648,-118.2182192
60375710006,1446.0,49.65,2.84,30.57,Other,Low_poverty,LPO,33.8413292,-118.1038876
60371061142,1522.0,1.77,20.3,95.99,Minority,Low_poverty,LPM,34.297781,-118.421895
60375337022,844.0,0.0,23.93,100.0,Minority,Low_poverty,LPM,33.9832997,-118.1804647
60376014011,2136.0,3.28,11.75,86.28,Minority,Low_poverty,LPM,33.963843,-118.3640638
60371341042,2059.0,22.88,6.65,42.89,Other,Low_poverty,LPO,34.211956,-118.5732007
60375424022,1041.0,0.0,5.38,100.0,Minority,Low_poverty,LPM,33.8830778,-118.2140608
60374611001,969.0,47.78,6.91,42.93,Other,Low_poverty,LPO,34.1854835,-118.1346186
60375401014,2156.0,1.62,2.04,95.27,Minority,Low_poverty,LPM,33.9326585,-118.1957294
60372932022,2460.0,1.3,26.29,78.9,Minority,Low_poverty,LPM,33.822339,-118.3034036
60375416052,2131.0,0.0,10.14,99.72,Minority,Low_poverty,LPM,33.8997227,-118.2107952
60372911302,1883.0,2.39,15.4,88.0,Minority,Low_poverty,LPM,33.9055276,-118.2894257
60379008052,2656.0,23.53,17.56,71.53,Minority,Low_poverty,LPM,34.6916864,-118.1576869
60372422004,1482.0,0.0,42.24,100.0,Minority,High_poverty,HPM,33.9477972,-118.2424301
60372376004,924.0,0.0,18.94,90.69,Minority,Low_poverty,LPM,33.9770488,-118.2837663
60372343003,1085.0,13.64,11.8,76.4,Minority,Low_poverty,LPM,34.006555,-118.3322203
60375709014,584.0,55.48,0.0,29.62,White,Low_poverty,LPW,33.848425,-118.1132396
60372352023,830.0,4.58,12.05,90.96,Minority,Low_poverty,LPM,33.9690754,-118.3297491
60375772004,1894.0,61.51,13.04,32.21,White,Low_poverty,LPW,33.7646664,-118.1505493
60373116003,607.0,62.6,14.99,12.68,White,Low_poverty,LPW,34.1522867,-118.3455348
60376032001,1303.0,7.83,6.68,74.98,Minority,Low_poverty,LPM,33.8674556,-118.3058549
60375511011,1572.0,5.98,15.39,70.61,Minority,Low_poverty,LPM,33.9225313,-118.1294891
60374603021,1056.0,28.69,9.85,64.01,Minority,Low_poverty,LPM,34.194625,-118.1628547
60372738003,416.0,75.72,5.77,17.79,White,Low_poverty,LPW,33.9897933,-118.4585286
60371021052,954.0,26.0,14.88,68.14,Minority,Low_poverty,LPM,34.2086145,-118.3470887
60373022012,1294.0,87.64,35.78,3.32,White,High_poverty,HPW,34.1435413,-118.2452143
60372409004,1201.0,0.0,29.14,100.0,Minority,Low_poverty,LPM,33.9351454,-118.2668623
60375759021,1426.0,54.21,33.38,27.7,White,High_poverty,HPW,33.7723166,-118.1937154
60372243201,1824.0,4.44,25.93,89.2,Minority,Low_poverty,LPM,34.0433865,-118.2795628
60371864041,1809.0,11.83,16.09,73.24,Minority,Low_poverty,LPM,34.1053296,-118.2348773
60372182203,906.0,6.95,6.84,90.4,Minority,Low_poverty,LPM,34.0413567,-118.3379729
60377028031,648.0,17.44,17.44,46.14,Other,Low_poverty,LPO,33.9978591,-118.4240579
60374058001,1792.0,21.88,5.86,54.46,Minority,Low_poverty,LPM,34.1035783,-117.9033682
60371041081,2295.0,5.62,11.98,90.63,Minority,Low_poverty,LPM,34.270031,-118.4037455
60372168004,583.0,77.87,9.61,11.49,White,Low_poverty,LPW,34.0566328,-118.3744202
60375326031,1124.0,0.44,21.44,99.55,Minority,Low_poverty,LPM,33.9852462,-118.235021
60375303021,1082.0,0.0,10.07,97.23,Minority,Low_poverty,LPM,34.0294142,-118.145581
60376700031,870.0,58.28,1.29,38.62,White,Low_poverty,LPW,33.8003536,-118.3201896
60371042013,1588.0,0.38,25.5,99.63,Minority,Low_poverty,LPM,34.2836834,-118.4193592
60374641001,1172.0,42.15,0.0,10.15,Other,Low_poverty,LPO,34.113615,-118.1372182
60372392023,1813.0,0.39,15.75,99.61,Minority,Low_poverty,LPM,33.983794,-118.2717395
60375334012,1434.0,1.12,11.58,98.88,Minority,Low_poverty,LPM,33.9932561,-118.1881996
60375538021,1068.0,9.08,29.12,81.93,Minority,Low_poverty,LPM,33.8855285,-118.1643537
60375342031,1411.0,1.7,27.92,98.3,Minority,Low_poverty,LPM,33.9605863,-118.1516267
60375546002,1663.0,12.75,14.46,36.32,Other,Low_poverty,LPO,33.8838606,-118.0920604
60375715022,592.0,48.65,5.24,40.55,Other,Low_poverty,LPO,33.8410753,-118.1811002
60372400202,1240.0,0.0,37.34,100.0,Minority,High_poverty,HPM,33.954255,-118.2629569
60374308011,565.0,2.83,3.19,37.17,Other,Low_poverty,LPO,34.1415873,-118.0261786
60375026012,806.0,8.31,8.19,90.32,Minority,Low_poverty,LPM,33.9569022,-118.0924277
60375530001,774.0,15.89,1.17,78.68,Minority,Low_poverty,LPM,33.8987346,-118.1011442
60375362002,1867.0,8.57,14.35,88.32,Minority,Low_poverty,LPM,33.919459,-118.1690995
60376012122,3307.0,2.66,27.88,95.22,Minority,Low_poverty,LPM,33.9547078,-118.3582199
60373015011,765.0,80.13,1.7,13.85,White,Low_poverty,LPW,34.1730039,-118.2838692
60372383201,1691.0,1.83,53.82,98.16,Minority,High_poverty,HPM,33.9621484,-118.2893148
60372047003,1849.0,2.11,34.61,97.89,Minority,High_poverty,HPM,34.0276034,-118.214549
60371920021,434.0,80.65,3.46,10.37,White,Low_poverty,LPW,34.0836613,-118.3593864
60375313014,1546.0,0.0,24.97,100.0,Minority,Low_poverty,LPM,34.0221725,-118.1866331
60374624004,765.0,48.89,12.03,40.78,Other,Low_poverty,LPO,34.1627272,-118.1310192
60371043201,2823.0,4.25,11.34,93.34,Minority,Low_poverty,LPM,34.2757626,-118.4167925
60375428002,998.0,0.5,30.56,99.5,Minority,High_poverty,HPM,33.8979051,-118.2443043
60376703281,779.0,79.97,5.65,4.62,White,Low_poverty,LPW,33.7768357,-118.4204409
60375029013,1058.0,23.44,15.12,73.44,Minority,Low_poverty,LPM,33.9494977,-118.0415838
60374009002,1977.0,51.44,5.97,34.59,White,Low_poverty,LPW,34.1295257,-117.8766833
60374044011,735.0,11.29,4.16,78.5,Minority,Low_poverty,LPM,34.1299075,-117.9111739
60372698002,1914.0,42.58,6.53,25.44,Other,Low_poverty,LPO,34.0314571,-118.3948108
60375742014,411.0,80.78,3.41,5.59,White,Low_poverty,LPW,33.7982939,-118.1283584
60374800122,654.0,22.17,0.0,22.94,Other,Low_poverty,LPO,34.1161735,-118.0702361
60372242001,1984.0,2.27,27.52,95.77,Minority,Low_poverty,LPM,34.0419368,-118.2756728
60375700021,630.0,25.24,4.6,31.43,Other,Low_poverty,LPO,33.8668784,-118.1282131
60372283102,1398.0,1.0,14.74,98.21,Minority,Low_poverty,LPM,34.0107249,-118.258571
60372351001,938.0,2.67,13.17,93.6,Minority,Low_poverty,LPM,33.9860914,-118.3406404
60375736012,978.0,48.57,14.21,42.64,Other,Low_poverty,LPO,33.8236432,-118.1295509
60374034032,1415.0,2.47,9.54,19.01,Other,Low_poverty,LPO,34.0234349,-117.8421212
60374073023,1114.0,0.9,26.56,92.01,Minority,Low_poverty,LPM,34.0372803,-117.9577981
60371222003,651.0,19.2,25.19,80.8,Minority,Low_poverty,LPM,34.2196822,-118.364664
60371066451,1669.0,69.92,3.12,20.73,White,Low_poverty,LPW,34.2834307,-118.4871051
60375433223,2790.0,4.23,8.67,93.62,Minority,Low_poverty,LPM,33.8495177,-118.2576868
60371371042,1002.0,71.26,14.97,9.78,White,Low_poverty,LPW,34.1738001,-118.5756615
60374334021,1951.0,2.51,23.53,78.22,Minority,Low_poverty,LPM,34.060709,-118.0330807
60372945101,1862.0,3.92,2.74,95.65,Minority,Low_poverty,LPM,33.7886605,-118.271823
60374311003,1141.0,25.68,13.23,62.4,Minority,Low_poverty,LPM,34.1406495,-118.0007439
60372654202,1077.0,65.09,10.31,12.26,White,Low_poverty,LPW,34.0686151,-118.4595769
60372770004,866.0,82.1,0.0,15.36,White,Low_poverty,LPW,33.9750374,-118.3980012
60374333072,736.0,1.36,33.43,95.11,Minority,High_poverty,HPM,34.0657839,-118.0092771
60371224102,1165.0,1.55,26.52,90.56,Minority,Low_poverty,LPM,34.2031072,-118.3918813
60371096011,480.0,28.54,6.67,67.09,Minority,Low_poverty,LPM,34.2604706,-118.4560318
60372313004,800.0,5.0,6.63,85.76,Minority,Low_poverty,LPM,34.0167051,-118.3063478
60375327001,1276.0,1.1,25.16,98.91,Minority,Low_poverty,LPM,33.987578,-118.244438
60374085032,925.0,16.86,0.43,61.73,Minority,Low_poverty,LPM,33.9847678,-117.9764886
60374006021,1021.0,29.19,3.41,60.04,Minority,Low_poverty,LPM,34.142601,-117.9057393
60374823014,954.0,0.0,28.09,25.89,Other,Low_poverty,LPO,34.0739743,-118.1016585
60375014001,1110.0,11.08,5.55,84.05,Minority,Low_poverty,LPM,33.9845496,-118.045065
60372378004,1098.0,2.19,20.31,97.81,Minority,Low_poverty,LPM,33.9718252,-118.3024609
60371351023,1267.0,61.72,3.31,26.28,White,Low_poverty,LPW,34.1874829,-118.6211193
60372380003,662.0,5.29,1.52,90.03,Minority,Low_poverty,LPM,33.9497546,-118.306825
60376020021,1023.0,2.64,9.19,92.96,Minority,Low_poverty,LPM,33.9295052,-118.3407219
60375431006,839.0,0.0,10.73,95.95,Minority,Low_poverty,LPM,33.8846431,-118.2601311
60376507025,896.0,66.85,2.23,2.12,White,Low_poverty,LPW,33.8349933,-118.3718434
60372141002,959.0,71.85,6.88,22.73,White,Low_poverty,LPW,34.0757609,-118.3370715
60375361043,1420.0,2.75,26.06,97.25,Minority,Low_poverty,LPM,33.9436562,-118.1787773
60374805001,1596.0,55.95,20.86,9.71,White,Low_poverty,LPW,34.1087148,-118.1396077
60375317012,2380.0,1.18,23.78,98.24,Minority,Low_poverty,LPM,34.0205545,-118.1524241
60375548011,1966.0,1.98,21.09,91.25,Minority,Low_poverty,LPM,33.8785083,-118.0786666
60376009122,2264.0,3.98,19.26,96.02,Minority,Low_poverty,LPM,33.9732326,-118.3433553
60375338031,1461.0,0.55,6.02,99.45,Minority,Low_poverty,LPM,33.9795116,-118.1838381
60374055006,1030.0,15.83,5.63,56.79,Minority,Low_poverty,LPM,34.0810509,-117.929667
60377002005,2168.0,60.24,13.1,14.11,White,Low_poverty,LPW,34.0942512,-118.3674949
60371246001,579.0,75.13,11.05,5.18,White,Low_poverty,LPW,34.166606,-118.4268721
60375549004,3324.0,15.25,4.57,49.34,Other,Low_poverty,LPO,33.8639455,-118.0845317
60371918203,817.0,30.23,17.63,62.67,Minority,Low_poverty,LPM,34.0852978,-118.3271484
60375759013,575.0,13.04,9.91,74.61,Minority,Low_poverty,LPM,33.7706185,-118.2016217
60375400004,2515.0,1.07,18.67,97.7,Minority,Low_poverty,LPM,33.921821,-118.179495
60372402003,1773.0,1.02,39.42,98.99,Minority,High_poverty,HPM,33.9582738,-118.2749428
60372168001,710.0,65.77,2.11,24.93,White,Low_poverty,LPW,34.0574357,-118.3681364
60372113202,2518.0,13.66,31.57,66.44,Minority,High_poverty,HPM,34.0708552,-118.2953864
60372393302,1421.0,0.0,37.02,100.0,Minority,High_poverty,HPM,33.9767675,-118.267358
60373012042,2372.0,46.29,15.89,33.09,Other,Low_poverty,LPO,34.1625594,-118.2576296
60377028021,889.0,42.18,13.05,47.47,Other,Low_poverty,LPO,34.0083384,-118.4171457
60372346002,1072.0,0.0,9.79,99.44,Minority,Low_poverty,LPM,33.9899838,-118.3243366
60375411001,1123.0,0.0,16.56,99.64,Minority,Low_poverty,LPM,33.9005926,-118.2559146
60372628023,1387.0,65.68,2.09,24.51,White,Low_poverty,LPW,34.0470852,-118.5027099
60374800021,818.0,30.2,9.43,22.49,Other,Low_poverty,LPO,34.1233171,-118.0881409
60374621001,1109.0,23.99,7.66,58.52,Minority,Low_poverty,LPM,34.1653118,-118.1347276
60372717014,1480.0,31.22,12.77,35.0,Other,Low_poverty,LPO,34.023497,-118.4164566
60371247002,1237.0,72.51,14.96,18.27,White,Low_poverty,LPW,34.1630554,-118.4181421
60375700034,368.0,33.42,13.86,60.05,Minority,Low_poverty,LPM,33.8621004,-118.1443917
60371349051,4552.0,57.38,12.83,24.32,White,Low_poverty,LPW,34.1833588,-118.5842954
60372723022,1923.0,42.8,7.54,45.09,Other,Low_poverty,LPO,34.0002068,-118.4249758
60374640005,1498.0,28.3,3.89,50.6,Minority,Low_poverty,LPM,34.1311481,-118.1473053
60372163002,1362.0,71.51,4.63,2.57,White,Low_poverty,LPW,34.0594023,-118.3590701
60376500031,1760.0,18.13,10.63,40.74,Other,Low_poverty,LPO,33.8769935,-118.3389437
60375703032,2481.0,7.9,28.46,74.16,Minority,Low_poverty,LPM,33.8605556,-118.1940686
60374814023,1125.0,13.69,32.0,22.84,Other,High_poverty,HPO,34.0776312,-118.0914296
60374041002,1589.0,4.72,0.0,85.34,Minority,Low_poverty,LPM,34.1156829,-117.8933765
60375302021,1157.0,4.06,6.3,80.64,Minority,Low_poverty,LPM,34.0300208,-118.1416706
60372400101,871.0,0.0,20.09,98.62,Minority,Low_poverty,LPM,33.9582966,-118.2683955
60374303025,1126.0,46.0,2.79,41.57,Other,Low_poverty,LPO,34.1540303,-118.0087224
60372346004,1703.0,11.63,3.77,73.69,Minority,Low_poverty,LPM,33.9924368,-118.3335292
60373109006,913.0,72.62,17.31,14.02,White,Low_poverty,LPW,34.1763317,-118.3342157
60375714004,1204.0,53.9,4.98,20.02,White,Low_poverty,LPW,33.8379849,-118.1625033
60374060002,1677.0,17.77,3.29,62.14,Minority,Low_poverty,LPM,34.0959892,-117.9035009
60371911201,1900.0,35.74,14.79,37.21,Other,Low_poverty,LPO,34.0929802,-118.3025472
60372111212,1392.0,16.31,14.15,40.08,Other,Low_poverty,LPO,34.07108,-118.2855709
60375416061,1383.0,0.87,27.77,99.13,Minority,Low_poverty,LPM,33.8996593,-118.2171175
60372411201,1415.0,0.85,23.71,96.11,Minority,Low_poverty,LPM,33.9324637,-118.2766596
60375357013,1871.0,1.18,16.25,98.82,Minority,Low_poverty,LPM,33.9606693,-118.2088442
60375019003,823.0,35.84,2.31,63.18,Minority,Low_poverty,LPM,33.9556982,-118.0312197
60371237002,817.0,78.21,5.51,18.73,White,Low_poverty,LPW,34.1848472,-118.4085823
60375707011,911.0,35.46,0.99,50.06,Minority,Low_poverty,LPM,33.8575114,-118.144274
60375769013,1544.0,13.99,29.08,72.35,Minority,Low_poverty,LPM,33.7807864,-118.1627565
60372051201,2118.0,1.13,38.1,97.69,Minority,High_poverty,HPM,34.0195626,-118.2059207
60375402012,1264.0,0.0,10.05,100.0,Minority,Low_poverty,LPM,33.9384794,-118.2126145
60373010001,1056.0,60.89,34.56,16.39,White,High_poverty,HPW,34.1547372,-118.2340087
60371237003,1532.0,44.65,20.3,47.91,Other,Low_poverty,LPO,34.181227,-118.4084245
60372195002,1363.0,12.91,6.31,72.2,Minority,Low_poverty,LPM,34.0211304,-118.3429827
60375749011,705.0,69.79,12.91,26.81,White,Low_poverty,LPW,33.7926894,-118.1188073
60371956003,555.0,48.83,7.03,36.93,Other,Low_poverty,LPO,34.0819677,-118.2653791
60374057022,2474.0,18.55,4.93,59.74,Minority,Low_poverty,LPM,34.0883656,-117.9121403
60375524001,379.0,1.58,12.14,75.46,Minority,Low_poverty,LPM,33.8981664,-118.046788
60371064061,3703.0,24.41,7.35,68.59,Minority,Low_poverty,LPM,34.3238,-118.4638376
60372716004,1792.0,36.16,23.49,18.19,Other,Low_poverty,LPO,34.023175,-118.4282073
60376508002,1313.0,27.65,14.85,5.33,Other,Low_poverty,LPO,33.8281308,-118.3418939
60375316042,1676.0,3.7,22.49,96.3,Minority,Low_poverty,LPM,34.0227238,-118.1627543
60371924102,889.0,29.13,27.45,42.29,Other,Low_poverty,LPO,34.0817942,-118.3152871
60374808034,816.0,9.56,11.03,79.65,Minority,Low_poverty,LPM,34.092884,-118.158338
60374811034,514.0,5.84,4.67,28.6,Other,Low_poverty,LPO,34.0907736,-118.095206
60375344052,1241.0,1.13,27.32,98.87,Minority,Low_poverty,LPM,33.9640125,-118.1826226
60375436031,2234.0,25.25,5.76,46.2,Other,Low_poverty,LPO,33.8010659,-118.2939072
60375432011,1512.0,5.16,11.97,92.39,Minority,Low_poverty,LPM,33.8845984,-118.2387765
60376008014,1536.0,0.2,8.98,94.08,Minority,Low_poverty,LPM,33.9679201,-118.3242789
60371152011,2237.0,60.3,16.07,24.9,White,Low_poverty,LPW,34.2400212,-118.5382645
60377032002,1123.0,1.25,0.0,94.12,Minority,Low_poverty,LPM,34.000473,-118.3379431
60372227001,4071.0,42.1,78.84,21.17,Other,High_poverty,HPO,34.0209197,-118.2856809
60372912203,991.0,4.04,42.08,80.22,Minority,High_poverty,HPM,33.877065,-118.2835774
60371393013,1758.0,73.38,10.86,13.6,White,Low_poverty,LPW,34.1768395,-118.5471384
60372312201,2640.0,1.59,35.57,89.24,Minority,High_poverty,HPM,34.0161373,-118.293704
60375545181,1190.0,15.04,0.0,18.06,Other,Low_poverty,LPO,33.8723913,-118.0336769
60376031023,1020.0,25.98,22.94,45.78,Other,Low_poverty,LPO,33.8747069,-118.2949379
60372430003,2046.0,1.03,24.05,96.97,Minority,Low_poverty,LPM,33.9409308,-118.2314186
60376500011,1479.0,24.68,35.02,32.52,Other,High_poverty,HPO,33.8832386,-118.3155531
60375353001,1450.0,0.0,3.24,100.0,Minority,Low_poverty,LPM,33.9617027,-118.2407644
60377023005,1805.0,66.2,10.75,7.09,White,Low_poverty,LPW,34.0215036,-118.4566391
60379200292,1485.0,53.2,4.65,38.12,White,Low_poverty,LPW,34.4286084,-118.4854663
60375533002,967.0,16.55,12.1,68.25,Minority,Low_poverty,LPM,33.9009119,-118.1403262
60375015034,1711.0,8.01,10.64,81.0,Minority,Low_poverty,LPM,33.9845314,-118.0396898
60375401024,1391.0,0.0,23.51,98.42,Minority,Low_poverty,LPM,33.924673,-118.1965707
60375770005,679.0,79.68,4.71,16.35,White,Low_poverty,LPW,33.77859,-118.1324908
60372111203,1605.0,2.18,18.01,42.18,Other,Low_poverty,LPO,34.0659346,-118.2863917
60375545141,1583.0,9.98,2.92,35.63,Other,Low_poverty,LPO,33.8782965,-118.0692402
60372753111,839.0,47.2,11.8,39.45,Other,Low_poverty,LPO,33.9940755,-118.4278644
60375342011,3174.0,1.95,35.17,97.52,Minority,High_poverty,HPM,33.9602546,-118.1679798
60376500042,871.0,14.12,14.58,31.11,Other,Low_poverty,LPO,33.8773115,-118.3294691
60375527003,1477.0,17.06,2.44,70.75,Minority,Low_poverty,LPM,33.8983723,-118.074727
60375770003,983.0,74.16,4.48,19.54,White,Low_poverty,LPW,33.7780555,-118.1469801
60375332022,1662.0,0.0,12.64,99.52,Minority,Low_poverty,LPM,33.9783289,-118.2081332
60375336021,2027.0,1.48,8.56,98.52,Minority,Low_poverty,LPM,33.9777581,-118.2019789
60376034002,1419.0,22.62,3.59,42.77,Other,Low_poverty,LPO,33.8901931,-118.3127245
60372976012,789.0,35.99,6.72,49.68,Other,Low_poverty,LPO,33.7088571,-118.2869206
60375329003,3576.0,0.0,30.7,99.27,Minority,High_poverty,HPM,33.9774003,-118.2542169
60371431003,2350.0,51.19,7.15,33.06,White,Low_poverty,LPW,34.1501345,-118.3626374
60372183003,802.0,14.59,5.24,79.93,Minority,Low_poverty,LPM,34.0427831,-118.353865
60372060102,1461.0,0.0,35.73,92.26,Minority,High_poverty,HPM,34.0640019,-118.2289441
60375414001,2389.0,0.13,62.87,94.9,Minority,High_poverty,HPM,33.9170076,-118.2352714
60375413002,333.0,0.0,0.0,100.0,Minority,Low_poverty,LPM,33.9072157,-118.237613
60375745003,1380.0,57.17,0.0,28.62,White,Low_poverty,LPW,33.7848674,-118.1050118
60375430005,1090.0,0.0,2.11,97.07,Minority,Low_poverty,LPM,33.8900129,-118.2638634
60376208006,834.0,46.52,0.0,9.6,Other,Low_poverty,LPO,33.8764709,-118.3938331
60371319004,1370.0,20.8,19.62,53.87,Minority,Low_poverty,LPM,34.2051231,-118.5167327
60374307211,876.0,51.83,3.44,11.76,White,Low_poverty,LPW,34.1380813,-118.0419709
60374300034,648.0,47.69,7.87,24.23,Other,Low_poverty,LPO,34.1481956,-117.9397403
60372970002,727.0,59.42,0.0,39.2,White,Low_poverty,LPW,33.7343436,-118.3100131
60375700012,716.0,40.64,2.51,35.76,Other,Low_poverty,LPO,33.8601136,-118.1147752
60372403002,1165.0,0.0,38.88,98.97,Minority,High_poverty,HPM,33.9575776,-118.2848273
60374010022,1211.0,57.23,13.79,31.96,White,Low_poverty,LPW,34.1415072,-117.8658898
60376206021,1265.0,67.04,5.53,16.92,White,Low_poverty,LPW,33.8609472,-118.3585853
60371251004,958.0,59.19,4.38,17.22,White,Low_poverty,LPW,34.1603373,-118.394303
60374086242,944.0,11.33,6.39,27.02,Other,Low_poverty,LPO,33.9911249,-117.9531991
60374819013,1433.0,19.33,4.47,47.1,Other,Low_poverty,LPO,34.0733475,-118.1568216
60375551041,2441.0,26.1,11.76,47.73,Other,Low_poverty,LPO,33.8361953,-118.0655043
60375702031,2576.0,4.46,19.99,87.69,Minority,Low_poverty,LPM,33.8787349,-118.1553575
60374813002,1905.0,3.31,10.87,26.56,Other,Low_poverty,LPO,34.0767901,-118.0850912
60371241021,1535.0,23.19,35.11,74.53,Minority,High_poverty,HPM,34.17768,-118.3820419
60379203222,1445.0,79.24,8.8,16.47,White,Low_poverty,LPW,34.3831879,-118.5473865
60375024023,2244.0,3.7,4.69,95.99,Minority,Low_poverty,LPM,33.9721752,-118.0911572
60372181202,765.0,2.75,11.63,73.07,Minority,Low_poverty,LPM,34.0420439,-118.3196624
60375749014,936.0,67.41,9.51,25.53,White,Low_poverty,LPW,33.7937037,-118.1306671
60374006032,1306.0,25.73,6.74,69.21,Minority,Low_poverty,LPM,34.1436336,-117.9127711
60376025083,1121.0,5.53,13.74,92.68,Minority,Low_poverty,LPM,33.9109923,-118.3373249
60372395013,1391.0,3.16,12.78,96.55,Minority,Low_poverty,LPM,33.972956,-118.262973
60376503003,1189.0,33.31,4.37,28.26,Other,Low_poverty,LPO,33.8670232,-118.3488593
60376704072,1461.0,33.2,4.31,18.69,Other,Low_poverty,LPO,33.775144,-118.3875728
60375312021,1465.0,0.0,9.42,97.54,Minority,Low_poverty,LPM,34.0256886,-118.1896522
60371046102,1480.0,1.01,9.46,97.03,Minority,Low_poverty,LPM,34.2574575,-118.4158408
60375356072,962.0,0.0,29.0,97.3,Minority,Low_poverty,LPM,33.9416222,-118.216915
60375015042,907.0,20.62,19.74,74.86,Minority,Low_poverty,LPM,33.9810177,-118.0366808
60375359021,1418.0,4.16,8.82,94.29,Minority,Low_poverty,LPM,33.9389023,-118.1906534
60371238002,1942.0,71.37,12.87,20.34,White,Low_poverty,LPW,34.1746456,-118.4006382
60379200382,827.0,20.92,15.6,68.68,Minority,Low_poverty,LPM,34.4252899,-118.4450627
60372362042,1053.0,4.08,57.55,92.5,Minority,High_poverty,HPM,34.0163712,-118.348728
60375004021,1371.0,0.0,7.59,100.0,Minority,Low_poverty,LPM,34.0032435,-118.0736458
60371904012,852.0,63.5,15.02,22.89,White,Low_poverty,LPW,34.1035737,-118.3012809
60371319001,1176.0,37.59,2.3,55.11,Minority,Low_poverty,LPM,34.2052275,-118.5031249
60371912031,1911.0,15.54,38.1,54.37,Minority,High_poverty,HPM,34.0944497,-118.2939035
60372766031,2096.0,68.32,4.2,22.04,White,Low_poverty,LPW,33.9564713,-118.4348339
60373108003,1319.0,48.67,23.96,37.91,Other,Low_poverty,LPO,34.1712317,-118.3189746
60371910002,1909.0,26.51,20.17,65.47,Minority,Low_poverty,LPM,34.0997562,-118.3176866
60375712001,2032.0,46.06,9.3,36.37,Other,Low_poverty,LPO,33.8432021,-118.12754
60371190025,1186.0,5.48,5.52,92.24,Minority,Low_poverty,LPM,34.2526544,-118.4350919
60375759011,1220.0,29.75,25.25,62.38,Minority,Low_poverty,LPM,33.7735714,-118.199153
60371414003,2450.0,80.29,2.33,8.12,White,Low_poverty,LPW,34.1604873,-118.479167
60375765032,2103.0,40.42,9.46,50.79,Minority,Low_poverty,LPM,33.7699899,-118.1696591
60372717013,2452.0,38.34,8.12,28.59,Other,Low_poverty,LPO,34.0271521,-118.4166802
60372755001,1307.0,35.81,22.88,50.58,Minority,Low_poverty,LPM,33.9961513,-118.4147163
60374085042,1848.0,11.96,9.96,34.69,Other,Low_poverty,LPO,33.9941062,-117.9731737
60372678003,1292.0,72.52,11.84,12.54,White,Low_poverty,LPW,34.0383613,-118.4345885
60375552121,5110.0,5.6,26.85,84.77,Minority,Low_poverty,LPM,33.8273348,-118.0662058
60375312022,2966.0,1.35,11.84,98.31,Minority,Low_poverty,LPM,34.0257728,-118.1833804
60372364001,1520.0,14.61,10.0,71.64,Minority,Low_poverty,LPM,34.0088388,-118.3495634
60373025063,1346.0,55.87,15.23,21.62,White,Low_poverty,LPW,34.1328249,-118.2448486
60379203131,1626.0,40.22,6.46,52.77,Minority,Low_poverty,LPM,34.3769585,-118.5532491
60375345023,1828.0,0.82,21.55,99.18,Minority,Low_poverty,LPM,33.9661341,-118.2011468
60376003021,1299.0,1.23,20.81,95.92,Minority,Low_poverty,LPM,33.9354693,-118.3024774
60375343022,1883.0,1.01,27.03,98.14,Minority,Low_poverty,LPM,33.9610572,-118.176536
60371345201,3714.0,14.11,16.64,69.95,Minority,Low_poverty,LPM,34.19829,-118.6022035
60372732002,956.0,40.06,32.24,59.94,Minority,High_poverty,HPM,33.9979882,-118.4679415
60372643013,2292.0,68.24,5.45,9.64,White,Low_poverty,LPW,34.0497038,-118.4623948
60375732023,2220.0,2.3,14.68,75.81,Minority,Low_poverty,LPM,33.795304,-118.1861062
60376031011,1667.0,10.44,24.12,70.07,Minority,Low_poverty,LPM,33.8869119,-118.2954722
60372948301,2986.0,0.57,26.59,97.39,Minority,Low_poverty,LPM,33.773677,-118.271086
60372013012,3034.0,3.46,24.56,76.43,Minority,Low_poverty,LPM,34.087061,-118.19011
60372361001,616.0,2.92,18.51,29.54,Other,Low_poverty,LPO,34.0147286,-118.3364172
60372932013,2238.0,18.32,1.9,61.84,Minority,Low_poverty,LPM,33.8339777,-118.3077695
60372378003,904.0,4.2,25.33,85.62,Minority,Low_poverty,LPM,33.9683142,-118.2979917
60375311012,1428.0,0.84,10.99,98.53,Minority,Low_poverty,LPM,34.0370555,-118.1885194
60372397022,797.0,0.0,16.19,100.0,Minority,Low_poverty,LPM,33.9614595,-118.271683
60372089041,2077.0,2.26,45.94,84.6,Minority,High_poverty,HPM,34.0592371,-118.2694722
60374076022,1047.0,2.29,5.73,83.29,Minority,Low_poverty,LPM,34.0282782,-117.9465216
60375718002,1105.0,70.95,1.99,23.62,White,Low_poverty,LPW,33.8290585,-118.1937863
60375311011,1057.0,0.0,47.68,100.0,Minority,High_poverty,HPM,34.0347202,-118.1895275
60372713001,775.0,71.74,2.58,3.87,White,Low_poverty,LPW,34.0281565,-118.435058
60372312101,1303.0,3.61,66.23,95.78,Minority,High_poverty,HPM,34.0168394,-118.2980089
60372044101,977.0,3.07,32.34,93.35,Minority,High_poverty,HPM,34.0464593,-118.2158732
60375547001,1526.0,3.93,13.24,75.95,Minority,Low_poverty,LPM,33.8858793,-118.073398
60372169002,867.0,34.26,0.0,57.1,Minority,Low_poverty,LPM,34.0503867,-118.3610872
60374336021,2896.0,3.21,18.96,32.63,Other,Low_poverty,LPO,34.0592472,-118.0747627
60371907002,562.0,46.8,14.41,42.71,Other,Low_poverty,LPO,34.0986808,-118.3372451
60376037041,852.0,6.22,30.4,93.31,Minority,High_poverty,HPM,33.8965482,-118.3339003
60372771003,1156.0,45.85,5.97,34.34,Other,Low_poverty,LPO,33.9632464,-118.3823169
60372383102,2493.0,2.09,44.73,97.91,Minority,High_poverty,HPM,33.966049,-118.283873
60374073022,997.0,2.91,8.53,80.84,Minority,Low_poverty,LPM,34.0397275,-117.9611773
60373111003,1104.0,62.68,14.35,20.2,White,Low_poverty,LPW,34.1793609,-118.3540373
60371173024,1953.0,32.87,17.92,42.91,Other,Low_poverty,LPO,34.2291745,-118.4998475
60373021041,784.0,27.17,13.52,48.6,Other,Low_poverty,LPO,34.1445063,-118.2316691
60372118041,901.0,6.66,29.37,13.32,Other,Low_poverty,LPO,34.0671534,-118.307859
60375407003,1073.0,0.0,10.16,100.0,Minority,Low_poverty,LPM,33.9268742,-118.2475934
60371173013,1080.0,42.69,3.06,49.08,Other,Low_poverty,LPO,34.2374941,-118.4894181
60374613004,1294.0,75.35,11.36,1.85,White,Low_poverty,LPW,34.1723162,-118.1135182
60374627002,1132.0,18.9,9.72,67.58,Minority,Low_poverty,LPM,34.1494244,-118.1103082
60374003022,1573.0,43.04,11.15,45.26,Other,Low_poverty,LPO,34.1102926,-117.7897487
60371278052,1327.0,19.89,13.34,79.2,Minority,Low_poverty,LPM,34.1921061,-118.4607269
60379106013,2577.0,19.95,22.2,78.5,Minority,Low_poverty,LPM,34.5828305,-118.0648845
60372148001,950.0,85.89,7.89,7.26,White,Low_poverty,LPW,34.0745345,-118.3731366
60377015023,1146.0,75.92,6.76,15.36,White,Low_poverty,LPW,34.0223799,-118.4910349
60375426022,2468.0,0.0,8.91,99.76,Minority,Low_poverty,LPM,33.8998081,-118.2275603
60375529001,590.0,5.93,4.24,88.31,Minority,Low_poverty,LPM,33.8912484,-118.0846164
60371233032,2338.0,30.28,21.72,61.29,Minority,Low_poverty,LPM,34.1991505,-118.4116359
60372696011,994.0,13.28,13.88,82.4,Minority,Low_poverty,LPM,34.0402016,-118.3810057
60371325022,1394.0,57.39,12.91,28.91,White,Low_poverty,LPW,34.1909357,-118.5506391
60371331001,2262.0,59.42,20.66,29.62,White,Low_poverty,LPW,34.1877594,-118.5397056
60371345211,3691.0,2.0,23.76,90.33,Minority,Low_poverty,LPM,34.2046283,-118.5952099
60372011203,807.0,9.79,5.7,84.76,Minority,Low_poverty,LPM,34.0972063,-118.1590034
60375426013,1391.0,0.36,14.95,99.64,Minority,Low_poverty,LPM,33.9052995,-118.2312534
60375503003,1028.0,42.22,0.0,57.78,Minority,Low_poverty,LPM,33.930018,-118.0970357
60375764032,2288.0,10.88,27.8,76.84,Minority,Low_poverty,LPM,33.7771569,-118.169818
60379104022,1466.0,11.19,45.02,82.0,Minority,High_poverty,HPM,34.5836088,-118.1208564
60374616001,1602.0,3.81,18.04,83.77,Minority,Low_poverty,LPM,34.1655584,-118.1526935
60372383101,2509.0,0.0,40.93,99.17,Minority,High_poverty,HPM,33.9660357,-118.2893276
60375335031,1766.0,0.4,21.46,99.6,Minority,Low_poverty,LPM,33.9855696,-118.1909589
60372691001,1659.0,78.48,4.28,12.6,White,Low_poverty,LPW,34.0508507,-118.3948628
60379203344,1430.0,60.14,1.54,25.39,White,Low_poverty,LPW,34.3918621,-118.5553255
60372407004,1421.0,0.0,38.85,97.96,Minority,High_poverty,HPM,33.9497577,-118.2629714
60374808042,2402.0,6.91,19.61,42.76,Other,Low_poverty,LPO,34.0958657,-118.1511844
60371882012,927.0,66.34,16.61,7.34,White,Low_poverty,LPW,34.1098536,-118.2670379
60372293001,2296.0,1.7,33.54,96.95,Minority,High_poverty,HPM,33.9970095,-118.2684938
60371316004,994.0,32.19,3.82,56.44,Minority,Low_poverty,LPM,34.2161921,-118.5600959
60374088002,2020.0,7.43,29.56,84.66,Minority,Low_poverty,LPM,34.0563414,-117.7520465
60375347001,4435.0,2.01,9.71,97.09,Minority,Low_poverty,LPM,33.9682908,-118.2147845
60379010093,1757.0,52.48,6.32,44.79,White,Low_poverty,LPW,34.6860977,-118.1779025
60372753022,2576.0,70.73,12.19,14.29,White,Low_poverty,LPW,33.9798033,-118.4332118
60372190201,2138.0,6.74,16.7,88.87,Minority,Low_poverty,LPM,34.0233169,-118.3241596
60372711001,877.0,64.99,5.25,11.86,White,Low_poverty,LPW,34.034288,-118.4213779
60372962101,591.0,2.03,11.68,97.96,Minority,Low_poverty,LPM,33.7490705,-118.2850608
60376006012,1238.0,2.83,10.59,93.86,Minority,Low_poverty,LPM,33.9397898,-118.324233
60375759012,927.0,11.97,36.57,71.52,Minority,High_poverty,HPM,33.7707643,-118.1993107
60375431007,1242.0,3.38,6.9,96.62,Minority,Low_poverty,LPM,33.8853427,-118.251634
60375348042,1387.0,1.37,16.58,97.19,Minority,Low_poverty,LPM,33.9611617,-118.2267026
60372075021,2888.0,23.44,36.46,15.59,Other,High_poverty,HPO,34.052707,-118.253084
60371042011,1431.0,1.68,15.94,96.16,Minority,Low_poverty,LPM,34.2891457,-118.4134567
60372721003,807.0,66.17,0.0,22.92,White,Low_poverty,LPW,34.0036321,-118.4424156
60371863011,924.0,35.06,5.3,53.89,Minority,Low_poverty,LPM,34.1225486,-118.2403687
60374015003,966.0,13.98,28.08,76.71,Minority,Low_poverty,LPM,34.1032464,-117.7863246
60375405011,612.0,1.47,23.86,98.53,Minority,Low_poverty,LPM,33.9255586,-118.2140678
60374824012,1221.0,4.83,9.58,43.57,Other,Low_poverty,LPO,34.0688475,-118.0863139
60374086262,969.0,8.67,5.26,30.65,Other,Low_poverty,LPO,33.9881412,-117.9170996
60372423003,478.0,2.3,10.88,89.33,Minority,Low_poverty,LPM,33.9461426,-118.2476643
60371909023,660.0,18.64,42.12,70.61,Minority,High_poverty,HPM,34.0932843,-118.3168378
60375703042,2426.0,2.8,9.75,86.4,Minority,Low_poverty,LPM,33.855512,-118.1955752
60374806002,466.0,63.73,2.79,9.66,White,Low_poverty,LPW,34.1175822,-118.1539918
60374034041,1122.0,6.68,12.48,20.32,Other,Low_poverty,LPO,34.0292579,-117.8513684
60372423001,3471.0,0.26,50.23,86.58,Minority,High_poverty,HPM,33.9513598,-118.2460971
60374020011,1972.0,32.05,10.04,39.25,Other,Low_poverty,LPO,34.0903826,-117.7250353
60379010072,733.0,74.22,0.69,15.96,White,Low_poverty,LPW,34.6530256,-118.1744118
60372134021,2071.0,4.35,24.92,71.08,Minority,Low_poverty,LPM,34.0490353,-118.2859249
60375766021,1336.0,63.7,11.38,27.47,White,Low_poverty,LPW,33.7640556,-118.1721654
60372976011,901.0,49.17,5.33,30.19,Other,Low_poverty,LPO,33.7066535,-118.2882732
60375720023,1245.0,38.71,1.29,24.18,Other,Low_poverty,LPO,33.8244222,-118.1960206
60375505005,1257.0,40.81,0.88,52.66,Minority,Low_poverty,LPM,33.9470876,-118.1083884
60374065005,1037.0,11.57,9.84,47.35,Other,Low_poverty,LPO,34.0697891,-117.9198362
60375331062,524.0,0.0,7.2,100.0,Minority,Low_poverty,LPM,33.9789829,-118.2163576
60372270102,1703.0,0.0,27.38,100.0,Minority,Low_poverty,LPM,34.0172471,-118.2443459
60377005012,1181.0,59.27,5.33,27.86,White,Low_poverty,LPW,34.0895679,-118.3849599
60371905202,2976.0,30.21,34.61,44.96,Other,High_poverty,HPO,34.0999285,-118.3051676
60374052031,3638.0,9.76,13.34,69.68,Minority,Low_poverty,LPM,34.0762599,-117.9569613
60375356074,1265.0,0.71,2.77,99.29,Minority,Low_poverty,LPM,33.9394631,-118.2204779
60376021033,2694.0,0.63,25.35,91.42,Minority,Low_poverty,LPM,33.9300337,-118.3578712
60375020051,1413.0,17.55,2.34,71.47,Minority,Low_poverty,LPM,33.9484131,-118.0305299
60376020032,2332.0,1.84,6.99,96.53,Minority,Low_poverty,LPM,33.9343577,-118.3371224
60372086102,2777.0,3.46,19.45,59.38,Minority,Low_poverty,LPM,34.0702138,-118.2827034
60372932012,2805.0,17.93,16.18,56.04,Minority,Low_poverty,LPM,33.8277284,-118.3044592
60372041103,958.0,11.17,24.63,88.83,Minority,Low_poverty,LPM,34.0360106,-118.1991321
60373025061,592.0,61.15,45.1,32.43,White,High_poverty,HPW,34.1312368,-118.2475822
60372379004,888.0,0.0,20.83,89.98,Minority,Low_poverty,LPM,33.9727429,-118.3144548
60375775013,919.0,79.0,3.37,2.83,White,Low_poverty,LPW,33.7555883,-118.1253677
60372294202,2521.0,0.71,33.92,98.81,Minority,High_poverty,HPM,33.9913226,-118.2607926
60375331032,1777.0,1.8,16.49,98.2,Minority,Low_poverty,LPM,33.9772202,-118.2325538
60371034002,1069.0,24.32,0.0,70.35,Minority,Low_poverty,LPM,34.2542515,-118.3038079
60376507011,690.0,56.81,15.22,11.88,White,Low_poverty,LPW,33.8356958,-118.3596276
60375405013,1699.0,0.0,9.36,100.0,Minority,Low_poverty,LPM,33.9213155,-118.2120076
60375738001,958.0,64.82,3.86,24.95,White,Low_poverty,LPW,33.8271032,-118.0956231
60375332032,1082.0,0.0,17.19,99.63,Minority,Low_poverty,LPM,33.9741401,-118.2067602
60372063003,1880.0,33.35,74.36,61.54,Minority,High_poverty,HPM,34.0436632,-118.2476235
60376511011,2489.0,52.51,3.3,7.75,White,Low_poverty,LPW,33.8183814,-118.3326885
60372168002,1507.0,47.51,3.38,34.31,Other,Low_poverty,LPO,34.0551643,-118.3690847
60371863022,2093.0,26.04,10.33,47.92,Other,Low_poverty,LPO,34.1092799,-118.2264944
60374052021,1415.0,2.05,15.76,70.67,Minority,Low_poverty,LPM,34.0830709,-117.9653536
60374039012,1071.0,21.66,11.39,70.59,Minority,Low_poverty,LPM,34.1193631,-117.8772357
60372289001,1987.0,0.25,36.94,99.75,Minority,High_poverty,HPM,33.9921459,-118.2454663
60374033173,956.0,18.51,3.77,36.72,Other,Low_poverty,LPO,34.0325451,-117.7831849
60372942001,1761.0,4.66,7.44,90.58,Minority,Low_poverty,LPM,33.7972851,-118.2706739
60374322011,1567.0,10.98,7.63,23.68,Other,Low_poverty,LPO,34.0904,-118.0827368
60379107052,6040.0,9.52,9.15,85.05,Minority,Low_poverty,LPM,34.5706201,-118.0117615
60375302031,1830.0,2.19,21.15,88.9,Minority,Low_poverty,LPM,34.0286423,-118.1275423
60374027023,902.0,6.65,40.24,92.57,Minority,High_poverty,HPM,34.0611524,-117.7305413
60375034022,1150.0,25.65,4.78,68.43,Minority,Low_poverty,LPM,33.9429278,-118.0030805
60375334011,2369.0,0.17,41.29,99.83,Minority,High_poverty,HPM,33.9940454,-118.1938972
60374072001,1713.0,5.6,9.69,87.45,Minority,Low_poverty,LPM,34.0341256,-117.9636844
60374310012,2233.0,28.62,1.75,68.47,Minority,Low_poverty,LPM,34.1481867,-117.9936778
60375438024,2001.0,5.1,9.6,41.73,Other,Low_poverty,LPO,33.8281238,-118.2665499
60379200313,1029.0,64.82,1.36,29.93,White,Low_poverty,LPW,34.4008722,-118.4779175
60371272202,3882.0,25.09,22.26,66.61,Minority,Low_poverty,LPM,34.203637,-118.4534234
60371112043,1788.0,53.8,0.89,24.28,White,Low_poverty,LPW,34.261352,-118.5515244
60371198001,820.0,19.51,2.56,57.81,Minority,Low_poverty,LPM,34.237225,-118.42896
60376025094,664.0,7.08,18.07,92.92,Minority,Low_poverty,LPM,33.9173302,-118.3378855
60372216022,633.0,2.53,33.65,89.1,Minority,High_poverty,HPM,34.0379811,-118.2870353
60371095003,1660.0,4.82,24.15,93.19,Minority,Low_poverty,LPM,34.2778333,-118.451212
60375039021,889.0,31.72,7.54,44.66,Other,Low_poverty,LPO,33.8950717,-118.014584
60375729001,1768.0,0.9,11.31,84.22,Minority,Low_poverty,LPM,33.794638,-118.2074903
60372715002,772.0,57.25,4.27,20.47,White,Low_poverty,LPW,34.0148928,-118.4352289
60373012041,1911.0,60.07,6.21,21.45,White,Low_poverty,LPW,34.1603343,-118.2594558
60374057012,837.0,11.23,4.54,62.72,Minority,Low_poverty,LPM,34.0899999,-117.921387
60379107151,2326.0,13.63,3.71,82.67,Minority,Low_poverty,LPM,34.5531986,-118.0605634
60372131001,1794.0,2.79,25.92,54.07,Minority,Low_poverty,LPM,34.0506044,-118.3107761
60372764003,1036.0,61.29,3.28,29.15,White,Low_poverty,LPW,33.9639366,-118.4066515
60371220001,2274.0,49.78,1.19,33.64,Other,Low_poverty,LPO,34.2124017,-118.42292
60377014023,1260.0,75.4,15.0,12.3,White,Low_poverty,LPW,34.0201042,-118.5003645
60371153011,1658.0,35.1,9.22,18.88,Other,Low_poverty,LPO,34.2472644,-118.5443314
60376506041,2599.0,47.36,11.15,25.94,Other,Low_poverty,LPO,33.8403651,-118.3514543
60372281002,2344.0,0.0,19.58,99.4,Minority,Low_poverty,LPM,34.0061415,-118.2454182
60372315003,1434.0,1.26,7.81,89.12,Minority,Low_poverty,LPM,34.0090523,-118.3130091
60374625004,1446.0,47.03,10.31,20.6,Other,Low_poverty,LPO,34.1667994,-118.116676
60374017043,2249.0,32.99,10.65,35.53,Other,Low_poverty,LPO,34.096487,-117.7405947
60379010103,2085.0,24.12,27.57,70.4,Minority,Low_poverty,LPM,34.6639631,-118.1968235
60376205211,1349.0,70.94,7.93,20.54,White,Low_poverty,LPW,33.8783659,-118.3638577
60375409022,1221.0,1.23,10.65,96.23,Minority,Low_poverty,LPM,33.9050668,-118.2691914
60371311001,1391.0,36.02,15.61,43.13,Other,Low_poverty,LPO,34.2183072,-118.5057962
60375403004,1905.0,0.0,11.71,100.0,Minority,Low_poverty,LPM,33.9335754,-118.2141717
60379203342,1365.0,71.28,15.6,24.32,White,Low_poverty,LPW,34.3870949,-118.5527396
60372145032,1435.0,48.15,3.97,11.36,Other,Low_poverty,LPO,34.0674561,-118.3554206
60374821022,961.0,8.74,6.45,16.96,Other,Low_poverty,LPO,34.0511392,-118.1359357
60374062002,2131.0,11.73,27.84,73.49,Minority,Low_poverty,LPM,34.0827416,-117.9055393
60374307011,924.0,20.67,20.56,11.15,Other,Low_poverty,LPO,34.1453541,-118.0547264
60372699051,660.0,51.97,4.09,19.1,White,Low_poverty,LPW,34.019784,-118.4022283
60372033001,2000.0,2.85,43.4,86.0,Minority,High_poverty,HPM,34.0588723,-118.2077883
60375528002,2522.0,6.66,10.48,70.22,Minority,Low_poverty,LPM,33.8974094,-118.0875885
60372657002,1350.0,63.56,3.98,13.56,White,Low_poverty,LPW,34.0628743,-118.4217349
60372141001,703.0,85.92,5.12,4.69,White,Low_poverty,LPW,34.0782244,-118.3418663
60372372011,1070.0,0.0,16.07,93.83,Minority,Low_poverty,LPM,33.9879039,-118.2991072
60371864011,2551.0,5.76,16.27,82.95,Minority,Low_poverty,LPM,34.1180742,-118.2405483
60372653041,1835.0,31.39,69.53,22.07,Other,High_poverty,HPO,34.0684841,-118.4509995
60377017012,1445.0,47.13,8.03,37.72,Other,Low_poverty,LPO,34.0321602,-118.4723212
60374623022,994.0,33.4,18.81,29.98,Other,Low_poverty,LPO,34.1493561,-118.1293975
60372347002,897.0,0.0,10.59,100.0,Minority,Low_poverty,LPM,33.9872561,-118.3235043
60372742022,927.0,64.08,0.76,9.71,White,Low_poverty,LPW,33.9709645,-118.4615706
60371283022,2638.0,10.24,19.33,87.23,Minority,Low_poverty,LPM,34.1851453,-118.4552635
60373020021,826.0,67.92,19.61,6.3,White,Low_poverty,LPW,34.1478919,-118.2524261
60376512013,1153.0,53.95,0.69,26.45,White,Low_poverty,LPW,33.8245172,-118.3638313
60376214003,385.0,68.05,0.0,24.67,White,Low_poverty,LPW,33.8237628,-118.3799321
60375326062,1947.0,1.9,41.91,98.1,Minority,High_poverty,HPM,33.9832847,-118.2209062
60371395022,1111.0,73.45,1.09,14.85,White,Low_poverty,LPW,34.1610258,-118.5232266
60375545182,2532.0,12.36,1.67,25.31,Other,Low_poverty,LPO,33.8696228,-118.0420415
60379200202,922.0,52.28,17.97,32.97,White,Low_poverty,LPW,34.4476108,-118.5042751
60374034042,1523.0,18.58,2.63,17.0,Other,Low_poverty,LPO,34.0251335,-117.8607651
60375032022,1008.0,19.44,0.0,65.97,Minority,Low_poverty,LPM,33.9394295,-118.0395158
60376002013,1228.0,0.16,31.51,99.83,Minority,High_poverty,HPM,33.9461645,-118.2970933
60375550014,2402.0,7.33,12.24,63.49,Minority,Low_poverty,LPM,33.8423329,-118.0843628
60376211021,1114.0,74.24,3.23,8.08,White,Low_poverty,LPW,33.8625232,-118.3887412
60376510011,1155.0,32.38,5.45,38.01,Other,Low_poverty,LPO,33.8172605,-118.3151493
60371432003,1378.0,53.99,5.66,17.93,White,Low_poverty,LPW,34.1491629,-118.3759254
60371883003,1475.0,38.78,1.63,27.32,Other,Low_poverty,LPO,34.1189906,-118.2663417
60373201001,1948.0,6.47,4.47,92.46,Minority,Low_poverty,LPM,34.300669,-118.4340697
60374011013,1273.0,51.37,18.62,41.71,White,Low_poverty,LPW,34.132258,-117.8563153
60375542012,1292.0,18.19,0.7,75.08,Minority,Low_poverty,LPM,33.8846127,-118.138273
60372319001,2238.0,0.8,31.14,98.62,Minority,High_poverty,HPM,33.9983026,-118.2761377
60372216012,1402.0,10.77,15.41,75.25,Minority,Low_poverty,LPM,34.0348296,-118.2983569
60375340012,2970.0,1.25,16.43,98.55,Minority,Low_poverty,LPM,33.9690407,-118.1467196
60376002022,3521.0,1.87,21.7,97.5,Minority,Low_poverty,LPM,33.9414912,-118.3019378
60375532004,543.0,22.84,5.52,58.94,Minority,Low_poverty,LPM,33.9062056,-118.1188225
60379005042,5793.0,21.27,11.74,71.55,Minority,Low_poverty,LPM,34.6648971,-118.0870345
60374012012,1997.0,49.82,6.76,37.3,Other,Low_poverty,LPO,34.125033,-117.8360111
60371041031,1838.0,12.35,1.08,81.99,Minority,Low_poverty,LPM,34.2830326,-118.3950959
60374037221,2343.0,17.97,15.1,75.54,Minority,Low_poverty,LPM,34.089106,-117.876889
60372122042,1632.0,3.0,30.88,81.31,Minority,High_poverty,HPM,34.058546,-118.2861962
60371311002,556.0,68.53,10.25,14.39,White,Low_poverty,LPW,34.2138622,-118.5055039
60371048102,1010.0,2.97,8.61,93.47,Minority,Low_poverty,LPM,34.250012,-118.4079632
60372084022,1599.0,9.63,21.01,72.17,Minority,Low_poverty,LPM,34.0672749,-118.2660806
60375512011,941.0,6.7,7.44,84.27,Minority,Low_poverty,LPM,33.9312543,-118.1429026
60371433003,1123.0,68.92,15.49,24.4,White,Low_poverty,LPW,34.1506414,-118.386418
60374339022,1491.0,3.96,6.46,90.34,Minority,Low_poverty,LPM,34.0503024,-118.0279219
60372037203,667.0,1.8,36.43,96.1,Minority,High_poverty,HPM,34.0456185,-118.2031569
60375759022,2050.0,42.49,14.4,46.1,Other,Low_poverty,LPO,33.7707659,-118.1965406
60371286023,1485.0,87.21,16.95,4.04,White,Low_poverty,LPW,34.1684935,-118.4356048
60375022001,3080.0,6.1,13.73,93.05,Minority,Low_poverty,LPM,33.9803919,-118.0747041
60375751031,1930.0,16.99,11.83,71.24,Minority,Low_poverty,LPM,33.787994,-118.1548974
60376027003,901.0,0.0,12.74,98.89,Minority,Low_poverty,LPM,33.9284163,-118.319737
60375759023,1732.0,19.28,17.26,74.19,Minority,Low_poverty,LPM,33.7737914,-118.1965354
60375706032,1978.0,3.89,31.0,85.39,Minority,High_poverty,HPM,33.8569457,-118.1618814
60375519005,779.0,5.13,0.0,88.96,Minority,Low_poverty,LPM,33.9059703,-118.1056622
60375359012,1478.0,0.0,21.79,100.0,Minority,Low_poverty,LPM,33.9461841,-118.1924853
60377031002,916.0,8.95,2.95,87.88,Minority,Low_poverty,LPM,33.9955027,-118.349247
60372294102,1627.0,0.68,42.53,97.24,Minority,High_poverty,HPM,33.9922478,-118.2676548
60372382003,1432.0,1.05,3.0,98.95,Minority,Low_poverty,LPM,33.9614671,-118.3007721
60374043021,1311.0,9.38,3.05,73.92,Minority,Low_poverty,LPM,34.1194201,-117.9035551
60375550022,2244.0,27.58,6.28,49.33,Other,Low_poverty,LPO,33.8345103,-118.0890032
60371349012,878.0,73.8,9.79,17.88,White,Low_poverty,LPW,34.1839976,-118.5571473
60373009022,1118.0,63.77,1.7,16.99,White,Low_poverty,LPW,34.1533256,-118.2125865
60372047001,2213.0,0.59,25.98,95.52,Minority,Low_poverty,LPM,34.034062,-118.2105228
60375418021,1108.0,2.35,17.15,97.65,Minority,Low_poverty,LPM,33.9095059,-118.1845586
60372751022,922.0,38.83,15.84,45.22,Other,Low_poverty,LPO,34.0011425,-118.4144802
60372043001,946.0,2.96,15.64,94.71,Minority,Low_poverty,LPM,34.0396844,-118.2051923
60375424012,1981.0,0.05,19.73,92.18,Minority,Low_poverty,LPM,33.8904693,-118.2064655
60375036012,853.0,37.16,5.63,46.66,Other,Low_poverty,LPO,33.9214628,-118.0137636
60371194003,1415.0,9.19,3.39,82.61,Minority,Low_poverty,LPM,34.240809,-118.4322505
60376037023,1261.0,27.36,7.85,45.76,Other,Low_poverty,LPO,33.8924043,-118.3361766
60375336022,2876.0,6.88,17.11,86.3,Minority,Low_poverty,LPM,33.9769763,-118.1943756
60372913003,930.0,15.48,4.09,26.34,Other,Low_poverty,LPO,33.8638397,-118.3043615
60377018024,773.0,31.95,3.33,51.23,Minority,Low_poverty,LPM,34.0204856,-118.4801701
60372679021,1017.0,75.71,5.21,8.55,White,Low_poverty,LPW,34.0456297,-118.4235465
60372282201,1114.0,2.15,40.48,97.49,Minority,High_poverty,HPM,34.0079803,-118.2496471
60372413001,719.0,5.56,30.27,93.74,Minority,High_poverty,HPM,33.9269487,-118.2849074
60377016021,1415.0,57.88,12.67,21.98,White,Low_poverty,LPW,34.0384598,-118.4711771
60371438003,1997.0,82.52,2.5,8.11,White,Low_poverty,LPW,34.1364111,-118.3870082
60375538023,2500.0,3.96,23.12,91.28,Minority,Low_poverty,LPM,33.8886195,-118.1790355
60374324023,1614.0,4.34,15.98,53.41,Minority,Low_poverty,LPM,34.084114,-118.0287542
60371241031,585.0,40.51,8.19,53.33,Minority,Low_poverty,LPM,34.1884939,-118.3812294
60371094001,1281.0,8.35,4.24,65.27,Minority,Low_poverty,LPM,34.2669983,-118.4559705
60376014013,2751.0,12.9,34.38,79.61,Minority,High_poverty,HPM,33.9581566,-118.3724218
60375521005,1586.0,5.42,2.46,79.63,Minority,Low_poverty,LPM,33.9046092,-118.0967994
60376213012,1403.0,64.08,5.84,18.32,White,Low_poverty,LPW,33.831623,-118.3778885
60374814026,401.0,14.96,7.73,13.22,Other,Low_poverty,LPO,34.0889365,-118.0893891
60375521003,1173.0,14.49,4.01,81.76,Minority,Low_poverty,LPM,33.9042368,-118.0861413
60372311001,1267.0,9.16,64.33,85.24,Minority,High_poverty,HPM,34.0159094,-118.2793093
60371031023,1069.0,42.1,9.35,33.4,Other,Low_poverty,LPO,34.2653939,-118.3075443
60372170012,838.0,90.81,13.25,3.35,White,Low_poverty,LPW,34.0546886,-118.3858781
60374806006,739.0,56.56,1.76,19.22,White,Low_poverty,LPW,34.1215278,-118.1544033
60372941201,711.0,0.98,38.12,99.02,Minority,High_poverty,HPM,33.7961182,-118.2513528
60374021022,2150.0,13.53,9.81,71.21,Minority,Low_poverty,LPM,34.0836009,-117.7479018
60373016023,1314.0,31.89,0.91,52.51,Minority,Low_poverty,LPM,34.1602389,-118.2982025
60375534001,1136.0,11.62,9.64,76.41,Minority,Low_poverty,LPM,33.9065366,-118.1448713
60375522002,3017.0,6.46,15.48,84.69,Minority,Low_poverty,LPM,33.9140411,-118.0770129
60376507024,580.0,49.66,10.69,25.86,Other,Low_poverty,LPO,33.8296583,-118.3714048
60371044011,1332.0,2.85,13.73,94.44,Minority,Low_poverty,LPM,34.2683127,-118.4316581
60376501012,572.0,14.69,2.12,5.59,Other,Low_poverty,LPO,33.8630757,-118.3124782
60375359013,1622.0,0.49,32.12,99.51,Minority,High_poverty,HPM,33.9465226,-118.1955927
60372218202,1344.0,33.26,69.62,14.36,Other,High_poverty,HPO,34.029932,-118.2868589
60374049013,1953.0,6.81,8.4,66.61,Minority,Low_poverty,LPM,34.0957893,-117.9714243
60371956002,801.0,15.61,16.1,50.81,Minority,Low_poverty,LPM,34.0790894,-118.2653495
60374600002,983.0,47.2,2.14,20.75,Other,Low_poverty,LPO,34.1660765,-118.0741534
60374048013,2239.0,2.81,1.97,83.43,Minority,Low_poverty,LPM,34.0760755,-117.9764953
60376206012,1496.0,44.12,5.35,27.2,Other,Low_poverty,LPO,33.870447,-118.3642848
60375518001,1886.0,15.75,14.0,67.02,Minority,Low_poverty,LPM,33.9127465,-118.1117985
60375038021,1439.0,29.26,8.2,30.3,Other,Low_poverty,LPO,33.9007981,-117.9998605
60372100101,1481.0,0.74,33.29,85.62,Minority,High_poverty,HPM,34.0485927,-118.2725963
60372713002,1231.0,57.68,3.41,22.26,White,Low_poverty,LPW,34.0265406,-118.4393204
60371899023,1510.0,56.89,10.66,12.58,White,Low_poverty,LPW,34.096208,-118.352825
60372765001,3632.0,58.51,26.67,20.32,White,Low_poverty,LPW,33.966577,-118.416171
60371012102,3300.0,43.97,22.29,47.52,Other,Low_poverty,LPO,34.254329,-118.2925767
60372348002,990.0,3.13,12.42,96.16,Minority,Low_poverty,LPM,33.9828622,-118.3247971
60375514012,2207.0,14.23,4.18,79.3,Minority,Low_poverty,LPM,33.9422313,-118.1575692
60371852041,1217.0,36.24,9.29,23.17,Other,Low_poverty,LPO,34.1037436,-118.2217907
60374614003,897.0,48.94,12.26,30.21,Other,Low_poverty,LPO,34.1726287,-118.1296441
60379104021,2117.0,8.31,31.82,80.97,Minority,High_poverty,HPM,34.5834234,-118.1283319
60372734024,809.0,79.23,22.13,19.53,White,Low_poverty,LPW,33.9938399,-118.4778351
60373015012,1025.0,73.37,9.56,11.32,White,Low_poverty,LPW,34.1782408,-118.2910174
60372140001,999.0,89.69,1.0,9.31,White,Low_poverty,LPW,34.0781913,-118.3509275
60372117031,2768.0,5.89,8.96,68.79,Minority,Low_poverty,LPM,34.0671427,-118.31035
60374077012,1179.0,7.04,1.95,76.93,Minority,Low_poverty,LPM,34.0138729,-117.9350274
60375358031,1871.0,0.53,17.8,99.47,Minority,Low_poverty,LPM,33.9502818,-118.2097337
60372403001,1728.0,0.35,42.01,99.65,Minority,High_poverty,HPM,33.9575485,-118.2892794
60375411003,972.0,0.72,43.48,89.81,Minority,High_poverty,HPM,33.8978193,-118.2645244
60372292002,3447.0,0.0,25.49,100.0,Minority,Low_poverty,LPM,33.997999,-118.2623327
60372678002,629.0,57.23,16.38,6.04,White,Low_poverty,LPW,34.042519,-118.4291364
60375731002,3886.0,5.53,13.74,87.85,Minority,Low_poverty,LPM,33.798755,-118.1967523
60372656021,810.0,68.64,9.38,16.42,White,Low_poverty,LPW,34.0615975,-118.4314666
60376039001,688.0,15.84,21.08,77.62,Minority,Low_poverty,LPM,33.9011448,-118.3558492
60377025021,839.0,34.68,1.67,31.35,Other,Low_poverty,LPO,34.015502,-118.3813848
60379303011,339.0,38.64,45.56,46.31,Other,High_poverty,HPO,34.2803329,-117.8661408
60377022023,756.0,59.66,14.29,29.76,White,Low_poverty,LPW,34.0084926,-118.4627412
60372412012,920.0,1.96,26.23,98.04,Minority,Low_poverty,LPM,33.9404834,-118.284897
60375316031,791.0,0.0,18.84,94.94,Minority,Low_poverty,LPM,34.0317565,-118.1612726
60375429001,1840.0,0.0,38.57,98.97,Minority,High_poverty,HPM,33.8943892,-118.2467414
60371013003,887.0,84.55,9.92,15.45,White,Low_poverty,LPW,34.2463156,-118.2698773
60372752002,1667.0,34.13,25.25,49.61,Other,Low_poverty,LPO,33.994459,-118.4227854
60371914102,2878.0,16.3,27.59,67.2,Minority,Low_poverty,LPM,34.0876849,-118.2881134
60375711022,917.0,51.25,13.63,32.39,White,Low_poverty,LPW,33.8342265,-118.113108
60371905102,1362.0,22.76,21.44,41.78,Other,Low_poverty,LPO,34.1000408,-118.3135968
60372140003,1134.0,92.59,4.23,5.11,White,Low_poverty,LPW,34.0747333,-118.3474097
60374064021,1011.0,31.26,1.29,57.47,Minority,Low_poverty,LPM,34.0591512,-117.8946515
60377013043,2019.0,81.72,6.24,12.23,White,Low_poverty,LPW,34.0232864,-118.5127017
60375758021,2737.0,12.97,28.48,75.81,Minority,Low_poverty,LPM,33.7807798,-118.1972085
60375552112,676.0,0.44,44.38,97.78,Minority,High_poverty,HPM,33.8269552,-118.0809628
60372380002,980.0,1.43,13.67,96.33,Minority,Low_poverty,LPM,33.9497213,-118.3029479
60376205014,933.0,57.23,5.14,3.64,White,Low_poverty,LPW,33.8821305,-118.3725519
60375424014,1251.0,2.56,21.9,95.84,Minority,Low_poverty,LPM,33.8941895,-118.2149929
60373117001,1578.0,60.77,3.81,28.9,White,Low_poverty,LPW,34.1659291,-118.3169917
60375303024,1015.0,8.77,14.09,79.6,Minority,Low_poverty,LPM,34.0300561,-118.1489738
60375321021,2305.0,1.08,5.7,94.05,Minority,Low_poverty,LPM,33.9973723,-118.1091471
60371318002,4040.0,17.2,14.78,67.05,Minority,Low_poverty,LPM,34.2047118,-118.5311319
60376009023,1507.0,5.04,45.82,78.9,Minority,High_poverty,HPM,33.9688571,-118.3518879
60379203121,1334.0,56.07,24.23,36.43,White,Low_poverty,LPW,34.368336,-118.5373644
60375501001,468.0,12.61,26.07,76.07,Minority,Low_poverty,LPM,33.9304608,-118.076299
60375720022,2330.0,26.95,14.17,58.59,Minority,Low_poverty,LPM,33.8205492,-118.1906106
60375767002,804.0,65.3,8.21,16.04,White,Low_poverty,LPW,33.7526438,-118.159894
60377018013,775.0,20.9,20.77,66.58,Minority,Low_poverty,LPM,34.0259833,-118.459986
60372764004,794.0,90.18,7.93,3.65,White,Low_poverty,LPW,33.9614104,-118.4102203
60371272103,2575.0,27.73,16.58,60.62,Minority,Low_poverty,LPM,34.2042311,-118.4613348
60374615012,1202.0,17.22,8.65,72.3,Minority,Low_poverty,LPM,34.1701521,-118.1368243
60372392013,747.0,2.41,19.46,97.59,Minority,Low_poverty,LPM,33.9857555,-118.2793522
60377031001,547.0,0.0,0.0,94.88,Minority,Low_poverty,LPM,33.9999275,-118.3527988
60375362005,1330.0,2.71,13.38,93.68,Minority,Low_poverty,LPM,33.914731,-118.1678836
60372351003,1300.0,15.62,9.0,80.08,Minority,Low_poverty,LPM,33.9865331,-118.3485247
60375033021,2025.0,18.57,10.17,79.7,Minority,Low_poverty,LPM,33.9422991,-118.0183563
60375714003,443.0,21.22,14.45,55.31,Minority,Low_poverty,LPM,33.8297373,-118.154561
60372731003,784.0,62.63,13.52,32.27,White,Low_poverty,LPW,34.0021644,-118.4628428
60372100102,1084.0,0.83,10.42,96.31,Minority,Low_poverty,LPM,34.0462086,-118.270974
60374309023,1008.0,8.93,0.89,50.4,Minority,Low_poverty,LPM,34.1340205,-118.0073813
60374337002,1211.0,0.99,12.8,79.11,Minority,Low_poverty,LPM,34.0450498,-118.0491727
60375542011,1090.0,12.29,1.58,80.0,Minority,Low_poverty,LPM,33.8877865,-118.1382946
60373102023,765.0,74.51,4.35,10.59,White,Low_poverty,LPW,34.1890272,-118.2963986
60375508004,1229.0,9.28,5.37,90.56,Minority,Low_poverty,LPM,33.9509749,-118.1421196
60372318001,914.0,0.0,55.58,93.76,Minority,High_poverty,HPM,34.008334,-118.2796405
60377032001,1152.0,8.51,23.41,83.77,Minority,Low_poverty,LPM,34.0043236,-118.3375536
60376022002,571.0,19.09,3.5,60.59,Minority,Low_poverty,LPM,33.9263683,-118.3763752
60374087052,2353.0,16.02,7.22,21.93,Other,Low_poverty,LPO,33.9818321,-117.8834267
60371343034,2129.0,51.24,15.5,20.72,White,Low_poverty,LPW,34.2036578,-118.6185147
60375022004,798.0,8.77,9.9,85.46,Minority,Low_poverty,LPM,33.977059,-118.0684737
60371232061,2572.0,10.77,29.59,85.42,Minority,Low_poverty,LPM,34.1937075,-118.3748665
60372127021,1395.0,28.39,6.02,16.56,Other,Low_poverty,LPO,34.0584255,-118.3254077
60375774002,610.0,81.31,4.1,12.95,White,Low_poverty,LPW,33.7631043,-118.137642
60375539022,1730.0,16.82,11.45,78.73,Minority,Low_poverty,LPM,33.8855648,-118.1530293
60374305023,1368.0,61.11,8.85,29.82,White,Low_poverty,LPW,34.1643534,-118.0499349
60372733002,544.0,62.5,10.85,31.99,White,Low_poverty,LPW,33.994872,-118.4717406
60376021032,1514.0,3.83,16.68,82.76,Minority,Low_poverty,LPM,33.9254939,-118.3591052
60374024023,1885.0,20.95,15.01,61.17,Minority,Low_poverty,LPM,34.0489363,-117.7808243
60374304002,697.0,35.01,0.0,22.39,Other,Low_poverty,LPO,34.1635336,-118.0289527
60376502001,1324.0,67.98,12.74,10.95,White,Low_poverty,LPW,33.859652,-118.3385135
60372714001,580.0,51.21,0.0,30.52,White,Low_poverty,LPW,34.0134603,-118.4434997
60372761002,3583.0,26.79,10.61,46.44,Other,Low_poverty,LPO,33.9753456,-118.3783735
60375402023,841.0,0.0,2.5,100.0,Minority,Low_poverty,LPM,33.9343557,-118.2022658
60377002003,720.0,65.14,6.81,30.98,White,Low_poverty,LPW,34.0896058,-118.365563
60375764031,2852.0,11.82,21.84,76.86,Minority,Low_poverty,LPM,33.7807891,-118.1698124
60371132342,3881.0,22.47,16.5,53.59,Minority,Low_poverty,LPM,34.2233569,-118.593976
60375418024,681.0,2.64,19.97,97.35,Minority,Low_poverty,LPM,33.9141045,-118.1876208
60376019002,2498.0,0.68,15.24,97.96,Minority,Low_poverty,LPM,33.9415557,-118.3417909
60375338033,1231.0,17.14,31.84,82.53,Minority,High_poverty,HPM,33.9758199,-118.1827659
60376021061,3119.0,13.88,19.78,71.89,Minority,Low_poverty,LPM,33.9218554,-118.3568595
60372218101,1476.0,2.64,33.4,90.44,Minority,High_poverty,HPM,34.0307101,-118.2937184
60374616004,994.0,3.52,19.22,76.76,Minority,Low_poverty,LPM,34.1642603,-118.1572128
60374805004,845.0,41.3,5.0,15.51,Other,Low_poverty,LPO,34.1139667,-118.1494976
60375400002,2021.0,3.27,26.57,96.74,Minority,Low_poverty,LPM,33.926826,-118.1835428
60374049021,1708.0,0.7,13.04,62.53,Minority,Low_poverty,LPM,34.0886903,-117.97983
60375039024,1620.0,47.84,2.61,34.57,Other,Low_poverty,LPO,33.8964503,-118.0187646
60372395012,1191.0,0.42,34.17,99.58,Minority,High_poverty,HPM,33.9730253,-118.2673501
60379007012,1004.0,20.92,37.15,74.61,Minority,High_poverty,HPM,34.6857808,-118.1443276
60372340002,1000.0,8.5,10.9,90.6,Minority,Low_poverty,LPM,34.0147233,-118.3227567
60371327001,732.0,40.3,1.23,48.09,Other,Low_poverty,LPO,34.1921218,-118.5211518
60372129002,2732.0,4.21,25.59,75.43,Minority,Low_poverty,LPM,34.0498218,-118.3235849
60372132012,1680.0,3.15,30.3,57.14,Minority,High_poverty,HPM,34.0517312,-118.3037058
60372126101,2069.0,3.67,24.88,20.0,Other,Low_poverty,LPO,34.0605926,-118.3140273
60374064023,526.0,37.45,4.18,44.11,Other,Low_poverty,LPO,34.0556049,-117.9034895
60374065003,1623.0,12.69,3.45,63.46,Minority,Low_poverty,LPM,34.0629716,-117.923346
60374064111,930.0,30.97,5.7,51.93,Minority,Low_poverty,LPM,34.0704578,-117.89487
60374823015,1105.0,0.81,13.3,23.71,Other,Low_poverty,LPO,34.0740085,-118.1060138
60374819011,1085.0,4.15,4.15,39.17,Other,Low_poverty,LPO,34.0746024,-118.1469997
60375301024,1363.0,8.73,31.31,69.04,Minority,High_poverty,HPM,34.0181581,-118.1173837
60374823012,988.0,4.45,23.58,13.77,Other,Low_poverty,LPO,34.0743493,-118.0946946
60374822021,991.0,5.95,11.36,37.64,Other,Low_poverty,LPO,34.0612181,-118.1124514
60374820021,1161.0,3.45,12.14,18.17,Other,Low_poverty,LPO,34.0488582,-118.1558981
60375321013,1203.0,2.58,27.6,94.76,Minority,Low_poverty,LPM,34.007944,-118.1103234
60372655101,2971.0,43.05,39.48,7.14,Other,High_poverty,HPO,34.0570364,-118.4428733
60372657001,1971.0,86.61,11.62,9.18,White,Low_poverty,LPW,34.064437,-118.4285498
60372643012,2050.0,74.68,6.24,12.78,White,Low_poverty,LPW,34.0513023,-118.4640303
60372122032,1568.0,3.57,44.07,68.56,Minority,High_poverty,HPM,34.0587502,-118.2903515
60372122031,1346.0,7.21,35.29,63.75,Minority,High_poverty,HPM,34.0607879,-118.290361
60372114202,1142.0,18.39,7.4,35.99,Other,Low_poverty,LPO,34.0726264,-118.3042132
60372115001,1034.0,31.43,8.32,16.15,Other,Low_poverty,LPO,34.0746379,-118.3124078
60372114101,1978.0,14.16,14.48,40.34,Other,Low_poverty,LPO,34.0726107,-118.3079204
60372110005,969.0,46.23,6.19,7.12,Other,Low_poverty,LPO,34.064573,-118.3389415
60372100103,996.0,4.72,51.71,78.92,Minority,High_poverty,HPM,34.0458167,-118.2746502
60374034022,1429.0,20.92,4.8,20.64,Other,Low_poverty,LPO,34.0207025,-117.8510252
60374034012,1214.0,0.74,11.78,17.79,Other,Low_poverty,LPO,34.0077704,-117.8696005
60374079002,1142.0,3.59,2.45,81.27,Minority,Low_poverty,LPM,34.0385516,-117.9309869
60374040001,1224.0,20.92,3.43,73.37,Minority,Low_poverty,LPM,34.1197192,-117.8857327
60374033171,2490.0,15.5,4.01,46.95,Other,Low_poverty,LPO,34.0427391,-117.785529
60375301022,1419.0,20.58,25.23,73.43,Minority,Low_poverty,LPM,34.0126934,-118.1151722
60375332021,1462.0,0.89,12.51,99.11,Minority,Low_poverty,LPM,33.9785447,-118.2120016
60374817142,968.0,2.07,21.18,5.48,Other,Low_poverty,LPO,34.0643383,-118.1252038
60374808022,2662.0,6.72,7.88,58.79,Minority,Low_poverty,LPM,34.0817691,-118.156152
60375009004,1134.0,3.17,20.96,78.92,Minority,Low_poverty,LPM,33.9976053,-118.0818596
60372340004,1143.0,8.66,22.58,86.96,Minority,Low_poverty,LPM,34.0071048,-118.3217423
60372360001,1777.0,27.8,7.32,63.14,Minority,Low_poverty,LPM,34.01832,-118.3596916
60372321202,1152.0,0.0,26.22,98.01,Minority,Low_poverty,LPM,33.9972315,-118.284893
60372317103,2192.0,0.18,34.27,98.4,Minority,High_poverty,HPM,34.0050491,-118.2893485
60372094022,1938.0,1.34,28.38,97.11,Minority,Low_poverty,LPM,34.0554075,-118.2767387
60372086201,1020.0,6.18,7.25,80.3,Minority,Low_poverty,LPM,34.0713852,-118.2766858
60372063002,2662.0,25.02,78.86,66.15,Minority,High_poverty,HPM,34.0426954,-118.2456377
60372079001,3119.0,24.66,25.01,42.2,Other,Low_poverty,LPO,34.0396655,-118.2585285
60374029022,4475.0,5.74,22.53,85.59,Minority,Low_poverty,LPM,34.0285477,-117.7448171
60374026004,853.0,16.53,9.34,71.04,Minority,Low_poverty,LPM,34.0668323,-117.7487653
60374027024,1767.0,1.13,41.6,98.13,Minority,High_poverty,HPM,34.0655446,-117.733488
60374024031,992.0,0.0,2.12,88.81,Minority,Low_poverty,LPM,34.0590116,-117.7984967
60374021012,1500.0,2.33,25.73,92.0,Minority,Low_poverty,LPM,34.0845787,-117.7337663
60375318003,808.0,7.55,13.61,92.45,Minority,Low_poverty,LPM,34.0169313,-118.1343688
60375317021,978.0,0.0,1.74,100.0,Minority,Low_poverty,LPM,34.0181203,-118.1562464
60375316032,2618.0,0.61,20.44,95.15,Minority,Low_poverty,LPM,34.0283865,-118.1616882
60375316021,996.0,0.0,30.12,99.3,Minority,High_poverty,HPM,34.0189001,-118.1620231
60375311021,2313.0,0.43,18.29,98.79,Minority,Low_poverty,LPM,34.0383642,-118.1813098
60375311013,1658.0,0.0,7.24,100.0,Minority,Low_poverty,LPM,34.0393052,-118.1885499
60372317102,1189.0,0.59,24.64,95.72,Minority,Low_poverty,LPM,34.0087058,-118.2885986
60372312102,2737.0,0.88,26.16,95.11,Minority,Low_poverty,LPM,34.0131855,-118.2980394
60372288003,2128.0,0.0,18.05,100.0,Minority,Low_poverty,LPM,33.9975524,-118.2456166
60372284103,2036.0,0.44,40.86,98.96,Minority,High_poverty,HPM,34.0127947,-118.2691694
60372283201,595.0,0.0,15.8,100.0,Minority,Low_poverty,LPM,34.0078077,-118.2676678
60372270202,1850.0,0.54,23.98,99.46,Minority,Low_poverty,LPM,34.0147891,-118.2513878
60372267004,1973.0,0.0,45.46,100.0,Minority,High_poverty,HPM,34.0190686,-118.2615857
60372047002,1448.0,1.24,11.11,98.07,Minority,Low_poverty,LPM,34.0307062,-118.2126372
60372039003,1196.0,3.76,14.85,96.24,Minority,Low_poverty,LPM,34.0306841,-118.1953257
60372046002,1619.0,2.59,32.43,91.35,Minority,High_poverty,HPM,34.0404152,-118.2158061
60372041102,950.0,0.74,35.79,99.26,Minority,High_poverty,HPM,34.0384049,-118.2023521
60372041201,1419.0,4.79,11.98,92.88,Minority,Low_poverty,LPM,34.0346289,-118.202827
60372043003,984.0,1.42,25.61,98.58,Minority,Low_poverty,LPM,34.0386068,-118.2106066
60372037201,2457.0,0.49,32.93,99.19,Minority,High_poverty,HPM,34.0481924,-118.2045134
60372036001,983.0,0.0,26.86,98.07,Minority,Low_poverty,LPM,34.0497716,-118.2079233
60374072002,1477.0,0.0,18.62,97.09,Minority,Low_poverty,LPM,34.0376104,-117.9684341
60374073013,1058.0,1.04,0.0,88.75,Minority,Low_poverty,LPM,34.0442179,-117.9566105
60371901003,1112.0,61.69,10.52,20.86,White,Low_poverty,LPW,34.0998142,-118.3416838
60374054004,1082.0,9.33,5.18,79.67,Minority,Low_poverty,LPM,34.0944877,-117.9330308
60374047022,2073.0,0.53,14.86,65.85,Minority,Low_poverty,LPM,34.0689293,-117.9857517
60375308013,1165.0,3.26,13.73,89.79,Minority,Low_poverty,LPM,34.0533844,-118.187507
60375309021,1606.0,2.37,7.58,95.89,Minority,Low_poverty,LPM,34.0454119,-118.1822649
60375323023,1289.0,3.8,20.02,96.2,Minority,Low_poverty,LPM,34.0039116,-118.1697667
60377022022,811.0,63.87,3.7,17.5,White,Low_poverty,LPW,34.0115255,-118.4646326
60377022025,566.0,74.73,18.55,14.31,White,Low_poverty,LPW,34.0091387,-118.4707471
60372282202,1770.0,0.0,27.12,99.55,Minority,Low_poverty,LPM,34.0051002,-118.2495188
60371872002,1454.0,15.2,10.18,73.93,Minority,Low_poverty,LPM,34.1069009,-118.2493596
60371873002,1798.0,61.74,2.89,20.8,White,Low_poverty,LPW,34.0977378,-118.2568633
60372221002,1869.0,0.7,4.55,94.12,Minority,Low_poverty,LPM,34.0271825,-118.3024973
60372771002,942.0,54.88,3.08,19.43,White,Low_poverty,LPW,33.9664046,-118.3783423
60372011101,628.0,13.69,12.42,74.36,Minority,Low_poverty,LPM,34.0966349,-118.1742741
60372011102,771.0,10.89,18.29,73.15,Minority,Low_poverty,LPM,34.0928104,-118.1760899
60371994003,1943.0,4.27,15.52,79.41,Minority,Low_poverty,LPM,34.0825057,-118.2128474
60371975001,2144.0,20.99,3.08,56.63,Minority,Low_poverty,LPM,34.0751659,-118.2569457
60371974202,1983.0,37.92,17.65,46.95,Other,Low_poverty,LPO,34.0813338,-118.2563967
60374070021,1724.0,3.77,10.73,82.31,Minority,Low_poverty,LPM,34.0490933,-117.9872802
60374048014,1815.0,0.66,16.42,69.58,Minority,Low_poverty,LPM,34.0785347,-117.9835793
60374038013,560.0,35.18,24.64,42.5,Other,Low_poverty,LPO,34.1012326,-117.8593952
60375316022,1187.0,0.59,25.19,94.36,Minority,Low_poverty,LPM,34.0162246,-118.1669419
60372013022,1028.0,15.66,20.62,15.18,Other,Low_poverty,LPO,34.1004656,-118.1816754
60374061021,2068.0,15.96,12.86,69.15,Minority,Low_poverty,LPM,34.0786388,-117.8844427
60374823032,2263.0,0.88,23.51,17.45,Other,Low_poverty,LPO,34.0680606,-118.1027306
60372774001,689.0,6.97,15.38,79.53,Minority,Low_poverty,LPM,33.9472253,-118.372144
60379010101,1094.0,56.49,13.71,40.03,White,Low_poverty,LPW,34.6665325,-118.1890186
60374063001,2005.0,13.77,9.38,32.92,Other,Low_poverty,LPO,34.0639583,-117.8746737
60374055001,372.0,18.01,12.37,40.86,Other,Low_poverty,LPO,34.081508,-117.9235714
60371200201,2453.0,3.47,23.97,87.77,Minority,Low_poverty,LPM,34.2174788,-118.4567345
60371210103,1007.0,36.74,22.84,59.69,Minority,Low_poverty,LPM,34.2185514,-118.4064836
60371193401,4264.0,0.09,47.65,97.5,Minority,High_poverty,HPM,34.233609,-118.4519009
60371198002,1500.0,6.73,26.13,74.34,Minority,Low_poverty,LPM,34.235239,-118.4253169
60371199003,729.0,4.25,12.43,61.87,Minority,Low_poverty,LPM,34.2237781,-118.4387102
60371173012,1102.0,46.55,3.63,44.65,Other,Low_poverty,LPO,34.2404048,-118.4909773
60379106033,1660.0,20.66,12.2,77.23,Minority,Low_poverty,LPM,34.562313,-118.08991
60379008062,2355.0,25.44,33.93,60.42,Minority,High_poverty,HPM,34.6962236,-118.1449059
60374041003,2450.0,4.33,6.69,87.27,Minority,Low_poverty,LPM,34.1099432,-117.8936937
60378003242,1687.0,77.18,2.19,11.67,White,Low_poverty,LPW,34.1484938,-118.7943545
60372284201,679.0,0.0,23.71,99.26,Minority,Low_poverty,LPM,34.0071354,-118.273248
60373117003,541.0,63.03,2.59,17.74,White,Low_poverty,LPW,34.1642201,-118.3280326
60373109004,1000.0,47.4,4.4,47.3,Other,Low_poverty,LPO,34.1836305,-118.3360918
60371151013,1619.0,52.07,1.24,40.33,White,Low_poverty,LPW,34.2319177,-118.5103692
60371134224,962.0,55.09,3.64,36.49,White,Low_poverty,LPW,34.2223577,-118.576593
60374602003,977.0,47.8,3.2,38.99,Other,Low_poverty,LPO,34.198024,-118.1336309
60374627003,774.0,61.11,14.99,11.11,White,Low_poverty,LPW,34.1552021,-118.1173194
60371373021,1905.0,79.42,5.14,8.71,White,Low_poverty,LPW,34.1782895,-118.6484647
60371351022,1112.0,62.32,0.63,13.22,White,Low_poverty,LPW,34.1834996,-118.6170982
60373107021,2196.0,61.75,20.9,18.35,White,Low_poverty,LPW,34.1841387,-118.3061229
60371133011,737.0,58.21,1.09,23.34,White,Low_poverty,LPW,34.2534238,-118.5568822
60371133012,2772.0,54.08,10.8,24.64,White,Low_poverty,LPW,34.2414959,-118.5587394
60372672001,3847.0,63.97,12.87,5.72,White,Low_poverty,LPW,34.0480039,-118.4385873
60373006005,2792.0,31.88,2.07,19.92,Other,Low_poverty,LPO,34.2170985,-118.2454272
60374610003,1254.0,9.89,5.9,85.56,Minority,Low_poverty,LPM,34.1871073,-118.1616247
60374612002,1282.0,68.25,12.79,23.33,White,Low_poverty,LPW,34.180466,-118.1098356
60374605024,741.0,58.43,0.0,27.94,White,Low_poverty,LPW,34.2111868,-118.2075313
60374601003,930.0,48.6,0.0,31.51,Other,Low_poverty,LPO,34.1946413,-118.1277212
60373002005,1617.0,49.72,14.53,12.0,Other,Low_poverty,LPO,34.2327091,-118.2464182
60373016014,1521.0,79.75,23.27,16.44,White,Low_poverty,LPW,34.1709815,-118.2923885
60373107031,2914.0,53.74,26.84,30.41,White,Low_poverty,LPW,34.1806831,-118.2970907
60373007011,831.0,65.1,1.81,23.11,White,Low_poverty,LPW,34.1847157,-118.2307097
60373108004,1196.0,51.59,6.44,19.4,White,Low_poverty,LPW,34.1712765,-118.3249144
60379006062,865.0,15.72,66.13,81.85,Minority,High_poverty,HPM,34.7005147,-118.1311889
60371011103,981.0,72.07,2.55,16.62,White,Low_poverty,LPW,34.2613533,-118.2961338
60379200312,1646.0,61.73,4.25,24.18,White,Low_poverty,LPW,34.4061512,-118.4771187
60371061112,2787.0,23.61,2.3,63.22,Minority,Low_poverty,LPM,34.3256168,-118.4049929
60375017001,705.0,43.83,1.13,43.26,Other,Low_poverty,LPO,33.9637067,-118.0160395
60375029011,1821.0,11.97,6.1,74.03,Minority,Low_poverty,LPM,33.9465581,-118.0363383
60375319023,1618.0,6.3,22.36,93.7,Minority,Low_poverty,LPM,34.0092379,-118.132805
60371348001,1645.0,29.42,8.16,43.17,Other,Low_poverty,LPO,34.1953006,-118.5634491
60371349013,885.0,67.01,29.83,17.63,White,Low_poverty,LPW,34.18822,-118.5665773
60371347202,2144.0,20.43,17.68,51.35,Minority,Low_poverty,LPM,34.2039841,-118.5701114
60371343041,1051.0,29.97,12.87,37.11,Other,Low_poverty,LPO,34.2143531,-118.6071877
60371310101,3007.0,25.34,14.8,63.02,Minority,Low_poverty,LPM,34.2168262,-118.5382573
60371342012,1092.0,36.08,0.73,41.39,Other,Low_poverty,LPO,34.2117898,-118.5906508
60371312002,1249.0,52.36,10.01,33.71,White,Low_poverty,LPW,34.2114394,-118.5149581
60373203004,832.0,0.0,8.89,100.0,Minority,Low_poverty,LPM,34.2786656,-118.4396613
60371134013,2158.0,23.08,19.83,51.67,Minority,Low_poverty,LPM,34.2260348,-118.5688607
60371313004,1010.0,34.65,25.95,62.18,Minority,Low_poverty,LPM,34.2100106,-118.522516
60371314001,3570.0,28.26,7.68,50.81,Minority,Low_poverty,LPM,34.2173135,-118.5316943
60372690002,1080.0,88.52,0.0,6.67,White,Low_poverty,LPW,34.0407583,-118.40099
60372691002,537.0,86.59,15.64,4.28,White,Low_poverty,LPW,34.0545989,-118.390787
60372676001,1213.0,45.92,9.98,18.3,Other,Low_poverty,LPO,34.0382257,-118.4519984
60372677001,1640.0,42.26,6.2,28.23,Other,Low_poverty,LPO,34.042175,-118.4473192
60372671004,903.0,72.54,0.0,10.63,White,Low_poverty,LPW,34.0496975,-118.4269187
60375706011,2126.0,9.6,20.98,65.57,Minority,Low_poverty,LPM,33.8562326,-118.1810961
60375508005,518.0,42.86,11.58,57.14,Minority,Low_poverty,LPM,33.9546893,-118.1391299
60375358021,1450.0,3.31,18.48,95.59,Minority,Low_poverty,LPM,33.9431207,-118.2101813
60372361004,2076.0,0.0,37.91,98.08,Minority,High_poverty,HPM,34.0134549,-118.3421022
60375402024,1055.0,5.31,25.15,91.37,Minority,Low_poverty,LPM,33.9319507,-118.2102763
60375352002,2008.0,0.45,29.43,98.9,Minority,Low_poverty,LPM,33.9527909,-118.2518706
60375727001,817.0,3.67,2.94,68.17,Minority,Low_poverty,LPM,33.8005276,-118.2077396
60372144002,1082.0,76.8,13.12,12.57,White,Low_poverty,LPW,34.0783717,-118.3576609
60372128001,1650.0,17.52,18.13,30.31,Other,Low_poverty,LPO,34.0509966,-118.3277623
60375752022,1587.0,0.88,31.0,87.15,Minority,High_poverty,HPM,33.7844208,-118.172525
60375771001,1568.0,65.75,1.89,25.64,White,Low_poverty,LPW,33.7735152,-118.1448005
60375774001,626.0,68.37,18.37,27.16,White,Low_poverty,LPW,33.765179,-118.1376026
60372962203,998.0,23.05,24.65,40.38,Other,Low_poverty,LPO,33.7395606,-118.283601
60372970003,1432.0,33.31,27.3,44.83,Other,Low_poverty,LPO,33.7365528,-118.3044279
60372721005,825.0,55.76,23.15,39.88,White,Low_poverty,LPW,34.0001921,-118.445047
60372714002,1465.0,69.22,6.21,16.79,White,Low_poverty,LPW,34.0104061,-118.4512461
60372162002,1100.0,27.0,0.0,44.9,Other,Low_poverty,LPO,34.0551053,-118.3470599
60377009021,2128.0,64.94,11.94,7.99,White,Low_poverty,LPW,34.0646349,-118.3917621
60377009022,1785.0,75.8,2.91,15.63,White,Low_poverty,LPW,34.059663,-118.3918063
60371289101,1512.0,61.71,6.15,21.04,White,Low_poverty,LPW,34.1607708,-118.4563353
60371285001,1341.0,56.9,5.85,22.75,White,Low_poverty,LPW,34.1667225,-118.4445304
60372640001,373.0,94.1,4.83,2.68,White,Low_poverty,LPW,34.0526729,-118.4889652
60371093001,856.0,42.17,2.72,31.77,Other,Low_poverty,LPO,34.2694684,-118.4832198
60371064032,1480.0,2.16,7.73,97.84,Minority,Low_poverty,LPM,34.3031771,-118.440817
60371048103,3768.0,4.19,15.59,95.51,Minority,Low_poverty,LPM,34.2489652,-118.4130092
60374329021,721.0,5.41,11.41,48.96,Other,Low_poverty,LPO,34.0821856,-118.0588307
60374326014,1814.0,5.95,18.36,43.22,Other,Low_poverty,LPO,34.0870362,-118.0121992
60374325002,2565.0,11.73,9.25,58.72,Minority,Low_poverty,LPM,34.0919125,-118.012625
60376500012,779.0,24.01,4.11,34.02,Other,Low_poverty,LPO,33.8825685,-118.3221453
60374817132,596.0,4.36,25.34,1.34,Other,Low_poverty,LPO,34.067956,-118.1252494
60375300062,1159.0,19.59,15.92,64.03,Minority,Low_poverty,LPM,34.0219859,-118.1199747
60372701001,1535.0,34.46,22.74,20.46,Other,Low_poverty,LPO,34.0252499,-118.3976337
60374811021,1640.0,15.24,7.44,31.22,Other,Low_poverty,LPO,34.0995666,-118.0974242
60374300021,1123.0,7.57,4.99,84.24,Minority,Low_poverty,LPM,34.1378518,-117.9513164
60374805002,1531.0,47.88,0.78,18.62,Other,Low_poverty,LPO,34.1029144,-118.1457147
60374809031,3248.0,6.0,20.91,27.18,Other,Low_poverty,LPO,34.0736606,-118.139349
60374809022,1089.0,3.49,20.11,40.77,Other,Low_poverty,LPO,34.0784991,-118.1396796
60374640002,663.0,70.74,6.64,10.71,White,Low_poverty,LPW,34.1297569,-118.1342473
60374637002,2181.0,54.47,8.07,22.51,White,Low_poverty,LPW,34.1408684,-118.154993
60374626002,895.0,50.28,5.74,32.74,White,Low_poverty,LPW,34.159184,-118.1125179
60371925201,2968.0,6.77,19.04,82.11,Minority,Low_poverty,LPM,34.0817283,-118.3025164
60374631012,1677.0,28.86,11.12,30.41,Other,Low_poverty,LPO,34.1372535,-118.0704568
60372013021,927.0,9.28,27.59,56.42,Minority,Low_poverty,LPM,34.097223,-118.1818084
60371955002,2053.0,31.37,0.0,47.93,Other,Low_poverty,LPO,34.0879801,-118.262684
60371915001,1295.0,19.77,7.24,34.52,Other,Low_poverty,LPO,34.0867219,-118.2944215
60371918101,1062.0,6.31,34.56,89.64,Minority,High_poverty,HPM,34.088933,-118.3233523
60371899022,2426.0,71.56,20.61,14.38,White,Low_poverty,LPW,34.0961602,-118.3462153
60371832201,833.0,19.81,18.73,69.75,Minority,Low_poverty,LPM,34.1212265,-118.1872383
60371833001,548.0,17.52,19.89,59.31,Minority,Low_poverty,LPM,34.1239879,-118.2011876
60374320002,765.0,4.97,2.35,8.76,Other,Low_poverty,LPO,34.1020017,-118.0481047
60374321011,1415.0,18.94,3.63,17.03,Other,Low_poverty,LPO,34.0965209,-118.0385621
60374319001,1603.0,15.78,27.26,16.22,Other,Low_poverty,LPO,34.1111806,-118.0551134
60374320005,1138.0,18.98,18.19,34.18,Other,Low_poverty,LPO,34.1043122,-118.064254
60374308024,1044.0,10.54,6.42,2.49,Other,Low_poverty,LPO,34.1243322,-118.0269748
60371435001,1091.0,71.77,5.68,13.29,White,Low_poverty,LPW,34.1476547,-118.3987019
60371413021,1517.0,65.06,6.79,22.61,White,Low_poverty,LPW,34.1566078,-118.4652435
60371375021,776.0,77.32,10.7,3.87,White,Low_poverty,LPW,34.1656418,-118.5925214
60371253202,3054.0,44.89,22.63,36.54,Other,Low_poverty,LPO,34.1667044,-118.3650522
60371252003,1337.0,59.16,5.61,20.19,White,Low_poverty,LPW,34.1593555,-118.3845631
60377010001,667.0,100.0,0.0,0.0,White,Low_poverty,LPW,34.0646482,-118.4012473
60373021043,2002.0,53.4,16.97,20.63,White,Low_poverty,LPW,34.1481466,-118.2328809
60371046202,2010.0,2.24,12.71,97.76,Minority,Low_poverty,LPM,34.2593946,-118.4240413
60374038014,1062.0,14.03,5.08,57.82,Minority,Low_poverty,LPM,34.102687,-117.877108
60377023004,1154.0,57.28,14.89,24.44,White,Low_poverty,LPW,34.0210753,-118.4627742
60377015011,1711.0,79.95,6.78,7.77,White,Low_poverty,LPW,34.0312178,-118.4866467
60377016013,877.0,53.25,2.74,2.85,White,Low_poverty,LPW,34.036061,-118.4806495
60377023001,1414.0,54.67,5.66,26.94,White,Low_poverty,LPW,34.0245692,-118.4524834
60377017022,1107.0,41.1,26.38,45.16,Other,Low_poverty,LPO,34.0227505,-118.4841109
60371031025,1406.0,67.78,3.41,20.2,White,Low_poverty,LPW,34.2633174,-118.3135631
60371031024,847.0,64.11,8.85,17.83,White,Low_poverty,LPW,34.2614925,-118.3092077
60373019004,3239.0,59.77,22.95,16.33,White,Low_poverty,LPW,34.153234,-118.2519854
60373017011,1554.0,50.13,9.78,30.82,White,Low_poverty,LPW,34.1567522,-118.2700683
60373014003,504.0,94.25,1.79,1.98,White,Low_poverty,LPW,34.1812222,-118.2890208
60374051021,3242.0,4.23,13.66,78.99,Minority,Low_poverty,LPM,34.089468,-117.9598758
60374059002,1781.0,19.31,9.43,65.7,Minority,Low_poverty,LPM,34.1030705,-117.8945963
60371275201,3073.0,6.02,36.48,82.46,Minority,High_poverty,HPM,34.2194255,-118.4683588
60371245002,1276.0,62.62,8.31,28.22,White,Low_poverty,LPW,34.1748349,-118.4282685
60371234102,1174.0,42.84,33.13,53.92,Minority,High_poverty,HPM,34.1969518,-118.4197385
60372737001,1047.0,62.27,4.68,27.03,White,Low_poverty,LPW,34.0004694,-118.4521138
60372211202,1716.0,2.45,25.58,95.22,Minority,Low_poverty,LPM,34.0420566,-118.2864402
60372190102,1610.0,1.61,11.55,96.21,Minority,Low_poverty,LPM,34.0276213,-118.3253119
60372190101,1417.0,5.29,24.11,89.63,Minority,Low_poverty,LPM,34.0276059,-118.3200182
60372193001,1106.0,6.87,12.48,81.91,Minority,Low_poverty,LPM,34.0250782,-118.3302314
60372186001,774.0,10.47,17.57,72.61,Minority,Low_poverty,LPM,34.0360024,-118.344864
60372186003,1725.0,8.17,16.67,88.93,Minority,Low_poverty,LPM,34.0385129,-118.3430175
60371956004,852.0,43.54,20.91,36.73,Other,Low_poverty,LPO,34.0821863,-118.2691443
60371927001,2792.0,7.88,8.99,67.37,Minority,Low_poverty,LPM,34.0813811,-118.2880076
60371925202,2301.0,4.39,17.43,72.49,Minority,Low_poverty,LPM,34.0781081,-118.3024778
60371924103,902.0,51.44,1.0,19.96,White,Low_poverty,LPW,34.0798442,-118.3187389
60377026006,1294.0,40.65,1.32,28.9,Other,Low_poverty,LPO,34.000653,-118.399712
60371394012,1833.0,66.72,8.35,26.08,White,Low_poverty,LPW,34.1709268,-118.5407021
60374317001,713.0,6.87,5.19,5.61,Other,Low_poverty,LPO,34.1262934,-118.0381176
60373017023,1130.0,33.1,7.52,55.13,Minority,Low_poverty,LPM,34.1478263,-118.2678113
60374800124,912.0,12.06,6.03,9.54,Other,Low_poverty,LPO,34.1205191,-118.0772075
60374825021,1551.0,1.23,15.14,16.63,Other,Low_poverty,LPO,34.0589958,-118.1015874
60375015041,1169.0,18.82,26.52,63.39,Minority,Low_poverty,LPM,33.9772643,-118.0349902
60375417001,1336.0,0.0,11.75,96.11,Minority,Low_poverty,LPM,33.9140309,-118.2072684
60374076012,1777.0,1.24,7.15,88.86,Minority,Low_poverty,LPM,34.0387826,-117.9496588
60371132341,942.0,65.07,7.22,31.21,White,Low_poverty,LPW,34.2330267,-118.5958139
60379201123,1322.0,61.42,2.34,17.63,White,Low_poverty,LPW,34.4316663,-118.5434628
60379200351,2157.0,30.27,20.82,62.59,Minority,Low_poverty,LPM,34.4138738,-118.4646846
60379200352,922.0,34.06,2.06,62.47,Minority,Low_poverty,LPM,34.4182571,-118.4692922
60379200371,4212.0,27.33,6.96,57.32,Minority,Low_poverty,LPM,34.4148852,-118.449744
60374038021,1903.0,19.76,4.77,66.0,Minority,Low_poverty,LPM,34.1012242,-117.8506898
60374012023,2032.0,43.45,12.76,39.28,Other,Low_poverty,LPO,34.1109818,-117.8402687
60374050022,1000.0,5.2,11.26,60.5,Minority,Low_poverty,LPM,34.1032332,-117.9528432
60374012011,1380.0,57.1,3.77,28.62,White,Low_poverty,LPW,34.1241022,-117.8246045
60374012031,2611.0,35.08,12.19,53.23,Minority,Low_poverty,LPM,34.1120105,-117.8594652
60371232052,1015.0,24.53,29.71,73.3,Minority,Low_poverty,LPM,34.1954544,-118.3842129
60371232031,1503.0,7.25,22.09,92.75,Minority,Low_poverty,LPM,34.1986594,-118.3922074
60371230202,994.0,11.07,17.0,85.41,Minority,Low_poverty,LPM,34.2029889,-118.3663622
60371221201,2205.0,16.42,21.81,77.05,Minority,Low_poverty,LPM,34.2119771,-118.3745635
60371212102,1053.0,9.02,3.13,66.95,Minority,Low_poverty,LPM,34.2422261,-118.4070358
60379200364,780.0,29.23,8.33,60.9,Minority,Low_poverty,LPM,34.4253169,-118.4731774
60379104041,1311.0,15.33,10.6,76.89,Minority,Low_poverty,LPM,34.5633504,-118.1276251
60379105022,2026.0,8.14,29.76,87.56,Minority,Low_poverty,LPM,34.5761715,-118.0984761
60379106012,1958.0,3.32,27.58,96.27,Minority,Low_poverty,LPM,34.583847,-118.0760486
60375348022,1150.0,2.7,22.52,97.3,Minority,Low_poverty,LPM,33.971125,-118.2238131
60376209012,672.0,69.49,1.64,9.22,White,Low_poverty,LPW,33.8790176,-118.3988151
60372400201,2154.0,0.19,37.62,99.67,Minority,High_poverty,HPM,33.9542354,-118.268413
60375356031,1192.0,0.0,31.54,99.5,Minority,High_poverty,HPM,33.9558197,-118.218139
60375344031,2795.0,5.83,21.1,94.17,Minority,Low_poverty,LPM,33.9681673,-118.1971314
60375026015,1182.0,4.23,1.78,95.77,Minority,Low_poverty,LPM,33.9617511,-118.0973502
60372407005,1065.0,0.0,2.16,97.93,Minority,Low_poverty,LPM,33.9447188,-118.2629621
60376040023,899.0,10.9,4.0,75.75,Minority,Low_poverty,LPM,33.8751765,-118.3600808
60379107112,1856.0,23.71,6.52,73.81,Minority,Low_poverty,LPM,34.562371,-118.050745
60374817122,2531.0,0.0,20.86,19.0,Other,Low_poverty,LPO,34.0661917,-118.1149076
60371060202,3002.0,24.22,10.26,73.05,Minority,Low_poverty,LPM,34.3249126,-118.4248017
60375771002,1538.0,54.29,2.28,25.75,White,Low_poverty,LPW,33.7698896,-118.1448053
60372371012,910.0,0.0,23.74,96.81,Minority,Low_poverty,LPM,33.9836721,-118.2936607
60372392012,1431.0,0.63,36.27,98.82,Minority,High_poverty,HPM,33.9837696,-118.2761126
60372397021,1321.0,0.0,29.3,100.0,Minority,Low_poverty,LPM,33.9628501,-118.2760801
60372398013,996.0,0.0,32.99,99.5,Minority,High_poverty,HPM,33.9660596,-118.2629502
60372412011,1156.0,1.12,17.82,97.15,Minority,Low_poverty,LPM,33.9402717,-118.2892897
60374300031,1111.0,30.33,7.38,57.43,Minority,Low_poverty,LPM,34.1449024,-117.9387517
60374303021,1207.0,33.14,11.68,54.85,Minority,Low_poverty,LPM,34.1530027,-118.0168727
60374308035,520.0,19.04,0.0,7.88,Other,Low_poverty,LPO,34.1165846,-118.0218207
60374333052,1601.0,2.44,17.01,58.78,Minority,Low_poverty,LPM,34.0735597,-118.0110033
60374340041,1563.0,1.73,6.14,92.39,Minority,Low_poverty,LPM,34.0389403,-118.0339757
60375515012,1557.0,24.98,1.61,64.48,Minority,Low_poverty,LPM,33.9321379,-118.1558086
60375520012,1451.0,10.68,4.62,70.23,Minority,Low_poverty,LPM,33.9104914,-118.0970757
60375535042,2555.0,2.62,12.95,91.08,Minority,Low_poverty,LPM,33.9054892,-118.1579584
60375542043,2520.0,10.75,13.78,85.16,Minority,Low_poverty,LPM,33.8864939,-118.1304714
60375548021,2904.0,13.5,4.7,37.4,Other,Low_poverty,LPO,33.8692397,-118.0863439
60371433005,1571.0,81.22,2.48,6.43,White,Low_poverty,LPW,34.1498908,-118.3819087
60371832221,809.0,35.35,7.66,37.08,Other,Low_poverty,LPO,34.1315601,-118.1920613
60371834012,988.0,25.4,21.15,57.09,Minority,Low_poverty,LPM,34.1218847,-118.2067706
60371862032,1507.0,16.32,6.7,66.89,Minority,Low_poverty,LPM,34.1169264,-118.2098167
60371871012,2427.0,37.37,11.19,42.6,Other,Low_poverty,LPO,34.1160806,-118.2602407
60371891022,1301.0,71.48,2.23,23.83,White,Low_poverty,LPW,34.1098381,-118.2871562
60371908021,1492.0,27.08,24.13,50.61,Minority,Low_poverty,LPM,34.0925366,-118.3310223
60371913011,439.0,47.84,9.79,26.42,Other,Low_poverty,LPO,34.0927249,-118.2830304
60371919021,1210.0,74.38,9.34,11.24,White,Low_poverty,LPW,34.0836801,-118.3418555
60371944011,1441.0,63.91,8.45,24.64,White,Low_poverty,LPW,34.0828352,-118.3641653
60372652012,393.0,39.19,32.58,27.48,Other,High_poverty,HPO,34.0649699,-118.4393346
60372699041,683.0,60.18,4.25,10.25,White,Low_poverty,LPW,34.0304631,-118.4137242
60372719011,1257.0,34.69,3.34,44.39,Other,Low_poverty,LPO,34.0151744,-118.4216597
60372752003,986.0,35.6,9.63,38.54,Other,Low_poverty,LPO,33.99799,-118.4173745
60372755002,956.0,24.58,3.97,53.34,Minority,Low_poverty,LPM,33.9918438,-118.4175103
60372933061,859.0,26.89,4.66,63.56,Minority,Low_poverty,LPM,33.7850994,-118.3059352
60372964012,847.0,66.12,3.3,27.04,White,Low_poverty,LPW,33.7458429,-118.3147835
60373110002,899.0,45.94,6.23,38.27,Other,Low_poverty,LPO,34.1799606,-118.3435015
60374078012,1655.0,5.56,11.36,84.05,Minority,Low_poverty,LPM,34.0315302,-117.9234544
60375730031,1843.0,24.96,14.67,50.9,Minority,Low_poverty,LPM,33.7943972,-118.2020691
60375760013,746.0,38.61,12.93,39.41,Other,Low_poverty,LPO,33.767858,-118.1837401
60374620012,2640.0,2.23,20.57,88.41,Minority,Low_poverty,LPM,34.1599517,-118.1436706
60374634004,2095.0,37.09,5.45,24.67,Other,Low_poverty,LPO,34.1437307,-118.1017115
60371412021,459.0,95.86,22.22,4.14,White,Low_poverty,LPW,34.1457638,-118.4420274
60371958031,1634.0,36.35,20.32,42.17,Other,Low_poverty,LPO,34.0827489,-118.2774345
60371992012,2370.0,1.05,26.88,61.39,Minority,Low_poverty,LPM,34.0764061,-118.2129227
60372016023,1000.0,5.3,18.79,85.0,Minority,Low_poverty,LPM,34.0766055,-118.1725727
60372035003,1135.0,5.29,35.42,87.23,Minority,High_poverty,HPM,34.0497933,-118.2202471
60372080002,3428.0,6.48,35.82,87.36,Minority,High_poverty,HPM,34.0656671,-118.2567197
60372083022,1679.0,12.75,26.44,71.23,Minority,Low_poverty,LPM,34.0667279,-118.2621534
60372091041,2560.0,4.45,33.59,90.66,Minority,High_poverty,HPM,34.0591782,-118.2663761
60372119211,2521.0,8.73,18.84,45.66,Other,Low_poverty,LPO,34.067232,-118.292902
60379105042,1765.0,18.92,30.25,79.15,Minority,High_poverty,HPM,34.5672413,-118.100912
60379107152,1642.0,7.86,13.03,90.26,Minority,Low_poverty,LPM,34.555573,-118.0802575
60379107153,2685.0,13.26,15.34,81.16,Minority,Low_poverty,LPM,34.5542456,-118.0715549
60376209043,804.0,82.71,0.0,3.61,White,Low_poverty,LPW,33.878634,-118.4044274
60379108121,363.0,77.41,14.33,20.66,White,Low_poverty,LPW,34.5024489,-118.0967181
60371370001,1936.0,75.15,11.52,5.78,White,Low_poverty,LPW,34.1674127,-118.6298536
60376003032,1463.0,0.0,52.36,98.29,Minority,High_poverty,HPM,33.9386718,-118.298242
60376003033,1982.0,2.17,18.72,97.68,Minority,Low_poverty,LPM,33.9351243,-118.2983342
60372964023,1116.0,31.18,7.62,53.67,Minority,Low_poverty,LPM,33.7460772,-118.3018541
60372969022,2103.0,33.33,12.49,60.62,Minority,Low_poverty,LPM,33.7357046,-118.298731
60372972022,1599.0,41.84,3.88,55.16,Minority,Low_poverty,LPM,33.7238279,-118.2990118
60372976022,1700.0,38.65,16.35,40.47,Other,Low_poverty,LPO,33.712394,-118.2903286
60374053012,1529.0,8.76,6.87,83.39,Minority,Low_poverty,LPM,34.0848471,-117.9382639
60371944021,1162.0,79.0,13.6,1.64,White,Low_poverty,LPW,34.0874319,-118.3746016
60372011103,748.0,8.29,13.24,82.22,Minority,Low_poverty,LPM,34.0947859,-118.1691656
60372073022,1751.0,28.67,37.06,51.68,Minority,High_poverty,HPM,34.0488584,-118.2464258
60372086203,1450.0,10.62,28.76,45.11,Other,Low_poverty,LPO,34.0680398,-118.2782302
60374062003,2545.0,8.8,10.76,62.39,Minority,Low_poverty,LPM,34.0755612,-117.9033132
60374075012,1111.0,6.3,8.19,81.64,Minority,Low_poverty,LPM,34.0473772,-117.9451211
60374076024,777.0,6.44,7.85,78.51,Minority,Low_poverty,LPM,34.0329717,-117.9410803
60374081361,2450.0,8.16,2.9,57.02,Minority,Low_poverty,LPM,34.0120102,-117.8744669
60374081371,2665.0,8.03,11.22,44.42,Other,Low_poverty,LPO,34.0111095,-117.8835906
60374086301,797.0,5.4,0.0,62.11,Minority,Low_poverty,LPM,34.0078556,-117.9603821
60374086312,1211.0,11.48,12.39,54.67,Minority,Low_poverty,LPM,34.0026651,-117.9630942
60374308014,2149.0,18.94,7.03,2.33,Other,Low_poverty,LPO,34.1340896,-118.0282033
60375330013,2149.0,1.58,27.27,98.42,Minority,Low_poverty,LPM,33.9773758,-118.2461516
60375402033,1415.0,0.0,9.82,97.88,Minority,Low_poverty,LPM,33.9305108,-118.2000759
60372735021,530.0,61.89,8.68,30.95,White,Low_poverty,LPW,33.9861649,-118.4714625
60371096043,1269.0,11.58,4.18,77.7,Minority,Low_poverty,LPM,34.2633559,-118.46298
60371245001,1649.0,58.4,20.19,15.28,White,Low_poverty,LPW,34.1701054,-118.4255017
60374053022,1516.0,7.39,30.41,82.32,Minority,High_poverty,HPM,34.0750398,-117.9398587
60374057021,2483.0,9.22,3.79,67.86,Minority,Low_poverty,LPM,34.095932,-117.9120635
60374075013,1125.0,8.27,9.87,77.6,Minority,Low_poverty,LPM,34.043583,-117.9446814
60374078013,2017.0,4.26,12.89,43.73,Other,Low_poverty,LPO,34.0315775,-117.9181826
60374814025,984.0,5.39,16.37,0.2,Other,Low_poverty,LPO,34.0827999,-118.0881426
60374815002,1024.0,5.08,2.54,5.27,Other,Low_poverty,LPO,34.0752032,-118.1125279
60375010012,870.0,13.56,7.24,86.44,Minority,Low_poverty,LPM,33.987409,-118.0693803
60375010022,988.0,13.77,2.94,84.72,Minority,Low_poverty,LPM,33.9846799,-118.0608154
60375018022,714.0,21.43,27.59,77.73,Minority,Low_poverty,LPM,33.9724079,-118.030108
60375018032,1992.0,7.58,20.68,89.81,Minority,Low_poverty,LPM,33.9738201,-118.0403825
60375020052,1484.0,15.57,14.82,78.3,Minority,Low_poverty,LPM,33.9537725,-118.0339228
60375022005,922.0,2.93,31.13,94.58,Minority,High_poverty,HPM,33.974508,-118.0721353
60371276031,1772.0,14.5,18.28,82.95,Minority,Low_poverty,LPM,34.1957193,-118.4825627
60375509024,1706.0,4.04,13.01,88.4,Minority,Low_poverty,LPM,33.9493904,-118.1286304
60375514011,2375.0,5.98,13.62,87.11,Minority,Low_poverty,LPM,33.9456719,-118.1546117
60376509012,982.0,50.31,8.25,35.85,White,Low_poverty,LPW,33.8411031,-118.3158035
60376514012,1088.0,57.26,2.94,5.98,White,Low_poverty,LPW,33.7860683,-118.3371391
60376701004,1029.0,30.32,8.26,47.81,Other,Low_poverty,LPO,33.7877295,-118.3116508
60376703263,600.0,90.33,10.67,2.33,White,Low_poverty,LPW,33.7867608,-118.4165264
60377005011,1224.0,67.32,6.78,17.73,White,Low_poverty,LPW,34.0894993,-118.3893043
60377005021,3135.0,77.58,9.92,14.77,White,Low_poverty,LPW,34.0906235,-118.3802073
60375539023,1836.0,11.11,23.58,76.85,Minority,Low_poverty,LPM,33.8845049,-118.1491498
60375542033,853.0,10.08,28.25,79.48,Minority,Low_poverty,LPM,33.8811672,-118.1295741
60375542042,1288.0,17.47,16.15,50.93,Minority,Low_poverty,LPM,33.8833605,-118.1295802
60375715042,1200.0,24.5,11.33,68.0,Minority,Low_poverty,LPM,33.8405011,-118.1671093
60375730041,1165.0,6.7,15.36,87.9,Minority,Low_poverty,LPM,33.7925773,-118.196475
60375730044,1226.0,3.51,27.41,89.81,Minority,Low_poverty,LPM,33.7943955,-118.196473
60375763014,665.0,9.17,28.42,60.9,Minority,Low_poverty,LPM,33.7807834,-118.1871936
60375776035,1390.0,71.08,12.23,8.42,White,Low_poverty,LPW,33.7649599,-118.1277793
60377014022,2197.0,71.14,5.9,13.89,White,Low_poverty,LPW,34.0228143,-118.5035247
60371134222,2021.0,26.77,10.74,54.38,Minority,Low_poverty,LPM,34.2259883,-118.5894959
60371151042,3623.0,26.06,28.36,45.65,Other,Low_poverty,LPO,34.2467771,-118.5215969
60371174071,3836.0,0.44,38.14,96.74,Minority,High_poverty,HPM,34.2301059,-118.4703117
60371192013,2155.0,5.48,16.34,90.07,Minority,Low_poverty,LPM,34.2494679,-118.4423657
60371193411,2890.0,13.88,16.85,58.72,Minority,Low_poverty,LPM,34.2371667,-118.4458757
60371201061,4763.0,2.71,26.56,82.03,Minority,Low_poverty,LPM,34.223102,-118.4563804
60371201071,3893.0,3.29,38.12,89.08,Minority,High_poverty,HPM,34.226419,-118.4563804
60371212221,3114.0,5.91,33.01,91.68,Minority,High_poverty,HPM,34.2345597,-118.3967681
60371239012,557.0,44.52,8.44,19.39,Other,Low_poverty,LPO,34.1812248,-118.3899577
60371242031,775.0,45.29,7.74,52.0,Minority,Low_poverty,LPM,34.1776059,-118.3724817
60371242042,651.0,27.5,19.97,62.36,Minority,Low_poverty,LPM,34.1739711,-118.376807
60371345221,4167.0,13.13,29.47,81.74,Minority,Low_poverty,LPM,34.2046744,-118.6017183
60371919022,1578.0,82.38,4.22,8.68,White,Low_poverty,LPW,34.0838402,-118.3366177
60371952012,1007.0,62.86,3.18,24.04,White,Low_poverty,LPW,34.1090699,-118.2828815
60374309011,1612.0,23.33,7.48,40.51,Other,Low_poverty,LPO,34.1408242,-118.0073766
60374309022,1036.0,26.35,4.18,48.94,Other,Low_poverty,LPO,34.1337552,-118.0111858
60374331022,2229.0,0.0,25.3,46.79,Other,Low_poverty,LPO,34.0677939,-118.0587195
60374333063,358.0,0.0,26.82,100.0,Minority,Low_poverty,LPM,34.066483,-118.0112599
60374340042,1476.0,0.88,23.1,92.55,Minority,Low_poverty,LPM,34.0424658,-118.0290557
60375401023,2277.0,2.59,10.58,93.59,Minority,Low_poverty,LPM,33.9205362,-118.1904377
60375523023,2420.0,15.95,6.47,63.43,Minority,Low_poverty,LPM,33.9050904,-118.0604822
60375704032,1276.0,2.27,13.09,91.38,Minority,Low_poverty,LPM,33.8761337,-118.2057638
60372404013,1964.0,0.0,25.81,100.0,Minority,Low_poverty,LPM,33.9500867,-118.287182
60372641021,2998.0,76.35,6.37,9.94,White,Low_poverty,LPW,34.0595085,-118.4693771
60372974003,558.0,63.8,7.89,28.14,White,Low_poverty,LPW,33.729203,-118.3199838
60371048221,2839.0,2.4,19.9,91.86,Minority,Low_poverty,LPM,34.2458703,-118.4209447
60371112013,751.0,62.18,4.97,33.69,White,Low_poverty,LPW,34.2750532,-118.5209595
60373105013,1204.0,33.22,4.86,35.14,Other,Low_poverty,LPO,34.1910439,-118.3393759
60373112003,1348.0,55.04,4.45,33.53,White,Low_poverty,LPW,34.1683286,-118.3517373
60373202012,2027.0,6.51,5.23,93.49,Minority,Low_poverty,LPM,34.2904416,-118.4443157
60373202021,2328.0,3.57,1.86,95.23,Minority,Low_poverty,LPM,34.2944649,-118.4394841
60376003043,1075.0,0.0,37.58,97.59,Minority,High_poverty,HPM,33.9385462,-118.2938336
60376013031,1496.0,6.68,10.23,89.38,Minority,Low_poverty,LPM,33.9728976,-118.3593757
60376025052,1707.0,8.96,41.48,87.52,Minority,High_poverty,HPM,33.9037459,-118.3416649
60376025071,3133.0,4.02,9.84,88.89,Minority,Low_poverty,LPM,33.9037379,-118.3330043
60376028012,1099.0,0.0,20.84,96.45,Minority,Low_poverty,LPM,33.9277976,-118.303308
60376040012,1515.0,20.0,5.81,66.73,Minority,Low_poverty,LPM,33.8818513,-118.3555958
60376500043,1578.0,25.48,11.85,22.43,Other,Low_poverty,LPO,33.8745267,-118.3329694
60376508003,2997.0,16.62,5.94,1.93,Other,Low_poverty,LPO,33.8249871,-118.333621
60377001012,1383.0,80.62,16.7,9.69,White,Low_poverty,LPW,34.0927532,-118.3595448
60377001021,1327.0,75.66,15.4,13.49,White,Low_poverty,LPW,34.088781,-118.356077
60377027004,854.0,55.5,9.93,15.1,White,Low_poverty,LPW,34.0035227,-118.3967873
60371277112,585.0,54.53,1.37,38.46,White,Low_poverty,LPW,34.1849368,-118.4692304
60371281022,1767.0,20.2,29.43,67.06,Minority,Low_poverty,LPM,34.1881745,-118.4443492
60371288021,1729.0,57.2,6.42,19.49,White,Low_poverty,LPW,34.1684831,-118.4552501
60371317021,2849.0,15.97,6.69,63.01,Minority,Low_poverty,LPM,34.2042916,-118.5473539
60371325011,2500.0,31.68,17.0,53.0,Minority,Low_poverty,LPM,34.196113,-118.5464593
60371340011,3209.0,10.56,16.36,75.88,Minority,Low_poverty,LPM,34.2046198,-118.5906555
60371340021,1102.0,34.85,8.98,63.07,Minority,Low_poverty,LPM,34.1978537,-118.5859888
60371349041,2753.0,27.79,20.45,62.8,Minority,Low_poverty,LPM,34.1918006,-118.5853989
60371390013,951.0,91.17,3.36,4.31,White,Low_poverty,LPW,34.1785576,-118.5096004
60371397022,702.0,88.32,5.27,6.41,White,Low_poverty,LPW,34.1496462,-118.488472
60372118031,1788.0,4.64,15.66,0.73,Other,Low_poverty,LPO,34.0674864,-118.3030626
60372119221,1575.0,4.0,13.27,36.44,Other,Low_poverty,LPO,34.0681625,-118.2954259
60372121012,1718.0,12.28,29.69,50.7,Minority,Low_poverty,LPM,34.0632939,-118.2937257
60372145012,395.0,78.23,10.13,9.37,White,Low_poverty,LPW,34.0735233,-118.3571548
60372145031,1260.0,38.02,12.7,16.03,Other,Low_poverty,LPO,34.0658293,-118.3517117
60372151012,873.0,58.19,11.23,25.43,White,Low_poverty,LPW,34.0635713,-118.3482701
60372187021,828.0,3.5,18.36,92.64,Minority,Low_poverty,LPM,34.0338046,-118.3355647
60379005081,4016.0,25.32,26.41,68.67,Minority,Low_poverty,LPM,34.6789749,-118.072221
60372345022,832.0,0.0,11.42,99.27,Minority,Low_poverty,LPM,34.001852,-118.3230274
60377021023,833.0,63.99,14.29,17.16,White,Low_poverty,LPW,34.0033981,-118.4743375
60374020012,1322.0,22.54,15.66,59.15,Minority,Low_poverty,LPM,34.0828628,-117.7233317
60372117011,834.0,26.62,11.28,12.47,Other,Low_poverty,LPO,34.0669578,-118.3154648
60371033002,1918.0,77.11,6.2,7.46,White,Low_poverty,LPW,34.2586049,-118.3477845
60372151022,1741.0,65.65,9.76,20.1,White,Low_poverty,LPW,34.066933,-118.3456397
60372973001,872.0,59.98,5.21,33.14,White,Low_poverty,LPW,33.7235137,-118.3082078
60374004043,1263.0,67.22,4.35,10.45,White,Low_poverty,LPW,34.1414209,-117.8295098
60374034031,2041.0,5.39,4.7,26.07,Other,Low_poverty,LPO,34.0352467,-117.8330102
60375028014,1093.0,12.81,9.97,78.77,Minority,Low_poverty,LPM,33.9397516,-118.0870156
60375031061,1544.0,19.11,6.19,68.13,Minority,Low_poverty,LPM,33.9196971,-118.0202802
60375315041,2573.0,0.31,19.16,99.69,Minority,Low_poverty,LPM,34.0304036,-118.1667914
60375028022,1130.0,20.18,5.0,23.54,Other,Low_poverty,LPO,33.9269736,-118.0625968
60374616002,1254.0,32.54,16.19,50.24,Minority,Low_poverty,LPM,34.1627586,-118.1603088
60374641006,1346.0,37.15,14.78,12.7,Other,Low_poverty,LPO,34.1121946,-118.1234987
60371221223,1405.0,2.49,20.97,96.01,Minority,Low_poverty,LPM,34.2208508,-118.3741815
60371276051,656.0,23.32,18.75,72.72,Minority,Low_poverty,LPM,34.1902695,-118.4880058
60371411022,1899.0,71.3,9.37,12.84,White,Low_poverty,LPW,34.146877,-118.4313895
60371837011,1330.0,19.25,3.16,54.21,Minority,Low_poverty,LPM,34.1060863,-118.1899381
60371043203,1037.0,0.0,6.56,93.73,Minority,Low_poverty,LPM,34.2692636,-118.4213672
60371047032,953.0,5.14,23.19,93.29,Minority,Low_poverty,LPM,34.2545912,-118.405045
60371048212,1083.0,5.72,15.33,93.63,Minority,Low_poverty,LPM,34.2495488,-118.419446
60371064081,2896.0,4.83,14.95,90.64,Minority,Low_poverty,LPM,34.312873,-118.4405173
60371249032,1135.0,63.61,15.31,23.08,White,Low_poverty,LPW,34.1666107,-118.3984128
60371271022,4588.0,10.55,19.2,79.77,Minority,Low_poverty,LPM,34.2030084,-118.4443764
60371276052,3673.0,5.5,29.49,81.19,Minority,Low_poverty,LPM,34.1915391,-118.483648
60371277122,2099.0,17.39,10.53,76.66,Minority,Low_poverty,LPM,34.1957266,-118.4702049
60371317011,3180.0,30.85,13.9,52.1,Minority,Low_poverty,LPM,34.2046604,-118.5600745
60371320012,981.0,72.27,0.0,16.72,White,Low_poverty,LPW,34.1879892,-118.5141814
60371351131,3485.0,47.72,3.19,23.36,Other,Low_poverty,LPO,34.1810129,-118.6059583
60371390011,1621.0,60.7,9.93,27.58,White,Low_poverty,LPW,34.1731804,-118.5067644
60371395032,2597.0,73.35,25.14,23.03,White,Low_poverty,LPW,34.1674257,-118.5231634
60371412011,2152.0,60.92,8.69,27.46,White,Low_poverty,LPW,34.1516841,-118.4374165
60374027051,957.0,10.55,5.64,85.05,Minority,Low_poverty,LPM,34.0691859,-117.7306702
60379010104,772.0,70.08,10.04,29.92,White,Low_poverty,LPW,34.663875,-118.1857002
60379102072,2072.0,26.01,7.24,56.46,Minority,Low_poverty,LPM,34.6008057,-118.1675899
60379104031,2278.0,4.04,49.01,92.1,Minority,High_poverty,HPM,34.576145,-118.1254252
60376505021,1017.0,48.08,1.87,22.03,Other,Low_poverty,LPO,33.8551589,-118.3667744
60379200424,1097.0,53.78,0.0,35.64,White,Low_poverty,LPW,34.4023377,-118.4625729
60379201111,1392.0,56.18,2.05,37.21,White,Low_poverty,LPW,34.4502509,-118.5372476
60377018022,1112.0,44.51,13.04,43.61,Other,Low_poverty,LPO,34.0170749,-118.4774892
60371872001,1509.0,10.07,7.95,75.61,Minority,Low_poverty,LPM,34.0994136,-118.2445757
60371943003,1297.0,71.16,1.7,23.28,White,Low_poverty,LPW,34.1105561,-118.3863717
60375433062,946.0,12.26,1.06,47.99,Other,Low_poverty,LPO,33.8355682,-118.2342897
60375439053,1840.0,6.9,13.7,70.93,Minority,Low_poverty,LPM,33.8065537,-118.2599153
60375502023,855.0,14.85,12.28,84.09,Minority,Low_poverty,LPM,33.9243273,-118.0899259
60375506012,964.0,23.13,0.93,73.13,Minority,Low_poverty,LPM,33.9633163,-118.1168812
60375509013,1215.0,20.58,9.79,72.67,Minority,Low_poverty,LPM,33.9402429,-118.1272467
60372073012,3921.0,42.36,15.66,36.55,Other,Low_poverty,LPO,34.046596,-118.2515835
60377022014,871.0,64.87,13.32,15.15,White,Low_poverty,LPW,34.011539,-118.4794556
60376013021,424.0,15.09,0.0,80.19,Minority,Low_poverty,LPM,33.9678422,-118.3610694
60376028011,2619.0,0.46,21.8,96.52,Minority,Low_poverty,LPM,33.9267604,-118.2950872
60376030051,2228.0,4.13,16.22,79.53,Minority,Low_poverty,LPM,33.9004617,-118.3047591
60374803031,1298.0,9.55,11.79,36.67,Other,Low_poverty,LPO,34.0951586,-118.1358909
60374803041,2413.0,8.83,24.83,35.6,Other,Low_poverty,LPO,34.0945254,-118.1329322
60374803042,845.0,6.75,8.88,29.83,Other,Low_poverty,LPO,34.0987348,-118.132394
60374816053,923.0,4.55,12.24,33.37,Other,Low_poverty,LPO,34.0729639,-118.1211879
60374816063,1088.0,4.32,2.94,34.19,Other,Low_poverty,LPO,34.0750843,-118.1211924
60375020041,1494.0,5.09,10.78,81.66,Minority,Low_poverty,LPM,33.9573382,-118.0439827
60372187011,1076.0,5.86,32.25,67.93,Minority,High_poverty,HPM,34.0374152,-118.3301078
60372214011,1464.0,9.22,23.98,84.91,Minority,Low_poverty,LPM,34.0341341,-118.3156594
60372216011,1739.0,8.17,28.58,88.33,Minority,Low_poverty,LPM,34.0348062,-118.2939998
60372217101,1664.0,5.23,26.72,72.0,Minority,Low_poverty,LPM,34.0346696,-118.2891429
60372220023,1454.0,6.05,39.06,91.26,Minority,High_poverty,HPM,34.0210713,-118.3132191
60372317203,1042.0,0.67,31.38,99.32,Minority,High_poverty,HPM,34.0053972,-118.2849363
60372371011,965.0,2.38,36.89,97.62,Minority,High_poverty,HPM,33.9870596,-118.2936592
60372371014,1067.0,0.0,29.51,93.53,Minority,Low_poverty,LPM,33.9846093,-118.2892545
60372392011,1575.0,0.0,26.67,99.3,Minority,Low_poverty,LPM,33.9871541,-118.27611
60372396011,1839.0,0.33,21.19,99.35,Minority,Low_poverty,LPM,33.9730042,-118.2717306
60372396022,1955.0,1.02,42.46,98.98,Minority,High_poverty,HPM,33.9693472,-118.2773109
60372398021,1455.0,1.03,41.92,96.15,Minority,High_poverty,HPM,33.9619735,-118.2585748
60374335042,991.0,4.14,25.03,64.07,Minority,Low_poverty,LPM,34.0609117,-118.0498817
60373011006,2112.0,65.2,19.22,14.21,White,Low_poverty,LPW,34.1597052,-118.2523634
60373012064,1188.0,71.97,31.9,12.37,White,High_poverty,HPW,34.1610106,-118.2675082
60373025032,1423.0,48.77,19.61,39.78,Other,Low_poverty,LPO,34.1365802,-118.2458387
60373025051,2009.0,53.36,27.87,38.68,White,Low_poverty,LPW,34.1304955,-118.253509
60374825223,1458.0,6.1,8.64,46.57,Other,Low_poverty,LPO,34.0403055,-118.0985895
60372412022,1139.0,0.0,5.64,99.83,Minority,Low_poverty,LPM,33.9337324,-118.2847678
60372084021,1297.0,8.56,25.63,71.01,Minority,Low_poverty,LPM,34.0697293,-118.2644006
60372149022,1510.0,64.83,9.14,8.81,White,Low_poverty,LPW,34.0708235,-118.3800275
60374028042,2501.0,2.4,12.03,79.57,Minority,Low_poverty,LPM,34.0484439,-117.7300514
60374042022,1827.0,10.45,13.6,81.61,Minority,Low_poverty,LPM,34.1232739,-117.8857437
60374619013,1945.0,12.65,21.18,72.24,Minority,Low_poverty,LPM,34.1551613,-118.1482882
60374620021,2507.0,11.25,38.81,85.41,Minority,High_poverty,HPM,34.1618708,-118.1486524
60374622022,1425.0,33.33,43.16,23.79,Other,High_poverty,HPO,34.1489204,-118.1391852
60374623014,877.0,27.59,20.98,60.21,Minority,Low_poverty,LPM,34.1560785,-118.1234763
60374627005,1648.0,21.48,17.94,51.09,Minority,Low_poverty,LPM,34.1493315,-118.1151671
60374636021,1346.0,32.32,17.16,18.35,Other,Low_poverty,LPO,34.1431638,-118.1481753
60374803032,2805.0,3.81,13.44,54.8,Minority,Low_poverty,LPM,34.0951309,-118.1389635
60371112062,698.0,44.41,10.89,40.4,Other,Low_poverty,LPO,34.2700224,-118.5338909
60371154031,3583.0,21.85,17.14,61.46,Minority,Low_poverty,LPM,34.2247342,-118.5317299
60371190011,1926.0,17.81,10.49,64.85,Minority,Low_poverty,LPM,34.2303375,-118.4211335
60371190023,1222.0,4.58,2.0,79.71,Minority,Low_poverty,LPM,34.2404604,-118.4210214
60371204004,1342.0,21.54,3.5,61.48,Minority,Low_poverty,LPM,34.2187936,-118.4322504
60371239011,3315.0,16.92,11.1,76.83,Minority,Low_poverty,LPM,34.1866723,-118.3899612
60371882013,998.0,60.22,2.43,25.15,White,Low_poverty,LPW,34.1121663,-118.2803592
60372199023,825.0,9.21,5.45,73.21,Minority,Low_poverty,LPM,34.0334759,-118.3668102
60372317202,986.0,0.0,33.27,100.0,Minority,High_poverty,HPM,34.0074654,-118.2818293
60372374022,1290.0,0.47,16.67,80.85,Minority,Low_poverty,LPM,33.9784615,-118.2991665
60372404021,1149.0,2.79,16.36,93.82,Minority,Low_poverty,LPM,33.9463231,-118.2853968
60372410022,1005.0,0.8,29.59,94.03,Minority,Low_poverty,LPM,33.9252797,-118.256385
60372701003,1761.0,38.61,5.85,21.47,Other,Low_poverty,LPO,34.0279398,-118.3999802
60372712002,840.0,43.93,35.24,45.72,Other,High_poverty,HPO,34.0304583,-118.4454386
60372760003,1412.0,37.11,1.49,47.52,Other,Low_poverty,LPO,33.9618336,-118.390483
60371013002,1093.0,64.78,1.62,18.57,White,Low_poverty,LPW,34.2386337,-118.2701321
60371041083,1538.0,6.05,19.44,90.31,Minority,Low_poverty,LPM,34.2746787,-118.3994238
60371042031,2960.0,2.77,24.4,94.66,Minority,Low_poverty,LPM,34.2775691,-118.4099779
60371042032,2481.0,0.0,27.13,99.19,Minority,Low_poverty,LPM,34.280547,-118.4131306
60371064063,1267.0,19.81,2.15,61.4,Minority,Low_poverty,LPM,34.3215719,-118.451666
60371066043,779.0,4.11,0.0,95.89,Minority,Low_poverty,LPM,34.2986536,-118.461995
60371066423,1010.0,44.65,6.58,35.34,Other,Low_poverty,LPO,34.2802031,-118.5062439
60371066491,1153.0,7.11,13.53,89.07,Minority,Low_poverty,LPM,34.285327,-118.455894
60371112064,956.0,44.67,1.05,35.04,Other,Low_poverty,LPO,34.2627488,-118.5381147
60371892011,1639.0,68.94,28.98,21.18,White,Low_poverty,LPW,34.1035774,-118.2983528
60371899021,1435.0,86.13,19.16,8.15,White,Low_poverty,LPW,34.0961868,-118.3500338
60371902011,1365.0,45.13,39.49,43.45,Other,High_poverty,HPO,34.1027063,-118.3299029
60375031033,1116.0,17.38,3.23,79.48,Minority,Low_poverty,LPM,33.9268804,-118.0440027
60375031034,939.0,2.77,7.35,71.14,Minority,Low_poverty,LPM,33.923123,-118.0395753
60375313022,1001.0,1.3,0.0,98.7,Minority,Low_poverty,LPM,34.0195264,-118.1856573
60375338052,593.0,0.0,15.35,100.0,Minority,Low_poverty,LPM,33.9792229,-118.1746608
60375361031,798.0,1.38,30.33,96.24,Minority,High_poverty,HPM,33.9441665,-118.1817035
60376030053,1549.0,0.77,23.37,74.95,Minority,Low_poverty,LPM,33.8968284,-118.3069403
60376040011,1661.0,11.74,12.5,71.22,Minority,Low_poverty,LPM,33.8855405,-118.3565996
60376040022,2435.0,14.21,5.87,62.51,Minority,Low_poverty,LPM,33.8748563,-118.3557891
60376205221,1193.0,60.6,6.79,13.83,White,Low_poverty,LPW,33.874246,-118.3763463
60376209044,1170.0,81.88,5.35,3.68,White,Low_poverty,LPW,33.882429,-118.4061948
60376210044,561.0,86.81,2.32,4.99,White,Low_poverty,LPW,33.8698693,-118.4021331
60376211044,2140.0,84.67,1.36,8.93,White,Low_poverty,LPW,33.8594463,-118.3958802
60376213242,1085.0,58.25,3.61,25.43,White,Low_poverty,LPW,33.8383,-118.3868228
60376500015,816.0,22.67,4.53,37.99,Other,Low_poverty,LPO,33.87647,-118.322267
60376504012,701.0,41.23,9.42,10.98,Other,Low_poverty,LPO,33.8354615,-118.3396442
60375417004,850.0,0.0,19.76,100.0,Minority,Low_poverty,LPM,33.9220005,-118.2063154
60375421041,1522.0,2.37,21.28,96.92,Minority,Low_poverty,LPM,33.9009213,-118.189994
60375421052,1047.0,0.96,24.55,90.35,Minority,Low_poverty,LPM,33.8905981,-118.1962943
60375502022,2049.0,10.35,18.79,80.33,Minority,Low_poverty,LPM,33.9223865,-118.085796
60372674031,2102.0,49.43,20.62,18.7,Other,Low_poverty,LPO,34.0469965,-118.4556021
60372696012,1245.0,9.08,9.56,89.23,Minority,Low_poverty,LPM,34.0406453,-118.3779856
60372699043,1527.0,52.59,6.39,36.02,White,Low_poverty,LPW,34.0254674,-118.4099879
60372716003,663.0,70.44,1.36,0.0,White,Low_poverty,LPW,34.0186876,-118.430459
60372719022,1187.0,51.14,6.91,36.31,White,Low_poverty,LPW,34.0079956,-118.4343636
60373203003,796.0,1.01,1.83,98.99,Minority,Low_poverty,LPM,34.2879442,-118.4479155
60374012032,2613.0,41.37,8.96,41.44,Other,Low_poverty,LPO,34.1119792,-117.8504216
60374016032,1248.0,47.12,5.61,43.11,Other,Low_poverty,LPO,34.1118065,-117.7812612
60374028032,1876.0,0.53,21.7,93.71,Minority,Low_poverty,LPM,34.048004,-117.7432305
60374038011,2956.0,13.33,12.33,74.63,Minority,Low_poverty,LPM,34.1029636,-117.8681697
60375719002,1339.0,20.16,0.52,48.85,Other,Low_poverty,LPO,33.8364663,-118.1784504
60375736013,874.0,45.65,0.8,45.53,Other,Low_poverty,LPO,33.8205168,-118.1295577
60375736019,736.0,52.58,8.7,31.66,White,Low_poverty,LPW,33.820547,-118.1208173
60378002042,2788.0,75.97,3.3,14.92,White,Low_poverty,LPW,34.1462938,-118.6397366
60377001023,1511.0,71.14,16.74,15.89,White,Low_poverty,LPW,34.0889953,-118.3593704
60377013041,1824.0,76.15,2.14,4.22,White,Low_poverty,LPW,34.0350725,-118.5039423
60379108111,179.0,72.07,0.0,24.58,White,Low_poverty,LPW,34.4085483,-118.1235922
60375766022,961.0,47.35,17.95,38.29,Other,Low_poverty,LPO,33.7660514,-118.1717875
60375773006,613.0,52.2,2.45,37.36,White,Low_poverty,LPW,33.7552421,-118.1341227
60372735023,1097.0,70.19,15.34,21.52,White,Low_poverty,LPW,33.98786,-118.4678024
60372739023,848.0,76.06,5.42,3.07,White,Low_poverty,LPW,33.9813045,-118.4698898
60372920003,2887.0,4.36,36.02,74.23,Minority,High_poverty,HPM,33.8422295,-118.3068575
60371114003,4117.0,34.3,26.16,57.38,Minority,Low_poverty,LPM,34.2629955,-118.498087
60373003016,1416.0,46.4,3.46,13.42,Other,Low_poverty,LPO,34.2347296,-118.250716
60373016011,1428.0,56.58,17.72,37.53,White,Low_poverty,LPW,34.1701087,-118.2962929
60373020022,2598.0,64.01,20.63,16.09,White,Low_poverty,LPW,34.1503345,-118.2514449
60373025031,1747.0,73.61,17.68,14.42,White,Low_poverty,LPW,34.138079,-118.2450348
60378003321,1335.0,82.55,23.32,12.59,White,Low_poverty,LPW,34.1655523,-118.7544053
60378005062,467.0,89.29,7.07,3.85,White,Low_poverty,LPW,34.0390903,-118.600825
60379001031,2365.0,38.77,40.19,58.77,Minority,High_poverty,HPM,34.6311062,-117.8360254
60379001041,2123.0,30.76,25.01,65.62,Minority,Low_poverty,LPM,34.6018152,-117.8177024
60379005051,1178.0,37.61,18.34,61.03,Minority,Low_poverty,LPM,34.6858451,-118.1081019
60379005061,1922.0,21.85,29.33,75.81,Minority,Low_poverty,LPM,34.6787164,-118.0990998
60379010111,2463.0,45.15,19.98,41.33,Other,Low_poverty,LPO,34.6657569,-118.1682343
60377030022,1543.0,5.12,0.0,81.92,Minority,Low_poverty,LPM,33.9861424,-118.374457
60373004001,812.0,62.81,15.39,20.94,White,Low_poverty,LPW,34.2276063,-118.2508604
60371431001,750.0,79.33,0.0,4.67,White,Low_poverty,LPW,34.1459923,-118.3512805
60372912202,1771.0,5.65,17.56,74.31,Minority,Low_poverty,LPM,33.8764841,-118.2880642
60372188001,1296.0,5.79,7.95,74.07,Minority,Low_poverty,LPM,34.0380314,-118.320771
60376209011,1499.0,62.64,9.14,9.61,White,Low_poverty,LPW,33.8840631,-118.3991728
60372147002,604.0,69.04,13.91,20.53,White,Low_poverty,LPW,34.0665667,-118.3662713
60372941101,1793.0,5.86,8.31,88.68,Minority,Low_poverty,LPM,33.8025351,-118.2607955
60375320012,1600.0,2.5,29.63,95.13,Minority,Low_poverty,LPM,34.0044944,-118.1240068
60371254012,3089.0,50.89,22.56,29.14,White,Low_poverty,LPW,34.1624783,-118.3727348
60374018001,2117.0,59.61,13.27,27.25,White,Low_poverty,LPW,34.1148419,-117.7002101
60374028012,1688.0,1.84,11.37,97.39,Minority,Low_poverty,LPM,34.0553657,-117.739122
60372699042,1717.0,45.02,12.87,25.57,Other,Low_poverty,LPO,34.0281786,-118.4124159
60371853201,1993.0,10.09,17.63,84.74,Minority,Low_poverty,LPM,34.0924585,-118.226904
60375416051,1236.0,0.73,38.59,99.27,Minority,High_poverty,HPM,33.8986538,-118.2058622
60372941103,1039.0,19.06,6.83,77.29,Minority,Low_poverty,LPM,33.7934105,-118.2597186
60375772001,1309.0,76.01,16.35,20.78,White,Low_poverty,LPW,33.7643035,-118.1442633
60371199001,1333.0,6.3,9.6,66.24,Minority,Low_poverty,LPM,34.2294721,-118.4384181
60371998002,1618.0,0.0,22.25,59.7,Minority,Low_poverty,LPM,34.0689214,-118.2083613
60372718013,646.0,22.45,9.13,58.05,Minority,Low_poverty,LPM,34.0164518,-118.4208872
60372091022,2356.0,10.82,43.59,64.13,Minority,High_poverty,HPM,34.0542615,-118.2674354
60375334031,1871.0,0.86,14.02,97.49,Minority,Low_poverty,LPM,33.9904251,-118.1867725
60372912101,1866.0,4.34,19.61,78.19,Minority,Low_poverty,LPM,33.8893356,-118.2841532
60371271042,2075.0,19.9,13.35,72.82,Minority,Low_poverty,LPM,34.2037078,-118.4376275
60372340003,665.0,9.92,4.06,86.77,Minority,Low_poverty,LPM,34.0150981,-118.3256404
60374025011,2290.0,2.79,14.98,93.67,Minority,Low_poverty,LPM,34.0565368,-117.7640522
60371221211,1671.0,11.97,13.51,78.69,Minority,Low_poverty,LPM,34.2146815,-118.3749105
60372325002,996.0,0.0,18.37,98.89,Minority,Low_poverty,LPM,33.991184,-118.3113841
60379010113,1573.0,55.44,19.56,27.08,White,Low_poverty,LPW,34.6639215,-118.179041
60376025062,2576.0,5.09,20.15,83.66,Minority,Low_poverty,LPM,33.9073784,-118.3286649
60375331042,2580.0,2.17,36.74,97.48,Minority,High_poverty,HPM,33.9765849,-118.2225156
60371958022,1333.0,10.8,14.63,64.14,Minority,Low_poverty,LPM,34.0743687,-118.2760819
60375726004,752.0,0.8,0.0,36.17,Other,Low_poverty,LPO,33.8060732,-118.2176071
60372132021,1690.0,2.13,36.86,88.52,Minority,High_poverty,HPM,34.0489118,-118.3018393
60372348004,676.0,7.4,12.57,85.65,Minority,Low_poverty,LPM,33.9802913,-118.3193393
60371042041,1758.0,8.59,23.73,86.69,Minority,Low_poverty,LPM,34.2826478,-118.4066289
60371241023,810.0,60.99,17.98,26.18,White,Low_poverty,LPW,34.1755389,-118.3862175
60375550021,1381.0,30.63,12.63,57.57,Minority,Low_poverty,LPM,33.8355753,-118.0842198
60375706021,1909.0,5.87,6.22,65.11,Minority,Low_poverty,LPM,33.8545375,-118.1727102
60371203002,1236.0,11.25,1.78,62.86,Minority,Low_poverty,LPM,34.213715,-118.4357913
60371974102,1946.0,42.5,7.55,44.55,Other,Low_poverty,LPO,34.0916957,-118.2544198
60375416032,1768.0,0.68,24.47,98.02,Minority,Low_poverty,LPM,33.9064569,-118.218914
60375357024,2194.0,4.15,31.22,94.9,Minority,High_poverty,HPM,33.9529034,-118.2087219
60372739025,450.0,75.33,3.11,12.0,White,Low_poverty,LPW,33.985437,-118.4660601
60372654201,761.0,95.53,3.55,0.0,White,Low_poverty,LPW,34.0720224,-118.4593263
60379203303,637.0,44.9,24.65,42.86,Other,Low_poverty,LPO,34.4044037,-118.5606309
60375545183,1789.0,15.54,9.47,21.63,Other,Low_poverty,LPO,33.8650303,-118.0451085
60379007042,903.0,23.92,36.88,65.23,Minority,High_poverty,HPM,34.6528581,-118.1345977
60379104042,2973.0,12.08,17.72,81.4,Minority,Low_poverty,LPM,34.5666722,-118.1223998
60375409023,1776.0,0.51,35.75,95.83,Minority,High_poverty,HPM,33.9115516,-118.2717906
60375765021,2883.0,29.73,13.25,62.71,Minority,Low_poverty,LPM,33.7735247,-118.1741612
60371991102,1754.0,4.22,17.39,93.68,Minority,Low_poverty,LPM,34.0780274,-118.1986999
60371152021,1964.0,36.61,24.77,36.71,Other,Low_poverty,LPO,34.2372898,-118.5414675
60371313003,2135.0,15.13,3.79,74.61,Minority,Low_poverty,LPM,34.2135347,-118.5233034
60372427005,1093.0,2.29,14.91,97.72,Minority,Low_poverty,LPM,33.9395288,-118.2443202
60372085012,1392.0,9.27,12.35,40.16,Other,Low_poverty,LPO,34.0700347,-118.2732812
60371243003,851.0,44.42,15.55,46.77,Other,Low_poverty,LPO,34.1757844,-118.3681156
60371173022,1416.0,38.42,0.92,43.43,Other,Low_poverty,LPO,34.2449329,-118.4980571
60372431002,2360.0,0.0,63.47,100.0,Minority,High_poverty,HPM,33.9312666,-118.233365
60371132322,2045.0,51.54,10.46,22.05,White,Low_poverty,LPW,34.2276605,-118.6074273
60375532003,868.0,6.8,3.69,68.89,Minority,Low_poverty,LPM,33.9079326,-118.1164411
60373118022,2048.0,24.56,11.39,57.52,Minority,Low_poverty,LPM,34.1713951,-118.3089894
60371231032,2414.0,20.63,27.92,70.13,Minority,Low_poverty,LPM,34.1903172,-118.3681316
60374335041,2066.0,0.0,43.63,77.11,Minority,High_poverty,HPM,34.0572709,-118.057829
60375331031,1506.0,3.59,35.99,96.41,Minority,High_poverty,HPM,33.9769407,-118.2289702
60375762005,1349.0,49.52,17.57,35.5,Other,Low_poverty,LPO,33.7723458,-118.1897554
60374808021,500.0,2.2,16.49,24.6,Other,Low_poverty,LPO,34.0824194,-118.1483923
60375753003,1908.0,5.56,26.34,79.87,Minority,Low_poverty,LPM,33.787621,-118.1870916
60371236022,813.0,62.36,11.07,26.69,White,Low_poverty,LPW,34.1813073,-118.4276946
60372140004,841.0,86.68,5.71,11.54,White,Low_poverty,LPW,34.0745836,-118.3451166
60374621002,3124.0,10.21,27.59,81.66,Minority,Low_poverty,LPM,34.1596713,-118.1370109
60372324004,2449.0,2.45,20.91,95.63,Minority,Low_poverty,LPM,33.9993972,-118.3148375
60378003252,1905.0,86.93,2.41,4.25,White,Low_poverty,LPW,34.1425358,-118.8262089
60375512012,2331.0,15.7,5.61,77.52,Minority,Low_poverty,LPM,33.925917,-118.1469558
60375335011,1875.0,0.0,34.35,100.0,Minority,High_poverty,HPM,33.9865507,-118.1997229
60371232041,2522.0,11.38,31.55,83.71,Minority,High_poverty,HPM,34.1957509,-118.3943297
60373024015,1074.0,51.68,46.37,37.43,White,High_poverty,HPW,34.1294165,-118.2563792
60372170021,1607.0,72.74,8.77,9.09,White,Low_poverty,LPW,34.0522815,-118.3819018
60371320023,1861.0,45.89,9.76,41.06,Other,Low_poverty,LPO,34.1983521,-118.5109171
60372294101,2070.0,0.87,37.29,97.83,Minority,High_poverty,HPM,33.9922206,-118.2720272
60371926103,1503.0,27.88,27.08,59.01,Minority,Low_poverty,LPM,34.0801261,-118.2978814
60372970004,1357.0,47.61,2.28,45.69,Other,Low_poverty,LPO,33.7329319,-118.3044853
60375528001,1207.0,1.24,4.47,88.98,Minority,Low_poverty,LPM,33.9011028,-118.0871058
60372246002,1223.0,4.91,40.8,88.88,Minority,High_poverty,HPM,34.0230864,-118.2729688
60371321022,1753.0,28.64,2.34,57.15,Minority,Low_poverty,LPM,34.2045463,-118.4974602
60374333041,1983.0,4.39,22.76,60.26,Minority,Low_poverty,LPM,34.0732049,-118.0167053
60371200301,2666.0,3.15,31.28,90.55,Minority,High_poverty,HPM,34.2152447,-118.451843
60375773004,1101.0,71.84,7.36,13.9,White,Low_poverty,LPW,33.7596065,-118.1371204
60372283104,337.0,0.0,6.23,98.52,Minority,Low_poverty,LPM,34.010079,-118.2669506
60372141003,487.0,84.8,8.21,10.27,White,Low_poverty,LPW,34.0699803,-118.3394033
60375505004,846.0,14.78,7.21,66.9,Minority,Low_poverty,LPM,33.9420828,-118.1021678
60375340022,1355.0,6.05,24.93,93.95,Minority,Low_poverty,LPM,33.9651013,-118.1423668
60372213022,1673.0,3.11,29.75,78.07,Minority,Low_poverty,LPM,34.0419621,-118.3085899
60371279102,3266.0,13.1,22.63,79.54,Minority,Low_poverty,LPM,34.1981146,-118.4456607
60374003041,2507.0,39.93,5.23,49.18,Other,Low_poverty,LPO,34.1140918,-117.8001718
60371352023,1942.0,64.01,8.91,15.45,White,Low_poverty,LPW,34.1845574,-118.6366994
60375300061,3271.0,11.34,17.48,61.48,Minority,Low_poverty,LPM,34.020019,-118.1126395
60375763013,1493.0,10.18,25.72,74.75,Minority,Low_poverty,LPM,33.7771519,-118.1866643
60376208007,685.0,72.55,0.0,9.2,White,Low_poverty,LPW,33.8766408,-118.385772
60372422002,577.0,0.0,42.77,100.0,Minority,High_poverty,HPM,33.9456683,-118.2378725
60376704131,1980.0,40.25,3.13,8.74,Other,Low_poverty,LPO,33.777583,-118.3973666
60374305022,2177.0,60.04,9.51,21.96,White,Low_poverty,LPW,34.1593754,-118.0495042
60372380001,680.0,0.0,0.0,100.0,Minority,Low_poverty,LPM,33.9443834,-118.3070181
60376510023,1031.0,37.15,7.76,9.31,Other,Low_poverty,LPO,33.8115665,-118.3237684
60372212202,2167.0,2.77,15.86,84.91,Minority,Low_poverty,LPM,34.0425629,-118.2955516
60375332031,849.0,0.59,24.15,96.35,Minority,Low_poverty,LPM,33.9746008,-118.2118719
60375008002,992.0,6.35,10.89,93.65,Minority,Low_poverty,LPM,33.9801788,-118.085099
60375551042,1769.0,5.88,15.51,81.68,Minority,Low_poverty,LPM,33.8367613,-118.0698415
60376030013,2154.0,4.74,3.27,58.35,Minority,Low_poverty,LPM,33.8973871,-118.2963311
60375503005,1359.0,5.37,17.22,53.42,Minority,Low_poverty,LPM,33.9202487,-118.1019465
60376006013,622.0,0.0,18.33,94.69,Minority,Low_poverty,LPM,33.9400392,-118.3202669
60373007012,872.0,63.99,5.16,8.94,White,Low_poverty,LPW,34.1812483,-118.2320552
60375524003,918.0,6.64,7.23,81.59,Minority,Low_poverty,LPM,33.9001109,-118.0556382
60372172002,924.0,15.04,13.64,77.92,Minority,Low_poverty,LPM,34.0478999,-118.3434494
60375707021,1504.0,26.0,11.04,51.46,Minority,Low_poverty,LPM,33.8504536,-118.1573139
60374045031,2638.0,8.38,9.67,77.29,Minority,Low_poverty,LPM,34.1105983,-117.9120723
60375526013,1503.0,0.86,22.89,91.75,Minority,Low_poverty,LPM,33.8900471,-118.0804168
60372406002,1688.0,1.95,21.86,98.05,Minority,Low_poverty,LPM,33.9455448,-118.266228
60371212212,1783.0,12.45,12.79,84.02,Minority,Low_poverty,LPM,34.2283928,-118.3971473
60374307212,1876.0,8.69,19.02,21.06,Other,Low_poverty,LPO,34.1296316,-118.0423983
60375402011,1323.0,0.6,47.24,97.66,Minority,High_poverty,HPM,33.9431037,-118.2147728
60376025041,3173.0,11.63,11.63,76.64,Minority,Low_poverty,LPM,33.9073685,-118.3373236
60374012022,1167.0,31.53,5.23,58.18,Minority,Low_poverty,LPM,34.1161487,-117.8336661
60375014002,1318.0,6.6,19.65,86.04,Minority,Low_poverty,LPM,33.9796074,-118.0460436
60372384002,1408.0,3.76,19.41,94.39,Minority,Low_poverty,LPM,33.955817,-118.3060064
60379010041,1908.0,44.44,3.56,47.38,Other,Low_poverty,LPO,34.6861137,-118.1878266
60372966001,1596.0,9.02,28.29,87.41,Minority,Low_poverty,LPM,33.7419376,-118.2900979
60372736001,506.0,62.85,13.04,37.16,White,Low_poverty,LPW,33.9937486,-118.4560643
60374613005,1697.0,58.81,6.51,30.82,White,Low_poverty,LPW,34.1768761,-118.116852
60375437012,1485.0,5.79,7.27,58.86,Minority,Low_poverty,LPM,33.8216083,-118.2718598
60372375001,2057.0,1.9,25.96,98.1,Minority,Low_poverty,LPM,33.9800878,-118.2893084
60375532002,892.0,15.02,1.91,83.85,Minority,Low_poverty,LPM,33.9055426,-118.1141911
60376205212,825.0,48.12,11.03,5.09,Other,Low_poverty,LPO,33.8749797,-118.363456
60375727004,1892.0,3.07,13.95,27.22,Other,Low_poverty,LPO,33.7989319,-118.2165229
60371111001,1538.0,27.63,8.4,56.77,Minority,Low_poverty,LPM,34.266507,-118.4956247
60372376003,1073.0,0.75,17.99,99.25,Minority,Low_poverty,LPM,33.9785512,-118.2816767
60371926102,741.0,6.61,11.14,83.94,Minority,Low_poverty,LPM,34.0825037,-118.2980022
60377028013,1182.0,50.0,3.3,26.14,White,Low_poverty,LPW,34.0145278,-118.40669
60371953002,683.0,45.1,12.15,52.86,Minority,Low_poverty,LPM,34.09707,-118.2821314
60373004002,1053.0,52.42,0.95,24.59,White,Low_poverty,LPW,34.2214107,-118.2511179
60375751021,2100.0,13.57,32.22,70.95,Minority,High_poverty,HPM,33.7853196,-118.1632843
60375768021,2609.0,37.91,11.28,55.58,Minority,Low_poverty,LPM,33.7735209,-118.1578586
60375440012,1118.0,11.9,10.2,58.77,Minority,Low_poverty,LPM,33.8335996,-118.220666
60372035002,1226.0,1.71,39.15,82.71,Minority,High_poverty,HPM,34.0602834,-118.2207697
60372427001,1489.0,0.0,23.51,98.66,Minority,Low_poverty,LPM,33.9404246,-118.2407672
60372193002,1156.0,2.25,30.99,91.26,Minority,High_poverty,HPM,34.025599,-118.3327017
60375700022,800.0,59.38,6.88,34.0,White,Low_poverty,LPW,33.8622417,-118.1275086
60371437002,1791.0,77.78,6.31,4.24,White,Low_poverty,LPW,34.1238854,-118.3468503
60371330003,1295.0,33.05,34.98,49.19,Other,High_poverty,HPO,34.191804,-118.5562197
60374023031,1075.0,14.98,43.24,74.42,Minority,High_poverty,HPM,34.0672329,-117.7530793
60372911101,2574.0,0.97,28.75,97.87,Minority,Low_poverty,LPM,33.9200576,-118.289284
60374026002,2165.0,5.27,28.73,91.04,Minority,Low_poverty,LPM,34.0685041,-117.7391292
60375704041,1449.0,1.17,13.39,81.5,Minority,Low_poverty,LPM,33.8804758,-118.1957128
60379203122,2053.0,61.52,16.56,27.43,White,Low_poverty,LPW,34.3767011,-118.5373137
60375334013,1295.0,0.0,8.73,100.0,Minority,Low_poverty,LPM,33.9931701,-118.1969006
60375436022,2319.0,6.73,2.46,35.4,Other,Low_poverty,LPO,33.8152276,-118.293993
60374081401,2549.0,2.63,17.5,89.92,Minority,Low_poverty,LPM,34.0100134,-117.9042799
60372063001,1561.0,18.13,84.88,72.65,Minority,High_poverty,HPM,34.0401465,-118.2415808
60377009012,544.0,77.02,6.43,0.0,White,Low_poverty,LPW,34.0646276,-118.3806572
60371279202,2008.0,20.97,28.44,67.08,Minority,Low_poverty,LPM,34.1975652,-118.4378051
60371041051,1777.0,14.91,9.12,51.04,Minority,Low_poverty,LPM,34.2785411,-118.4013999
60371171022,1574.0,29.29,12.09,58.32,Minority,Low_poverty,LPM,34.2463808,-118.4630682
60379201023,3362.0,52.35,5.27,41.55,White,Low_poverty,LPW,34.6330733,-118.6002394
60374040004,1738.0,20.08,17.72,69.33,Minority,Low_poverty,LPM,34.1083515,-117.8852475
60372170022,1016.0,64.96,0.0,24.21,White,Low_poverty,LPW,34.0514723,-118.3779667
60372933041,2986.0,14.13,12.53,70.3,Minority,Low_poverty,LPM,33.7936809,-118.3044461
60372148003,844.0,76.42,0.0,12.68,White,Low_poverty,LPW,34.0674398,-118.3725396
60371899031,2089.0,70.8,15.17,19.49,White,Low_poverty,LPW,34.1025152,-118.3477123
60375503006,1204.0,0.0,0.0,93.52,Minority,Low_poverty,LPM,33.9190476,-118.1070964
60372340001,2024.0,1.88,17.66,97.53,Minority,Low_poverty,LPM,34.0145042,-118.319231
60371351112,1025.0,64.1,4.78,19.03,White,Low_poverty,LPW,34.1911059,-118.6122095
60376007042,1699.0,9.48,7.59,85.52,Minority,Low_poverty,LPM,33.954533,-118.3248356
60376204002,742.0,56.6,2.29,16.98,White,Low_poverty,LPW,33.8896348,-118.3808285
60371233031,749.0,42.72,13.48,50.74,Minority,Low_poverty,LPM,34.1920915,-118.4115147
60372281003,1765.0,0.0,19.55,100.0,Minority,Low_poverty,LPM,34.0104347,-118.2473969
60371221222,946.0,6.87,17.65,93.13,Minority,Low_poverty,LPM,34.217599,-118.3723156
60373025043,859.0,49.24,26.66,50.17,Minority,Low_poverty,LPM,34.135127,-118.250591
60375024013,2688.0,9.23,12.8,90.77,Minority,Low_poverty,LPM,33.9733921,-118.0986614
60375405021,2701.0,2.11,27.84,97.89,Minority,Low_poverty,LPM,33.9177522,-118.215419
60374307242,2327.0,22.91,12.08,19.33,Other,Low_poverty,LPO,34.1274952,-118.0551844
60374010013,1077.0,51.62,5.76,31.48,White,Low_poverty,LPW,34.1414948,-117.8571104
60375700013,1448.0,32.11,7.44,51.73,Minority,Low_poverty,LPM,33.8625016,-118.1208261
60372384003,1111.0,0.9,28.08,88.66,Minority,Low_poverty,LPM,33.9581549,-118.3133773
60376701002,1001.0,40.86,9.09,39.26,Other,Low_poverty,LPO,33.7876719,-118.3252683
60371256003,909.0,67.99,28.27,26.4,White,Low_poverty,LPW,34.154591,-118.3555591
60375015032,576.0,36.63,4.86,62.16,Minority,Low_poverty,LPM,33.9878118,-118.0343929
60375401011,859.0,0.0,5.22,100.0,Minority,Low_poverty,LPM,33.9324916,-118.1847688
60371909012,2898.0,4.66,19.01,89.27,Minority,Low_poverty,LPM,34.0929872,-118.3116338
60372736004,825.0,74.79,2.18,16.0,White,Low_poverty,LPW,33.9953408,-118.4599059
60372653032,3401.0,32.67,61.72,19.02,Other,High_poverty,HPO,34.0663038,-118.4532532
60371831031,2107.0,19.55,12.62,67.78,Minority,Low_poverty,LPM,34.115297,-118.1789864
60372402001,628.0,0.0,55.73,94.26,Minority,High_poverty,HPM,33.9561122,-118.2794091
60371061132,1531.0,10.84,0.0,84.65,Minority,Low_poverty,LPM,34.3022613,-118.4166848
60372945102,3220.0,0.78,35.68,98.98,Minority,High_poverty,HPM,33.7844988,-118.271564
60372975001,1651.0,46.64,1.94,43.37,Other,Low_poverty,LPO,33.7150712,-118.2963707
60373023012,2283.0,68.16,23.08,13.23,White,Low_poverty,LPW,34.1446429,-118.259682
60372219001,3019.0,26.63,80.49,21.6,Other,High_poverty,HPO,34.0266039,-118.2873755
60376022005,2616.0,4.59,24.69,91.17,Minority,Low_poverty,LPM,33.9263928,-118.3634694
60376008023,930.0,1.72,5.7,83.65,Minority,Low_poverty,LPM,33.9615933,-118.3303863
60372372012,1810.0,1.66,18.18,96.96,Minority,Low_poverty,LPM,33.9854252,-118.2991165
60372311002,1085.0,10.88,55.12,85.9,Minority,High_poverty,HPM,34.014937,-118.2752782
60371313002,1014.0,16.77,9.72,35.9,Other,Low_poverty,LPO,34.2171616,-118.5234589
60372348003,668.0,0.0,0.3,93.12,Minority,Low_poverty,LPM,33.9801005,-118.3229762
60375334022,1696.0,1.3,32.49,98.7,Minority,High_poverty,HPM,33.9895482,-118.1919279
60371395041,2436.0,75.82,23.03,16.7,White,Low_poverty,LPW,34.1657687,-118.5202342
60375425012,2088.0,0.0,32.04,98.03,Minority,High_poverty,HPM,33.8935111,-118.2397924
60372317101,784.0,1.91,72.83,98.09,Minority,High_poverty,HPM,34.0086474,-118.290765
60372226001,1729.0,9.02,52.36,71.2,Minority,High_poverty,HPM,34.0237663,-118.2937368
60372941203,735.0,6.53,21.09,88.03,Minority,Low_poverty,LPM,33.7961726,-118.2423372
60375706013,1050.0,10.48,7.43,85.42,Minority,Low_poverty,LPM,33.8531171,-118.1805749
60375708003,917.0,42.75,13.85,47.0,Other,Low_poverty,LPO,33.8503603,-118.1319303
60371343061,4305.0,25.76,13.22,60.16,Minority,Low_poverty,LPM,34.2119148,-118.6017021
60374329013,790.0,0.0,9.49,46.84,Other,Low_poverty,LPO,34.0781941,-118.0752864
60374338022,1723.0,7.72,7.43,89.37,Minority,Low_poverty,LPM,34.0419539,-118.0410342
60372324003,1417.0,0.49,11.15,89.42,Minority,Low_poverty,LPM,33.9967804,-118.3105878
60374334011,2463.0,2.48,30.18,80.72,Minority,High_poverty,HPM,34.0591942,-118.040525
60372945201,1651.0,1.94,19.87,97.69,Minority,Low_poverty,LPM,33.7888541,-118.2658896
60373006003,3230.0,39.32,10.31,20.41,Other,Low_poverty,LPO,34.2145765,-118.240061
60372118032,1913.0,5.65,13.28,42.08,Other,Low_poverty,LPO,34.0668882,-118.3013983
60376208001,626.0,65.34,12.62,3.35,White,Low_poverty,LPW,33.8855406,-118.3818765
60379105012,1999.0,11.46,56.53,87.84,Minority,High_poverty,HPM,34.5834451,-118.1097517
60371096032,1424.0,12.92,19.31,63.62,Minority,Low_poverty,LPM,34.2554493,-118.46298
60376037024,1565.0,35.14,4.29,29.97,Other,Low_poverty,LPO,33.8910949,-118.3415843
60376214002,1306.0,74.04,3.68,7.12,White,Low_poverty,LPW,33.8212082,-118.3811772
60375722024,1505.0,8.44,3.99,31.63,Other,Low_poverty,LPO,33.8098309,-118.1989577
60375440014,1738.0,1.04,7.77,93.03,Minority,Low_poverty,LPM,33.8358287,-118.2198364
60375741001,924.0,53.79,0.99,43.5,White,Low_poverty,LPW,33.8154455,-118.114128
60373013001,720.0,80.97,10.14,8.75,White,Low_poverty,LPW,34.1719664,-118.2678861
60375549001,1177.0,44.18,3.7,8.07,Other,Low_poverty,LPO,33.8622706,-118.0735802
60371199004,1187.0,12.22,17.76,79.11,Minority,Low_poverty,LPM,34.2252691,-118.4418415
60375514023,930.0,25.27,3.34,69.9,Minority,Low_poverty,LPM,33.9405534,-118.1496019
60371863012,948.0,11.29,55.18,88.19,Minority,High_poverty,HPM,34.1213267,-118.2423768
60371904011,2125.0,54.12,12.99,29.41,White,Low_poverty,LPW,34.1035709,-118.3035202
60375421063,510.0,2.35,18.82,97.65,Minority,Low_poverty,LPM,33.8943091,-118.193795
60375700031,1198.0,36.14,4.58,49.58,Other,Low_poverty,LPO,33.8654165,-118.136146
60375013002,2686.0,15.93,3.69,81.35,Minority,Low_poverty,LPM,33.9892481,-118.0455817
60375545143,1840.0,15.22,8.1,24.35,Other,Low_poverty,LPO,33.8694811,-118.0671322
60379104011,3640.0,39.4,3.6,44.36,Other,Low_poverty,LPO,34.5747184,-118.1537675
60371392001,1258.0,60.41,2.07,8.66,White,Low_poverty,LPW,34.1783326,-118.5229461
60371341012,2443.0,22.88,9.05,47.44,Other,Low_poverty,LPO,34.2119679,-118.5666451
60372147003,864.0,69.56,4.17,19.1,White,Low_poverty,LPW,34.0669122,-118.3693408
60373203005,429.0,4.43,15.38,88.58,Minority,Low_poverty,LPM,34.2759793,-118.4438847
60372948202,1333.0,1.58,26.86,94.08,Minority,Low_poverty,LPM,33.7783475,-118.2655707
60375308011,1179.0,4.75,25.53,95.25,Minority,Low_poverty,LPM,34.047471,-118.1904519
60372213032,1213.0,8.41,43.12,81.7,Minority,High_poverty,HPM,34.0453754,-118.3103068
60372412023,1363.0,0.0,44.68,88.19,Minority,High_poverty,HPM,33.9346879,-118.2811983
60375034021,2256.0,29.52,8.64,65.38,Minority,Low_poverty,LPM,33.9404846,-117.9968741
60374816051,861.0,4.3,9.06,34.96,Other,Low_poverty,LPO,34.072851,-118.1299532
60371814002,954.0,37.32,9.24,31.76,Other,Low_poverty,LPO,34.1365767,-118.2079361
60375409013,1790.0,0.0,21.56,98.66,Minority,Low_poverty,LPM,33.91977,-118.2760515
60375035024,1312.0,34.68,7.64,59.3,Minority,Low_poverty,LPM,33.9341488,-118.0008546
60375358032,1421.0,1.13,19.49,98.87,Minority,Low_poverty,LPM,33.9480385,-118.210069
60374635003,2766.0,54.3,8.92,16.7,White,Low_poverty,LPW,34.1409021,-118.1301501
60374052022,3435.0,3.14,19.56,82.5,Minority,Low_poverty,LPM,34.0799212,-117.962301
60375354003,980.0,1.02,26.02,97.65,Minority,Low_poverty,LPM,33.9496076,-118.2312842
60375435023,1778.0,13.72,9.39,43.36,Other,Low_poverty,LPO,33.8394612,-118.2970867
60372172003,1365.0,22.49,9.82,66.23,Minority,Low_poverty,LPM,34.0498656,-118.3470405
60374060003,672.0,44.35,4.35,36.76,Other,Low_poverty,LPO,34.0903532,-117.9043015
60372200004,398.0,9.3,31.16,87.94,Minority,High_poverty,HPM,34.0278866,-118.3427611
60371065201,2433.0,13.81,15.45,82.61,Minority,Low_poverty,LPM,34.3103243,-118.4580726
60371990001,1307.0,3.98,9.41,90.74,Minority,Low_poverty,LPM,34.0866947,-118.2165348
60375433043,1446.0,3.04,8.49,96.95,Minority,Low_poverty,LPM,33.856902,-118.2381023
60376021062,1599.0,9.13,22.76,73.17,Minority,Low_poverty,LPM,33.9182306,-118.3568477
60375352001,2304.0,0.0,14.63,100.0,Minority,Low_poverty,LPM,33.9553159,-118.2491707
60372781021,520.0,75.58,4.23,10.38,White,Low_poverty,LPW,33.9536954,-118.4438723
60371882023,699.0,62.52,4.29,9.01,White,Low_poverty,LPW,34.1139763,-118.2823859
60374619011,2356.0,22.79,24.28,67.15,Minority,Low_poverty,LPM,34.1547161,-118.1441254
60372410011,1186.0,0.0,10.2,100.0,Minority,Low_poverty,LPM,33.9291917,-118.2673584
60372756031,877.0,44.01,7.41,33.64,Other,Low_poverty,LPO,33.98484,-118.4027376
60375752021,1681.0,1.9,26.0,64.31,Minority,Low_poverty,LPM,33.7880384,-118.1698077
60373021021,1352.0,50.3,8.65,15.53,White,Low_poverty,LPW,34.137806,-118.2309295
60374300025,2386.0,30.3,0.96,45.52,Other,Low_poverty,LPO,34.1413942,-117.9474285
60372225002,2330.0,1.33,21.17,92.19,Minority,Low_poverty,LPM,34.0223402,-118.3045561
60372377102,2531.0,0.91,31.29,97.91,Minority,High_poverty,HPM,33.9727066,-118.283904
60372373002,1386.0,1.59,1.8,97.62,Minority,Low_poverty,LPM,33.9783995,-118.3078817
60375705012,1969.0,13.51,26.61,78.92,Minority,Low_poverty,LPM,33.8709657,-118.1801788
60375031032,1171.0,11.78,5.04,86.17,Minority,Low_poverty,LPM,33.9266881,-118.039932
60371861001,1307.0,34.89,6.97,33.66,Other,Low_poverty,LPO,34.1304847,-118.2345133
60375035013,2955.0,16.28,7.49,73.64,Minority,Low_poverty,LPM,33.9285127,-118.0174819
60376037033,598.0,36.79,2.36,45.66,Other,Low_poverty,LPO,33.8995027,-118.3417855
60371905101,2689.0,42.28,26.03,48.01,Other,Low_poverty,LPO,34.0999158,-118.3092683
60376512014,1216.0,46.63,0.91,21.88,Other,Low_poverty,LPO,33.8234527,-118.3722732
60371330002,1817.0,40.4,15.85,54.38,Minority,Low_poverty,LPM,34.1973943,-118.5600594
60375358022,833.0,0.0,3.72,100.0,Minority,Low_poverty,LPM,33.9427289,-118.2043228
60375711021,757.0,53.76,0.67,14.27,White,Low_poverty,LPW,33.8365126,-118.1092674
60374049032,1785.0,1.68,9.92,63.59,Minority,Low_poverty,LPM,34.085961,-117.972511
60372313002,1634.0,0.0,2.94,91.74,Minority,Low_poverty,LPM,34.0116563,-118.3044027
60375729003,1254.0,6.14,4.15,42.11,Other,Low_poverty,LPO,33.7953012,-118.2127222
60379107132,3806.0,9.93,8.26,86.29,Minority,Low_poverty,LPM,34.5689966,-118.0383831
60375016004,589.0,51.78,0.0,48.22,White,Low_poverty,LPW,33.9679949,-118.0165327
60372225001,1302.0,3.46,28.42,94.16,Minority,Low_poverty,LPM,34.0246174,-118.3045719
60371891012,793.0,69.61,5.8,8.32,White,Low_poverty,LPW,34.1036002,-118.2895927
60375438023,1705.0,3.23,2.88,44.46,Other,Low_poverty,LPO,33.8260492,-118.2722559
60372325001,2356.0,0.0,19.43,97.41,Minority,Low_poverty,LPM,33.9920769,-118.3067228
60371283021,2362.0,20.45,26.08,74.01,Minority,Low_poverty,LPM,34.1835514,-118.4618218
60372764001,863.0,67.9,11.82,19.24,White,Low_poverty,LPW,33.972808,-118.4108057
60372675022,2242.0,44.25,13.11,34.75,Other,Low_poverty,LPO,34.0364953,-118.4609125
60379011022,1400.0,60.57,8.64,34.57,White,Low_poverty,LPW,34.652615,-118.2147784
60371224101,2292.0,17.84,28.39,77.35,Minority,Low_poverty,LPM,34.2071019,-118.3921503
60374325003,2095.0,3.39,11.32,56.18,Minority,Low_poverty,LPM,34.0952345,-118.0117395
60375301013,1407.0,10.8,15.07,89.19,Minority,Low_poverty,LPM,34.0131731,-118.1004624
60373004005,740.0,60.68,3.51,5.54,White,Low_poverty,LPW,34.229579,-118.2605421
60375033013,731.0,26.13,12.86,61.42,Minority,Low_poverty,LPM,33.9507985,-118.0163346
60375402022,2966.0,5.16,29.72,90.7,Minority,Low_poverty,LPM,33.9329462,-118.2064774
60376206022,609.0,81.12,0.0,6.73,White,Low_poverty,LPW,33.8613305,-118.362745
60375361023,1602.0,32.52,2.62,67.48,Minority,Low_poverty,LPM,33.9431242,-118.1690175
60376024033,1774.0,9.58,23.62,75.03,Minority,Low_poverty,LPM,33.9108478,-118.3481044
60372133201,1306.0,0.0,25.04,59.57,Minority,Low_poverty,LPM,34.0508876,-118.2926541
60374305021,633.0,69.35,2.05,7.11,White,Low_poverty,LPW,34.1644836,-118.0411018
60376200022,1393.0,56.42,5.03,12.71,White,Low_poverty,LPW,33.9199764,-118.4004747
60374340033,1575.0,1.9,13.08,74.67,Minority,Low_poverty,LPM,34.0499448,-118.0195623
60379203292,2032.0,74.75,4.08,15.4,White,Low_poverty,LPW,34.4094242,-118.550749
60375715021,1108.0,14.35,6.5,56.31,Minority,Low_poverty,LPM,33.84555,-118.180792
60371045001,879.0,0.0,29.75,99.54,Minority,Low_poverty,LPM,34.2584901,-118.4289004
60372717011,967.0,74.15,9.21,8.17,White,Low_poverty,LPW,34.030199,-118.4216985
60375344061,2705.0,0.0,27.73,100.0,Minority,Low_poverty,LPM,33.9658904,-118.1748181
60371097001,1805.0,15.68,9.42,70.36,Minority,Low_poverty,LPM,34.261893,-118.4755385
60376506023,2313.0,23.95,4.32,15.56,Other,Low_poverty,LPO,33.8454601,-118.3588724
60375033012,1137.0,41.6,3.34,56.2,Minority,Low_poverty,LPM,33.9476443,-118.0193955
60376207023,1174.0,66.35,3.24,8.6,White,Low_poverty,LPW,33.8649924,-118.3834931
60376513044,826.0,97.58,6.42,2.42,White,Low_poverty,LPW,33.8105432,-118.3852369
60375015031,1292.0,26.16,12.54,72.52,Minority,Low_poverty,LPM,33.9881296,-118.0396906
60372182201,1055.0,35.64,5.31,48.34,Other,Low_poverty,LPO,34.0426868,-118.3322615
60372124202,1580.0,5.63,31.27,65.44,Minority,High_poverty,HPM,34.0551842,-118.3019783
60371893003,708.0,82.06,19.63,7.06,White,Low_poverty,LPW,34.1076228,-118.3120066
60375036013,1009.0,22.5,0.4,41.92,Other,Low_poverty,LPO,33.9236487,-118.017779
60375774003,791.0,74.72,15.8,23.01,White,Low_poverty,LPW,33.7620635,-118.133767
60375411002,1156.0,4.84,21.19,91.17,Minority,Low_poverty,LPM,33.8981046,-118.2576742
60377021026,706.0,58.07,10.06,29.04,White,Low_poverty,LPW,34.005088,-118.4767109
60374807032,527.0,33.21,7.78,24.09,Other,Low_poverty,LPO,34.113388,-118.1607036
60371043202,913.0,0.0,44.8,95.08,Minority,High_poverty,HPM,34.2715823,-118.4181881
60372342003,650.0,22.77,9.69,56.15,Minority,Low_poverty,LPM,34.0184737,-118.3325404
60375543013,1243.0,8.37,7.64,83.02,Minority,Low_poverty,LPM,33.8874777,-118.1448116
60371231031,1394.0,44.62,10.18,41.97,Other,Low_poverty,LPO,34.1921333,-118.3642815
60379203374,1319.0,1.9,22.9,96.82,Minority,Low_poverty,LPM,34.37779,-118.5239271
60375702024,1155.0,2.77,38.53,82.16,Minority,High_poverty,HPM,33.8781325,-118.1838935
60375408002,764.0,0.0,7.72,100.0,Minority,Low_poverty,LPM,33.9187148,-118.2444173
60375758022,2927.0,8.4,36.39,85.04,Minority,High_poverty,HPM,33.7771518,-118.1972056
60375720014,1449.0,38.72,12.35,41.62,Other,Low_poverty,LPO,33.8214278,-118.1817476
60373110004,457.0,58.64,7.22,34.57,White,Low_poverty,LPW,34.1864444,-118.3409565
60371288023,1114.0,53.41,3.23,28.91,White,Low_poverty,LPW,34.1684724,-118.4508938
60375408005,2488.0,0.04,12.02,91.31,Minority,Low_poverty,LPM,33.914258,-118.2588348
60372291001,3095.0,0.32,25.33,99.68,Minority,Low_poverty,LPM,33.9934465,-118.2520985
60372220011,1524.0,10.1,19.62,88.72,Minority,Low_poverty,LPM,34.0295417,-118.3132916
60372162003,628.0,40.29,32.96,31.05,Other,High_poverty,HPO,34.059407,-118.3474671
60371152023,1362.0,37.74,18.36,50.52,Minority,Low_poverty,LPM,34.2304598,-118.5349349
60371924201,1481.0,14.45,25.86,65.97,Minority,Low_poverty,LPM,34.0819049,-118.3113325
60371064082,771.0,1.17,36.06,98.84,Minority,High_poverty,HPM,34.3145866,-118.4385813
60376015011,1149.0,1.91,11.84,98.08,Minority,Low_poverty,LPM,33.9436313,-118.3602293
60375769031,1795.0,21.17,33.37,65.96,Minority,High_poverty,HPM,33.7807775,-118.1551224
60375004022,1461.0,0.0,13.62,98.15,Minority,Low_poverty,LPM,34.0008731,-118.0789761
60377003003,1085.0,72.07,3.59,11.34,White,Low_poverty,LPW,34.0911939,-118.3742727
60376039006,3093.0,3.36,19.27,90.56,Minority,Low_poverty,LPM,33.8970594,-118.3610217
60375359014,1283.0,0.47,15.04,99.53,Minority,Low_poverty,LPM,33.9462606,-118.1988468
60373005021,2294.0,33.17,12.16,43.46,Other,Low_poverty,LPO,34.208868,-118.2305021
60371343022,1739.0,31.91,7.36,35.25,Other,Low_poverty,LPO,34.2113624,-118.6197592
60371236012,2065.0,69.1,8.15,28.18,White,Low_poverty,LPW,34.181385,-118.416108
60379105021,2511.0,4.86,31.59,88.92,Minority,High_poverty,HPM,34.5818004,-118.1018778
60374642004,1152.0,19.36,5.3,20.92,Other,Low_poverty,LPO,34.1178426,-118.0950552
60376203054,654.0,72.32,2.29,23.09,White,Low_poverty,LPW,33.8897043,-118.4115983
60371417003,704.0,69.89,0.0,15.48,White,Low_poverty,LPW,34.1388173,-118.4474115
60372911303,866.0,3.46,3.1,76.45,Minority,Low_poverty,LPM,33.8997096,-118.2896274
60372218102,1416.0,24.15,64.3,31.15,Other,High_poverty,HPO,34.0305769,-118.2901792
60375743007,1176.0,83.25,4.85,3.83,White,Low_poverty,LPW,33.7907554,-118.1125129
60372697002,945.0,34.71,10.58,43.07,Other,Low_poverty,LPO,34.033254,-118.3908227
60371918202,1220.0,26.8,8.2,65.74,Minority,Low_poverty,LPM,34.0853083,-118.3233393
60375015033,1701.0,24.16,12.11,70.96,Minority,Low_poverty,LPM,33.9845261,-118.0337655
60371413041,1795.0,85.24,13.31,11.54,White,Low_poverty,LPW,34.1489687,-118.4537072
60375545222,2189.0,10.6,7.54,30.29,Other,Low_poverty,LPO,33.8522595,-118.0919907
60379200453,1059.0,58.26,5.85,19.17,White,Low_poverty,LPW,34.448862,-118.5209099
60375712006,1093.0,33.67,25.71,30.47,Other,Low_poverty,LPO,33.8413235,-118.136478
60372754002,2782.0,73.15,2.26,7.01,White,Low_poverty,LPW,33.989909,-118.4413981
60379200161,575.0,73.39,0.0,23.48,White,Low_poverty,LPW,34.4644066,-118.5320004
60379203313,571.0,67.08,2.45,25.04,White,Low_poverty,LPW,34.3940323,-118.5437101
60372316003,1562.0,3.27,22.92,89.89,Minority,Low_poverty,LPM,34.0052159,-118.3003416
60371112023,2367.0,46.64,3.63,36.88,Other,Low_poverty,LPO,34.2684266,-118.5066043
60374629003,1195.0,39.25,10.13,42.34,Other,Low_poverty,LPO,34.1504824,-118.0924064
60371032003,2379.0,57.63,33.55,34.55,White,High_poverty,HPW,34.2635724,-118.3187045
60372400103,1671.0,0.3,38.72,99.28,Minority,High_poverty,HPM,33.9583391,-118.2583326
60371192023,955.0,3.77,3.25,92.98,Minority,Low_poverty,LPM,34.2571321,-118.4398322
60374326013,1395.0,4.01,16.57,52.04,Minority,Low_poverty,LPM,34.0828701,-118.0131137
60375412004,1860.0,0.7,14.73,92.15,Minority,Low_poverty,LPM,33.9057763,-118.2631118
60374016011,842.0,61.05,1.66,20.31,White,Low_poverty,LPW,34.1174009,-117.7647364
60375433063,474.0,2.53,0.0,78.06,Minority,Low_poverty,LPM,33.8437205,-118.260719
60376010012,1172.0,3.84,24.79,92.75,Minority,Low_poverty,LPM,33.9617908,-118.3495958
60372270201,1773.0,0.23,21.43,98.93,Minority,Low_poverty,LPM,34.0173122,-118.2528139
60374336012,3704.0,3.13,13.04,39.71,Other,Low_poverty,LPO,34.0670302,-118.0777331
60372267002,1955.0,0.0,19.74,99.08,Minority,Low_poverty,LPM,34.0161843,-118.2635262
60373003015,1011.0,74.78,0.0,0.0,White,Low_poverty,LPW,34.2401479,-118.2627746
60375422002,3085.0,1.23,23.27,96.79,Minority,Low_poverty,LPM,33.8852032,-118.20287
60375309012,1244.0,0.64,14.39,99.36,Minority,Low_poverty,LPM,34.0441433,-118.1901196
60371278051,1103.0,22.48,13.29,71.8,Minority,Low_poverty,LPM,34.1921036,-118.4650934
60371323002,1382.0,34.8,0.0,56.22,Minority,Low_poverty,LPM,34.1956798,-118.5229441
60371252001,1485.0,44.92,25.25,50.43,Minority,Low_poverty,LPM,34.1702849,-118.3833519
60372373005,633.0,0.0,32.23,94.78,Minority,High_poverty,HPM,33.980982,-118.3077054
60372187022,1228.0,9.28,20.6,86.08,Minority,Low_poverty,LPM,34.0326413,-118.3303282
60372184001,1930.0,12.85,14.2,82.18,Minority,Low_poverty,LPM,34.0370037,-118.3602514
60372327001,3036.0,0.36,40.71,97.66,Minority,High_poverty,HPM,33.9924302,-118.2848864
60372222002,1822.0,3.62,31.56,94.95,Minority,High_poverty,HPM,34.0309038,-118.3058614
60374037212,1788.0,29.92,5.76,48.27,Other,Low_poverty,LPO,34.097729,-117.8802815
60375510002,805.0,9.07,0.0,89.32,Minority,Low_poverty,LPM,33.9368371,-118.1078142
60376211022,1955.0,70.79,7.37,12.94,White,Low_poverty,LPW,33.8583552,-118.3881362
60376009022,1613.0,3.16,25.15,91.75,Minority,Low_poverty,LPM,33.9720998,-118.3514435
60372267001,2066.0,0.0,28.56,100.0,Minority,Low_poverty,LPM,34.0154806,-118.2581444
60375740002,962.0,64.86,5.3,11.23,White,Low_poverty,LPW,33.8124818,-118.0951862
60372316001,1044.0,22.7,41.76,75.58,Minority,High_poverty,HPM,34.008836,-118.2935965
60374614001,1421.0,49.96,14.15,36.03,Other,Low_poverty,LPO,34.1721041,-118.1197934
60371193421,2911.0,6.97,15.29,79.25,Minority,Low_poverty,LPM,34.2407688,-118.4472671
60376014024,1235.0,5.67,17.65,92.96,Minority,Low_poverty,LPM,33.9548033,-118.367221
60376026004,655.0,21.68,2.27,78.32,Minority,Low_poverty,LPM,33.9141059,-118.32069
60374023033,1239.0,18.4,13.79,80.87,Minority,Low_poverty,LPM,34.0697271,-117.7577188
60376038012,1264.0,19.38,11.79,72.31,Minority,Low_poverty,LPM,33.8955642,-118.3482837
60371862022,1243.0,12.07,9.01,50.93,Minority,Low_poverty,LPM,34.1213263,-118.2262628
60375726001,1379.0,1.45,8.77,66.94,Minority,Low_poverty,LPM,33.8071096,-118.208372
60372200001,1448.0,7.25,9.46,84.32,Minority,Low_poverty,LPM,34.0300899,-118.3378103
60379200182,615.0,87.64,1.63,10.73,White,Low_poverty,LPW,34.4583259,-118.5302363
60375027005,1353.0,2.51,5.36,94.82,Minority,Low_poverty,LPM,33.9565741,-118.0810738
60375427002,1247.0,0.0,0.72,100.0,Minority,Low_poverty,LPM,33.9003382,-118.2347614
60372699071,2692.0,37.89,6.39,35.18,Other,Low_poverty,LPO,34.0280469,-118.4067099
60372162005,2045.0,31.25,2.15,44.55,Other,Low_poverty,LPO,34.0547098,-118.3512968
60372674041,3475.0,61.27,22.5,13.58,White,Low_poverty,LPW,34.0456314,-118.4605333
60375013001,732.0,21.72,5.19,68.44,Minority,Low_poverty,LPM,33.9940008,-118.0500142
60374617001,605.0,43.8,5.68,43.81,Other,Low_poverty,LPO,34.1680327,-118.1687606
60375316041,2099.0,0.0,30.63,100.0,Minority,High_poverty,HPM,34.0249532,-118.1619929
60372383203,905.0,0.77,27.29,99.23,Minority,Low_poverty,LPM,33.9632393,-118.2823
60375435012,2105.0,3.9,10.4,30.26,Other,Low_poverty,LPO,33.8338487,-118.2821894
60375501004,1157.0,16.77,1.82,74.76,Minority,Low_poverty,LPM,33.9224917,-118.0765002
60371066042,2636.0,5.77,15.08,91.24,Minority,Low_poverty,LPM,34.3023663,-118.4684644
60375435032,3454.0,11.0,16.29,43.55,Other,Low_poverty,LPO,33.8290344,-118.2937937
60372264101,2219.0,0.32,30.71,98.96,Minority,High_poverty,HPM,34.024643,-118.2633148
60372145033,163.0,65.03,30.06,0.0,White,High_poverty,HPW,34.0674594,-118.3569416
60375702021,958.0,9.08,12.11,82.46,Minority,Low_poverty,LPM,33.879678,-118.172637
60376029001,1870.0,2.25,9.3,95.77,Minority,Low_poverty,LPM,33.9108998,-118.3004066
60371810004,1244.0,41.4,2.29,33.44,Other,Low_poverty,LPO,34.1413086,-118.1944154
60379200181,997.0,53.06,2.01,35.01,White,Low_poverty,LPW,34.4556025,-118.5284663
60372080001,3323.0,13.96,33.79,56.06,Minority,High_poverty,HPM,34.0613541,-118.2555213
60371288022,1827.0,69.13,3.78,16.75,White,Low_poverty,LPW,34.1684809,-118.4596155
60376017001,460.0,0.0,6.74,100.0,Minority,Low_poverty,LPM,33.9355204,-118.3513851
60374824013,1866.0,0.8,15.65,44.48,Other,Low_poverty,LPO,34.0652043,-118.0862779
60373101002,1177.0,78.33,1.1,7.65,White,Low_poverty,LPW,34.2076388,-118.3263718
60374822013,1520.0,0.92,24.28,11.18,Other,Low_poverty,LPO,34.0575566,-118.118948
60371372013,1666.0,53.3,9.4,23.29,White,Low_poverty,LPW,34.1739496,-118.6178069
60374328021,1965.0,2.39,42.34,73.89,Minority,High_poverty,HPM,34.0759315,-118.0524572
60375358042,3208.0,0.31,24.22,99.69,Minority,Low_poverty,LPM,33.947118,-118.2049139
60375741005,1085.0,63.41,6.36,19.72,White,Low_poverty,LPW,33.8170872,-118.12951
60375545111,2847.0,12.89,3.55,14.9,Other,Low_poverty,LPO,33.8787767,-118.0361224
60371433002,2314.0,55.19,2.98,33.67,White,Low_poverty,LPW,34.1559829,-118.3921099
60375515022,1897.0,9.17,6.59,85.93,Minority,Low_poverty,LPM,33.928014,-118.1519832
60374086252,1381.0,6.66,6.23,46.2,Other,Low_poverty,LPO,33.9920331,-117.9604945
60371434002,2597.0,61.76,3.12,25.76,White,Low_poverty,LPW,34.1534875,-118.4094974
60372182202,1898.0,13.59,23.39,81.08,Minority,Low_poverty,LPM,34.0446991,-118.3367826
60372411102,1235.0,2.11,13.6,97.89,Minority,Low_poverty,LPM,33.9401166,-118.2716914
60371246002,937.0,63.39,17.72,20.38,White,Low_poverty,LPW,34.1630524,-118.426871
60371944012,950.0,64.95,10.41,24.21,White,Low_poverty,LPW,34.0870344,-118.364332
60376204001,1563.0,68.39,11.39,7.81,White,Low_poverty,LPW,33.8976512,-118.3867024
60372393103,1282.0,0.0,33.39,100.0,Minority,High_poverty,HPM,33.9760258,-118.2761141
60371852022,1279.0,42.61,17.28,38.54,Other,Low_poverty,LPO,34.0963158,-118.2136307
60371397021,1346.0,85.44,0.0,8.77,White,Low_poverty,LPW,34.1407803,-118.4928914
60375339022,1657.0,0.36,32.32,99.64,Minority,High_poverty,HPM,33.9644108,-118.1582282
60375322003,2923.0,5.3,12.48,78.99,Minority,Low_poverty,LPM,33.9829021,-118.1228468
60376206025,1280.0,49.22,1.48,13.36,Other,Low_poverty,LPO,33.8657418,-118.3696508
60371224202,3591.0,11.89,14.29,81.45,Minority,Low_poverty,LPM,34.2017885,-118.3832049
60372211201,1481.0,0.68,33.63,97.3,Minority,High_poverty,HPM,34.0421665,-118.2901244
60379200363,606.0,40.76,5.94,36.96,Other,Low_poverty,LPO,34.4257653,-118.478244
60374616003,2208.0,12.77,15.17,69.84,Minority,Low_poverty,LPM,34.1583019,-118.154713
60376205016,928.0,65.73,3.23,14.22,White,Low_poverty,LPW,33.8897088,-118.3749048
60372406004,1546.0,2.91,38.23,95.8,Minority,High_poverty,HPM,33.9455812,-118.2706042
60379800151,671.0,9.39,11.49,63.93,Minority,Low_poverty,LPM,33.7732472,-118.2888391
60372406003,1479.0,0.0,24.41,100.0,Minority,Low_poverty,LPM,33.9455761,-118.2684232
60371436023,1538.0,77.18,5.01,10.08,White,Low_poverty,LPW,34.1474115,-118.3936674
60374623013,1055.0,10.71,12.8,83.32,Minority,Low_poverty,LPM,34.1533548,-118.1235052
60371343032,1030.0,58.45,4.47,30.88,White,Low_poverty,LPW,34.2000973,-118.6092053
60372167002,1141.0,41.02,15.31,43.56,Other,Low_poverty,LPO,34.0508379,-118.3738668
60371393012,1059.0,54.77,2.08,20.5,White,Low_poverty,LPW,34.1780714,-118.5580845
60372324005,1213.0,9.4,25.56,88.21,Minority,Low_poverty,LPM,34.0018898,-118.3113692
60375305004,709.0,4.37,7.78,95.48,Minority,Low_poverty,LPM,34.0397063,-118.1679045
60375425022,740.0,0.0,68.92,100.0,Minority,High_poverty,HPM,33.894068,-118.226429
60372348001,983.0,1.22,16.48,96.75,Minority,Low_poverty,LPM,33.9840837,-118.3207475
60372716001,1333.0,30.98,20.63,26.7,Other,Low_poverty,LPO,34.0228579,-118.4306072
60374086291,1368.0,14.77,13.52,24.56,Other,Low_poverty,LPO,33.9769791,-117.9640014
60374801011,1776.0,10.64,11.37,13.57,Other,Low_poverty,LPO,34.1101239,-118.0702759
60371833003,1587.0,14.24,7.62,69.37,Minority,Low_poverty,LPM,34.1191323,-118.2008952
60375006005,1418.0,0.0,3.39,100.0,Minority,Low_poverty,LPM,34.0065933,-118.0891067
60375730043,1042.0,25.62,19.87,49.23,Other,Low_poverty,LPO,33.7962133,-118.1964707
60374084012,2230.0,5.25,6.05,67.04,Minority,Low_poverty,LPM,34.0208086,-117.9845172
60371954003,1077.0,57.1,6.78,27.94,White,Low_poverty,LPW,34.0942592,-118.2758929
60372913001,1132.0,21.73,1.15,31.63,Other,Low_poverty,LPO,33.8609418,-118.2997605
60375741002,1128.0,63.21,3.9,21.72,White,Low_poverty,LPW,33.8145776,-118.1188803
60372287203,1576.0,0.57,28.17,98.67,Minority,Low_poverty,LPM,33.9966251,-118.2499365
60376207013,1971.0,51.55,1.67,33.29,White,Low_poverty,LPW,33.8706518,-118.3845269
60371912011,1905.0,36.22,15.86,48.97,Other,Low_poverty,LPO,34.0999537,-118.2961463
60377010002,731.0,77.15,3.15,4.93,White,Low_poverty,LPW,34.0650786,-118.4074252
60375004042,520.0,9.04,2.12,90.96,Minority,Low_poverty,LPM,34.0149961,-118.0729608
60374067013,606.0,19.31,6.67,49.84,Other,Low_poverty,LPO,34.0561082,-117.9422423
60371216001,2024.0,39.28,9.4,32.61,Other,Low_poverty,LPO,34.2144169,-118.4107898
60373104001,726.0,53.86,7.3,9.23,White,Low_poverty,LPW,34.2001562,-118.3265454
60375517002,1407.0,10.95,6.63,83.16,Minority,Low_poverty,LPM,33.9174196,-118.1477238
60373024012,1872.0,30.61,15.88,53.58,Minority,Low_poverty,LPM,34.1347066,-118.2595034
60371283031,1321.0,14.08,20.6,84.48,Minority,Low_poverty,LPM,34.1851479,-118.4508969
60377012015,805.0,90.68,2.24,0.0,White,Low_poverty,LPW,34.0358824,-118.4958272
60372702001,846.0,22.34,12.53,62.65,Minority,Low_poverty,LPM,34.0347759,-118.375405
60374321024,495.0,10.51,11.52,31.92,Other,Low_poverty,LPO,34.0915845,-118.0652953
60374064112,1072.0,7.65,4.16,66.23,Minority,Low_poverty,LPM,34.0690451,-117.9026522
60374025021,954.0,1.68,12.89,98.32,Minority,Low_poverty,LPM,34.0492922,-117.7545003
60374016022,1290.0,49.61,6.7,49.62,Other,Low_poverty,LPO,34.1029297,-117.7674234
60373005011,1608.0,48.88,2.65,19.47,Other,Low_poverty,LPO,34.2180588,-118.2356402
60376024031,1386.0,4.91,10.61,83.7,Minority,Low_poverty,LPM,33.915321,-118.3481323
60372093001,2071.0,3.19,46.45,90.83,Minority,High_poverty,HPM,34.0515557,-118.2702488
60371174042,1107.0,56.01,9.46,32.43,White,Low_poverty,LPW,34.2301661,-118.4796532
60375034014,778.0,46.14,0.0,50.26,Minority,Low_poverty,LPM,33.9390348,-117.987377
60372736003,368.0,88.04,8.42,9.78,White,Low_poverty,LPW,33.9923395,-118.4636029
60375409012,1233.0,0.0,23.2,100.0,Minority,Low_poverty,LPM,33.9197818,-118.2717415
60375326052,1116.0,2.06,37.9,97.94,Minority,High_poverty,HPM,33.9844515,-118.2253071
60375008004,2061.0,10.67,2.79,84.14,Minority,Low_poverty,LPM,33.9858444,-118.090373
60371212223,1180.0,6.95,11.27,85.17,Minority,Low_poverty,LPM,34.2327183,-118.3922785
60374636011,653.0,52.53,15.31,17.61,White,Low_poverty,LPW,34.1433763,-118.1393505
60371175201,4168.0,4.08,36.69,88.02,Minority,High_poverty,HPM,34.2300853,-118.4621861
60371232033,1323.0,17.61,6.65,82.39,Minority,Low_poverty,LPM,34.1921185,-118.3899624
60372123041,1832.0,18.01,29.59,67.04,Minority,Low_poverty,LPM,34.0598537,-118.2979144
60372426002,1816.0,0.17,60.85,95.15,Minority,High_poverty,HPM,33.9303923,-118.2482595
60372974002,2226.0,69.86,3.64,23.04,White,Low_poverty,LPW,33.7212433,-118.3282294
60371151041,754.0,66.84,12.33,30.64,White,Low_poverty,LPW,34.23447,-118.5229873
60375350021,1425.0,0.0,17.19,99.08,Minority,Low_poverty,LPM,33.9715719,-118.2452372
60375750011,1343.0,48.18,4.77,24.94,Other,Low_poverty,LPO,33.7971615,-118.1447297
60372218201,1019.0,36.02,44.65,42.98,Other,High_poverty,HPO,34.031366,-118.2858662
60374315011,857.0,24.04,18.9,28.24,Other,Low_poverty,LPO,34.0945858,-118.0319385
60371112012,1755.0,50.6,2.67,28.03,White,Low_poverty,LPW,34.2749191,-118.508646
60372393202,2141.0,0.0,34.05,99.76,Minority,High_poverty,HPM,33.9767471,-118.2717381
60375005001,2703.0,5.18,8.75,86.46,Minority,Low_poverty,LPM,34.015045,-118.0838653
60373016013,1918.0,75.65,4.85,19.03,White,Low_poverty,LPW,34.1663906,-118.2912225
60374606004,720.0,84.31,0.0,10.14,White,Low_poverty,LPW,34.2222584,-118.2258046
60375720013,1075.0,64.28,0.0,25.86,White,Low_poverty,LPW,33.8254537,-118.1790241
60375343011,1832.0,2.35,22.93,95.19,Minority,Low_poverty,LPM,33.9609824,-118.188916
60375344041,2081.0,6.87,25.41,93.13,Minority,Low_poverty,LPM,33.9674841,-118.1906349
60375534003,856.0,8.88,11.45,80.49,Minority,Low_poverty,LPM,33.9103663,-118.1500511
60376013033,2514.0,7.16,16.46,79.12,Minority,Low_poverty,LPM,33.975598,-118.3625288
60371917101,906.0,37.31,37.86,55.96,Minority,High_poverty,HPM,34.0854739,-118.3192295
60376028021,981.0,0.71,4.15,93.48,Minority,Low_poverty,LPM,33.922015,-118.2960528
60375702042,3091.0,8.51,16.21,73.79,Minority,Low_poverty,LPM,33.8715951,-118.157754
60376041003,1134.0,28.4,10.56,62.26,Minority,Low_poverty,LPM,33.8839938,-118.3498625
60379203372,1313.0,16.53,11.58,61.01,Minority,Low_poverty,LPM,34.3756801,-118.5168494
60373025053,1930.0,52.18,19.59,35.7,White,Low_poverty,LPW,34.1214509,-118.2542801
60374086302,1713.0,3.74,6.89,81.96,Minority,Low_poverty,LPM,34.0054865,-117.953033
60372094031,2150.0,6.19,27.92,62.23,Minority,Low_poverty,LPM,34.0538788,-118.2733559
60375518002,1508.0,30.31,1.72,66.51,Minority,Low_poverty,LPM,33.9127743,-118.1315341
60374021013,1950.0,0.26,10.62,97.03,Minority,Low_poverty,LPM,34.0803925,-117.738186
60375503007,1068.0,8.24,0.37,88.67,Minority,Low_poverty,LPM,33.9228508,-118.107235
60374319002,1083.0,19.85,19.58,39.89,Other,Low_poverty,LPO,34.1105598,-118.0594297
60375435014,2301.0,8.78,5.04,33.33,Other,Low_poverty,LPO,33.8277199,-118.2793228
60371397011,934.0,75.91,0.0,3.75,White,Low_poverty,LPW,34.1602855,-118.4857861
60372111201,1077.0,7.06,9.44,35.01,Other,Low_poverty,LPO,34.0677869,-118.2861633
60375518004,668.0,5.99,18.56,80.54,Minority,Low_poverty,LPM,33.9134198,-118.1231903
60372737002,1055.0,59.91,22.94,33.75,White,Low_poverty,LPW,33.9973647,-118.4497065
60376206024,1377.0,50.11,1.31,32.75,White,Low_poverty,LPW,33.8612005,-118.3701366
60371899051,1020.0,82.94,9.46,11.67,White,Low_poverty,LPW,34.1019307,-118.3522801
60375544063,1884.0,27.23,25.96,49.63,Other,Low_poverty,LPO,33.8706,-118.1141043
60372641031,2658.0,80.1,12.94,6.24,White,Low_poverty,LPW,34.0549771,-118.4662764
60375341024,1713.0,0.0,24.28,100.0,Minority,Low_poverty,LPM,33.9655529,-118.1622801
60371236021,2020.0,36.73,24.31,57.48,Minority,Low_poverty,LPM,34.1848552,-118.4268829
60374827021,1365.0,10.48,2.07,34.58,Other,Low_poverty,LPO,34.0424741,-118.1314547
60376201012,1694.0,84.36,11.87,5.73,White,Low_poverty,LPW,33.926308,-118.42034
60375708002,1405.0,47.33,3.72,47.05,Other,Low_poverty,LPO,33.8503499,-118.1274524
60372430001,1730.0,0.0,15.9,98.44,Minority,Low_poverty,LPM,33.9401144,-118.2373361
60375038012,793.0,46.78,2.02,35.06,Other,Low_poverty,LPO,33.8967971,-117.9930407
60379107142,1295.0,8.49,11.2,89.42,Minority,Low_poverty,LPM,34.5617347,-118.0429562
60371276061,925.0,26.38,7.35,56.97,Minority,Low_poverty,LPM,34.1884831,-118.4772618
60371043101,2061.0,1.16,6.8,97.62,Minority,Low_poverty,LPM,34.2815853,-118.4229574
60377026001,629.0,68.68,0.0,7.95,White,Low_poverty,LPW,33.9991757,-118.3868875
60371397013,936.0,78.21,8.65,4.59,White,Low_poverty,LPW,34.1557816,-118.5013836
60376504015,739.0,51.83,1.76,26.12,White,Low_poverty,LPW,33.8369265,-118.3312063
60371241041,1887.0,26.87,23.94,65.6,Minority,Low_poverty,LPM,34.184859,-118.3855925
60372145013,1181.0,40.3,13.89,19.81,Other,Low_poverty,LPO,34.0680506,-118.360017
60375738003,1223.0,59.28,2.37,28.78,White,Low_poverty,LPW,33.8204404,-118.1034959
60376021041,3385.0,4.84,19.91,91.01,Minority,Low_poverty,LPM,33.9274881,-118.3461089
60375505006,1093.0,15.46,0.0,71.18,Minority,Low_poverty,LPM,33.9498719,-118.113338
60372352022,1228.0,0.65,16.45,95.12,Minority,Low_poverty,LPM,33.9728335,-118.3303631
60372723021,2534.0,29.48,12.04,58.45,Minority,Low_poverty,LPM,34.0033382,-118.4290342
60371241042,605.0,32.56,1.98,66.78,Minority,Low_poverty,LPM,34.1848635,-118.3812255
60379203362,1896.0,24.47,20.46,66.67,Minority,Low_poverty,LPM,34.3902533,-118.5380301
60377018014,1767.0,34.13,28.24,45.5,Other,Low_poverty,LPO,34.023973,-118.4651694
60372043004,1557.0,5.33,42.44,91.2,Minority,High_poverty,HPM,34.0417194,-118.2086206
60374085043,1477.0,9.34,19.12,76.04,Minority,Low_poverty,LPM,33.9992328,-117.9701909
60372911201,2407.0,1.29,22.93,97.55,Minority,Low_poverty,LPM,33.912792,-118.2869267
60372183002,679.0,7.36,14.14,92.64,Minority,Low_poverty,LPM,34.0431548,-118.3501072
60372402002,2758.0,0.0,22.91,96.89,Minority,Low_poverty,LPM,33.9541835,-118.274949
60375029023,1773.0,2.03,38.33,96.11,Minority,High_poverty,HPM,33.9333113,-118.0454079
60376032002,1125.0,18.58,6.4,31.55,Other,Low_poverty,LPO,33.8701465,-118.3023094
60375435021,1440.0,3.13,21.72,81.6,Minority,Low_poverty,LPM,33.8448678,-118.2915326
60371914101,1768.0,17.48,20.07,64.26,Minority,Low_poverty,LPM,34.089793,-118.2881202
60372321203,3227.0,1.12,27.18,95.85,Minority,Low_poverty,LPM,34.0012401,-118.2849035
60376203056,435.0,93.1,11.26,3.45,White,Low_poverty,LPW,33.8865952,-118.4107199
60371231041,861.0,36.12,12.2,51.8,Minority,Low_poverty,LPM,34.1846951,-118.3631032
60371329001,1256.0,66.16,7.56,19.74,White,Low_poverty,LPW,34.1819842,-118.5216565
60375706033,1052.0,12.26,21.58,83.65,Minority,Low_poverty,LPM,33.857391,-118.1659407
60375437025,736.0,13.72,3.13,43.48,Other,Low_poverty,LPO,33.8164435,-118.2734112
60379008042,1489.0,18.8,23.1,78.31,Minority,Low_poverty,LPM,34.7127333,-118.1407
60375360002,2574.0,0.82,16.55,98.1,Minority,Low_poverty,LPM,33.9512462,-118.1926859
60371151011,1885.0,46.37,4.62,29.65,Other,Low_poverty,LPO,34.2466888,-118.5111721
60372110004,583.0,68.95,9.17,17.5,White,Low_poverty,LPW,34.0653265,-118.3334713
60374081332,2761.0,2.97,17.79,70.16,Minority,Low_poverty,LPM,34.0277889,-117.9140333
60374303023,997.0,82.45,14.84,3.81,White,Low_poverty,LPW,34.1570543,-118.0018603
60374825032,2457.0,0.65,13.15,34.92,Other,Low_poverty,LPO,34.0587965,-118.0970079
60372431001,3170.0,3.97,23.34,94.86,Minority,Low_poverty,LPM,33.934749,-118.2352116
60371316002,1309.0,24.75,2.14,64.78,Minority,Low_poverty,LPM,34.2162269,-118.5557262
60372200003,734.0,0.0,1.5,96.46,Minority,Low_poverty,LPM,34.0254406,-118.3436512
60374807042,3044.0,35.02,12.78,23.75,Other,Low_poverty,LPO,34.1030279,-118.1531024
60375023013,1521.0,3.94,7.17,86.13,Minority,Low_poverty,LPM,33.9657664,-118.0735305
60376007041,1674.0,0.84,24.85,96.29,Minority,Low_poverty,LPM,33.9581683,-118.3239442
60374332003,1414.0,2.26,9.26,57.5,Minority,Low_poverty,LPM,34.0668625,-118.0389359
60374301013,957.0,3.24,14.52,78.27,Minority,Low_poverty,LPM,34.1339061,-117.9720257
60375765011,1750.0,14.46,30.24,69.83,Minority,High_poverty,HPM,33.773482,-118.1785936
60373023023,1310.0,43.59,17.67,39.08,Other,Low_poverty,LPO,34.1387927,-118.2583713
60371201082,2593.0,2.58,29.04,89.58,Minority,Low_poverty,LPM,34.2300529,-118.4563783
60372361003,1677.0,1.07,26.54,98.92,Minority,Low_poverty,LPM,34.0112569,-118.3443358
60374071023,1924.0,3.38,3.1,81.86,Minority,Low_poverty,LPM,34.04008,-117.9724235
60376501011,1635.0,17.25,15.84,31.68,Other,Low_poverty,LPO,33.8707358,-118.3135665
60374088001,1268.0,16.56,27.73,80.84,Minority,Low_poverty,LPM,34.0618554,-117.7492015
60372944211,1027.0,21.32,24.34,55.21,Minority,Low_poverty,LPM,33.7873672,-118.2972869
60372722011,1380.0,43.48,18.77,41.89,Other,Low_poverty,LPO,34.0007024,-118.4334951
60375523011,1411.0,7.23,0.5,75.97,Minority,Low_poverty,LPM,33.9136164,-118.0688864
60372702002,885.0,39.44,15.25,45.99,Other,Low_poverty,LPO,34.0313884,-118.3858208
60371275202,1797.0,16.86,19.76,80.75,Minority,Low_poverty,LPM,34.218051,-118.470255
60374013121,3267.0,44.08,3.8,40.04,Other,Low_poverty,LPO,34.1033178,-117.8281685
60374033233,1886.0,12.99,3.34,6.62,Other,Low_poverty,LPO,33.9976195,-117.8163392
60376509021,1398.0,30.47,11.59,35.63,Other,Low_poverty,LPO,33.8278461,-118.3153084
60374043013,1763.0,4.31,14.69,92.34,Minority,Low_poverty,LPM,34.1316368,-117.9044045
60375545151,1468.0,15.33,1.77,35.22,Other,Low_poverty,LPO,33.855846,-118.077923
60372766042,2053.0,46.71,8.65,28.69,Other,Low_poverty,LPO,33.9577156,-118.4293504
60372754001,1287.0,46.93,1.32,33.65,Other,Low_poverty,LPO,33.9917826,-118.4354821
60375354001,2131.0,0.61,17.79,99.11,Minority,Low_poverty,LPM,33.9551027,-118.23803
60374034021,2316.0,9.59,6.74,31.86,Other,Low_poverty,LPO,34.0167418,-117.8582217
60375301012,1480.0,6.89,27.16,63.78,Minority,Low_poverty,LPM,34.0110665,-118.1048679
60372343004,584.0,3.25,12.16,87.33,Minority,Low_poverty,LPM,34.0092368,-118.3305091
60374038012,1646.0,16.1,16.68,59.36,Minority,Low_poverty,LPM,34.1048888,-117.859439
60371198005,1022.0,12.13,10.16,72.21,Minority,Low_poverty,LPM,34.2346189,-118.4332036
60371173011,1728.0,36.69,2.6,24.76,Other,Low_poverty,LPO,34.2463886,-118.4886838
60379008034,2834.0,31.72,20.5,65.92,Minority,Low_poverty,LPM,34.707475,-118.1615524
60373115001,1634.0,61.44,0.0,34.94,White,Low_poverty,LPW,34.1674781,-118.3361694
60374027021,2282.0,4.08,45.67,94.57,Minority,High_poverty,HPM,34.063733,-117.7211772
60375317022,1147.0,0.26,38.71,97.38,Minority,High_poverty,HPM,34.013577,-118.1585075
60375313023,2181.0,0.0,17.47,100.0,Minority,Low_poverty,LPM,34.0141083,-118.1785349
60372316002,1584.0,4.42,26.38,89.52,Minority,Low_poverty,LPM,34.0053454,-118.2944254
60372285002,2216.0,0.0,28.24,100.0,Minority,Low_poverty,LPM,34.0021334,-118.2699624
60372042002,1771.0,0.0,29.87,97.74,Minority,Low_poverty,LPM,34.0428435,-118.2055749
60372037101,1451.0,2.07,14.33,97.45,Minority,Low_poverty,LPM,34.0508568,-118.2028226
60374083011,4561.0,2.0,12.28,87.57,Minority,Low_poverty,LPM,34.0443703,-117.9953242
60374610002,1973.0,10.19,7.3,84.49,Minority,Low_poverty,LPM,34.186012,-118.1573256
60373011004,739.0,77.67,4.06,8.12,White,Low_poverty,LPW,34.1652176,-118.2522132
60375401012,1907.0,4.56,19.09,95.43,Minority,Low_poverty,LPM,33.9269569,-118.1871998
60374600004,892.0,58.52,4.26,23.21,White,Low_poverty,LPW,34.1663656,-118.0698222
60371372011,3254.0,64.29,10.2,18.53,White,Low_poverty,LPW,34.1745779,-118.6102569
60376213014,1235.0,81.62,12.39,2.35,White,Low_poverty,LPW,33.8391649,-118.3827532
60371348004,978.0,45.91,1.75,22.81,Other,Low_poverty,LPO,34.1953755,-118.5775265
60371341011,3136.0,15.82,20.82,58.99,Minority,Low_poverty,LPM,34.2179304,-118.5666404
60371312001,1406.0,48.58,14.08,49.5,Other,Low_poverty,LPO,34.2165737,-118.5120433
60375357023,1108.0,12.0,15.7,88.0,Minority,Low_poverty,LPM,33.9561626,-118.2075142
60372243101,1154.0,5.46,31.83,91.07,Minority,High_poverty,HPM,34.04552,-118.2825658
60372015012,1302.0,20.89,11.64,73.5,Minority,Low_poverty,LPM,34.0850866,-118.1619681
60374074001,1977.0,11.23,3.14,51.09,Minority,Low_poverty,LPM,34.0523638,-117.9577635
60374047013,663.0,7.24,5.43,84.46,Minority,Low_poverty,LPM,34.0711663,-117.9945363
60376512015,822.0,74.82,2.92,4.62,White,Low_poverty,LPW,33.8224492,-118.366745
60376204004,1715.0,66.3,0.0,12.01,White,Low_poverty,LPW,33.8909936,-118.3928955
60372430004,1206.0,0.91,23.13,99.08,Minority,Low_poverty,LPM,33.9370173,-118.2314375
60371046201,1518.0,1.12,8.29,98.88,Minority,Low_poverty,LPM,34.254925,-118.4193128
60374815001,891.0,5.27,3.48,18.85,Other,Low_poverty,LPO,34.0785834,-118.112568
60372697004,526.0,64.83,8.94,15.02,White,Low_poverty,LPW,34.036219,-118.3888943
60372146003,887.0,64.71,6.13,20.18,White,Low_poverty,LPW,34.0732702,-118.3681871
60372134023,1737.0,3.57,20.84,81.01,Minority,Low_poverty,LPM,34.0490227,-118.2896472
60377027003,515.0,65.24,3.69,21.94,White,Low_poverty,LPW,34.0023382,-118.4068206
60379106032,1469.0,19.4,8.99,77.2,Minority,Low_poverty,LPM,34.5620589,-118.0815017
60376036003,2008.0,21.02,9.91,34.96,Other,Low_poverty,LPO,33.8867036,-118.3233707
60376041001,1444.0,6.99,4.85,76.39,Minority,Low_poverty,LPM,33.8859598,-118.3463422
60375023012,809.0,0.74,12.86,99.26,Minority,Low_poverty,LPM,33.9622387,-118.0732247
60373022024,724.0,61.74,15.75,33.29,White,Low_poverty,LPW,34.139164,-118.2528492
60375749023,2983.0,38.02,45.47,31.84,Other,High_poverty,HPO,33.787768,-118.1366338
60376501014,1542.0,11.02,0.0,23.93,Other,Low_poverty,LPO,33.8703931,-118.321943
60372124102,3056.0,5.76,17.47,60.31,Minority,Low_poverty,LPM,34.0587074,-118.3014391
60374055004,850.0,19.65,1.32,50.94,Minority,Low_poverty,LPM,34.0846442,-117.9298989
60374821011,992.0,6.96,21.88,24.5,Other,Low_poverty,LPO,34.0589216,-118.1291658
60372671001,2888.0,58.59,11.39,6.65,White,Low_poverty,LPW,34.0521188,-118.4293067
60372119102,1679.0,5.54,17.63,63.97,Minority,Low_poverty,LPM,34.0671993,-118.299783
60372114102,758.0,7.26,12.53,13.06,Other,Low_poverty,LPO,34.0726213,-118.3061047
60375024011,1382.0,4.2,4.56,80.68,Minority,Low_poverty,LPM,33.9797472,-118.0947091
60375418012,2456.0,0.69,17.02,97.4,Minority,Low_poverty,LPM,33.9123843,-118.1932288
60375771004,1592.0,47.55,5.9,42.15,Other,Low_poverty,LPO,33.7698885,-118.1513244
60372717012,795.0,57.99,6.46,17.11,White,Low_poverty,LPW,34.0263409,-118.4218095
60374071012,599.0,5.18,8.51,79.8,Minority,Low_poverty,LPM,34.0487494,-117.973484
60374301022,1659.0,9.76,4.34,75.77,Minority,Low_poverty,LPM,34.1302934,-117.9831194
60374639002,1012.0,53.36,16.3,18.38,White,Low_poverty,LPW,34.1266959,-118.1539137
60374609005,1050.0,9.24,0.76,67.9,Minority,Low_poverty,LPM,34.1720264,-118.1625593
60371916201,2532.0,16.31,29.9,72.59,Minority,Low_poverty,LPM,34.0885854,-118.3027208
60371836202,587.0,12.44,18.73,77.68,Minority,Low_poverty,LPM,34.1132089,-118.1887486
60374321022,1265.0,31.62,3.95,11.3,Other,Low_poverty,LPO,34.0938522,-118.0562942
60374305025,919.0,69.42,1.41,18.06,White,Low_poverty,LPW,34.1593959,-118.0606234
60372346003,999.0,3.1,25.63,84.08,Minority,Low_poverty,LPM,33.9929462,-118.3265009
60371435003,1919.0,69.67,10.73,19.95,White,Low_poverty,LPW,34.1493568,-118.4119261
60371047011,1539.0,0.0,29.95,97.47,Minority,Low_poverty,LPM,34.2705451,-118.412373
60373022011,1024.0,89.84,23.83,6.25,White,Low_poverty,LPW,34.1453672,-118.2446989
60374056002,1234.0,16.05,2.19,72.85,Minority,Low_poverty,LPM,34.0773331,-117.9166695
60374065002,1822.0,10.48,8.55,72.55,Minority,Low_poverty,LPM,34.0660315,-117.9128394
60375336013,693.0,0.0,10.21,100.0,Minority,Low_poverty,LPM,33.9800089,-118.1887937
60376033013,1144.0,3.67,3.49,41.35,Other,Low_poverty,LPO,33.8837751,-118.3067571
60372380005,1476.0,0.88,30.76,69.65,Minority,High_poverty,HPM,33.9484805,-118.3140999
60374803023,1905.0,15.8,17.43,28.61,Other,Low_poverty,LPO,34.0986519,-118.1271838
60372111211,861.0,14.29,11.24,45.53,Other,Low_poverty,LPO,34.0751179,-118.2852355
60374307231,1644.0,33.94,4.62,9.25,Other,Low_poverty,LPO,34.1296755,-118.0640915
60374087051,1459.0,9.18,4.67,19.67,Other,Low_poverty,LPO,33.9819343,-117.8869534
60375724001,1425.0,3.16,17.26,68.35,Minority,Low_poverty,LPM,33.823797,-118.210438
60372015032,1404.0,7.91,27.92,84.47,Minority,Low_poverty,LPM,34.084545,-118.1761016
60375711014,1327.0,45.82,1.13,42.2,Other,Low_poverty,LPO,33.8450496,-118.1213091
60372690005,790.0,50.89,15.85,22.15,White,Low_poverty,LPW,34.0321573,-118.406416
60376038013,1206.0,8.13,13.68,78.85,Minority,Low_poverty,LPM,33.8973632,-118.3481032
60372971102,2267.0,14.56,39.04,80.02,Minority,High_poverty,HPM,33.7328479,-118.2841958
60371235102,1866.0,43.41,19.77,47.8,Other,Low_poverty,LPO,34.1921216,-118.4268863
60379203281,2036.0,59.14,9.92,14.0,White,Low_poverty,LPW,34.4146918,-118.5679312
60374326022,1798.0,2.22,14.16,76.08,Minority,Low_poverty,LPM,34.0788815,-118.0086887
60379200171,1264.0,62.1,5.62,26.34,White,Low_poverty,LPW,34.4474055,-118.529748
60374044023,1028.0,9.73,12.59,78.89,Minority,Low_poverty,LPM,34.116162,-117.9171839
60371231042,1787.0,23.84,26.25,69.44,Minority,Low_poverty,LPM,34.1812206,-118.3625327
60371203004,1772.0,5.59,5.76,70.71,Minority,Low_poverty,LPM,34.2192658,-118.4424871
60374603012,1333.0,21.38,4.13,66.39,Minority,Low_poverty,LPM,34.1989786,-118.1505029
60375426023,1647.0,0.0,20.22,100.0,Minority,Low_poverty,LPM,33.8993386,-118.2306885
60372375002,865.0,0.92,49.05,98.38,Minority,High_poverty,HPM,33.9764175,-118.2893104
60377022021,793.0,63.93,5.04,29.76,White,Low_poverty,LPW,34.005307,-118.4724652
60374316002,1797.0,14.25,6.09,10.96,Other,Low_poverty,LPO,34.109986,-118.0492899
60375414003,833.0,2.4,37.82,97.6,Minority,High_poverty,HPM,33.9106739,-118.2312841
60377016022,1471.0,56.7,7.0,27.33,White,Low_poverty,LPW,34.0351471,-118.4752601
60377004001,2063.0,73.53,11.68,9.94,White,Low_poverty,LPW,34.0817917,-118.3739821
60372183005,997.0,11.43,10.02,85.85,Minority,Low_poverty,LPM,34.0398172,-118.3629004
60379203133,509.0,57.96,2.43,29.86,White,Low_poverty,LPW,34.3657518,-118.5502522
60374800123,1926.0,23.31,8.46,19.06,Other,Low_poverty,LPO,34.1163922,-118.0770732
60372944213,842.0,2.38,19.12,88.12,Minority,Low_poverty,LPM,33.7962535,-118.2979126
60371329002,2629.0,54.81,6.16,27.96,White,Low_poverty,LPW,34.1842365,-118.533243
60372113102,2198.0,8.19,24.91,73.33,Minority,Low_poverty,LPM,34.0701145,-118.2985105
60374033163,2108.0,32.92,0.85,15.89,Other,Low_poverty,LPO,34.0289195,-117.8040541
60371832211,731.0,29.69,3.05,59.65,Minority,Low_poverty,LPM,34.1276467,-118.1914652
60372146002,657.0,89.5,10.81,6.7,White,Low_poverty,LPW,34.0707095,-118.3645471
60371955004,538.0,57.81,25.28,6.13,White,Low_poverty,LPW,34.0932526,-118.2609148
60371924104,819.0,59.95,9.14,13.18,White,Low_poverty,LPW,34.0798585,-118.3211441
60374329023,1378.0,11.03,7.5,31.35,Other,Low_poverty,LPO,34.0769153,-118.0619494
60374325001,1442.0,1.8,0.0,71.98,Minority,Low_poverty,LPM,34.0953777,-118.001331
60375512024,2938.0,7.49,20.83,85.71,Minority,Low_poverty,LPM,33.927197,-118.1394105
60375742011,1112.0,49.28,0.9,29.95,Other,Low_poverty,LPO,33.8078187,-118.1297275
60375732011,2353.0,5.27,27.55,62.98,Minority,Low_poverty,LPM,33.8004496,-118.1831071
60375541042,1378.0,12.12,25.18,81.35,Minority,Low_poverty,LPM,33.8927725,-118.1186876
60375332011,994.0,0.0,22.54,100.0,Minority,Low_poverty,LPM,33.9823595,-118.2121201
60371323003,3070.0,7.52,27.48,87.17,Minority,Low_poverty,LPM,34.1968619,-118.5323972
60375406002,2089.0,0.19,21.55,99.81,Minority,Low_poverty,LPM,33.9268797,-118.2344456
60376025061,1721.0,2.79,21.32,86.11,Minority,Low_poverty,LPM,33.9073739,-118.3329922
60373011001,781.0,52.62,5.89,41.86,White,Low_poverty,LPW,34.1625831,-118.238686
60372972012,1413.0,22.58,18.3,63.98,Minority,Low_poverty,LPM,33.723065,-118.2916349
60375018023,1642.0,13.09,9.79,85.08,Minority,Low_poverty,LPM,33.9647818,-118.0298439
60372426003,1106.0,0.0,76.85,100.0,Minority,High_poverty,HPM,33.9319181,-118.2516108
60374026005,1838.0,30.79,9.52,59.74,Minority,Low_poverty,LPM,34.0726719,-117.7463105
60375341021,585.0,0.0,43.08,100.0,Minority,High_poverty,HPM,33.9767089,-118.1613641
60375336011,1654.0,4.11,23.45,95.89,Minority,Low_poverty,LPM,33.9809018,-118.1997249
60375776032,1483.0,75.12,0.67,10.79,White,Low_poverty,LPW,33.7654065,-118.1205075
60374088003,1099.0,24.57,27.93,49.59,Other,Low_poverty,LPO,34.0568345,-117.7454371
60372294201,2238.0,0.0,19.79,99.37,Minority,Low_poverty,LPM,33.9945779,-118.2608603
60374622013,1369.0,30.61,19.22,55.73,Minority,Low_poverty,LPM,34.1559931,-118.1392387
60375751032,1758.0,17.63,14.45,54.67,Minority,Low_poverty,LPM,33.7845618,-118.153404
60375006004,817.0,0.0,8.94,98.29,Minority,Low_poverty,LPM,34.0053552,-118.0847192
60371253103,2180.0,32.98,22.29,60.92,Minority,Low_poverty,LPM,34.1702813,-118.3746289
60375768012,1278.0,49.77,10.42,22.3,Other,Low_poverty,LPO,33.7698103,-118.1627603
60372932011,1246.0,2.65,27.37,62.12,Minority,Low_poverty,LPM,33.8320455,-118.3005843
60372398011,874.0,0.46,21.34,98.97,Minority,Low_poverty,LPM,33.9660787,-118.2585798
60375420003,1619.0,5.0,13.96,94.99,Minority,Low_poverty,LPM,33.9077052,-118.2050325
60371171011,1828.0,12.14,3.77,32.22,Other,Low_poverty,LPO,34.2409447,-118.4598956
60371201041,2228.0,10.73,20.11,71.5,Minority,Low_poverty,LPM,34.223963,-118.4493666
60373102022,2432.0,69.61,14.46,19.57,White,Low_poverty,LPW,34.1858008,-118.3002363
60373202022,1487.0,5.85,8.68,94.15,Minority,Low_poverty,LPM,34.2910049,-118.4358306
60376025042,1788.0,5.48,33.56,88.54,Minority,High_poverty,HPM,33.9037369,-118.337341
60376500032,1442.0,29.4,7.49,47.23,Other,Low_poverty,LPO,33.8740599,-118.3391072
60379006053,3710.0,11.59,38.13,86.28,Minority,High_poverty,HPM,34.7042326,-118.0904045
60374603013,448.0,45.54,22.99,49.55,Other,Low_poverty,LPO,34.1999177,-118.1555407
60371021051,951.0,18.82,22.5,68.03,Minority,Low_poverty,LPM,34.2109495,-118.3511178
60375514022,1896.0,17.04,6.86,71.52,Minority,Low_poverty,LPM,33.9398711,-118.1429588
60372117032,2073.0,18.72,19.25,24.99,Other,Low_poverty,LPO,34.0671507,-118.3128259
60372345023,1510.0,4.97,27.64,91.53,Minority,Low_poverty,LPM,34.0018744,-118.3282051
60372412025,855.0,0.0,47.02,100.0,Minority,High_poverty,HPM,33.9375049,-118.2863565
60371041052,4277.0,1.87,27.78,90.09,Minority,Low_poverty,LPM,34.2745903,-118.4068253
60371066044,1155.0,1.65,24.24,93.07,Minority,Low_poverty,LPM,34.3087759,-118.4787866
60373010002,1378.0,60.67,10.23,11.83,White,Low_poverty,LPW,34.1596717,-118.2289766
60379001033,1990.0,46.38,35.58,52.31,Minority,High_poverty,HPM,34.6312763,-117.8182287
60379005073,2706.0,28.09,16.19,60.46,Minority,Low_poverty,LPM,34.6791261,-118.0906429
60379106051,3190.0,7.65,15.8,89.19,Minority,Low_poverty,LPM,34.5696708,-118.0699597
60372198001,1032.0,4.75,19.86,93.8,Minority,Low_poverty,LPM,34.0266935,-118.3565748
60372214022,1100.0,22.82,9.46,62.45,Minority,Low_poverty,LPM,34.0384213,-118.3134419
60372327003,1034.0,1.06,19.05,97.78,Minority,Low_poverty,LPM,33.9924467,-118.2815312
60372395023,1304.0,0.0,17.87,99.47,Minority,Low_poverty,LPM,33.9689978,-118.2626073
60373012052,360.0,43.33,0.0,29.72,Other,Low_poverty,LPO,34.1682739,-118.2783737
60373102013,1455.0,78.97,6.19,6.05,White,Low_poverty,LPW,34.1913497,-118.3089617
60371254011,1877.0,55.35,9.11,40.01,White,Low_poverty,LPW,34.1628559,-118.3773576
60372696021,1610.0,39.81,13.79,44.22,Other,Low_poverty,LPO,34.0425706,-118.3852597
60371317022,921.0,16.72,4.89,71.55,Minority,Low_poverty,LPM,34.2046728,-118.5524306
60371395031,3349.0,70.74,8.21,22.49,White,Low_poverty,LPW,34.1680999,-118.525708
60376505022,648.0,49.69,2.47,36.73,Other,Low_poverty,LPO,33.8504687,-118.3652227
60379201161,589.0,65.53,1.19,23.09,White,Low_poverty,LPW,34.4916001,-118.6242195
60376004003,1210.0,0.66,10.08,99.34,Minority,Low_poverty,LPM,33.933906,-118.3158941
60374803043,1248.0,7.53,20.35,41.1,Other,Low_poverty,LPO,34.0963669,-118.1298255
60374817112,1980.0,4.14,11.6,8.64,Other,Low_poverty,LPO,34.0679746,-118.1198605
60374029031,4363.0,4.33,22.6,83.04,Minority,Low_poverty,LPM,34.039394,-117.7335433
60374620023,1003.0,11.96,9.47,82.35,Minority,Low_poverty,LPM,34.1670244,-118.1483869
60371096042,976.0,17.93,7.89,65.27,Minority,Low_poverty,LPM,34.2590953,-118.462974
60371172021,1703.0,29.54,3.88,43.87,Other,Low_poverty,LPO,34.2428683,-118.480625
60372404012,2774.0,0.0,35.54,98.3,Minority,High_poverty,HPM,33.9514173,-118.282415
60374340031,1485.0,4.78,24.85,89.02,Minority,Low_poverty,LPM,34.0467476,-118.0249504
60375544062,736.0,35.73,2.85,28.4,Other,Low_poverty,LPO,33.8691946,-118.1099397
60376040024,637.0,54.0,27.63,34.22,White,Low_poverty,LPW,33.8786352,-118.3593146
60374013114,1766.0,56.57,10.02,38.45,White,Low_poverty,LPW,34.1139858,-117.8162467
60375736011,1649.0,48.64,3.7,39.96,Other,Low_poverty,LPO,33.8274308,-118.1286454
60375763021,954.0,10.8,28.93,77.78,Minority,Low_poverty,LPM,33.7771543,-118.1818548
60372964021,1400.0,35.14,9.93,59.79,Minority,Low_poverty,LPM,33.7435629,-118.3055945
60374061024,1536.0,18.1,2.41,69.99,Minority,Low_poverty,LPM,34.0840317,-117.8846399
60374081382,3798.0,6.45,10.94,88.68,Minority,Low_poverty,LPM,34.0208973,-117.9145182
60371902021,1271.0,35.17,20.22,48.31,Other,Low_poverty,LPO,34.1041004,-118.3364994
60375350022,909.0,0.0,35.97,100.0,Minority,High_poverty,HPM,33.9727466,-118.2487693
60376203051,688.0,67.59,0.0,17.88,White,Low_poverty,LPW,33.8942418,-118.4176738
60376213261,695.0,69.35,5.9,24.6,White,Low_poverty,LPW,33.8222769,-118.3903264
60375421053,1914.0,0.94,31.56,99.06,Minority,High_poverty,HPM,33.8920359,-118.1987065
60371958032,1000.0,42.6,6.8,37.6,Other,Low_poverty,LPO,34.0805179,-118.2762329
60372071031,701.0,12.27,27.39,12.7,Other,Low_poverty,LPO,34.0646919,-118.2434341
60372094021,2025.0,12.44,54.91,82.42,Minority,High_poverty,HPM,34.053873,-118.2777313
60374075021,1178.0,6.79,11.97,84.55,Minority,Low_poverty,LPM,34.0450445,-117.9376079
60375010021,1209.0,8.93,2.07,88.83,Minority,Low_poverty,LPM,33.9850197,-118.065925
60371271031,3109.0,24.61,14.47,62.27,Minority,Low_poverty,LPM,34.2043745,-118.4301703
60375523013,839.0,13.35,15.14,85.81,Minority,Low_poverty,LPM,33.9102858,-118.0657837
60371892022,841.0,81.93,11.3,8.8,White,Low_poverty,LPW,34.109086,-118.2947164
60372679012,1200.0,81.58,9.0,7.58,White,Low_poverty,LPW,34.0546533,-118.4088266
60372969023,588.0,33.16,15.65,66.83,Minority,Low_poverty,LPM,33.7332567,-118.2974231
60373025062,1324.0,48.41,7.49,36.49,Other,Low_poverty,LPO,34.1277465,-118.2463128
60375338053,582.0,1.55,6.01,98.45,Minority,Low_poverty,LPM,33.9767259,-118.1751385
60371411012,3030.0,54.88,6.83,34.39,White,Low_poverty,LPW,34.1491342,-118.4274437
60374309012,791.0,34.89,11.76,57.52,Minority,Low_poverty,LPM,34.1414674,-118.0118524
60375514021,1851.0,13.61,4.7,85.85,Minority,Low_poverty,LPM,33.944457,-118.1466464
60372371022,1739.0,0.0,35.69,97.93,Minority,High_poverty,HPM,33.9845554,-118.2850302
60371082011,2565.0,33.96,1.83,15.36,Other,Low_poverty,LPO,34.2943668,-118.5596922
60377008011,3496.0,69.39,6.61,6.4,White,Low_poverty,LPW,34.0753586,-118.3940612
60375545223,1868.0,17.29,4.34,21.95,Other,Low_poverty,LPO,33.8538165,-118.0869399
60375769042,1495.0,39.0,28.26,44.41,Other,Low_poverty,LPO,33.777151,-118.1546098
60371278032,2781.0,27.58,18.84,68.6,Minority,Low_poverty,LPM,34.1957386,-118.4530879
60371321023,3152.0,27.63,14.91,45.27,Other,Low_poverty,LPO,34.1974669,-118.496754
60371349042,1290.0,39.07,5.94,55.27,Minority,Low_poverty,LPM,34.1903367,-118.5770252
60372119103,1352.0,9.69,15.24,61.61,Minority,Low_poverty,LPM,34.0663036,-118.2979251
60371959031,1234.0,29.82,13.29,49.11,Other,Low_poverty,LPO,34.0805846,-118.2831563
60372080003,757.0,5.55,28.27,88.9,Minority,Low_poverty,LPM,34.0635026,-118.2582016
60374004032,1830.0,50.82,12.51,38.85,White,Low_poverty,LPW,34.1202939,-117.7978582
60375315021,1097.0,0.55,14.59,97.99,Minority,Low_poverty,LPM,34.0174632,-118.1709263
60372199022,685.0,5.4,7.88,88.47,Minority,Low_poverty,LPM,34.0296515,-118.3698125
60371131021,1427.0,72.74,9.19,11.28,White,Low_poverty,LPW,34.2654325,-118.5634148
60371320013,1424.0,20.58,12.99,53.02,Minority,Low_poverty,LPM,34.1956886,-118.5142134
60371903013,1299.0,57.81,23.56,27.72,White,Low_poverty,LPW,34.104231,-118.3198557
60375506011,2398.0,13.93,16.1,78.77,Minority,Low_poverty,LPM,33.9644911,-118.1153223
60374307014,1234.0,46.11,11.26,1.78,Other,Low_poverty,LPO,34.1439052,-118.0635289
60373202023,1240.0,11.85,13.0,88.15,Minority,Low_poverty,LPM,34.2885269,-118.433314
60371318001,2117.0,18.94,5.67,65.57,Minority,Low_poverty,LPM,34.2047056,-118.5224112
60376030012,1876.0,1.92,23.93,83.26,Minority,Low_poverty,LPM,33.9055591,-118.2938524
60375751012,2041.0,19.65,20.87,63.11,Minority,Low_poverty,LPM,33.78803,-118.1600391
60372118022,2222.0,11.03,18.39,36.05,Other,Low_poverty,LPO,34.0635509,-118.3022332
60375326053,1548.0,2.07,39.6,95.41,Minority,High_poverty,HPM,33.9814039,-118.2251496
60377027001,953.0,43.76,3.04,33.9,Other,Low_poverty,LPO,34.0084757,-118.4010559
60372326001,2618.0,1.6,23.63,98.39,Minority,Low_poverty,LPM,33.9920875,-118.293668
60371910001,1359.0,52.76,15.67,44.37,White,Low_poverty,LPW,34.102952,-118.3225885
60371919012,1544.0,49.35,17.62,39.77,Other,Low_poverty,LPO,34.0907399,-118.3358867
60375300052,2065.0,9.59,6.96,38.35,Other,Low_poverty,LPO,34.0291966,-118.1185748
60374602004,731.0,48.43,7.66,33.52,Other,Low_poverty,LPO,34.1910551,-118.1347171
60371201051,1953.0,5.02,32.31,89.19,Minority,High_poverty,HPM,34.2284378,-118.4480719
60371321012,1513.0,11.3,21.08,77.27,Minority,Low_poverty,LPM,34.1902653,-118.4912893
60372117013,742.0,17.92,12.67,33.01,Other,Low_poverty,LPO,34.0635143,-118.3162779
60375540021,2015.0,9.08,17.47,70.17,Minority,Low_poverty,LPM,33.891758,-118.1277191
60374801013,1217.0,10.27,13.64,2.14,Other,Low_poverty,LPO,34.1105778,-118.0769796
60375040023,499.0,39.08,2.4,60.92,Minority,Low_poverty,LPM,33.9043438,-118.0259626
60372049202,726.0,0.83,23.83,99.17,Minority,Low_poverty,LPM,34.016042,-118.1971758
60376020031,2428.0,1.32,14.09,96.54,Minority,Low_poverty,LPM,33.9343416,-118.3416169
60371959032,774.0,30.88,12.14,44.7,Other,Low_poverty,LPO,34.0812156,-118.2811761
60371348003,1355.0,38.82,6.64,43.33,Other,Low_poverty,LPO,34.1973717,-118.5731666
60379203363,2237.0,2.28,29.28,92.22,Minority,Low_poverty,LPM,34.3861176,-118.5347418
60376004004,1254.0,3.43,13.61,88.83,Minority,Low_poverty,LPM,33.9348962,-118.3117369
60376028023,668.0,0.0,1.95,97.9,Minority,Low_poverty,LPM,33.9221205,-118.304688
60372036002,1828.0,0.0,22.76,100.0,Minority,Low_poverty,LPM,34.0531141,-118.2084126
60379006072,1812.0,29.86,29.38,65.62,Minority,Low_poverty,LPM,34.6929867,-118.1173344
60372654101,597.0,85.59,1.01,2.01,White,Low_poverty,LPW,34.0632884,-118.4603277
60375414002,672.0,5.65,11.16,94.35,Minority,Low_poverty,LPM,33.9129294,-118.2320677
60374814012,2430.0,12.18,5.51,26.87,Other,Low_poverty,LPO,34.0873483,-118.1040706
60372766011,1113.0,50.94,3.05,31.27,White,Low_poverty,LPW,33.9651084,-118.4350185
60375038014,1121.0,39.52,11.15,42.19,Other,Low_poverty,LPO,33.8905708,-117.9975303
60371274001,1345.0,3.94,29.59,93.75,Minority,Low_poverty,LPM,34.216757,-118.4799558
60375549005,975.0,6.15,2.67,72.21,Minority,Low_poverty,LPM,33.8595267,-118.0847428
60374048011,2338.0,3.98,18.86,65.95,Minority,Low_poverty,LPM,34.0819003,-117.9704857
60371284003,1178.0,71.65,4.92,14.86,White,Low_poverty,LPW,34.1766942,-118.4601044
60372328001,1930.0,0.0,22.02,98.08,Minority,Low_poverty,LPM,33.9944708,-118.2772349
60371251001,1108.0,80.87,1.71,6.5,White,Low_poverty,LPW,34.1702891,-118.392144
60375758032,870.0,27.24,30.0,54.6,Minority,High_poverty,HPM,33.7771545,-118.1937128
60375426011,912.0,3.18,33.99,91.67,Minority,High_poverty,HPM,33.9062432,-118.2239813
60374024022,1863.0,5.37,16.09,94.15,Minority,Low_poverty,LPM,34.0529617,-117.7848645
60379006051,2215.0,33.32,57.56,66.68,Minority,High_poverty,HPM,34.7098232,-118.0837955
60375351013,1259.0,0.0,28.25,95.95,Minority,Low_poverty,LPM,33.9668282,-118.2480781
60375326033,1087.0,0.74,14.35,99.26,Minority,Low_poverty,LPM,33.9815349,-118.2313996
60379102073,2080.0,35.1,4.86,59.04,Minority,Low_poverty,LPM,34.599919,-118.1786569
60376208002,863.0,39.51,1.51,4.4,Other,Low_poverty,LPO,33.8816367,-118.3819789
60375711015,578.0,60.55,6.92,24.74,White,Low_poverty,LPW,33.8437009,-118.1149061
60371352032,1250.0,72.56,2.08,9.76,White,Low_poverty,LPW,34.1840261,-118.6475083
60376205011,1490.0,44.7,7.72,38.45,Other,Low_poverty,LPO,33.8857218,-118.3722508
60371838201,1739.0,8.05,28.23,75.9,Minority,Low_poverty,LPM,34.1032703,-118.2000942
60375030002,2080.0,1.2,15.91,94.81,Minority,Low_poverty,LPM,33.9252182,-118.0505657
60371436041,1346.0,60.03,7.36,11.14,White,Low_poverty,LPW,34.1419414,-118.3723402
60375413004,2017.0,1.59,15.91,93.26,Minority,Low_poverty,LPM,33.9123808,-118.2432201
60374027022,1414.0,2.62,36.99,96.11,Minority,High_poverty,HPM,34.0647135,-117.7270879
60376014012,1062.0,1.6,18.59,90.87,Minority,Low_poverty,LPM,33.9590784,-118.363857
60374603024,1610.0,9.38,8.82,88.7,Minority,Low_poverty,LPM,34.1917405,-118.1550748
60372324001,886.0,3.05,28.93,86.8,Minority,Low_poverty,LPM,34.0018928,-118.3067332
60372672003,1059.0,61.19,1.61,29.65,White,Low_poverty,LPW,34.0463828,-118.4327625
60376208005,1141.0,79.93,0.0,8.41,White,Low_poverty,LPW,33.8837371,-118.3938393
60374306002,1021.0,43.68,19.2,4.12,Other,Low_poverty,LPO,34.1565159,-118.0347159
60371096033,1711.0,7.71,24.14,78.03,Minority,Low_poverty,LPM,34.2536803,-118.469735
60371990003,2301.0,2.22,14.08,70.01,Minority,Low_poverty,LPM,34.0768133,-118.2172897
60375434002,1739.0,2.47,3.62,82.69,Minority,Low_poverty,LPM,33.8603469,-118.2708041
60372690001,568.0,87.32,0.0,7.22,White,Low_poverty,LPW,34.0366907,-118.4060658
60372405004,1772.0,0.0,50.0,100.0,Minority,High_poverty,HPM,33.9494195,-118.2785465
60379006052,1614.0,25.96,21.27,72.99,Minority,Low_poverty,LPM,34.6933889,-118.085881
60374600003,1356.0,51.99,8.92,15.93,White,Low_poverty,LPW,34.1719249,-118.0752748
60372083023,3021.0,1.66,39.16,91.83,Minority,High_poverty,HPM,34.0611065,-118.2626867
60374317004,1361.0,22.41,18.22,27.77,Other,Low_poverty,LPO,34.1159733,-118.0438535
60375358024,2561.0,3.44,13.76,95.0,Minority,Low_poverty,LPM,33.939595,-118.2094289
60371438001,1524.0,61.29,0.85,26.31,White,Low_poverty,LPW,34.137804,-118.367367
60375711011,472.0,69.28,8.69,13.14,White,Low_poverty,LPW,33.8450978,-118.1099493
60376513026,932.0,75.75,3.11,0.0,White,Low_poverty,LPW,33.8065272,-118.3859087
60376500014,1063.0,8.84,2.73,53.9,Minority,Low_poverty,LPM,33.8796469,-118.3217696
60374023041,2231.0,4.26,31.37,88.93,Minority,High_poverty,HPM,34.0629457,-117.7690322
60375034023,723.0,32.64,2.9,64.31,Minority,Low_poverty,LPM,33.9436882,-118.0074922
60375707013,728.0,33.52,0.0,36.81,Other,Low_poverty,LPO,33.8486998,-118.1518791
60372181201,2983.0,1.17,35.17,83.17,Minority,High_poverty,HPM,34.0453968,-118.3206754
60372703002,827.0,16.08,6.17,64.69,Minority,Low_poverty,LPM,34.0416627,-118.3707758
60376027001,1269.0,1.58,0.0,94.24,Minority,Low_poverty,LPM,33.9224932,-118.3126696
60372948101,2178.0,2.85,27.5,93.76,Minority,Low_poverty,LPM,33.7809439,-118.2715589
60375009002,1850.0,1.24,5.89,96.75,Minority,Low_poverty,LPM,33.9902218,-118.0805814
60372378002,816.0,0.0,3.8,95.96,Minority,Low_poverty,LPM,33.9707672,-118.2961912
60377025012,488.0,82.17,0.0,7.17,White,Low_poverty,LPW,34.0154951,-118.3918648
60372184004,860.0,15.47,7.79,81.05,Minority,Low_poverty,LPM,34.0355958,-118.3642751
60375315023,939.0,0.0,25.05,100.0,Minority,Low_poverty,LPM,34.0218623,-118.1687577
60376026005,973.0,6.78,26.1,82.94,Minority,Low_poverty,LPM,33.911273,-118.3207813
60376026003,909.0,2.64,9.14,88.01,Minority,Low_poverty,LPM,33.9139803,-118.3162451
60371092002,1135.0,29.69,1.94,36.3,Other,Low_poverty,LPO,34.2754902,-118.4783359
60375015043,1293.0,2.55,15.05,94.59,Minority,Low_poverty,LPM,33.9772815,-118.0396878
60371065203,1457.0,0.69,11.72,99.31,Minority,Low_poverty,LPM,34.3062997,-118.4577148
60374016023,1198.0,32.72,10.43,51.58,Minority,Low_poverty,LPM,34.1098801,-117.7687804
60374624003,1026.0,32.36,14.13,43.28,Other,Low_poverty,LPO,34.1625098,-118.1288762
60375752012,1751.0,7.14,28.06,53.45,Minority,Low_poverty,LPM,33.7879182,-118.1785954
60375339013,1279.0,1.49,13.06,96.8,Minority,Low_poverty,LPM,33.9719235,-118.1557386
60372062001,664.0,17.77,72.14,71.08,Minority,High_poverty,HPM,34.0460421,-118.2449646
60371132131,3196.0,38.8,2.02,32.7,Other,Low_poverty,LPO,34.2532532,-118.610026
60377017021,1257.0,56.01,11.77,21.08,White,Low_poverty,LPW,34.0258189,-118.4803236
60372201002,945.0,0.0,22.12,95.88,Minority,Low_poverty,LPM,34.023526,-118.3579505
60379105051,1676.0,15.57,16.71,71.06,Minority,Low_poverty,LPM,34.5636337,-118.0990846
60372184003,844.0,5.33,12.91,87.44,Minority,Low_poverty,LPM,34.0353554,-118.3575986
60375018042,512.0,11.33,23.05,77.73,Minority,Low_poverty,LPM,33.9736234,-118.0350076
60372656012,2400.0,73.71,12.5,6.21,White,Low_poverty,LPW,34.0546352,-118.4337174
60376037022,993.0,26.89,0.5,41.49,Other,Low_poverty,LPO,33.8829956,-118.3393815
60371011101,1688.0,63.27,15.46,28.91,White,Low_poverty,LPW,34.2593593,-118.2881296
60375438022,881.0,7.6,28.15,56.07,Minority,Low_poverty,LPM,33.8299223,-118.2736565
60371927002,657.0,29.07,70.62,50.38,Minority,High_poverty,HPM,34.0778689,-118.2882612
60374801022,1676.0,11.69,17.16,12.77,Other,Low_poverty,LPO,34.1047579,-118.0845667
60373022023,831.0,13.36,22.62,50.06,Minority,Low_poverty,LPM,34.14123,-118.2525214
60377010004,2708.0,71.75,3.12,5.76,White,Low_poverty,LPW,34.0623286,-118.4079199
60375543012,1035.0,12.66,12.56,73.52,Minority,Low_poverty,LPM,33.878503,-118.1468269
60375356061,2007.0,1.94,15.45,98.06,Minority,Low_poverty,LPM,33.9476557,-118.2252846
60377027002,1113.0,48.34,3.95,20.31,Other,Low_poverty,LPO,34.0063881,-118.4063021
60372189001,1950.0,8.77,19.29,82.67,Minority,Low_poverty,LPM,34.0342616,-118.3226238
60371253201,2052.0,56.29,30.9,30.22,White,High_poverty,HPW,34.166657,-118.3737668
60375527004,1134.0,5.56,9.44,79.63,Minority,Low_poverty,LPM,33.89894,-118.0775573
60372382001,1500.0,0.47,10.67,96.4,Minority,Low_poverty,LPM,33.9655131,-118.2953543
60376020042,1480.0,3.31,24.05,92.23,Minority,Low_poverty,LPM,33.9343211,-118.3283956
60371211011,984.0,19.82,17.99,62.7,Minority,Low_poverty,LPM,34.2242092,-118.3678226
60373111001,1721.0,32.42,11.45,37.18,Other,Low_poverty,LPO,34.1891008,-118.3549783
60376205213,934.0,55.25,2.89,11.78,White,Low_poverty,LPW,33.8741267,-118.3673617
60375331041,1835.0,0.98,16.68,99.02,Minority,Low_poverty,LPM,33.9767638,-118.2257423
60372381002,984.0,0.0,37.3,98.58,Minority,High_poverty,HPM,33.9618079,-118.3079134
60371434003,871.0,76.92,11.94,4.82,White,Low_poverty,LPW,34.1521726,-118.4165019
60371098004,1557.0,4.95,10.72,85.93,Minority,Low_poverty,LPM,34.2524877,-118.476306
60372374023,761.0,5.91,27.99,94.08,Minority,Low_poverty,LPM,33.9765373,-118.3024462
60372088021,1865.0,13.78,25.63,55.71,Minority,Low_poverty,LPM,34.0634798,-118.2774226
60379200381,883.0,43.04,7.93,52.55,Minority,Low_poverty,LPM,34.4193002,-118.4520926
60376509023,3108.0,27.19,12.07,19.4,Other,Low_poverty,LPO,33.8259224,-118.3224782
60374823031,1280.0,10.31,11.41,36.33,Other,Low_poverty,LPO,34.0706897,-118.1029741
60372975005,925.0,54.7,10.7,33.3,White,Low_poverty,LPW,33.7196302,-118.3064101
60379203371,2370.0,10.76,18.73,85.91,Minority,Low_poverty,LPM,34.3697866,-118.5068217
60372324002,1396.0,0.07,2.02,99.92,Minority,Low_poverty,LPM,33.9980269,-118.306738
60376500013,1668.0,24.46,7.79,9.59,Other,Low_poverty,LPO,33.8740565,-118.3164749
60373202024,1096.0,7.94,16.61,85.31,Minority,Low_poverty,LPM,34.285225,-118.4297027
60375432022,1188.0,2.19,24.24,97.81,Minority,Low_poverty,LPM,33.8848917,-118.2224489
60372145022,1265.0,65.61,12.41,19.92,White,Low_poverty,LPW,34.0689334,-118.3506157
60375416042,1521.0,0.53,20.45,99.47,Minority,Low_poverty,LPM,33.9099737,-118.2104855
60372948201,2140.0,0.23,21.31,99.76,Minority,Low_poverty,LPM,33.781261,-118.2656825
60375338051,2310.0,0.0,17.71,98.96,Minority,Low_poverty,LPM,33.9722613,-118.1752534
60376023022,592.0,49.83,1.52,28.21,Other,Low_poverty,LPO,33.9050949,-118.3728233
60373112001,869.0,63.18,4.51,26.47,White,Low_poverty,LPW,34.1735872,-118.3557
60375530003,1702.0,15.1,4.82,72.21,Minority,Low_poverty,LPM,33.8942518,-118.10639
60373012043,1001.0,91.81,12.69,5.69,White,Low_poverty,LPW,34.162318,-118.2624292
60372755004,2520.0,2.38,52.98,94.6,Minority,High_poverty,HPM,33.9929354,-118.4115544
60375717031,714.0,7.84,0.0,90.61,Minority,Low_poverty,LPM,33.8495249,-118.191716
60375705011,2714.0,5.56,27.4,70.93,Minority,Low_poverty,LPM,33.8672886,-118.182558
60371432001,1700.0,72.65,19.47,21.88,White,Low_poverty,LPW,34.1480544,-118.3674186
60371909011,494.0,8.91,42.31,91.09,Minority,High_poverty,HPM,34.0917681,-118.3146449
60372373001,1254.0,7.1,18.1,92.9,Minority,Low_poverty,LPM,33.9782121,-118.3167869
60371091001,1073.0,25.26,5.07,64.59,Minority,Low_poverty,LPM,34.2711662,-118.4693878
60374807031,1140.0,21.93,2.98,43.86,Other,Low_poverty,LPO,34.1137906,-118.1661908
60375539013,1843.0,3.69,8.68,90.67,Minority,Low_poverty,LPM,33.8927711,-118.153705
60375704022,1030.0,4.56,10.5,89.32,Minority,Low_poverty,LPM,33.8656992,-118.2025952
60375341011,845.0,2.13,5.68,90.18,Minority,Low_poverty,LPM,33.977447,-118.1652154
60375745004,1627.0,65.21,2.64,20.77,White,Low_poverty,LPW,33.7904288,-118.1030631
60374611003,901.0,25.97,2.0,68.15,Minority,Low_poverty,LPM,34.1887793,-118.1421139
60375545212,1937.0,16.88,8.21,38.46,Other,Low_poverty,LPO,33.861611,-118.0985748
60373016021,2134.0,38.57,15.28,45.18,Other,Low_poverty,LPO,34.1630847,-118.3024439
60371061141,4802.0,4.16,17.15,90.17,Minority,Low_poverty,LPM,34.3040038,-118.428796
60372943021,2074.0,4.92,10.13,92.82,Minority,Low_poverty,LPM,33.7817428,-118.2771857
60374055002,2129.0,8.83,4.98,68.11,Minority,Low_poverty,LPM,34.075638,-117.923764
60375351021,883.0,1.7,33.52,96.26,Minority,High_poverty,HPM,33.9581601,-118.2497729
60375740001,750.0,63.33,8.8,27.73,White,Low_poverty,LPW,33.8160376,-118.0941825
60375732021,1819.0,0.0,15.39,82.52,Minority,Low_poverty,LPM,33.793488,-118.1817581
60372374013,1716.0,3.67,33.39,95.57,Minority,High_poverty,HPM,33.9784642,-118.2969619
60374336011,1362.0,0.44,7.49,11.82,Other,Low_poverty,LPO,34.0672273,-118.0725652
60376510014,704.0,43.61,5.4,33.24,Other,Low_poverty,LPO,33.8062622,-118.3116277
60375537011,1422.0,3.94,23.35,92.75,Minority,Low_poverty,LPM,33.9070176,-118.1770919
60372381001,2206.0,3.13,19.72,96.33,Minority,Low_poverty,LPM,33.965467,-118.3079099
60373115003,2360.0,50.97,13.18,28.77,White,Low_poverty,LPW,34.1654927,-118.342885
60374306001,886.0,21.33,9.26,5.98,Other,Low_poverty,LPO,34.1644288,-118.0351722
60375550011,972.0,34.16,11.52,51.24,Minority,Low_poverty,LPM,33.8418749,-118.0927613
60375357011,1362.0,0.0,5.07,98.68,Minority,Low_poverty,LPM,33.9596846,-118.1993279
60375019001,1309.0,11.15,16.65,85.18,Minority,Low_poverty,LPM,33.9549978,-118.0221435
60374301012,985.0,24.57,30.75,43.45,Other,High_poverty,HPO,34.1374668,-117.9721208
60374328011,1068.0,6.27,21.25,50.19,Minority,Low_poverty,LPM,34.0783675,-118.0461409
60373025052,437.0,43.02,10.84,51.26,Minority,Low_poverty,LPM,34.1329989,-118.252199
60379200442,596.0,41.11,10.57,45.64,Other,Low_poverty,LPO,34.4451243,-118.5111498
60375037021,2031.0,36.68,5.37,48.0,Other,Low_poverty,LPO,33.9237363,-117.9807364
60371373022,2544.0,79.56,4.05,8.42,White,Low_poverty,LPW,34.17677,-118.6577137
60375415002,732.0,0.0,7.1,100.0,Minority,Low_poverty,LPM,33.9104221,-118.2247274
60371064062,869.0,9.55,2.19,87.0,Minority,Low_poverty,LPM,34.3169995,-118.4554781
60375040011,1465.0,37.68,12.38,53.24,Minority,Low_poverty,LPM,33.914738,-118.016214
60376017002,1778.0,0.62,22.83,88.42,Minority,Low_poverty,LPM,33.9346273,-118.3454936
60371287024,1004.0,55.38,4.28,35.26,White,Low_poverty,LPW,34.1625006,-118.4438962
60374601001,889.0,65.02,2.81,15.52,White,Low_poverty,LPW,34.1896285,-118.1174552
60375330012,691.0,0.0,36.35,100.0,Minority,High_poverty,HPM,33.9774907,-118.2439735
60371043103,1468.0,2.25,24.32,97.34,Minority,Low_poverty,LPM,34.2719739,-118.4343222
60371911202,2000.0,28.85,28.69,58.85,Minority,Low_poverty,LPM,34.0928806,-118.3068953
60375717012,2017.0,3.87,24.63,86.07,Minority,Low_poverty,LPM,33.8495503,-118.1966393
60375345022,986.0,9.13,40.57,90.88,Minority,High_poverty,HPM,33.9688683,-118.2024352
60372738002,817.0,71.97,8.69,17.87,White,Low_poverty,LPW,33.990917,-118.4544477
60372134011,2047.0,5.57,34.54,70.88,Minority,High_poverty,HPM,34.0537127,-118.285975
60373109003,447.0,48.55,0.0,33.78,Other,Low_poverty,LPO,34.1862456,-118.3328856
60374804003,1860.0,11.94,5.81,27.26,Other,Low_poverty,LPO,34.1013746,-118.1377004
60372049101,3341.0,2.48,21.49,97.04,Minority,Low_poverty,LPM,34.0248828,-118.1955701
60374605025,536.0,77.24,6.16,0.0,White,Low_poverty,LPW,34.1984875,-118.1823881
60374049011,1656.0,2.17,8.39,65.88,Minority,Low_poverty,LPM,34.0960873,-117.9811932
60372652024,1585.0,74.07,21.7,5.17,White,Low_poverty,LPW,34.0616902,-118.4394135
60375434003,532.0,3.95,13.53,71.24,Minority,Low_poverty,LPM,33.8543183,-118.2751134
60377009014,1391.0,77.43,4.6,5.75,White,Low_poverty,LPW,34.0620416,-118.3856399
60371221212,1158.0,4.58,5.79,92.4,Minority,Low_poverty,LPM,34.2138533,-118.3671916
60376013022,2586.0,11.14,24.08,77.88,Minority,Low_poverty,LPM,33.974444,-118.3675358
60376506042,2968.0,17.76,13.68,7.25,Other,Low_poverty,LPO,33.8403638,-118.3469836
60379006092,1391.0,10.64,49.46,81.95,Minority,High_poverty,HPM,34.6932331,-118.09922
60375315022,636.0,0.47,10.06,99.53,Minority,Low_poverty,LPM,34.0213866,-118.1722991
60371066421,1162.0,52.93,4.73,20.31,White,Low_poverty,LPW,34.2908967,-118.5074564
60374636023,1024.0,38.77,6.35,30.18,Other,Low_poverty,LPO,34.1401892,-118.1421123
60372084011,1943.0,4.17,24.81,78.59,Minority,Low_poverty,LPM,34.0632006,-118.2678854
60375315032,1482.0,0.27,26.88,99.12,Minority,Low_poverty,LPM,34.0285968,-118.170713
60372247002,3038.0,35.39,68.36,23.01,Other,High_poverty,HPO,34.0286296,-118.2806701
60373025033,1120.0,60.63,30.36,10.98,White,High_poverty,HPW,34.1379659,-118.2513635
60372679022,1288.0,72.75,9.55,7.61,White,Low_poverty,LPW,34.0483086,-118.418841
60371371031,2901.0,51.5,3.9,21.99,White,Low_poverty,LPW,34.1714768,-118.5995652
60377022012,589.0,57.89,5.26,12.56,White,Low_poverty,LPW,34.0117055,-118.4723971
60376028022,1802.0,0.67,5.27,98.66,Minority,Low_poverty,LPM,33.9183237,-118.2959882
60375004041,1635.0,16.51,18.25,80.0,Minority,Low_poverty,LPM,34.0111739,-118.0720771
60374023034,747.0,15.13,19.01,71.49,Minority,Low_poverty,LPM,34.0664125,-117.7585703
60375769032,1849.0,12.55,24.34,67.55,Minority,Low_poverty,LPM,33.7807808,-118.1594762
60372969021,1528.0,22.05,16.92,66.3,Minority,Low_poverty,LPM,33.7337796,-118.29124
60374078022,1588.0,2.2,4.97,82.87,Minority,Low_poverty,LPM,34.034218,-117.9304667
60374081412,715.0,0.0,26.29,84.76,Minority,Low_poverty,LPM,34.0086421,-117.8960726
60375350013,1469.0,0.0,16.61,98.23,Minority,Low_poverty,LPM,33.969407,-118.2525604
60371236013,1749.0,36.76,18.24,54.21,Minority,Low_poverty,LPM,34.1757684,-118.4203298
60374310011,602.0,38.87,0.0,30.9,Other,Low_poverty,LPO,34.1485459,-118.0075568
60375704033,1977.0,7.03,42.39,89.03,Minority,High_poverty,HPM,33.8794259,-118.2057748
60371281021,2858.0,21.24,19.56,70.82,Minority,Low_poverty,LPM,34.1918075,-118.4443515
60374042021,2425.0,41.07,34.49,39.51,Other,High_poverty,HPO,34.1268792,-117.8857494
60374623011,2237.0,22.8,16.23,68.12,Minority,Low_poverty,LPM,34.1560299,-118.1289838
60371190013,1406.0,3.34,13.09,88.55,Minority,Low_poverty,LPM,34.2350277,-118.4168433
60371904021,2372.0,60.67,21.13,20.75,White,Low_poverty,LPW,34.1035491,-118.3071514
60375361033,2013.0,2.19,5.12,96.77,Minority,Low_poverty,LPM,33.936652,-118.1850903
60376211045,1091.0,77.64,1.92,7.42,White,Low_poverty,LPW,33.8579054,-118.3985478
60371974103,1187.0,55.6,7.92,30.92,White,Low_poverty,LPW,34.089931,-118.251167
60374078011,2055.0,0.0,11.39,84.38,Minority,Low_poverty,LPM,34.0267029,-117.92164
60371274003,1861.0,18.0,9.78,76.14,Minority,Low_poverty,LPM,34.2029318,-118.4804033
60375520022,512.0,3.13,14.32,82.82,Minority,Low_poverty,LPM,33.9103849,-118.0875955
60377001014,1292.0,83.2,8.28,13.47,White,Low_poverty,LPW,34.0925898,-118.3533854
60375734025,1810.0,35.03,14.09,25.3,Other,Low_poverty,LPO,33.7922399,-118.1597865
60371320021,930.0,21.18,7.43,77.2,Minority,Low_poverty,LPM,34.1974606,-118.5033025
60372112021,2239.0,8.98,19.79,73.87,Minority,Low_poverty,LPM,34.0745209,-118.294113
60372213042,1057.0,2.84,13.21,76.53,Minority,Low_poverty,LPM,34.0453697,-118.3123094
60371920023,1240.0,80.08,11.52,11.13,White,Low_poverty,LPW,34.0828215,-118.3519353
60372397024,1318.0,1.06,31.43,98.94,Minority,High_poverty,HPM,33.9610605,-118.2790055
60371064053,996.0,4.12,26.61,90.97,Minority,Low_poverty,LPM,34.3187051,-118.4438577
60373003013,799.0,44.18,2.5,22.03,Other,Low_poverty,LPO,34.2379147,-118.2562555
60373025041,2435.0,48.79,16.51,29.28,Other,Low_poverty,LPO,34.1349187,-118.2456439
60379106062,1108.0,8.21,21.57,74.64,Minority,Low_poverty,LPM,34.561869,-118.060457
60374333051,2981.0,0.57,31.77,67.89,Minority,High_poverty,HPM,34.0682957,-118.0137641
60371862031,1909.0,45.05,3.25,30.96,Other,Low_poverty,LPO,34.1141771,-118.2177142
60372717023,1447.0,29.37,20.59,27.92,Other,Low_poverty,LPO,34.0239801,-118.4267797
60374619012,750.0,15.87,3.2,77.73,Minority,Low_poverty,LPM,34.1537089,-118.1534079
60373001003,1198.0,60.68,3.34,11.85,White,Low_poverty,LPW,34.2352109,-118.2385537
60373113001,818.0,57.46,23.35,37.65,White,Low_poverty,LPW,34.1776421,-118.345718
60378003244,2241.0,72.07,2.54,7.18,White,Low_poverty,LPW,34.1507336,-118.7726055
60371393031,2779.0,62.04,15.47,30.08,White,Low_poverty,LPW,34.177561,-118.5334123
60371351113,992.0,31.65,4.13,10.48,Other,Low_poverty,LPO,34.1885289,-118.6095224
60379006071,1839.0,36.32,29.9,57.91,Minority,Low_poverty,LPM,34.6933478,-118.1286923
60371341031,2709.0,30.27,17.02,66.23,Minority,Low_poverty,LPM,34.2178571,-118.5753786
60371282102,1702.0,7.46,36.08,91.6,Minority,High_poverty,HPM,34.1819802,-118.4442496
60374827011,689.0,0.0,10.45,43.4,Other,Low_poverty,LPO,34.0358594,-118.1322766
60372148002,1019.0,73.7,12.56,13.55,White,Low_poverty,LPW,34.0712761,-118.3733339
60372126201,1800.0,11.72,20.32,60.55,Minority,Low_poverty,LPM,34.0569306,-118.3144823
60374822022,1823.0,1.81,20.35,13.33,Other,Low_poverty,LPO,34.0575765,-118.1145866
60372098202,1113.0,2.79,29.78,92.27,Minority,Low_poverty,LPM,34.0464251,-118.2786855
60374809012,1684.0,3.92,15.33,46.2,Other,Low_poverty,LPO,34.0848968,-118.1405079
60372079002,4043.0,25.35,19.24,32.33,Other,Low_poverty,LPO,34.0424813,-118.2638831
60375312011,2703.0,0.0,25.9,100.0,Minority,Low_poverty,LPM,34.0298857,-118.183474
60372314001,1365.0,4.47,32.89,91.2,Minority,High_poverty,HPM,34.015986,-118.3110766
60372284101,607.0,1.48,29.32,97.52,Minority,Low_poverty,LPM,34.0135069,-118.2711763
60372041101,1378.0,0.36,6.75,99.64,Minority,Low_poverty,LPM,34.0396316,-118.1978265
60374060004,1219.0,27.56,5.92,68.99,Minority,Low_poverty,LPM,34.0846046,-117.9014476
60376033023,990.0,15.45,35.5,63.14,Minority,High_poverty,HPM,33.8778485,-118.3111783
60372351002,1122.0,16.67,5.97,81.64,Minority,Low_poverty,LPM,33.9848066,-118.343916
60375728001,986.0,18.97,62.46,63.69,Minority,High_poverty,HPM,33.7952958,-118.2212087
60376014023,736.0,2.58,0.0,96.19,Minority,Low_poverty,LPM,33.9492101,-118.3679486
60372215002,1619.0,2.16,32.24,94.26,Minority,High_poverty,HPM,34.033786,-118.302435
60374047011,2422.0,0.0,22.13,70.19,Minority,Low_poverty,LPM,34.0755992,-117.9912125
60374811033,1370.0,3.43,9.78,51.31,Minority,Low_poverty,LPM,34.0946515,-118.1043196
60371972003,1226.0,5.55,11.5,70.72,Minority,Low_poverty,LPM,34.093197,-118.2367011
60371393021,2296.0,49.91,19.99,38.32,Other,Low_poverty,LPO,34.1783956,-118.5381695
60377002001,2865.0,77.24,11.8,13.96,White,Low_poverty,LPW,34.0944537,-118.3637501
60373017012,1408.0,48.15,4.19,38.57,Other,Low_poverty,LPO,34.1599987,-118.2775726
60371232032,1268.0,14.35,22.4,81.38,Minority,Low_poverty,LPM,34.1948835,-118.3894715
60379105011,1337.0,11.07,38.97,83.85,Minority,High_poverty,HPM,34.5804009,-118.1147258
60371194002,1854.0,5.99,24.36,85.44,Minority,Low_poverty,LPM,34.243116,-118.434691
60373117006,1043.0,46.98,13.9,34.23,Other,Low_poverty,LPO,34.1587926,-118.324867
60374609002,1531.0,2.55,19.38,85.76,Minority,Low_poverty,LPM,34.1713916,-118.1548923
60376501013,2269.0,23.62,8.02,23.85,Other,Low_poverty,LPO,33.8654464,-118.3212466
60375743002,862.0,64.15,0.23,25.64,White,Low_poverty,LPW,33.8081854,-118.1226563
60377009023,1826.0,76.29,20.04,4.17,White,Low_poverty,LPW,34.0596512,-118.3964675
60375703013,1469.0,5.24,13.0,75.77,Minority,Low_poverty,LPM,33.8632559,-118.1897092
60372145011,1126.0,57.99,6.31,20.34,White,Low_poverty,LPW,34.0681451,-118.3574476
60372412021,1453.0,2.41,36.2,96.01,Minority,High_poverty,HPM,33.9341475,-118.2892787
60376205223,1765.0,51.39,4.7,27.82,White,Low_poverty,LPW,33.876866,-118.3716933
60375537013,1076.0,4.28,1.12,94.42,Minority,Low_poverty,LPM,33.8975464,-118.177512
60372733001,1606.0,47.38,23.16,46.45,Other,Low_poverty,LPO,33.9974809,-118.4741711
60377012012,712.0,89.75,6.74,8.99,White,Low_poverty,LPW,34.0418786,-118.4884815
60371132112,1922.0,77.99,6.15,11.56,White,Low_poverty,LPW,34.2675047,-118.6227776
60375722013,2110.0,22.7,5.78,50.85,Minority,Low_poverty,LPM,33.8166573,-118.1989132
60371096031,1162.0,15.83,13.25,72.38,Minority,Low_poverty,LPM,34.2518221,-118.4630151
60375004044,930.0,3.12,0.0,64.95,Minority,Low_poverty,LPM,34.0185532,-118.0744872
60375329004,1394.0,0.0,27.69,100.0,Minority,Low_poverty,LPM,33.9816334,-118.2543152
60371314002,2797.0,28.78,16.23,43.73,Other,Low_poverty,LPO,34.2111121,-118.5316975
60371061121,2099.0,12.72,15.72,86.24,Minority,Low_poverty,LPM,34.3181278,-118.4214982
60371082012,2895.0,39.03,0.73,9.29,Other,Low_poverty,LPO,34.2835325,-118.5662499
60375328001,2534.0,0.99,25.41,98.93,Minority,Low_poverty,LPM,33.9864613,-118.2498967
60372393101,1309.0,0.0,24.06,100.0,Minority,Low_poverty,LPM,33.9784974,-118.2794926
60372071011,3717.0,14.85,26.98,27.61,Other,Low_poverty,LPO,34.0612027,-118.2448177
60376701001,3027.0,30.76,17.08,37.86,Other,Low_poverty,LPO,33.7873761,-118.3185752
60372969013,717.0,35.7,12.55,50.77,Minority,Low_poverty,LPM,33.7306277,-118.2978768
60375024021,787.0,16.26,13.72,83.74,Minority,Low_poverty,LPM,33.9767285,-118.0879802
60376213011,2884.0,54.09,1.77,20.11,White,Low_poverty,LPW,33.8365856,-118.3768044
60375041011,2359.0,15.09,11.12,68.42,Minority,Low_poverty,LPM,33.9136344,-118.0328199
60372420003,626.0,3.51,50.64,96.49,Minority,High_poverty,HPM,33.9410332,-118.2477266
60375744006,771.0,73.02,1.04,18.81,White,Low_poverty,LPW,33.8082434,-118.1051676
60379203364,1505.0,10.37,22.52,83.52,Minority,Low_poverty,LPM,34.3808317,-118.530305
60375349004,1851.0,0.0,1.24,100.0,Minority,Low_poverty,LPM,33.9709465,-118.241226
60372946202,2239.0,1.92,15.28,97.1,Minority,Low_poverty,LPM,33.7886433,-118.2486107
60375711023,1039.0,42.64,0.48,32.72,Other,Low_poverty,LPO,33.8342513,-118.1207321
60375765012,1236.0,46.44,20.77,34.3,Other,Low_poverty,LPO,33.7705367,-118.1789182
60375545171,2852.0,15.04,4.87,13.64,Other,Low_poverty,LPO,33.8622622,-118.0582932
60376513025,670.0,84.03,2.39,6.42,White,Low_poverty,LPW,33.8075637,-118.3809064
60375742012,885.0,50.62,1.02,40.56,White,Low_poverty,LPW,33.8047255,-118.129601
60375540014,783.0,23.24,1.28,61.3,Minority,Low_poverty,LPM,33.9019663,-118.1332341
60371835201,1900.0,20.26,18.96,73.31,Minority,Low_poverty,LPM,34.1114912,-118.199911
60374320006,1119.0,13.94,8.58,14.48,Other,Low_poverty,LPO,34.0998202,-118.0637619
60372760002,857.0,67.21,0.0,17.97,White,Low_poverty,LPW,33.9713873,-118.3871089
60376208004,932.0,77.68,0.0,8.37,White,Low_poverty,LPW,33.885553,-118.3884253
60374305013,639.0,75.43,3.91,4.54,White,Low_poverty,LPW,34.1715512,-118.0440969
60375714002,717.0,34.31,1.39,50.07,Minority,Low_poverty,LPM,33.8363418,-118.1583866
60371134221,1879.0,22.83,14.16,44.12,Other,Low_poverty,LPO,34.2233659,-118.5852391
60375038022,1080.0,43.8,4.49,41.76,Other,Low_poverty,LPO,33.8969885,-118.0010672
60376701003,1585.0,50.73,23.57,40.06,White,Low_poverty,LPW,33.7817236,-118.3134295
60371034003,754.0,66.31,8.22,8.75,White,Low_poverty,LPW,34.2542091,-118.310543
60375037012,2448.0,46.69,5.18,48.57,Other,Low_poverty,LPO,33.9269823,-117.9991774
60371393022,2704.0,45.08,14.57,41.12,Other,Low_poverty,LPO,34.1750373,-118.5385632
60374081372,1612.0,8.75,23.88,66.38,Minority,Low_poverty,LPM,34.0049715,-117.8841514
60371175301,2803.0,2.07,21.79,88.9,Minority,Low_poverty,LPM,34.2264448,-118.4654941
60374071011,1149.0,7.75,37.24,84.42,Minority,High_poverty,HPM,34.0510371,-117.9768884
60372420001,1303.0,1.0,27.59,95.17,Minority,Low_poverty,LPM,33.9410652,-118.2516713
60378003271,2601.0,65.94,1.7,12.8,White,Low_poverty,LPW,34.1475295,-118.7517745
60375010011,1360.0,5.15,10.29,91.62,Minority,Low_poverty,LPM,33.9899516,-118.0722132
60376700011,1902.0,40.8,3.91,44.53,Other,Low_poverty,LPO,33.8034603,-118.3133886
60376510013,2613.0,30.0,13.2,46.19,Other,Low_poverty,LPO,33.8105442,-118.3143284
60379110011,1242.0,44.52,31.88,52.98,Minority,High_poverty,HPM,34.4955324,-117.8987818
60372712001,1930.0,37.1,8.96,38.24,Other,Low_poverty,LPO,34.0324286,-118.4381853
60375414004,1903.0,0.0,9.3,99.32,Minority,Low_poverty,LPM,33.9086863,-118.2304201
60375342012,1594.0,2.26,17.57,96.36,Minority,Low_poverty,LPM,33.9559149,-118.1665776
60371325012,2066.0,34.32,7.55,61.62,Minority,Low_poverty,LPM,34.1974094,-118.551323
60372071032,1692.0,5.61,43.2,8.75,Other,High_poverty,HPO,34.0644499,-118.2386266
60375758031,2359.0,12.93,31.24,74.61,Minority,High_poverty,HPM,33.7807819,-118.1937168
60374335031,2479.0,1.09,8.31,69.87,Minority,Low_poverty,LPM,34.0549204,-118.0459729
60375348041,2349.0,0.0,21.76,99.28,Minority,Low_poverty,LPM,33.964905,-118.2278323
60374047032,2526.0,2.73,22.86,83.37,Minority,Low_poverty,LPM,34.0635066,-117.9963588
60375517003,1155.0,9.7,24.16,74.46,Minority,Low_poverty,LPM,33.9203543,-118.1500399
60371352022,1577.0,49.33,14.08,21.11,Other,Low_poverty,LPO,34.1902189,-118.6376867
60371352036,794.0,61.96,5.67,2.39,White,Low_poverty,LPW,34.2002168,-118.6628613
60374069012,1906.0,2.26,12.56,85.2,Minority,Low_poverty,LPM,34.0603498,-117.9690971
60375723022,927.0,1.08,4.85,62.13,Minority,Low_poverty,LPM,33.8143683,-118.2094646
60375006001,905.0,4.31,1.44,94.14,Minority,Low_poverty,LPM,34.0113251,-118.0924623
60372188002,1456.0,3.3,13.74,81.38,Minority,Low_poverty,LPM,34.0374712,-118.3257537
60375507004,610.0,34.92,0.0,58.2,Minority,Low_poverty,LPM,33.9584532,-118.1315944
60371272101,1828.0,6.18,14.39,85.72,Minority,Low_poverty,LPM,34.2111781,-118.4538002
60376008011,549.0,5.1,13.48,76.14,Minority,Low_poverty,LPM,33.9682821,-118.3199107
60375545161,1894.0,11.99,0.74,38.23,Other,Low_poverty,LPO,33.8599074,-118.0667885
60376205012,779.0,59.44,2.18,6.16,White,Low_poverty,LPW,33.881927,-118.3631363
60372091031,3679.0,1.74,49.16,96.93,Minority,High_poverty,HPM,34.05711,-118.2640302
60372695001,681.0,86.34,1.47,4.26,White,Low_poverty,LPW,34.0437796,-118.3888244
60375361044,348.0,3.45,30.46,93.68,Minority,High_poverty,HPM,33.9342444,-118.1814758
60374827022,1008.0,3.47,10.22,55.95,Minority,Low_poverty,LPM,34.0399734,-118.1374633
60372431003,1242.0,0.0,50.16,100.0,Minority,High_poverty,HPM,33.9310274,-118.2369987
60372123031,3837.0,5.06,30.49,70.47,Minority,High_poverty,HPM,34.0597633,-118.2935144
60376024032,2039.0,3.78,7.26,87.65,Minority,Low_poverty,LPM,33.9130951,-118.3481185
60375319022,2213.0,1.94,20.29,97.24,Minority,Low_poverty,LPM,34.0115862,-118.132759
60373201004,2004.0,1.15,16.12,98.45,Minority,Low_poverty,LPM,34.2913168,-118.4229518
60375521002,1669.0,2.94,26.9,70.7,Minority,Low_poverty,LPM,33.9050252,-118.0798405
60379200341,2545.0,47.23,3.28,35.56,Other,Low_poverty,LPO,34.4397515,-118.4563079
60375544051,663.0,38.61,7.54,54.0,Minority,Low_poverty,LPM,33.8766546,-118.1212327
60371254021,1448.0,69.41,8.43,21.34,White,Low_poverty,LPW,34.1573436,-118.3749801
60375349002,2434.0,0.66,17.58,99.34,Minority,Low_poverty,LPM,33.9683245,-118.2369526
60374039011,823.0,47.63,9.23,37.3,Other,Low_poverty,LPO,34.1219002,-117.8683958
60375325003,1687.0,0.0,14.34,95.97,Minority,Low_poverty,LPM,33.9877461,-118.2164641
60371438004,789.0,69.84,2.15,18.89,White,Low_poverty,LPW,34.138136,-118.3827039
60372098102,1303.0,18.5,28.76,73.9,Minority,Low_poverty,LPM,34.04816,-118.2825796
60375401021,1617.0,0.0,11.13,100.0,Minority,Low_poverty,LPM,33.9269569,-118.1937831
60372038002,1076.0,0.0,11.25,93.87,Minority,Low_poverty,LPM,34.0462371,-118.1952157
60375541012,2381.0,6.13,32.76,89.71,Minority,High_poverty,HPM,33.8901665,-118.1234249
60374612004,1611.0,41.65,3.83,50.9,Minority,Low_poverty,LPM,34.1821051,-118.1274421
60374077021,3095.0,8.4,4.85,75.47,Minority,Low_poverty,LPM,34.0231203,-117.9460365
60374033051,2294.0,9.76,6.28,12.52,Other,Low_poverty,LPO,33.9779399,-117.8483535
60375321022,1631.0,4.97,6.05,75.23,Minority,Low_poverty,LPM,33.9983474,-118.1147481
60375510003,1377.0,18.16,4.65,62.16,Minority,Low_poverty,LPM,33.9353972,-118.1161822
60376002012,1702.0,3.29,37.25,96.71,Minority,High_poverty,HPM,33.9477388,-118.2969902
60375437031,3370.0,8.9,3.19,59.11,Minority,Low_poverty,LPM,33.8026513,-118.2701989
60375326061,1288.0,1.79,14.44,98.21,Minority,Low_poverty,LPM,33.9860604,-118.2208727
60374337003,960.0,1.67,16.88,92.4,Minority,Low_poverty,LPM,34.0484717,-118.0624421
60371048101,853.0,0.0,2.34,97.3,Minority,Low_poverty,LPM,34.2544754,-118.4126925
60374802023,872.0,31.65,2.18,25.11,Other,Low_poverty,LPO,34.1102886,-118.1018083
60376009112,2022.0,11.92,8.51,82.94,Minority,Low_poverty,LPM,33.9791166,-118.3541322
60376022003,378.0,35.19,0.0,64.81,Minority,Low_poverty,LPM,33.9203597,-118.3669413
60371395042,1562.0,73.94,16.2,13.18,White,Low_poverty,LPW,34.1698464,-118.520287
60377017013,291.0,75.26,21.99,19.24,White,Low_poverty,LPW,34.0289121,-118.4767184
60375403001,1086.0,0.0,5.99,92.73,Minority,Low_poverty,LPM,33.9371066,-118.2254173
60374084022,1525.0,22.03,0.66,53.64,Minority,Low_poverty,LPM,34.0012793,-117.9913948
60371434001,2133.0,77.73,7.45,17.68,White,Low_poverty,LPW,34.1546507,-118.4021645
60379200201,1730.0,73.47,1.5,11.33,White,Low_poverty,LPW,34.4567966,-118.5066443
60375535022,2307.0,0.78,9.28,94.2,Minority,Low_poverty,LPM,33.9000216,-118.1557168
60371331002,1190.0,23.53,1.6,55.21,Minority,Low_poverty,LPM,34.1820494,-118.5403762
60377007002,623.0,77.37,13.96,22.63,White,Low_poverty,LPW,34.0792599,-118.4179746
60371221202,2806.0,5.81,13.65,90.52,Minority,Low_poverty,LPM,34.2098896,-118.369952
60371278053,1197.0,11.78,9.94,70.09,Minority,Low_poverty,LPM,34.1922974,-118.4530853
60375357021,1264.0,0.0,2.94,99.29,Minority,Low_poverty,LPM,33.9537259,-118.199645
60372969011,2616.0,10.13,38.19,80.32,Minority,High_poverty,HPM,33.7310583,-118.2912538
60372946101,1368.0,4.39,14.04,95.61,Minority,Low_poverty,LPM,33.7892308,-118.2582376
60374025022,5885.0,4.21,25.0,81.53,Minority,Low_poverty,LPM,34.0473416,-117.761814
60375438011,2951.0,12.1,6.86,50.15,Minority,Low_poverty,LPM,33.8424449,-118.2718835
60379200133,2662.0,33.77,14.16,42.67,Other,Low_poverty,LPO,34.429766,-118.5231005
60372911301,877.0,5.47,10.15,84.84,Minority,Low_poverty,LPM,33.9017642,-118.2855813
60371832222,1515.0,36.17,12.67,52.14,Minority,Low_poverty,LPM,34.1303564,-118.1978102
60371064033,1046.0,6.5,1.64,93.5,Minority,Low_poverty,LPM,34.3080184,-118.4433971
60372085022,1395.0,5.02,38.55,83.58,Minority,High_poverty,HPM,34.0653333,-118.2742155
60375435031,2242.0,22.88,9.78,38.41,Other,Low_poverty,LPO,33.8368808,-118.2897345
60375504001,1226.0,11.58,8.73,80.42,Minority,Low_poverty,LPM,33.9365543,-118.0977003
60374070012,3342.0,0.0,21.48,95.99,Minority,Low_poverty,LPM,34.0625907,-117.9741139
60376207024,1525.0,68.92,0.0,5.97,White,Low_poverty,LPW,33.8598962,-118.376146
60376210021,879.0,88.96,7.62,3.98,White,Low_poverty,LPW,33.8696728,-118.4052294
60379006081,2386.0,19.49,21.75,76.61,Minority,Low_poverty,LPM,34.6981669,-118.1089317
60374602005,1718.0,34.63,0.0,39.99,Other,Low_poverty,LPO,34.1945488,-118.1423513
60372623031,1401.0,81.16,2.43,2.71,White,Low_poverty,LPW,34.0679175,-118.4827617
60374825221,2233.0,9.36,7.67,43.98,Other,Low_poverty,LPO,34.0424323,-118.0906315
60379005013,3136.0,22.42,17.73,67.82,Minority,Low_poverty,LPM,34.6812447,-118.1173082
60372624002,2169.0,86.95,3.87,6.22,White,Low_poverty,LPW,34.0985391,-118.5097116
60375304001,1651.0,0.0,27.44,96.25,Minority,Low_poverty,LPM,34.0406689,-118.1595501
60371151031,3381.0,25.91,51.61,50.57,Minority,High_poverty,HPM,34.2438279,-118.5274503
60374816061,2582.0,2.32,9.22,31.21,Other,Low_poverty,LPO,34.0774236,-118.1240493
60379200401,3979.0,46.92,4.1,36.99,Other,Low_poverty,LPO,34.435608,-118.4274646
60375719003,1653.0,58.14,2.9,24.8,White,Low_poverty,LPW,33.8296804,-118.1705344
60375700033,770.0,40.65,0.0,51.69,Minority,Low_poverty,LPM,33.8642347,-118.1412154
60371348005,705.0,29.36,24.4,50.35,Minority,Low_poverty,LPM,34.1992957,-118.5806071
60374006031,3895.0,28.04,6.45,53.22,Minority,Low_poverty,LPM,34.1546148,-117.9217301
60374819014,2653.0,9.84,4.06,64.5,Minority,Low_poverty,LPM,34.0671571,-118.1587434
60374053024,1094.0,15.36,1.92,75.05,Minority,Low_poverty,LPM,34.0729231,-117.9510205
60376013024,2230.0,5.2,31.61,92.73,Minority,High_poverty,HPM,33.9683468,-118.3682911
60376026006,980.0,0.0,10.92,81.84,Minority,Low_poverty,LPM,33.9124379,-118.3239281
60375036021,1460.0,30.82,4.04,48.56,Other,Low_poverty,LPO,33.9200763,-117.9997686
60375018021,955.0,22.51,7.16,73.71,Minority,Low_poverty,LPM,33.9699752,-118.0282407
60371816001,2866.0,40.82,14.61,30.42,Other,Low_poverty,LPO,34.1288452,-118.208311
60374821012,1631.0,1.41,5.92,35.44,Other,Low_poverty,LPO,34.0599629,-118.1403739
60373102012,1109.0,63.12,0.0,20.38,White,Low_poverty,LPW,34.1944623,-118.3048131
60378002031,1790.0,86.03,5.25,9.5,White,Low_poverty,LPW,34.1611572,-118.6622785
60371132372,1316.0,43.09,4.94,38.67,Other,Low_poverty,LPO,34.2399894,-118.6126395
60375407001,1115.0,2.24,16.14,97.04,Minority,Low_poverty,LPM,33.9271148,-118.2511906
60371412012,1720.0,67.03,9.36,26.92,White,Low_poverty,LPW,34.1515944,-118.4432166
60371912032,472.0,46.61,16.1,19.28,Other,Low_poverty,LPO,34.0921479,-118.2939109
60375417005,1235.0,1.3,7.37,94.81,Minority,Low_poverty,LPM,33.91856,-118.2066483
60374011012,1562.0,33.29,12.63,55.51,Minority,Low_poverty,LPM,34.1234558,-117.8541745
60376035002,1101.0,10.9,1.28,60.04,Minority,Low_poverty,LPM,33.8993827,-118.3237606
60374082122,2213.0,4.02,13.92,33.35,Other,Low_poverty,LPO,33.9969183,-117.8769629
60375024012,887.0,12.97,37.03,86.59,Minority,High_poverty,HPM,33.9767725,-118.0967795
60372322003,1349.0,1.04,15.72,96.59,Minority,Low_poverty,LPM,34.0018924,-118.3023666
60372132013,628.0,7.01,26.27,48.73,Other,Low_poverty,LPO,34.0526363,-118.3082357
60371397014,860.0,65.23,0.0,27.67,White,Low_poverty,LPW,34.1505094,-118.4976227
60372422003,2553.0,0.47,45.4,99.13,Minority,High_poverty,HPM,33.948649,-118.2402703
60375016001,4088.0,27.27,9.89,54.62,Minority,Low_poverty,LPM,33.9760214,-118.008555
60375723012,1755.0,13.11,14.01,71.34,Minority,Low_poverty,LPM,33.8208527,-118.2217318
60374086263,1629.0,6.08,7.12,24.87,Other,Low_poverty,LPO,33.9841776,-117.9219765
60379001021,710.0,45.77,33.33,45.21,Other,High_poverty,HPO,34.6825868,-117.7517043
60374024052,651.0,0.0,23.35,93.86,Minority,Low_poverty,LPM,34.0636294,-117.7905281
60372360002,645.0,17.36,5.27,72.71,Minority,Low_poverty,LPM,34.0168971,-118.3717636
60376702011,1211.0,70.44,2.81,12.47,White,Low_poverty,LPW,33.7769711,-118.3557952
60376203033,923.0,87.76,2.49,2.71,White,Low_poverty,LPW,33.8888733,-118.4061898
60376002023,1553.0,4.06,36.8,95.3,Minority,High_poverty,HPM,33.9443477,-118.3006808
60371911102,854.0,26.0,11.58,51.4,Minority,Low_poverty,LPM,34.0965328,-118.3074309
60371864012,938.0,7.25,16.1,70.26,Minority,Low_poverty,LPM,34.1172746,-118.2472397
60375017003,1139.0,45.92,4.74,53.12,Minority,Low_poverty,LPM,33.9609872,-118.0231462
60376001003,2573.0,0.04,37.03,99.96,Minority,High_poverty,HPM,33.9527636,-118.2937449
60371012101,3047.0,50.38,30.92,40.89,White,High_poverty,HPW,34.2513519,-118.2885261
60376211042,593.0,90.05,7.93,7.25,White,Low_poverty,LPW,33.8566245,-118.4002
60372643021,2113.0,88.41,5.3,4.45,White,Low_poverty,LPW,34.0497894,-118.4709299
60379007053,530.0,16.98,6.98,56.6,Minority,Low_poverty,LPM,34.670584,-118.1529818
60371836102,2170.0,14.75,27.26,71.2,Minority,Low_poverty,LPM,34.1122717,-118.1942872
60371031022,661.0,52.5,1.97,44.78,White,Low_poverty,LPW,34.2621231,-118.304838
60375737004,964.0,41.39,6.69,29.98,Other,Low_poverty,LPO,33.8236162,-118.1121318
60375439052,2164.0,0.0,22.04,87.98,Minority,Low_poverty,LPM,33.8111953,-118.2624943
60374823033,2613.0,0.27,11.56,39.69,Other,Low_poverty,LPO,34.0693327,-118.094472
60372381003,1081.0,0.83,11.29,92.6,Minority,Low_poverty,LPM,33.9618064,-118.314469
60373022021,1715.0,66.01,25.71,23.96,White,Low_poverty,LPW,34.1417346,-118.2457316
60375436023,1858.0,28.26,5.81,30.67,Other,Low_poverty,LPO,33.8143525,-118.2892457
60374017032,2041.0,23.66,3.82,60.6,Minority,Low_poverty,LPM,34.0986815,-117.7523535
60371977003,1469.0,34.99,18.38,20.36,Other,Low_poverty,LPO,34.0683153,-118.2427034
60375028012,2135.0,20.0,11.9,77.9,Minority,Low_poverty,LPM,33.9407565,-118.0928866
60372423002,1003.0,0.0,58.13,100.0,Minority,High_poverty,HPM,33.94612,-118.2446294
60372944102,2529.0,14.16,26.01,57.41,Minority,Low_poverty,LPM,33.79325,-118.2881408
60371920022,923.0,57.85,10.08,7.8,White,Low_poverty,LPW,34.0844832,-118.3553053
60376205013,917.0,42.53,1.96,38.6,Other,Low_poverty,LPO,33.8885352,-118.3659303
60371815002,1489.0,29.62,17.26,45.87,Other,Low_poverty,LPO,34.1351831,-118.1942389
60372430002,1847.0,0.11,30.32,84.73,Minority,High_poverty,HPM,33.9397763,-118.2348083
60372118042,2320.0,6.51,16.03,15.09,Other,Low_poverty,LPO,34.0671704,-118.3053591
60371242013,998.0,27.76,14.33,71.24,Minority,Low_poverty,LPM,34.1875891,-118.3768625
60371172012,1372.0,15.16,24.8,66.91,Minority,Low_poverty,LPM,34.2463312,-118.4700099
60377009013,841.0,79.31,11.41,4.87,White,Low_poverty,LPW,34.0620516,-118.3887021
60375741003,893.0,63.61,5.71,25.42,White,Low_poverty,LPW,33.8147742,-118.1233091
60371153012,2866.0,59.8,11.03,25.05,White,Low_poverty,LPW,34.2403198,-118.5507954
60371416002,677.0,90.55,0.0,6.65,White,Low_poverty,LPW,34.1421305,-118.4647041
60375427003,1934.0,1.45,6.15,98.14,Minority,Low_poverty,LPM,33.8986684,-118.2381879
60376501022,1545.0,33.53,9.26,27.32,Other,Low_poverty,LPO,33.869326,-118.331307
60374067011,1395.0,8.53,2.31,66.24,Minority,Low_poverty,LPM,34.0565814,-117.9483845
60372946203,602.0,9.3,22.76,79.56,Minority,Low_poverty,LPM,33.7869024,-118.2520922
60376002011,2133.0,0.33,26.65,97.1,Minority,Low_poverty,LPM,33.9500373,-118.297632
60376203057,1294.0,78.13,4.25,4.87,White,Low_poverty,LPW,33.8959019,-118.4154443
60376201022,692.0,51.3,8.53,39.16,White,Low_poverty,LPW,33.9177632,-118.4151611
60372167003,1280.0,35.0,10.95,58.6,Minority,Low_poverty,LPM,34.0460783,-118.372269
60374822011,1336.0,2.69,19.92,39.89,Other,Low_poverty,LPO,34.0611773,-118.1221663
60379200373,1495.0,26.09,20.13,65.61,Minority,Low_poverty,LPM,34.4116789,-118.4482814
60374309021,2495.0,29.14,14.53,37.76,Other,Low_poverty,LPO,34.1353525,-118.0169375
60375538012,946.0,0.0,34.78,100.0,Minority,High_poverty,HPM,33.8927572,-118.1708624
60376707012,2070.0,55.94,1.6,29.23,White,Low_poverty,LPW,33.7627063,-118.315523
60378003272,1085.0,69.22,17.42,27.47,White,Low_poverty,LPW,34.1563826,-118.7389597
60376035001,633.0,18.17,2.22,45.34,Other,Low_poverty,LPO,33.8999694,-118.317007
60378003241,1076.0,71.84,15.87,22.49,White,Low_poverty,LPW,34.1489422,-118.7639301
60371218022,1295.0,38.53,4.56,54.91,Minority,Low_poverty,LPM,34.2178043,-118.3931857
60375769041,1662.0,21.36,12.64,64.86,Minority,Low_poverty,LPM,33.7771515,-118.1595159
60374063002,3824.0,23.64,10.88,43.05,Other,Low_poverty,LPO,34.0549939,-117.8778643
60374301023,1430.0,12.87,10.84,78.95,Minority,Low_poverty,LPM,34.1261165,-117.9868491
60375334032,977.0,4.81,18.57,94.07,Minority,Low_poverty,LPM,33.9846744,-118.18776
60374304004,1343.0,13.4,0.0,8.19,Other,Low_poverty,LPO,34.1483285,-118.0245757
60375717043,1812.0,5.63,20.86,84.22,Minority,Low_poverty,LPM,33.8470628,-118.187572
60374033244,912.0,8.44,8.77,2.96,Other,Low_poverty,LPO,33.9778744,-117.8108727
60374049012,2091.0,1.82,11.38,90.01,Minority,Low_poverty,LPM,34.0957391,-117.975803
60372966003,1069.0,23.2,3.12,73.9,Minority,Low_poverty,LPM,33.7374184,-118.2945367
60371414002,856.0,97.31,4.56,1.17,White,Low_poverty,LPW,34.1529092,-118.4749225
60371279201,2708.0,40.4,23.82,55.02,Minority,Low_poverty,LPM,34.1975657,-118.4334388
60375754021,3328.0,5.74,25.14,88.56,Minority,Low_poverty,LPM,33.7875911,-118.1915418
60376513021,1556.0,53.86,14.52,24.74,White,Low_poverty,LPW,33.8083312,-118.3621947
60372764005,495.0,83.03,17.78,4.44,White,Low_poverty,LPW,33.9656083,-118.4115337
60375990003,627.0,30.3,7.34,69.7,Minority,Low_poverty,LPM,33.3367206,-118.3256624
60375518003,1942.0,10.87,2.78,82.75,Minority,Low_poverty,LPM,33.9140572,-118.137204
60375304002,2093.0,1.34,11.8,62.35,Minority,Low_poverty,LPM,34.0381438,-118.1530794
60374086231,3268.0,16.06,7.89,33.35,Other,Low_poverty,LPO,33.9952944,-117.9376426
60375409014,752.0,5.05,13.43,92.69,Minority,Low_poverty,LPM,33.9182479,-118.2795558
60375434001,1460.0,6.16,3.08,76.99,Minority,Low_poverty,LPM,33.8641471,-118.2691913
60375355011,2214.0,0.81,23.31,99.18,Minority,Low_poverty,LPM,33.9636338,-118.2223818
60375305001,1180.0,5.42,9.41,89.75,Minority,Low_poverty,LPM,34.0424086,-118.1644615
60374800111,2627.0,19.57,27.99,27.6,Other,Low_poverty,LPO,34.1270971,-118.07035
60372691004,1174.0,81.01,11.07,11.41,White,Low_poverty,LPW,34.0549303,-118.3938152
60372611022,2881.0,88.82,2.3,3.85,White,Low_poverty,LPW,34.1124972,-118.4282859
60371233041,2158.0,35.63,24.79,56.99,Minority,Low_poverty,LPM,34.1984495,-118.4062703
60372409002,1985.0,0.0,19.51,100.0,Minority,Low_poverty,LPM,33.9323515,-118.257054
60374043012,1691.0,1.71,26.79,95.69,Minority,Low_poverty,LPM,34.1240163,-117.9054755
60375034015,1596.0,21.55,0.94,77.44,Minority,Low_poverty,LPM,33.9397406,-117.9912094
60371810002,1401.0,34.9,11.06,39.75,Other,Low_poverty,LPO,34.1446406,-118.2178882
60371851003,1223.0,58.22,5.72,24.29,White,Low_poverty,LPW,34.102193,-118.2120515
60376009111,1124.0,6.85,17.7,92.26,Minority,Low_poverty,LPM,33.9763268,-118.3512105
60376507021,1233.0,52.64,1.87,18.66,White,Low_poverty,LPW,33.8353363,-118.3657688
60374071021,1574.0,2.03,4.47,81.19,Minority,Low_poverty,LPM,34.0472072,-117.9815473
60375333001,1110.0,0.0,27.39,99.28,Minority,Low_poverty,LPM,33.9903413,-118.2036413
60372657003,1315.0,66.46,17.87,6.31,White,Low_poverty,LPW,34.0631177,-118.4259532
60377029014,1228.0,72.72,9.77,1.95,White,Low_poverty,LPW,33.977108,-118.4453189
60374069011,876.0,4.11,12.79,60.96,Minority,Low_poverty,LPM,34.0633507,-117.963242
60371112061,1121.0,44.69,2.68,44.87,Other,Low_poverty,LPO,34.2714084,-118.5293045
60374625002,1013.0,54.99,0.89,23.79,White,Low_poverty,LPW,34.1616861,-118.1021697
60375408004,655.0,0.0,6.11,98.17,Minority,Low_poverty,LPM,33.9197281,-118.2598186
60371221221,377.0,2.39,15.92,97.61,Minority,Low_poverty,LPM,34.2169503,-118.3678641
60372717022,1080.0,30.19,15.74,23.52,Other,Low_poverty,LPO,34.0295916,-118.4293241
60375023011,1254.0,5.5,4.47,94.34,Minority,Low_poverty,LPM,33.9703458,-118.0844855
60372327002,2498.0,2.08,33.67,93.75,Minority,High_poverty,HPM,33.9921998,-118.2892962
60374641003,392.0,41.33,0.0,0.0,Other,Low_poverty,LPO,34.1241939,-118.1261833
60375530004,1293.0,14.08,1.7,76.18,Minority,Low_poverty,LPM,33.8912388,-118.1022088
60374050013,1447.0,0.07,1.73,90.33,Minority,Low_poverty,LPM,34.1048619,-117.971565
60372780011,873.0,47.65,7.79,34.02,Other,Low_poverty,LPO,33.9574401,-118.3915523
60372722021,947.0,44.46,10.88,40.55,Other,Low_poverty,LPO,33.9966263,-118.4404314
60375511013,1510.0,6.49,10.73,90.92,Minority,Low_poverty,LPM,33.9202407,-118.1185177
60374035001,1835.0,19.78,4.52,38.85,Other,Low_poverty,LPO,34.0625599,-117.851916
60375517004,1070.0,10.19,11.87,82.71,Minority,Low_poverty,LPM,33.9170057,-118.1524985
60375752011,1428.0,0.28,7.75,75.98,Minority,Low_poverty,LPM,33.7880413,-118.1741559
60375033023,1143.0,15.75,10.32,82.59,Minority,Low_poverty,LPM,33.9458249,-118.0260174
60375709012,1178.0,40.15,19.95,40.83,Other,Low_poverty,LPO,33.8557716,-118.11263
60371943001,1216.0,74.1,3.54,23.52,White,Low_poverty,LPW,34.0948643,-118.3898426
60376024042,1837.0,11.16,16.66,76.43,Minority,Low_poverty,LPM,33.9063637,-118.3481155
60375775012,1262.0,95.64,16.48,2.77,White,Low_poverty,LPW,33.752767,-118.1222231
60371916102,2040.0,22.16,23.24,65.2,Minority,Low_poverty,LPM,34.0848269,-118.3050886
60375355031,2240.0,0.36,14.16,98.53,Minority,Low_poverty,LPM,33.9552551,-118.2144693
60379102061,3776.0,28.58,8.12,60.06,Minority,Low_poverty,LPM,34.5787477,-118.2587531
60376031013,1287.0,19.43,11.43,47.86,Other,Low_poverty,LPO,33.8905183,-118.2953976
60376035003,1308.0,11.7,17.39,63.53,Minority,Low_poverty,LPM,33.8964947,-118.3207826
60375512022,578.0,16.09,3.81,71.28,Minority,Low_poverty,LPM,33.9229213,-118.1357932
60372912103,1414.0,4.1,26.39,76.52,Minority,Low_poverty,LPM,33.8834756,-118.2882097
60375754013,1023.0,8.5,31.09,91.01,Minority,High_poverty,HPM,33.788258,-118.1996153
60376025092,997.0,1.0,19.06,65.6,Minority,Low_poverty,LPM,33.9107639,-118.332986
60375416062,965.0,0.73,11.71,99.27,Minority,Low_poverty,LPM,33.8998763,-118.219395
60376015012,2769.0,1.08,31.49,91.65,Minority,High_poverty,HPM,33.9436724,-118.3666203
60372164022,1260.0,68.65,9.99,11.35,White,Low_poverty,LPW,34.0611522,-118.3819338
60376010011,1209.0,1.08,3.56,95.86,Minority,Low_poverty,LPM,33.966999,-118.3477291
60375742022,1307.0,42.31,11.18,50.19,Minority,Low_poverty,LPM,33.8021942,-118.1455361
60374300022,849.0,27.09,19.55,49.23,Other,Low_poverty,LPO,34.135987,-117.9631374
60371853102,1186.0,8.68,11.05,77.57,Minority,Low_poverty,LPM,34.0894167,-118.2204619
60375344051,3110.0,0.55,30.55,97.36,Minority,High_poverty,HPM,33.9671239,-118.1830961
60375341013,450.0,1.11,56.44,98.89,Minority,High_poverty,HPM,33.9716165,-118.1651098
60371096014,1404.0,6.98,12.89,66.74,Minority,Low_poverty,LPM,34.2593157,-118.4495333
60374037021,2118.0,21.25,4.26,53.44,Minority,Low_poverty,LPM,34.0948374,-117.8586364
60375326051,637.0,3.45,26.06,96.54,Minority,Low_poverty,LPM,33.9872808,-118.2251218
60372736002,676.0,93.05,3.7,6.95,White,Low_poverty,LPW,33.9913647,-118.4608452
60376022004,1858.0,44.4,15.12,28.47,Other,Low_poverty,LPO,33.9200519,-118.3706872
60372211101,915.0,5.68,24.7,93.33,Minority,Low_poverty,LPM,34.045752,-118.2900673
60372293002,1741.0,0.0,45.2,96.1,Minority,High_poverty,HPM,33.9982995,-118.2707268
60374070022,1712.0,2.57,14.08,88.14,Minority,Low_poverty,LPM,34.0555527,-117.9966465
60375424021,1209.0,0.5,19.35,99.34,Minority,Low_poverty,LPM,33.8788814,-118.2117769
60371832203,1600.0,14.69,12.13,66.56,Minority,Low_poverty,LPM,34.120533,-118.1938375
60379200231,2615.0,42.33,6.69,52.81,Minority,Low_poverty,LPM,34.4234641,-118.4919398
60379203141,1826.0,65.72,7.67,23.33,White,Low_poverty,LPW,34.4016704,-118.5291913
60372362032,809.0,2.97,28.55,91.97,Minority,Low_poverty,LPM,34.0158029,-118.3459707
60374034081,1126.0,5.06,4.62,31.0,Other,Low_poverty,LPO,34.0286826,-117.8836715
60375439032,2149.0,6.79,2.84,44.11,Other,Low_poverty,LPO,33.8259625,-118.2573211
60372770001,1155.0,68.05,0.0,14.72,White,Low_poverty,LPW,33.9669552,-118.4001719
60373006002,699.0,58.94,18.88,6.29,White,Low_poverty,LPW,34.2006812,-118.2308364
60372031003,1541.0,0.0,54.45,100.0,Minority,High_poverty,HPM,34.0567915,-118.1961881
60375753002,1433.0,3.35,25.37,73.14,Minority,Low_poverty,LPM,33.7839622,-118.186391
60374030002,1541.0,2.27,24.48,97.73,Minority,Low_poverty,LPM,34.0397051,-117.7629338
60372965001,1116.0,7.71,40.95,91.49,Minority,High_poverty,HPM,33.74806,-118.2896052
60374011022,1609.0,44.31,8.83,44.0,Other,Low_poverty,LPO,34.1322221,-117.8631622
60371990002,1783.0,10.15,22.86,47.56,Other,Low_poverty,LPO,34.079467,-118.2206392
60374040003,1079.0,24.1,1.02,69.6,Minority,Low_poverty,LPM,34.110878,-117.8884021
60375751011,2298.0,8.14,28.07,77.94,Minority,Low_poverty,LPM,33.788267,-118.1656173
60371212101,1873.0,9.93,9.09,79.34,Minority,Low_poverty,LPM,34.2367744,-118.4007855
60371351021,1347.0,61.77,5.57,24.79,White,Low_poverty,LPW,34.1949833,-118.6171446
60371957202,451.0,23.73,25.5,57.21,Minority,Low_poverty,LPM,34.0717369,-118.2639314
60378001011,3014.0,77.5,1.16,6.03,White,Low_poverty,LPW,34.1431687,-118.6228008
60375008001,1170.0,1.45,1.79,98.55,Minority,Low_poverty,LPM,33.9821428,-118.0805347
60371154041,1131.0,26.35,22.45,47.92,Other,Low_poverty,LPO,34.2255624,-118.5416703
60374804002,2767.0,14.24,12.03,30.36,Other,Low_poverty,LPO,34.1042152,-118.1310564
60379201152,2952.0,52.98,2.34,22.02,White,Low_poverty,LPW,34.4236844,-118.5502897
60373115002,1834.0,61.78,1.58,21.21,White,Low_poverty,LPW,34.161324,-118.3367133
60371320022,563.0,49.2,4.26,37.48,Other,Low_poverty,LPO,34.1902541,-118.5054771
60371415001,2982.0,82.96,3.72,7.82,White,Low_poverty,LPW,34.1405078,-118.4786426
60375545192,2315.0,11.53,8.47,14.0,Other,Low_poverty,LPO,33.853417,-118.0578794
60371061122,3512.0,21.73,9.95,63.86,Minority,Low_poverty,LPM,34.3029465,-118.4106192
60371033001,1863.0,76.11,4.67,14.01,White,Low_poverty,LPW,34.2559804,-118.3642474
60372742023,809.0,97.9,16.32,2.1,White,Low_poverty,LPW,33.9735533,-118.4606949
60376037032,1112.0,26.08,2.61,50.63,Minority,Low_poverty,LPM,33.8962704,-118.3390848
60372014012,1989.0,5.18,8.82,82.76,Minority,Low_poverty,LPM,34.0781954,-118.1855017
60374056003,1079.0,5.28,0.0,60.61,Minority,Low_poverty,LPM,34.0740888,-117.9175289
60371873001,1799.0,53.97,5.39,25.01,White,Low_poverty,LPW,34.104131,-118.2566334
60372044201,2341.0,0.64,39.05,95.09,Minority,High_poverty,HPM,34.0457641,-118.2108944
60375018041,1663.0,14.25,18.42,83.1,Minority,Low_poverty,LPM,33.9680601,-118.0348786
60375040024,945.0,41.38,3.92,50.26,Minority,Low_poverty,LPM,33.9075314,-118.0255931
60375424013,438.0,0.0,0.0,100.0,Minority,Low_poverty,LPM,33.8905466,-118.2148909
60371909013,1195.0,20.75,36.82,70.88,Minority,High_poverty,HPM,34.0959674,-118.3127274
60379010042,1328.0,47.67,2.56,45.18,Other,Low_poverty,LPO,34.6794695,-118.1932254
60372212102,2095.0,4.77,23.82,83.1,Minority,Low_poverty,LPM,34.0422717,-118.3029231
60371244002,1390.0,81.44,6.82,13.74,White,Low_poverty,LPW,34.1757698,-118.4073317
60372643022,2286.0,75.85,13.17,7.48,White,Low_poverty,LPW,34.0453339,-118.4691329
60375321012,3136.0,0.0,13.49,98.31,Minority,Low_poverty,LPM,34.0030955,-118.108822
60374800121,1483.0,13.35,7.15,27.78,Other,Low_poverty,LPO,34.1213082,-118.0704895
60375775011,1189.0,60.64,7.4,31.29,White,Low_poverty,LPW,33.7567564,-118.1205474
60375030003,2714.0,4.13,25.25,93.52,Minority,Low_poverty,LPM,33.9201071,-118.051313
60374629002,828.0,56.4,0.0,25.0,White,Low_poverty,LPW,34.1578785,-118.0927713
60371394022,843.0,80.07,5.69,13.53,White,Low_poverty,LPW,34.1686698,-118.5498955
60375730021,2113.0,5.44,14.25,89.73,Minority,Low_poverty,LPM,33.7953001,-118.1915413
60375412005,1058.0,1.04,4.02,94.33,Minority,Low_poverty,LPM,33.9076495,-118.2576521
60374808032,960.0,5.94,29.1,61.25,Minority,Low_poverty,LPM,34.0908258,-118.1489664
60375342021,2445.0,6.79,28.06,93.21,Minority,Low_poverty,LPM,33.9608743,-118.1589337
60371909021,1050.0,61.05,18.13,34.09,White,Low_poverty,LPW,34.0959183,-118.3196421
60371240004,1025.0,81.17,12.29,8.1,White,Low_poverty,LPW,34.1621509,-118.4073258
60371060201,2418.0,13.61,8.4,84.7,Minority,Low_poverty,LPM,34.3168296,-118.4336425
60375767003,2037.0,61.51,7.34,28.57,White,Low_poverty,LPW,33.7665062,-118.1621139
60375549002,1347.0,16.41,9.13,34.37,Other,Low_poverty,LPO,33.8566778,-118.0721065
60375427004,715.0,0.0,1.4,100.0,Minority,Low_poverty,LPM,33.9003778,-118.2388338
60372015041,2302.0,10.51,25.4,80.41,Minority,Low_poverty,LPM,34.080828,-118.173792
60374019024,1621.0,60.95,1.97,26.47,White,Low_poverty,LPW,34.1044156,-117.7304262
60376003023,851.0,0.0,5.95,97.3,Minority,Low_poverty,LPM,33.9376521,-118.3068398
60375714005,1141.0,29.8,3.07,39.35,Other,Low_poverty,LPO,33.8434798,-118.1616767
60373002001,1250.0,46.4,20.4,22.56,Other,Low_poverty,LPO,34.2243654,-118.2318054
60373018011,882.0,60.88,11.68,25.05,White,Low_poverty,LPW,34.1522199,-118.2596497
60371151012,1579.0,65.74,8.23,25.34,White,Low_poverty,LPW,34.2388461,-118.5119541
60371835101,329.0,26.14,0.0,69.0,Minority,Low_poverty,LPM,34.1154745,-118.1997174
60376206014,1784.0,51.29,1.74,28.14,White,Low_poverty,LPW,33.8709328,-118.3695561
60374615013,1677.0,28.32,1.97,60.59,Minority,Low_poverty,LPM,34.1735923,-118.1368794
60372042001,1886.0,2.01,39.13,96.77,Minority,High_poverty,HPM,34.0443931,-118.2045781
60374308033,1223.0,20.28,8.09,27.72,Other,Low_poverty,LPO,34.1115884,-118.0206908
60376700032,1658.0,35.89,2.5,28.77,Other,Low_poverty,LPO,33.7944556,-118.319686
60372731002,1264.0,68.91,4.59,14.48,White,Low_poverty,LPW,34.0019083,-118.4571785
60374077023,1411.0,9.0,15.17,62.72,Minority,Low_poverty,LPM,34.0246292,-117.9511712
60375529003,1167.0,21.85,3.0,62.47,Minority,Low_poverty,LPM,33.8930593,-118.0890087
60372343002,924.0,0.0,19.7,98.27,Minority,Low_poverty,LPM,34.0051367,-118.3282657
60374043014,724.0,21.69,16.71,76.79,Minority,Low_poverty,LPM,34.1289517,-117.9044055
60372626044,2736.0,84.03,2.49,1.97,White,Low_poverty,LPW,34.0522048,-118.5454574
60372125022,1552.0,18.43,18.56,56.31,Minority,Low_poverty,LPM,34.0561168,-118.3078464
60376012022,1220.0,13.28,6.48,82.3,Minority,Low_poverty,LPM,33.9472627,-118.3558094
60379012051,3990.0,29.7,13.99,62.05,Minority,Low_poverty,LPM,34.6669986,-118.2460489
60374316001,1478.0,22.53,3.79,12.04,Other,Low_poverty,LPO,34.1101643,-118.0346141
60375339021,2392.0,2.34,19.02,97.28,Minority,Low_poverty,LPM,33.9684221,-118.1522392
60371896003,844.0,71.8,2.01,9.48,White,Low_poverty,LPW,34.1148195,-118.3275948
60374335011,1949.0,0.72,25.24,93.89,Minority,Low_poverty,LPM,34.0572554,-118.0651222
60375342023,1625.0,10.4,55.0,88.74,Minority,High_poverty,HPM,33.9567518,-118.1621958
60374600001,1190.0,66.81,4.17,11.09,White,Low_poverty,LPW,34.1826901,-118.0906395
60376704111,2523.0,59.53,2.82,5.19,White,Low_poverty,LPW,33.7826056,-118.3808138
60372185001,1131.0,11.23,23.17,77.01,Minority,Low_poverty,LPM,34.0394523,-118.347456
60379200451,689.0,41.65,0.0,30.91,Other,Low_poverty,LPO,34.4535986,-118.5110287
60372217102,1169.0,8.81,38.92,70.92,Minority,High_poverty,HPM,34.0347404,-118.2854101
60371286021,999.0,55.26,6.01,39.84,White,Low_poverty,LPW,34.1760534,-118.4363364
60372653042,1043.0,48.03,78.14,13.9,Other,High_poverty,HPO,34.0662944,-118.4514843
60374024032,4239.0,20.36,5.58,56.45,Minority,Low_poverty,LPM,34.0490291,-117.8153871
60375004031,1573.0,7.31,9.15,89.76,Minority,Low_poverty,LPM,34.007329,-118.0660365
60371374021,2519.0,77.73,5.47,16.27,White,Low_poverty,LPW,34.1523778,-118.6226204
60372373004,930.0,0.0,5.81,98.92,Minority,Low_poverty,LPM,33.978987,-118.3133302
60376023013,1047.0,26.84,0.86,53.39,Minority,Low_poverty,LPM,33.905734,-118.3641603
60375718001,1210.0,56.03,1.07,24.05,White,Low_poverty,LPW,33.835772,-118.1996168
60374006042,2766.0,19.45,23.97,50.62,Minority,Low_poverty,LPM,34.1521315,-117.894351
60378001021,2848.0,70.08,3.09,17.07,White,Low_poverty,LPW,34.1152034,-118.6098233
60371898003,1344.0,61.83,16.74,28.79,White,Low_poverty,LPW,34.0991745,-118.3634743
60378004101,4031.0,59.81,5.07,19.47,White,Low_poverty,LPW,34.0618774,-118.7415923
60374012021,1507.0,45.06,10.95,31.32,Other,Low_poverty,LPO,34.1127412,-117.8289015
60375345013,2555.0,2.07,18.28,95.93,Minority,Low_poverty,LPM,33.964904,-118.2081277
60373118011,1468.0,33.92,7.22,52.59,Minority,Low_poverty,LPM,34.1679887,-118.3058048
60375527005,1859.0,9.79,26.68,80.04,Minority,Low_poverty,LPM,33.8984909,-118.0806494
60372766012,1029.0,75.41,16.42,6.32,White,Low_poverty,LPW,33.9614729,-118.4246628
60376212012,1693.0,71.88,3.54,14.06,White,Low_poverty,LPW,33.8459024,-118.3809362
60376507012,1839.0,49.81,4.24,20.72,Other,Low_poverty,LPO,33.8313398,-118.3522354
60375548023,1372.0,16.47,10.04,31.71,Other,Low_poverty,LPO,33.8673359,-118.0752899
60371896002,1355.0,67.23,14.32,23.25,White,Low_poverty,LPW,34.1080042,-118.329028
60373106012,2513.0,61.68,11.7,23.08,White,Low_poverty,LPW,34.192286,-118.3277625
60374607002,609.0,46.31,1.31,9.36,Other,Low_poverty,LPO,34.1837031,-118.1854159
60374814021,1125.0,1.33,6.58,34.76,Other,Low_poverty,LPO,34.0839838,-118.0926832
60375414005,2192.0,0.0,5.75,83.67,Minority,Low_poverty,LPM,33.910085,-118.2349382
60374008001,6967.0,47.61,14.26,25.81,Other,Low_poverty,LPO,34.1383049,-117.8877521
60374087242,4273.0,1.87,14.89,60.78,Minority,Low_poverty,LPM,33.9837836,-117.9019914
60375424023,1056.0,1.14,8.71,97.25,Minority,Low_poverty,LPM,33.8866932,-118.2125337
60376512011,951.0,59.2,4.31,7.36,White,Low_poverty,LPW,33.8215124,-118.3613471
60375550013,1197.0,17.46,19.3,49.46,Other,Low_poverty,LPO,33.8429914,-118.0888102
60379100022,2592.0,42.28,40.32,55.83,Minority,High_poverty,HPM,34.5311322,-117.9646714
60372349011,1015.0,1.38,65.42,98.62,Minority,High_poverty,HPM,33.9799613,-118.3275503
60374033121,1699.0,27.55,9.01,31.38,Other,Low_poverty,LPO,34.021716,-117.8233911
60379200331,598.0,50.67,21.24,44.32,White,Low_poverty,LPW,34.4596282,-118.4326143
60371152022,2358.0,25.4,4.37,54.29,Minority,Low_poverty,LPM,34.2332349,-118.5376549
60374810011,660.0,6.36,26.44,38.63,Other,Low_poverty,LPO,34.0912695,-118.1270533
60371244003,2390.0,64.69,8.16,23.73,White,Low_poverty,LPW,34.1699367,-118.4082767
60375020031,1275.0,15.22,6.2,80.71,Minority,Low_poverty,LPM,33.9619448,-118.0374079
60372121021,743.0,25.44,19.78,14.26,Other,Low_poverty,LPO,34.0626659,-118.2984963
60372031002,2319.0,1.72,8.25,93.87,Minority,Low_poverty,LPM,34.0590384,-118.1976474
60375520013,914.0,7.0,1.53,80.31,Minority,Low_poverty,LPM,33.9107698,-118.0930677
60376039002,749.0,26.03,10.95,66.75,Minority,Low_poverty,LPM,33.8982679,-118.354585
60375004023,2024.0,4.45,8.28,95.55,Minority,Low_poverty,LPM,34.0059559,-118.0798428
60375325001,1302.0,1.15,26.57,98.85,Minority,Low_poverty,LPM,33.9929723,-118.2268731
60374617002,921.0,72.96,3.09,14.88,White,Low_poverty,LPW,34.1518529,-118.1610894
60371991101,951.0,9.88,16.09,79.92,Minority,Low_poverty,LPM,34.0823339,-118.1945151
60371908011,1633.0,27.99,41.88,62.34,Minority,High_poverty,HPM,34.0925602,-118.324452
60376206011,850.0,35.29,2.0,36.0,Other,Low_poverty,LPO,33.8693841,-118.3570668
60371113013,3000.0,42.33,6.93,30.1,Other,Low_poverty,LPO,34.2612335,-118.5172145
60372624001,890.0,89.78,1.24,2.48,White,Low_poverty,LPW,34.0601691,-118.5035299
60372973003,710.0,59.72,1.41,33.38,White,Low_poverty,LPW,33.7265765,-118.3067041
60375010025,1209.0,9.76,1.99,89.08,Minority,Low_poverty,LPM,33.9814473,-118.0569192
60375771003,688.0,69.19,0.0,5.96,White,Low_poverty,LPW,33.7671652,-118.1480624
60376037031,781.0,19.85,3.84,30.99,Other,Low_poverty,LPO,33.9001377,-118.3375296
60373005023,1916.0,45.82,2.56,21.97,Other,Low_poverty,LPO,34.2095369,-118.2260614
60375341023,1603.0,1.0,32.88,99.0,Minority,High_poverty,HPM,33.9692719,-118.1613407
60376023015,1409.0,34.78,0.0,60.4,Minority,Low_poverty,LPM,33.910925,-118.3685925
60376033011,1099.0,21.02,26.64,38.76,Other,Low_poverty,LPO,33.8849033,-118.3112295
60375729002,2338.0,4.06,38.28,84.6,Minority,High_poverty,HPM,33.7915787,-118.2132672
60374634001,1258.0,39.98,4.21,39.98,Other,Low_poverty,LPO,34.1436068,-118.1083398
60372962202,2591.0,6.75,38.83,87.76,Minority,High_poverty,HPM,33.7422116,-118.2840921
60374805003,1136.0,57.04,0.0,20.42,White,Low_poverty,LPW,34.1097507,-118.1463376
60375335012,1176.0,0.68,9.86,99.32,Minority,Low_poverty,LPM,33.9845707,-118.2012684
60372421001,2852.0,0.14,65.88,98.49,Minority,High_poverty,HPM,33.9456299,-118.2323662
60374036002,681.0,25.7,3.52,41.12,Other,Low_poverty,LPO,34.0715056,-117.8547714
60379102101,7239.0,43.69,5.35,46.21,Other,Low_poverty,LPO,34.6173553,-118.1947725
60375401022,1620.0,1.6,23.02,98.39,Minority,Low_poverty,LPM,33.9212906,-118.197241
60371203001,817.0,28.4,27.05,51.9,Minority,Low_poverty,LPM,34.2190201,-118.437833
60375552111,2153.0,1.25,21.31,89.74,Minority,Low_poverty,LPM,33.8295297,-118.0769002
60371911101,2624.0,63.8,42.29,25.3,White,High_poverty,HPW,34.0966222,-118.3030849
60377016023,1101.0,64.21,1.59,22.8,White,Low_poverty,LPW,34.0316961,-118.4795057
60374082021,1002.0,10.68,14.14,73.45,Minority,Low_poverty,LPM,34.036523,-117.9831585
60374086271,2099.0,9.67,11.05,18.24,Other,Low_poverty,LPO,33.9758332,-117.927804
60372075011,2193.0,28.73,19.02,32.84,Other,Low_poverty,LPO,34.0564422,-118.2529675
60375427005,1101.0,8.27,16.71,91.74,Minority,Low_poverty,LPM,33.9036502,-118.2391671
60371926101,1459.0,5.69,20.77,82.59,Minority,Low_poverty,LPM,34.0813177,-118.2935041
60375019004,923.0,16.03,6.61,83.21,Minority,Low_poverty,LPM,33.9596225,-118.0316238
60375539021,1849.0,7.3,20.5,84.96,Minority,Low_poverty,LPM,33.8855513,-118.1573622
60375706023,951.0,3.89,6.31,65.51,Minority,Low_poverty,LPM,33.8610226,-118.1729389
60375543021,2603.0,3.27,13.37,71.42,Minority,Low_poverty,LPM,33.870958,-118.1468856
60375417006,730.0,4.25,5.62,95.75,Minority,Low_poverty,LPM,33.9191494,-118.1988959
60375031062,584.0,18.15,0.0,77.57,Minority,Low_poverty,LPM,33.9249782,-118.0270742
60375716001,2309.0,5.76,53.21,85.44,Minority,High_poverty,HPM,33.8498715,-118.1813827
60371113014,1315.0,27.22,19.01,50.35,Minority,Low_poverty,LPM,34.2609859,-118.525326
60376011003,1708.0,3.1,19.24,93.73,Minority,Low_poverty,LPM,33.9508944,-118.3465312
60374016031,1703.0,58.19,3.28,37.41,White,Low_poverty,LPW,34.1098247,-117.7745467
60376024023,977.0,13.1,13.31,74.11,Minority,Low_poverty,LPM,33.9093739,-118.3568134
60374308034,1037.0,23.63,12.73,3.95,Other,Low_poverty,LPO,34.1188274,-118.0155562
60374082112,3703.0,2.67,8.94,36.38,Other,Low_poverty,LPO,33.9909148,-117.9013406
60374072005,1582.0,3.92,26.47,92.16,Minority,Low_poverty,LPM,34.034599,-117.953846
60379203261,3416.0,42.1,6.41,22.87,Other,Low_poverty,LPO,34.3858305,-118.5749525
60375537022,1980.0,1.87,14.14,98.13,Minority,Low_poverty,LPM,33.9011607,-118.182774
60375002013,2295.0,57.91,3.9,31.81,White,Low_poverty,LPW,33.9438697,-117.9832997
60372420002,2260.0,4.34,34.24,95.66,Minority,High_poverty,HPM,33.9370651,-118.2502381
60375513003,1977.0,7.59,16.44,89.43,Minority,Low_poverty,LPM,33.9373846,-118.138355
60371923003,1358.0,61.12,12.37,12.08,White,Low_poverty,LPW,34.0812463,-118.3284968
60376009024,2054.0,2.19,20.89,94.84,Minority,Low_poverty,LPM,33.9731494,-118.3552034
60375502011,1500.0,11.93,10.77,78.8,Minority,Low_poverty,LPM,33.9297036,-118.0839046
60373019001,2635.0,64.17,12.07,14.43,White,Low_poverty,LPW,34.1563634,-118.2514676
60375535043,1124.0,8.63,19.84,83.81,Minority,Low_poverty,LPM,33.9090957,-118.1567529
60375035011,726.0,25.62,3.31,74.38,Minority,Low_poverty,LPM,33.9383031,-118.0065945
60375351015,1774.0,1.41,35.29,98.31,Minority,High_poverty,HPM,33.9656916,-118.2543829
60375762004,813.0,22.02,22.76,45.27,Other,Low_poverty,LPO,33.7737921,-118.186018
60375351012,1147.0,0.0,27.51,98.78,Minority,Low_poverty,LPM,33.9640306,-118.2460301
60372414001,1587.0,0.0,38.75,94.89,Minority,High_poverty,HPM,33.9253381,-118.2717628
60372182101,1020.0,1.18,28.33,95.29,Minority,Low_poverty,LPM,34.0449685,-118.3412932
60375715024,902.0,12.42,22.17,82.48,Minority,Low_poverty,LPM,33.8432247,-118.1899425
60375343012,2488.0,4.54,28.14,92.93,Minority,Low_poverty,LPM,33.959188,-118.1824705
60379200293,859.0,33.06,7.92,50.99,Minority,Low_poverty,LPM,34.4303304,-118.4732939
60375402031,2967.0,0.51,29.96,97.61,Minority,Low_poverty,LPM,33.9263317,-118.2042024
60375519002,473.0,3.81,12.05,96.2,Minority,Low_poverty,LPM,33.911927,-118.1007018
60372212101,1070.0,4.11,20.53,89.25,Minority,Low_poverty,LPM,34.0458909,-118.3027671
60372963001,1352.0,34.1,5.99,45.93,Other,Low_poverty,LPO,33.7526425,-118.3024191
60375416041,2318.0,0.3,16.83,99.4,Minority,Low_poverty,LPM,33.9058312,-118.2112736
60373022013,1701.0,60.73,27.45,22.34,White,Low_poverty,LPW,34.1445705,-118.2515384
60377025013,782.0,59.34,8.7,21.49,White,Low_poverty,LPW,34.0181295,-118.3943157
60375440011,570.0,11.58,2.81,79.47,Minority,Low_poverty,LPM,33.8424337,-118.2173809
60375719001,1215.0,29.79,4.36,62.47,Minority,Low_poverty,LPM,33.8345867,-118.1842613
60379107131,1981.0,9.89,8.37,85.52,Minority,Low_poverty,LPM,34.5770039,-118.0366123
60375350023,1314.0,0.0,26.71,100.0,Minority,Low_poverty,LPM,33.9690586,-118.2477263
60373109002,1581.0,45.92,7.02,18.03,Other,Low_poverty,LPO,34.1806467,-118.3292683
60375345021,1840.0,0.0,17.34,98.75,Minority,Low_poverty,LPM,33.9634868,-118.1993953
60372260011,1512.0,0.33,33.99,99.07,Minority,High_poverty,HPM,34.0276899,-118.257482
60371897011,582.0,77.32,3.61,5.67,White,Low_poverty,LPW,34.1292728,-118.3427696
60375718003,907.0,29.0,10.31,50.83,Minority,Low_poverty,LPM,33.8301199,-118.1879377
60374065001,1072.0,5.22,0.84,70.15,Minority,Low_poverty,LPM,34.0703878,-117.9120824
60372381004,892.0,0.0,9.08,91.92,Minority,Low_poverty,LPM,33.9654636,-118.3144639
60372962201,858.0,0.82,53.5,92.42,Minority,High_poverty,HPM,33.7437301,-118.2837281
60375303012,1157.0,6.22,18.25,88.94,Minority,Low_poverty,LPM,34.0284129,-118.1569481
60374036004,2121.0,29.04,1.18,51.44,Minority,Low_poverty,LPM,34.0800284,-117.8715981
60372112011,812.0,11.82,7.88,79.06,Minority,Low_poverty,LPM,34.074529,-118.2970225
60372345012,1580.0,5.25,12.33,90.38,Minority,Low_poverty,LPM,33.9974751,-118.3265796
60376016001,587.0,1.7,6.13,90.29,Minority,Low_poverty,LPM,33.9355188,-118.3585664
60372975003,615.0,41.3,0.0,46.01,Other,Low_poverty,LPO,33.7207585,-118.2991795
60375715041,1121.0,29.53,7.4,65.83,Minority,Low_poverty,LPM,33.8342614,-118.1714156
60375531001,3200.0,7.78,5.63,70.44,Minority,Low_poverty,LPM,33.896908,-118.1116145
60372162004,1280.0,65.63,15.0,10.55,White,Low_poverty,LPW,34.0597975,-118.3508686
60374023012,2878.0,6.88,18.32,81.28,Minority,Low_poverty,LPM,34.0656427,-117.7687791
60372626011,3539.0,71.26,2.88,6.95,White,Low_poverty,LPW,34.0738344,-118.5557893
60375524002,1126.0,6.04,5.86,84.9,Minority,Low_poverty,LPM,33.9007077,-118.051641
60376041004,2076.0,31.02,23.89,55.05,Minority,Low_poverty,LPM,33.8780906,-118.3471556
60371173031,2582.0,29.16,15.22,48.8,Other,Low_poverty,LPO,34.2320108,-118.4907643
60374812011,713.0,18.23,14.87,14.59,Other,Low_poverty,LPO,34.100767,-118.0693882
60375764012,3347.0,4.12,33.7,88.86,Minority,High_poverty,HPM,33.7771524,-118.1785065
60375708005,788.0,41.88,0.0,32.24,Other,Low_poverty,LPO,33.8520082,-118.1380823
60376707022,967.0,65.67,0.0,13.13,White,Low_poverty,LPW,33.754949,-118.3229712
60375338061,2572.0,0.35,34.91,98.72,Minority,High_poverty,HPM,33.9675181,-118.1714087
60372722022,2412.0,32.5,8.71,48.3,Other,Low_poverty,LPO,33.9986851,-118.4375826
60376200013,1858.0,71.47,4.84,18.67,White,Low_poverty,LPW,33.9283133,-118.407943
60374812013,1731.0,4.45,9.53,38.65,Other,Low_poverty,LPO,34.1009135,-118.0732038
60372126102,2378.0,11.86,26.66,54.96,Minority,Low_poverty,LPM,34.058911,-118.3136731
60374820011,1915.0,3.66,5.33,14.52,Other,Low_poverty,LPO,34.0529634,-118.1585861
60373017021,1752.0,71.18,11.76,5.42,White,Low_poverty,LPW,34.1539153,-118.267639
60374825211,1734.0,1.44,0.0,52.94,Minority,Low_poverty,LPM,34.0490634,-118.1062831
60374642001,700.0,11.29,0.0,1.29,Other,Low_poverty,LPO,34.1339467,-118.097797
60377008013,685.0,98.54,31.82,0.0,White,High_poverty,HPW,34.0694799,-118.4008897
60374329012,1148.0,2.18,20.56,20.38,Other,Low_poverty,LPO,34.0740594,-118.0707289
60373018012,3274.0,42.15,22.66,19.34,Other,Low_poverty,LPO,34.1544913,-118.2598979
60374064121,861.0,20.44,5.92,50.52,Minority,Low_poverty,LPM,34.0658446,-117.8979372
60372014011,2704.0,8.21,26.86,72.16,Minority,Low_poverty,LPM,34.0834168,-118.1814794
60375734022,886.0,25.85,15.24,50.79,Minority,Low_poverty,LPM,33.798585,-118.1696931
60372342001,896.0,5.02,4.02,87.5,Minority,Low_poverty,LPM,34.0160298,-118.3285496
60375040021,1461.0,37.71,5.2,51.48,Minority,Low_poverty,LPM,33.912172,-118.0219924
60375032012,1703.0,23.02,5.7,57.96,Minority,Low_poverty,LPM,33.9324726,-118.0301931
60375323041,2912.0,1.55,15.43,93.1,Minority,Low_poverty,LPM,33.9739413,-118.1318312
60374070011,1006.0,3.58,4.87,76.55,Minority,Low_poverty,LPM,34.0606319,-117.983107
60374333071,1501.0,1.73,12.13,35.31,Other,Low_poverty,LPO,34.069153,-118.0051026
60374338014,1742.0,0.0,24.4,93.05,Minority,Low_poverty,LPM,34.0543032,-118.0324849
60375770004,587.0,58.26,0.0,21.29,White,Low_poverty,LPW,33.7764444,-118.1447475
60377030012,2320.0,26.9,3.75,46.85,Other,Low_poverty,LPO,33.9852987,-118.3901802
60371174081,3073.0,3.77,36.19,84.61,Minority,High_poverty,HPM,34.2248464,-118.4703709
60372699052,1799.0,29.96,12.28,45.53,Other,Low_poverty,LPO,34.0225499,-118.402779
60376036002,822.0,26.52,7.11,45.38,Other,Low_poverty,LPO,33.8892491,-118.3206106
60371910003,1186.0,49.07,6.16,28.33,Other,Low_poverty,LPO,34.0998031,-118.3232279
60372144003,797.0,75.53,9.03,22.34,White,Low_poverty,LPW,34.0779494,-118.3601085
60374318001,1990.0,20.5,21.15,29.14,Other,Low_poverty,LPO,34.1219085,-118.0577993
60375410011,1144.0,3.67,10.2,88.46,Minority,Low_poverty,LPM,33.8934521,-118.2749503
60371112011,1122.0,40.29,9.18,44.21,Other,Low_poverty,LPO,34.2743978,-118.4977125
60372013023,654.0,13.46,4.93,46.03,Other,Low_poverty,LPO,34.1012058,-118.1837082
60376024021,895.0,7.6,1.34,86.14,Minority,Low_poverty,LPM,33.9150114,-118.3568142
60371316001,1912.0,23.38,7.27,57.85,Minority,Low_poverty,LPM,34.2147237,-118.5469869
60374027062,908.0,18.94,13.99,53.64,Minority,Low_poverty,LPM,34.0735449,-117.7164626
60375715031,2159.0,15.84,8.57,58.36,Minority,Low_poverty,LPM,33.8497921,-118.1690766
60372932023,3494.0,5.18,30.76,80.91,Minority,High_poverty,HPM,33.8180884,-118.3036839
60371917201,1984.0,14.26,36.54,79.34,Minority,High_poverty,HPM,34.0881107,-118.3113558
60375721001,1113.0,23.81,4.04,45.2,Other,Low_poverty,LPO,33.8224328,-118.2032005
60375323021,1605.0,0.75,9.95,98.69,Minority,Low_poverty,LPM,34.0131686,-118.1696549
60375339011,1255.0,2.15,29.24,97.85,Minority,Low_poverty,LPM,33.9770037,-118.1551056
60372189003,2331.0,5.02,18.88,90.9,Minority,Low_poverty,LPM,34.0311254,-118.3266482
60372347001,587.0,9.2,31.35,90.8,Minority,High_poverty,HPM,33.9872824,-118.3196071
60375336023,643.0,9.95,60.5,83.2,Minority,High_poverty,HPM,33.9763979,-118.1889382
60374638004,1252.0,50.8,2.16,7.27,White,Low_poverty,LPW,34.1358531,-118.182166
60374002073,1531.0,41.02,2.22,42.58,Other,Low_poverty,LPO,34.1259174,-117.7893817
60372626042,1039.0,85.18,0.96,9.34,White,Low_poverty,LPW,34.0579794,-118.5393551
60372611012,1597.0,86.1,5.82,6.08,White,Low_poverty,LPW,34.1126634,-118.4073782
60379200353,643.0,68.9,3.04,31.11,White,Low_poverty,LPW,34.4231695,-118.4684809
60371212222,845.0,1.66,15.74,97.75,Minority,Low_poverty,LPM,34.2292726,-118.3868118
60375776033,1332.0,74.7,2.1,16.44,White,Low_poverty,LPW,33.7675597,-118.1358064
60375320011,1436.0,5.36,30.78,94.64,Minority,High_poverty,HPM,34.0114474,-118.1219237
60376006011,793.0,3.4,4.29,89.28,Minority,Low_poverty,LPM,33.9442006,-118.3228984
60371909022,1808.0,18.58,19.02,76.44,Minority,Low_poverty,LPM,34.0922712,-118.3197366
60375328002,2056.0,0.0,29.72,100.0,Minority,Low_poverty,LPM,33.9863523,-118.2542166
60374801023,1579.0,16.34,3.31,36.48,Other,Low_poverty,LPO,34.1097998,-118.088074
60374626001,1257.0,52.51,0.0,31.74,White,Low_poverty,LPW,34.1623259,-118.114263
60373013002,1174.0,86.29,3.58,7.24,White,Low_poverty,LPW,34.17688,-118.2735252
60374002061,3048.0,48.95,2.82,25.89,Other,Low_poverty,LPO,34.1294106,-117.7101932
60375540022,2734.0,13.13,12.34,74.43,Minority,Low_poverty,LPM,33.8926991,-118.1389191
60374024062,4060.0,7.46,9.05,86.92,Minority,Low_poverty,LPM,34.068169,-117.7831695
60377001011,929.0,77.4,22.82,22.61,White,Low_poverty,LPW,34.0925729,-118.3453936
60374328022,1137.0,2.73,17.59,54.71,Minority,Low_poverty,LPM,34.0764814,-118.0546778
60374806004,3362.0,37.57,13.8,29.15,Other,Low_poverty,LPO,34.1199201,-118.146618
60376007023,2398.0,1.92,7.94,96.37,Minority,Low_poverty,LPM,33.9502713,-118.3380909
60371095002,2061.0,3.83,26.78,92.39,Minority,Low_poverty,LPM,34.2728149,-118.4391869
60371132321,2270.0,69.21,1.99,14.98,White,Low_poverty,LPW,34.2243881,-118.6165563
60376017004,1941.0,0.0,17.83,97.21,Minority,Low_poverty,LPM,33.9357781,-118.3547366
60375425023,893.0,0.0,39.42,95.97,Minority,High_poverty,HPM,33.8903779,-118.226139
60375007006,439.0,1.82,2.05,93.85,Minority,Low_poverty,LPM,34.0000986,-118.0983071
60375540011,900.0,25.56,4.22,74.44,Minority,Low_poverty,LPM,33.8996949,-118.1279631
60375706022,2307.0,5.59,12.09,67.01,Minority,Low_poverty,LPM,33.8559315,-118.175358
60372017001,2299.0,20.7,18.56,59.72,Minority,Low_poverty,LPM,34.0669374,-118.1687608
60372971202,1506.0,22.71,20.32,75.56,Minority,Low_poverty,LPM,33.7263833,-118.285925
60379007013,969.0,58.31,25.7,36.95,White,Low_poverty,LPW,34.6790031,-118.1435312
60375306012,946.0,5.07,11.52,94.29,Minority,Low_poverty,LPM,34.0511393,-118.1761589
60374642003,1240.0,26.13,5.08,12.1,Other,Low_poverty,LPO,34.1231211,-118.0950673
60374006023,1380.0,28.19,11.52,58.41,Minority,Low_poverty,LPM,34.1372158,-117.9131842
60375415004,2821.0,0.67,16.01,99.33,Minority,Low_poverty,LPM,33.9172488,-118.2296048
60375357022,1072.0,1.21,26.31,97.95,Minority,Low_poverty,LPM,33.9535569,-118.202927
60375991002,295.0,87.12,11.97,5.08,White,Low_poverty,LPW,33.3992475,-118.4356008
60375033011,844.0,21.68,0.0,69.55,Minority,Low_poverty,LPM,33.9460622,-118.0115678
60372920004,552.0,32.61,10.42,31.52,Other,Low_poverty,LPO,33.8373688,-118.3052043
60371219003,1043.0,31.93,34.07,65.1,Minority,High_poverty,HPM,34.2214633,-118.3830657
60374819021,3443.0,9.27,17.09,58.06,Minority,Low_poverty,LPM,34.0661164,-118.1501366
60376202012,869.0,86.08,8.87,8.63,White,Low_poverty,LPW,33.9033703,-118.4218562
60374624001,1073.0,63.93,14.2,19.94,White,Low_poverty,LPW,34.1642582,-118.1230037
60375037031,1939.0,8.97,6.14,13.36,Other,Low_poverty,LPO,33.9061841,-117.980048
60373011003,942.0,86.73,0.0,5.52,White,Low_poverty,LPW,34.1622943,-118.2471275
60376203034,999.0,80.88,1.3,1.9,White,Low_poverty,LPW,33.8925894,-118.4048158
60375336031,2505.0,2.83,40.12,97.17,Minority,High_poverty,HPM,33.9739843,-118.2011404
60375512021,1837.0,13.61,11.7,84.05,Minority,Low_poverty,LPM,33.9272203,-118.1339842
60376016002,2366.0,0.0,28.4,93.53,Minority,Low_poverty,LPM,33.9354513,-118.3615966
60372316005,1783.0,2.52,12.39,91.92,Minority,Low_poverty,LPM,34.0090926,-118.2980384
60372119222,1694.0,7.38,14.34,58.97,Minority,Low_poverty,LPM,34.0663506,-118.2953724
60374033241,745.0,6.44,5.1,0.0,Other,Low_poverty,LPO,33.9714394,-117.8273944
60376037042,3290.0,4.22,13.52,85.38,Minority,Low_poverty,LPM,33.9001056,-118.3319132
60379102022,1282.0,55.77,17.63,36.04,White,Low_poverty,LPW,34.6262801,-118.1590717
60371955003,1107.0,36.95,15.0,23.66,Other,Low_poverty,LPO,34.0847911,-118.2653568
60375548022,2102.0,18.89,15.17,20.83,Other,Low_poverty,LPO,33.8709393,-118.0766403
60374048022,2116.0,1.13,13.08,82.99,Minority,Low_poverty,LPM,34.0730952,-117.9726603
60371327004,2557.0,5.79,27.69,82.01,Minority,Low_poverty,LPM,34.191593,-118.5312294
60372376001,1084.0,2.77,54.8,96.31,Minority,High_poverty,HPM,33.9808962,-118.2848505
60375039012,1486.0,31.29,2.49,35.39,Other,Low_poverty,LPO,33.8881064,-118.0059416
60375511021,1315.0,5.02,5.32,88.74,Minority,Low_poverty,LPM,33.9229586,-118.113638
60372048201,867.0,0.0,45.67,99.54,Minority,High_poverty,HPM,34.0247796,-118.2085863
60375033014,662.0,24.17,5.78,75.83,Minority,Low_poverty,LPM,33.9482249,-118.0134377
60371375022,2118.0,71.77,4.86,22.28,White,Low_poverty,LPW,34.1627803,-118.5962084
60373107012,591.0,88.16,37.73,6.09,White,High_poverty,HPW,34.1841926,-118.3141935
60379200203,3849.0,49.55,3.07,42.09,Other,Low_poverty,LPO,34.4747571,-118.4801895
60373007022,3188.0,84.41,2.13,5.43,White,Low_poverty,LPW,34.1812932,-118.2602776
60372169003,1114.0,55.03,3.66,33.03,White,Low_poverty,LPW,34.0543551,-118.3637859
60372376002,1020.0,0.0,30.88,100.0,Minority,High_poverty,HPM,33.9770377,-118.2859666
60375743001,797.0,75.66,6.02,9.91,White,Low_poverty,LPW,33.8075633,-118.1170627
60374601004,717.0,37.1,1.81,58.99,Minority,Low_poverty,LPM,34.1880722,-118.1273089
60375776041,1367.0,69.79,4.75,19.9,White,Low_poverty,LPW,33.7557499,-118.1100855
60374605026,866.0,27.6,0.92,12.82,Other,Low_poverty,LPO,34.2038781,-118.1865715
60375037011,2392.0,37.96,4.77,58.74,Minority,Low_poverty,LPM,33.9278924,-117.9901152
60374824021,4494.0,1.07,15.62,57.77,Minority,Low_poverty,LPM,34.0571971,-118.0862346
60376009021,1317.0,2.43,11.69,94.15,Minority,Low_poverty,LPM,33.9740532,-118.3480451
60372949001,2249.0,4.0,28.16,90.66,Minority,Low_poverty,LPM,33.7737572,-118.2776692
60371831041,2146.0,26.0,7.47,55.73,Minority,Low_poverty,LPM,34.1218682,-118.1736018
60377026005,642.0,39.72,5.61,15.42,Other,Low_poverty,LPO,33.994621,-118.3987163
60371331004,1227.0,50.45,6.19,30.64,White,Low_poverty,LPW,34.1844588,-118.5504885
60373019002,1422.0,58.09,17.71,14.34,White,Low_poverty,LPW,34.1534846,-118.2404287
60375410021,3318.0,14.62,16.34,83.96,Minority,Low_poverty,LPM,33.8751243,-118.2728118
60371066452,1981.0,54.42,2.62,16.86,White,Low_poverty,LPW,34.2928006,-118.4963903
60374087041,3311.0,7.55,21.38,28.06,Other,Low_poverty,LPO,33.98233,-117.8934924
60374307013,1122.0,12.3,3.39,3.3,Other,Low_poverty,LPO,34.137246,-118.0637479
60376502004,1874.0,31.7,8.27,34.9,Other,Low_poverty,LPO,33.8610389,-118.3237843
60375404002,1298.0,0.0,27.35,100.0,Minority,Low_poverty,LPM,33.9311044,-118.2284152
60375038023,2381.0,21.04,3.19,49.3,Other,Low_poverty,LPO,33.8975831,-118.0065173
60377018011,956.0,64.85,8.05,19.14,White,Low_poverty,LPW,34.029992,-118.4657993
60375500001,1982.0,30.37,59.75,60.5,Minority,High_poverty,HPM,33.9239459,-118.0671761
60374033251,3355.0,9.27,4.29,16.96,Other,Low_poverty,LPO,33.9567025,-117.8253363
60377009011,824.0,60.56,12.86,19.78,White,Low_poverty,LPW,34.0626667,-118.375156
60372364003,1231.0,4.14,7.31,94.72,Minority,Low_poverty,LPM,34.001064,-118.3565348
60373015021,1781.0,73.5,13.64,18.64,White,Low_poverty,LPW,34.168345,-118.283245
60376509022,2263.0,18.74,6.41,44.15,Other,Low_poverty,LPO,33.8206731,-118.3128326
60375508007,1097.0,14.13,4.65,85.87,Minority,Low_poverty,LPM,33.9508625,-118.1510871
60374820022,3320.0,2.26,16.64,52.95,Minority,Low_poverty,LPM,34.0454075,-118.1457055
60375506024,727.0,20.63,7.02,62.59,Minority,Low_poverty,LPM,33.9520829,-118.1165914
60375356042,2826.0,0.57,16.87,99.43,Minority,Low_poverty,LPM,33.9500942,-118.2222373
60375433222,1750.0,0.06,0.0,69.15,Minority,Low_poverty,LPM,33.8531859,-118.2591294
60376014021,1371.0,3.5,16.27,92.78,Minority,Low_poverty,LPM,33.9529307,-118.3633993
60371413031,3477.0,68.85,8.1,17.43,White,Low_poverty,LPW,34.1549446,-118.4552465
60372060101,2660.0,11.92,28.01,34.55,Other,Low_poverty,LPO,34.0718134,-118.232537
60376037021,958.0,34.55,4.7,40.81,Other,Low_poverty,LPO,33.8910663,-118.3285515
60375428003,795.0,0.0,31.45,100.0,Minority,High_poverty,HPM,33.8979808,-118.2494689
60377006005,560.0,100.0,2.14,0.0,White,Low_poverty,LPW,34.0910561,-118.4072052
60375435013,1940.0,2.68,2.79,35.1,Other,Low_poverty,LPO,33.8279805,-118.2838591
60376030011,1082.0,2.22,13.49,58.78,Minority,Low_poverty,LPM,33.8982671,-118.2927647
60371882021,1071.0,63.68,4.2,27.08,White,Low_poverty,LPW,34.1159501,-118.2757593
60374024053,1232.0,1.7,13.38,95.7,Minority,Low_poverty,LPM,34.0660406,-117.7931003
60379200411,1668.0,25.0,11.51,65.41,Minority,Low_poverty,LPM,34.4180484,-118.4333787
60372199012,1464.0,1.23,23.63,94.74,Minority,Low_poverty,LPM,34.0290152,-118.3587612
60373104003,1259.0,59.73,1.59,22.72,White,Low_poverty,LPW,34.2035192,-118.3401897
60375710003,1074.0,59.87,5.33,26.07,White,Low_poverty,LPW,33.8341966,-118.101704
60372715003,1401.0,77.87,8.71,8.92,White,Low_poverty,LPW,34.0165173,-118.4405791
60372945202,2059.0,4.81,18.99,93.88,Minority,Low_poverty,LPM,33.7847432,-118.2657473
60371192021,1077.0,6.22,1.58,88.95,Minority,Low_poverty,LPM,34.2498701,-118.4457232
60375727003,1204.0,2.57,12.38,38.54,Other,Low_poverty,LPO,33.802562,-118.2165221
60375709022,1450.0,59.45,0.97,32.34,White,Low_poverty,LPW,33.849547,-118.1205192
60372693005,544.0,76.29,3.49,12.32,White,Low_poverty,LPW,34.0424145,-118.4210376
60371044042,1759.0,3.07,24.91,96.36,Minority,Low_poverty,LPM,34.2620669,-118.4312322
60375501003,1119.0,6.61,3.36,86.86,Minority,Low_poverty,LPM,33.9251074,-118.076691
60372701002,906.0,36.09,1.77,47.24,Other,Low_poverty,LPO,34.0281508,-118.3927594
60379800311,1175.0,33.45,0.0,52.68,Minority,Low_poverty,LPM,33.7390903,-118.2585391
60374034085,1308.0,4.51,1.91,27.83,Other,Low_poverty,LPO,34.0302904,-117.8771982
60371112053,1573.0,24.79,2.92,33.57,Other,Low_poverty,LPO,34.2518836,-118.5306174
60371238001,1666.0,64.29,30.53,34.69,White,High_poverty,HPW,34.1846344,-118.4016407
60375362003,1020.0,13.33,4.9,85.69,Minority,Low_poverty,LPM,33.9182826,-118.1622444
60371134012,2009.0,21.55,1.59,65.01,Minority,Low_poverty,LPM,34.2286204,-118.5653888
60375705022,1892.0,16.54,23.26,57.08,Minority,Low_poverty,LPM,33.8673686,-118.1645158
60375326032,1078.0,2.32,19.6,97.68,Minority,Low_poverty,LPM,33.9812282,-118.2335132
60372765002,2042.0,47.11,18.32,29.33,Other,Low_poverty,LPO,33.966483,-118.4210696
60374016021,3806.0,43.8,11.38,49.18,Other,Low_poverty,LPO,34.1061426,-117.7610581
60375549003,813.0,3.44,8.98,62.61,Minority,Low_poverty,LPM,33.8609078,-118.0791453
60372293003,1678.0,0.24,15.26,98.99,Minority,Low_poverty,LPM,33.9981534,-118.2728638
60378001012,2724.0,83.55,4.19,3.37,White,Low_poverty,LPW,34.1316541,-118.6236584
60374607005,1555.0,64.69,0.51,10.61,White,Low_poverty,LPW,34.1991246,-118.2118684
60371211021,825.0,33.33,4.61,64.12,Minority,Low_poverty,LPM,34.2375217,-118.3842733
60375335032,375.0,0.0,17.33,98.4,Minority,Low_poverty,LPM,33.9830469,-118.1912741
60375508003,1082.0,7.76,0.0,86.69,Minority,Low_poverty,LPM,33.9480917,-118.1442091
60376207021,872.0,66.97,0.0,31.88,White,Low_poverty,LPW,33.8598731,-118.3842694
60376201021,795.0,68.55,5.66,18.62,White,Low_poverty,LPW,33.9215397,-118.4155066
60375709011,1336.0,37.65,0.82,31.22,Other,Low_poverty,LPO,33.8537566,-118.1043655
60374801012,738.0,17.48,9.02,17.21,Other,Low_poverty,LPO,34.1058116,-118.0740464
60375323022,867.0,0.0,22.72,100.0,Minority,Low_poverty,LPM,34.0095983,-118.1795914
60378001022,1960.0,88.67,9.9,9.39,White,Low_poverty,LPW,34.1152624,-118.5847157
60379203132,685.0,33.58,34.01,63.07,Minority,High_poverty,HPM,34.3719066,-118.5592017
60374087031,2297.0,5.92,4.92,14.58,Other,Low_poverty,LPO,33.9545417,-117.8980751
60371197003,1526.0,11.27,1.05,79.03,Minority,Low_poverty,LPM,34.2274382,-118.4280419
60372362021,2324.0,0.9,30.34,98.41,Minority,High_poverty,HPM,34.0159688,-118.3539245
60371319003,1221.0,51.11,2.62,39.06,White,Low_poverty,LPW,34.2044327,-118.512501
60375433211,3293.0,6.62,9.37,73.79,Minority,Low_poverty,LPM,33.8649859,-118.2493288
60375412001,1198.0,0.5,5.76,97.5,Minority,Low_poverty,LPM,33.9063219,-118.2526147
60371954002,1271.0,38.47,3.93,42.17,Other,Low_poverty,LPO,34.0920097,-118.2778265
60372371013,288.0,0.0,12.15,100.0,Minority,Low_poverty,LPM,33.9873116,-118.2892556
60372693004,955.0,83.66,0.63,5.55,White,Low_poverty,LPW,34.0400241,-118.4184211
60375532007,1070.0,12.71,6.74,82.71,Minority,Low_poverty,LPM,33.9067625,-118.131763
60378003263,1996.0,83.67,1.26,5.76,White,Low_poverty,LPW,34.1153838,-118.861144
60376506031,2476.0,43.54,4.6,10.42,Other,Low_poverty,LPO,33.8456446,-118.36921
60376208008,1390.0,54.46,0.22,21.51,White,Low_poverty,LPW,33.8758023,-118.382363
60375707015,2170.0,8.53,7.88,55.58,Minority,Low_poverty,LPM,33.8570425,-118.1513715
60374319003,1714.0,19.08,5.78,16.22,Other,Low_poverty,LPO,34.1094408,-118.0644304
60373009012,2071.0,53.21,0.0,10.05,White,Low_poverty,LPW,34.1634249,-118.2033906
60375717033,531.0,1.88,9.04,52.54,Minority,Low_poverty,LPM,33.8514411,-118.1917269
60375353003,1937.0,0.0,35.42,100.0,Minority,High_poverty,HPM,33.9630152,-118.2366356
60376702012,2609.0,61.02,5.21,10.62,White,Low_poverty,LPW,33.7761533,-118.3337842
60377031004,909.0,0.99,10.56,89.33,Minority,Low_poverty,LPM,33.9958488,-118.3598178
60374066023,1104.0,15.49,12.15,52.63,Minority,Low_poverty,LPM,34.0536382,-117.9289225
60371881003,1359.0,13.47,7.95,79.54,Minority,Low_poverty,LPM,34.1331417,-118.2679209
60375331072,2867.0,0.0,39.2,100.0,Minority,High_poverty,HPM,33.9752137,-118.2187619
60374628002,1492.0,30.43,5.36,54.23,Minority,Low_poverty,LPM,34.1490412,-118.1036411
60372383202,1208.0,0.0,34.19,95.69,Minority,High_poverty,HPM,33.9616306,-118.2848809
60372345011,1265.0,4.43,16.22,91.47,Minority,Low_poverty,LPM,33.9975422,-118.3192652
60375766024,874.0,69.22,29.52,29.4,White,Low_poverty,LPW,33.7672351,-118.173827
60375433212,2153.0,7.52,12.05,64.93,Minority,Low_poverty,LPM,33.8704282,-118.2607763
60376009123,1035.0,6.96,10.95,90.05,Minority,Low_poverty,LPM,33.9801681,-118.3446016
60371897012,695.0,63.31,4.6,12.52,White,Low_poverty,LPW,34.1212039,-118.3365332
60378003251,1668.0,79.68,1.2,12.65,White,Low_poverty,LPW,34.1472457,-118.8117926
60375436021,3687.0,21.81,6.94,38.29,Other,Low_poverty,LPO,33.8208738,-118.2939263
60372723011,909.0,49.83,2.86,27.17,Other,Low_poverty,LPO,34.0076201,-118.4205858
60377028011,2169.0,23.51,13.32,48.64,Other,Low_poverty,LPO,34.0117597,-118.4133387
60374033191,2035.0,20.1,11.4,26.73,Other,Low_poverty,LPO,34.0145808,-117.8138802
60376008013,465.0,1.51,9.46,98.49,Minority,Low_poverty,LPM,33.9624615,-118.3243268
60375012002,2410.0,6.89,7.22,83.73,Minority,Low_poverty,LPM,33.9962066,-118.0653687
60371238003,2410.0,55.35,16.6,39.34,White,Low_poverty,LPW,34.1794484,-118.4021008
60374638003,1117.0,64.19,10.77,19.88,White,Low_poverty,LPW,34.1341118,-118.1745514
60375703012,1445.0,2.77,61.38,96.19,Minority,High_poverty,HPM,33.8765646,-118.1873598
60371942002,1271.0,79.15,1.65,6.14,White,Low_poverty,LPW,34.097378,-118.3752878
60372342002,878.0,11.16,2.39,80.64,Minority,Low_poverty,LPM,34.0128218,-118.3323554
60371218023,841.0,25.21,62.61,68.49,Minority,High_poverty,HPM,34.2139013,-118.389965
60376007021,903.0,2.21,7.42,97.78,Minority,Low_poverty,LPM,33.9490992,-118.3199096
60375029022,740.0,7.03,4.05,90.4,Minority,Low_poverty,LPM,33.9388686,-118.0542269
60372932021,786.0,14.38,26.05,66.03,Minority,Low_poverty,LPM,33.8245351,-118.3043798
60371098001,1517.0,51.29,2.22,33.62,White,Low_poverty,LPW,34.2530839,-118.4842881
60375023021,2970.0,5.79,11.58,91.58,Minority,Low_poverty,LPM,33.9660089,-118.0683122
60374052011,1787.0,7.11,16.23,72.8,Minority,Low_poverty,LPM,34.086496,-117.9489706
60374037033,812.0,50.86,5.17,49.14,White,Low_poverty,LPW,34.0929454,-117.8518586
60374061011,868.0,17.17,2.19,64.52,Minority,Low_poverty,LPM,34.0909419,-117.8974767
60371285002,2767.0,60.35,10.44,22.95,White,Low_poverty,LPW,34.1721317,-118.4442487
60375030001,812.0,16.75,5.54,59.98,Minority,Low_poverty,LPM,33.9295985,-118.0504018
60375427001,1132.0,0.71,36.4,97.17,Minority,High_poverty,HPM,33.9045149,-118.2342338
60372718021,1198.0,56.34,4.24,20.95,White,Low_poverty,LPW,34.0217985,-118.4141022
60375420002,1780.0,0.0,9.16,100.0,Minority,Low_poverty,LPM,33.9014384,-118.2030644
60375336012,2415.0,4.51,25.84,92.55,Minority,Low_poverty,LPM,33.9805332,-118.1939843
60379105043,1258.0,2.31,37.76,91.41,Minority,High_poverty,HPM,34.5690623,-118.1116905
60371392002,1293.0,64.97,12.14,27.22,White,Low_poverty,LPW,34.1747627,-118.5223203
60377008023,1201.0,63.11,7.99,18.74,White,Low_poverty,LPW,34.0695555,-118.3881868
60371433004,1060.0,46.32,3.11,37.07,Other,Low_poverty,LPO,34.1553189,-118.3825721
60375035021,765.0,34.12,2.22,61.7,Minority,Low_poverty,LPM,33.9318339,-117.9960863
60376207011,1961.0,45.18,5.56,22.49,Other,Low_poverty,LPO,33.8708021,-118.3762975
60375537012,1483.0,2.16,20.43,97.37,Minority,Low_poverty,LPM,33.9004124,-118.1763589
60375744005,918.0,70.81,1.42,20.81,White,Low_poverty,LPW,33.8072401,-118.1098194
60373023021,1376.0,23.47,16.5,64.54,Minority,Low_poverty,LPM,34.1392304,-118.2625851
60379011023,1682.0,57.49,8.39,35.44,White,Low_poverty,LPW,34.6668186,-118.2102849
60375723011,2086.0,2.97,19.18,72.67,Minority,Low_poverty,LPM,33.8219982,-118.2140478
60379203223,270.0,48.52,14.07,37.03,Other,Low_poverty,LPO,34.3806869,-118.5435973
60374823011,573.0,3.66,2.97,18.32,Other,Low_poverty,LPO,34.0737503,-118.0899418
60375027002,1390.0,20.5,15.47,66.9,Minority,Low_poverty,LPM,33.9551877,-118.0670604
60376028024,1568.0,0.89,4.08,99.11,Minority,Low_poverty,LPM,33.9183319,-118.3046889
60376507022,556.0,50.18,2.88,23.2,White,Low_poverty,LPW,33.8319985,-118.3648037
60376707014,1055.0,38.29,2.18,16.68,Other,Low_poverty,LPO,33.7491713,-118.3138616
60379103022,2546.0,43.52,6.52,43.6,Other,Low_poverty,LPO,34.6254772,-118.2179698
60372741001,4068.0,61.95,22.16,21.43,White,Low_poverty,LPW,33.9879429,-118.446991
60375722012,358.0,60.06,3.07,13.41,White,Low_poverty,LPW,33.8172624,-118.1899751
60376006021,2542.0,2.44,21.48,95.4,Minority,Low_poverty,LPM,33.9416202,-118.3307594
60371852023,676.0,30.62,1.48,51.63,Minority,Low_poverty,LPM,34.0911569,-118.2160652
60372089021,1676.0,2.57,38.18,89.98,Minority,High_poverty,HPM,34.0569687,-118.2735436
60371254022,1050.0,64.1,14.1,29.71,White,Low_poverty,LPW,34.1547894,-118.3726307
60376700022,2508.0,36.28,6.98,45.9,Other,Low_poverty,LPO,33.7948344,-118.3147215
60371065202,2030.0,7.68,17.87,89.8,Minority,Low_poverty,LPM,34.30875,-118.4645393
60375437022,2736.0,3.84,20.72,74.49,Minority,Low_poverty,LPM,33.8132439,-118.2675121
60372111202,2953.0,7.75,20.83,26.75,Other,Low_poverty,LPO,34.064652,-118.2882872
60372011201,1697.0,6.31,20.92,87.15,Minority,Low_poverty,LPM,34.0932663,-118.1634265
60375027003,1851.0,5.46,10.65,92.0,Minority,Low_poverty,LPM,33.9486569,-118.0831994
60375702022,1161.0,7.06,7.41,78.38,Minority,Low_poverty,LPM,33.8764354,-118.1740489
60371253102,1031.0,55.09,8.05,44.42,White,Low_poverty,LPW,34.1703054,-118.363679
60373113003,1580.0,51.39,3.67,30.06,White,Low_poverty,LPW,34.1716758,-118.3417287
60374809021,3020.0,5.0,15.26,47.49,Other,Low_poverty,LPO,34.0812064,-118.1386777
60375501006,1718.0,10.71,6.23,80.5,Minority,Low_poverty,LPM,33.9207088,-118.07943
60372352012,793.0,4.29,17.63,91.04,Minority,Low_poverty,LPM,33.9727407,-118.3210166
60374642005,685.0,40.15,4.09,9.34,Other,Low_poverty,LPO,34.132296,-118.1051132
60374066011,1574.0,22.68,5.72,34.76,Other,Low_poverty,LPO,34.0575109,-117.9122888
60375425024,2255.0,0.53,32.42,97.12,Minority,High_poverty,HPM,33.8930982,-118.2315361
60371253101,1102.0,38.38,21.09,57.89,Minority,Low_poverty,LPM,34.1666619,-118.3584927
60374030003,1671.0,3.83,10.11,76.54,Minority,Low_poverty,LPM,34.0424103,-117.7610762
60371975003,724.0,55.25,7.87,36.33,White,Low_poverty,LPW,34.0718736,-118.2589893
60375360001,1127.0,1.6,16.79,97.16,Minority,Low_poverty,LPM,33.9562929,-118.1915805
60375036011,2289.0,38.88,2.25,51.46,Minority,Low_poverty,LPM,33.922557,-118.0078797
60372219002,1229.0,25.47,39.87,69.81,Minority,High_poverty,HPM,34.0270834,-118.2937145
60375990002,579.0,59.24,4.35,40.59,White,Low_poverty,LPW,33.3514645,-118.3296996
60375738002,711.0,62.31,0.98,26.86,White,Low_poverty,LPW,33.8211197,-118.0960861
60375723021,1077.0,1.49,21.91,54.78,Minority,Low_poverty,LPM,33.815291,-118.2074542
60375734011,1642.0,25.64,13.03,54.2,Minority,Low_poverty,LPM,33.8128912,-118.1796451
60374802013,1463.0,22.21,4.73,23.11,Other,Low_poverty,LPO,34.1052094,-118.1102939
60375359024,2712.0,1.07,8.55,98.93,Minority,Low_poverty,LPM,33.9398239,-118.2002289
60374050011,2781.0,2.7,19.57,84.07,Minority,Low_poverty,LPM,34.1031687,-117.9599869
60371289103,1368.0,58.63,12.63,32.02,White,Low_poverty,LPW,34.1618731,-118.4649543
60372753021,781.0,31.5,0.51,23.3,Other,Low_poverty,LPO,33.9871653,-118.4301215
60376019001,2349.0,0.68,33.08,97.06,Minority,High_poverty,HPM,33.9416142,-118.3373982
60379201181,1677.0,61.18,5.05,34.05,White,Low_poverty,LPW,34.4511235,-118.6205377
60371912012,2509.0,56.48,21.02,22.24,White,Low_poverty,LPW,34.0967601,-118.2962095
60375338041,1321.0,0.68,3.41,97.65,Minority,Low_poverty,LPM,33.9789651,-118.1787731
60376038011,2278.0,8.91,18.53,75.11,Minority,Low_poverty,LPM,33.9003199,-118.3480143
60372719012,1219.0,46.27,9.27,27.98,Other,Low_poverty,LPO,34.0146924,-118.4254725
60376099001,932.0,18.24,20.6,74.03,Minority,Low_poverty,LPM,33.7413077,-118.2985714
60375759014,831.0,12.64,12.15,78.22,Minority,Low_poverty,LPM,33.7734938,-118.2033822
60371894001,1591.0,78.88,1.13,15.08,White,Low_poverty,LPW,34.1231893,-118.3203973
60375508006,1559.0,13.47,4.11,77.42,Minority,Low_poverty,LPM,33.9551477,-118.1485129
60375990001,398.0,60.05,13.82,32.41,White,Low_poverty,LPW,33.3419115,-118.3215855
60371414001,1793.0,54.66,5.24,32.57,White,Low_poverty,LPW,34.1587059,-118.4722135
60376500044,652.0,28.83,4.29,27.3,Other,Low_poverty,LPO,33.8748331,-118.328815
60375534002,1503.0,7.65,1.73,90.09,Minority,Low_poverty,LPM,33.9086729,-118.1477968
60374627004,1202.0,22.71,19.55,47.09,Other,Low_poverty,LPO,34.149203,-118.1192582
60372284102,957.0,6.48,21.73,89.03,Minority,Low_poverty,LPM,34.0154669,-118.2678493
60371113012,1657.0,16.66,21.06,36.81,Other,Low_poverty,LPO,34.2605292,-118.5282808
60372942003,1252.0,5.11,3.19,86.5,Minority,Low_poverty,LPM,33.792298,-118.2701004
60371352012,866.0,80.02,7.85,7.74,White,Low_poverty,LPW,34.18277,-118.6274542
60373007021,2242.0,83.5,10.88,4.01,White,Low_poverty,LPW,34.1702029,-118.2388356
60371397023,1629.0,90.3,4.91,5.52,White,Low_poverty,LPW,34.1335869,-118.4928597
60371907003,993.0,63.54,7.85,27.8,White,Low_poverty,LPW,34.0957771,-118.3354455
60374019012,2388.0,43.13,0.0,25.0,Other,Low_poverty,LPO,34.1026748,-117.7113708
60374009003,1653.0,38.84,4.36,41.44,Other,Low_poverty,LPO,34.1367023,-117.8773227
60374086292,1644.0,11.98,9.69,26.76,Other,Low_poverty,LPO,33.9794307,-117.9558238
60375020053,2033.0,25.97,8.91,68.03,Minority,Low_poverty,LPM,33.9519585,-118.0372096
60373022022,2240.0,65.18,16.38,18.75,White,Low_poverty,LPW,34.1399075,-118.2461659
60375754022,801.0,1.12,26.84,91.01,Minority,Low_poverty,LPM,33.7839567,-118.1915471
60374814022,2198.0,7.64,12.1,24.52,Other,Low_poverty,LPO,34.0817153,-118.0970974
60372287101,2592.0,0.23,43.06,98.73,Minority,High_poverty,HPM,34.0014154,-118.2542968
60374303014,2052.0,57.99,4.65,25.05,White,Low_poverty,LPW,34.1651272,-117.9854038
60371251002,3230.0,56.04,10.06,38.79,White,Low_poverty,LPW,34.1659531,-118.3923221
60372676003,1010.0,30.4,16.04,29.11,Other,Low_poverty,LPO,34.0329341,-118.4557253
60373002004,729.0,51.85,0.0,5.08,White,Low_poverty,LPW,34.2320699,-118.2421343
60372240201,961.0,12.59,31.01,81.68,Minority,High_poverty,HPM,34.0321121,-118.2699601
60375329002,1487.0,0.0,13.21,100.0,Minority,Low_poverty,LPM,33.9772062,-118.2497559
60375003001,2973.0,28.19,5.75,54.12,Minority,Low_poverty,LPM,34.0142722,-118.039504
60376010023,2260.0,1.95,2.35,84.69,Minority,Low_poverty,LPM,33.9590359,-118.3465146
60372014022,2135.0,2.39,20.14,84.78,Minority,Low_poverty,LPM,34.0667512,-118.1918744
60374030001,3738.0,2.57,8.99,91.62,Minority,Low_poverty,LPM,34.0345842,-117.7538837
60374602001,1078.0,26.72,1.3,67.71,Minority,Low_poverty,LPM,34.206695,-118.1336905
60374086261,1439.0,4.31,15.64,18.21,Other,Low_poverty,LPO,33.9864323,-117.9102204
60375002011,2191.0,64.45,13.05,25.56,White,Low_poverty,LPW,33.9601217,-117.9691848
60375519001,1212.0,10.48,3.38,69.81,Minority,Low_poverty,LPM,33.9149276,-118.1064631
60371065101,1876.0,10.45,10.96,82.57,Minority,Low_poverty,LPM,34.3190651,-118.4800962
60373103002,707.0,65.77,0.0,7.64,White,Low_poverty,LPW,34.1988954,-118.3151916
60376707011,2758.0,49.6,8.74,27.74,Other,Low_poverty,LPO,33.7685418,-118.3112272
60374305011,957.0,68.23,5.54,7.63,White,Low_poverty,LPW,34.1748251,-118.0569317
60376512222,2782.0,39.07,9.09,18.8,Other,Low_poverty,LPO,33.8095742,-118.355514
60371066031,1664.0,54.81,5.46,16.23,White,Low_poverty,LPW,34.3188837,-118.5091975
60371066422,789.0,64.39,1.52,34.22,White,Low_poverty,LPW,34.2850286,-118.5070426
60374815004,637.0,1.41,10.6,2.67,Other,Low_poverty,LPO,34.0720825,-118.1127444
60376702021,2637.0,55.86,1.98,19.19,White,Low_poverty,LPW,33.788578,-118.357906
60372427004,2081.0,0.19,39.96,99.62,Minority,High_poverty,HPM,33.9337477,-118.2433036
60375713003,1820.0,30.49,6.81,47.03,Other,Low_poverty,LPO,33.8426413,-118.1524055
60375502021,1340.0,10.97,11.79,77.09,Minority,Low_poverty,LPM,33.9196217,-118.0942818
60376024041,1114.0,7.54,22.08,70.46,Minority,Low_poverty,LPM,33.9086035,-118.3481011
60374073021,1392.0,0.65,2.37,88.22,Minority,Low_poverty,LPM,34.041992,-117.9641777
60372374012,1380.0,0.36,34.86,98.91,Minority,High_poverty,HPM,33.9804264,-118.2937058
60375710001,739.0,65.76,2.57,18.81,White,Low_poverty,LPW,33.8432822,-118.1012532
60376500041,1024.0,40.14,2.83,26.08,Other,Low_poverty,LPO,33.8804615,-118.3332398
60376210012,1003.0,82.55,1.1,8.58,White,Low_poverty,LPW,33.8661468,-118.3905713
60375016002,1634.0,23.01,29.5,67.01,Minority,Low_poverty,LPM,33.9743558,-118.0280155
60372151011,2142.0,57.89,9.9,19.99,White,Low_poverty,LPW,34.0637726,-118.3569588
60375734023,1821.0,19.0,32.89,67.82,Minority,High_poverty,HPM,33.8006154,-118.1760996
60375752013,1593.0,1.13,14.25,74.39,Minority,Low_poverty,LPM,33.7843767,-118.1773094
60375308012,1316.0,5.17,32.6,94.83,Minority,High_poverty,HPM,34.0510354,-118.1910041
60376024025,503.0,17.5,13.12,69.18,Minority,Low_poverty,LPM,33.9029849,-118.3560453
60373103004,799.0,83.35,4.01,6.38,White,Low_poverty,LPW,34.2037443,-118.3258449
60374061023,1917.0,7.09,13.3,90.51,Minority,Low_poverty,LPM,34.0844704,-117.8934209
60374049022,2260.0,4.16,13.27,64.74,Minority,Low_poverty,LPM,34.085248,-117.9784159
60379200441,1803.0,52.41,0.67,30.73,White,Low_poverty,LPW,34.4442452,-118.5185921
60374307012,2566.0,28.88,8.95,32.3,Other,Low_poverty,LPO,34.1337923,-118.059923
60373019003,896.0,59.93,6.92,24.11,White,Low_poverty,LPW,34.1550284,-118.2448519
60376034003,1017.0,21.04,5.8,35.01,Other,Low_poverty,LPO,33.8939444,-118.3156334
60375356052,2466.0,0.36,18.38,99.64,Minority,Low_poverty,LPM,33.9477988,-118.2175132
60372941202,1241.0,0.0,21.99,98.47,Minority,Low_poverty,LPM,33.7921551,-118.2482541
60375709013,1581.0,47.19,4.97,30.87,Other,Low_poverty,LPO,33.8502849,-118.1050126
60379010071,1361.0,44.09,6.33,41.36,Other,Low_poverty,LPO,34.6530581,-118.1921028
60376503005,879.0,31.06,5.8,12.29,Other,Low_poverty,LPO,33.861624,-118.3510425
60374305026,1102.0,71.78,13.25,14.16,White,Low_poverty,LPW,34.1628352,-118.0646489
60374072004,791.0,2.28,3.86,62.45,Minority,Low_poverty,LPM,34.0306608,-117.9534294
60372651001,1284.0,85.12,7.01,5.84,White,Low_poverty,LPW,34.0699687,-118.4335059
60373108001,439.0,26.42,23.23,53.99,Minority,Low_poverty,LPM,34.1789659,-118.320342
60376704071,3200.0,29.59,6.44,10.03,Other,Low_poverty,LPO,33.7775007,-118.3848682
60377023003,1107.0,64.68,9.21,12.83,White,Low_poverty,LPW,34.0166584,-118.4624684
60379203291,3166.0,59.22,10.82,29.44,White,Low_poverty,LPW,34.4141967,-118.5527704
60379203142,1094.0,53.75,0.55,40.22,White,Low_poverty,LPW,34.4104728,-118.5229684
60375748001,720.0,59.58,5.28,31.11,White,Low_poverty,LPW,33.7843033,-118.1255658
60372734021,478.0,67.36,3.56,28.87,White,Low_poverty,LPW,33.9906531,-118.4736171
60376017003,947.0,0.0,12.25,100.0,Minority,Low_poverty,LPM,33.9351188,-118.3487106
60375344062,2322.0,2.11,20.81,97.89,Minority,Low_poverty,LPM,33.9632055,-118.175187
60375776021,1491.0,58.48,11.8,14.42,White,Low_poverty,LPW,33.771998,-118.1153619
60375330022,1376.0,0.0,37.79,100.0,Minority,High_poverty,HPM,33.9774543,-118.2380491
60375770002,2554.0,34.18,14.72,46.83,Other,Low_poverty,LPO,33.7798687,-118.1469802
60374069023,806.0,8.06,2.03,50.12,Minority,Low_poverty,LPM,34.0609287,-117.959741
60374068001,1344.0,11.61,4.99,62.8,Minority,Low_poverty,LPM,34.0698685,-117.950676
60372283103,1712.0,0.99,28.48,99.01,Minority,Low_poverty,LPM,34.0109478,-118.262524
60371435002,1095.0,89.59,4.38,4.29,White,Low_poverty,LPW,34.1476425,-118.402455
60372623032,767.0,92.05,0.0,2.74,White,Low_poverty,LPW,34.0620869,-118.4858203
60371233012,2511.0,34.65,10.91,20.91,Other,Low_poverty,LPO,34.2033963,-118.4004752
60372714003,1698.0,78.45,1.24,2.0,White,Low_poverty,LPW,34.0085458,-118.4466629
60374086282,1832.0,13.92,10.26,21.45,Other,Low_poverty,LPO,33.9859984,-117.937442
60376503001,701.0,67.76,10.13,1.43,White,Low_poverty,LPW,33.8742853,-118.3476924
60375776034,2267.0,55.14,6.26,28.14,White,Low_poverty,LPW,33.7726039,-118.1350226
60374825222,787.0,1.14,1.14,53.75,Minority,Low_poverty,LPM,34.0383293,-118.0900379
60371413023,3249.0,61.47,2.93,27.15,White,Low_poverty,LPW,34.1505918,-118.4627102
60375417003,1137.0,0.88,6.33,98.86,Minority,Low_poverty,LPM,33.9140848,-118.201602
60374631021,1571.0,25.4,0.13,60.03,Minority,Low_poverty,LPM,34.1456472,-118.0803248
60374034033,1442.0,7.98,2.08,23.65,Other,Low_poverty,LPO,34.0362419,-117.8475962
60373008003,1442.0,52.08,7.91,8.46,White,Low_poverty,LPW,34.1932686,-118.2232838
60372123062,1770.0,2.2,24.8,60.74,Minority,Low_poverty,LPM,34.0561211,-118.2953275
60375413003,1085.0,0.92,38.53,97.24,Minority,High_poverty,HPM,33.9087552,-118.2420353
60375743005,931.0,62.3,0.0,29.43,White,Low_poverty,LPW,33.7974248,-118.1129675
60374605022,571.0,47.99,0.0,12.61,Other,Low_poverty,LPO,34.2085154,-118.198117
60375351011,1954.0,1.48,38.02,97.08,Minority,High_poverty,HPM,33.9650784,-118.2418519
60372361002,1215.0,3.05,6.34,89.79,Minority,Low_poverty,LPM,34.0090604,-118.3385727
60375303011,1054.0,1.42,22.77,92.5,Minority,Low_poverty,LPM,34.0303305,-118.1537313
60372172001,923.0,44.53,19.83,49.3,Other,Low_poverty,LPO,34.0498848,-118.337448
60371212211,637.0,10.36,13.34,83.99,Minority,Low_poverty,LPM,34.2261232,-118.3925082
60372377202,2845.0,2.18,45.42,97.26,Minority,High_poverty,HPM,33.9693022,-118.2839052
60376206013,1148.0,58.54,4.7,20.03,White,Low_poverty,LPW,33.8677281,-118.3679353
60374087032,4248.0,6.64,7.22,8.12,Other,Low_poverty,LPO,33.9671149,-117.8723569
60375508001,1086.0,9.94,12.25,67.68,Minority,Low_poverty,LPM,33.9519648,-118.1340683
60372322001,998.0,1.3,32.08,98.6,Minority,High_poverty,HPM,34.0016845,-118.2936537
60372292001,1625.0,0.68,23.51,95.82,Minority,Low_poverty,LPM,33.9987371,-118.258258
60375342022,1678.0,1.55,33.55,98.45,Minority,High_poverty,HPM,33.9603388,-118.1632054
60371231043,1768.0,24.38,29.01,65.67,Minority,Low_poverty,LPM,34.1830568,-118.3681257
60372214012,2164.0,7.44,32.72,73.57,Minority,High_poverty,HPM,34.0337005,-118.3114834
60377024004,981.0,35.47,7.24,36.39,Other,Low_poverty,LPO,34.024991,-118.3833822
60371972001,1636.0,9.41,13.45,52.87,Minority,Low_poverty,LPM,34.0890208,-118.2350122
60373001002,1347.0,43.8,0.0,18.04,Other,Low_poverty,LPO,34.2324331,-118.2317281
60374327002,1126.0,1.07,32.06,83.3,Minority,High_poverty,HPM,34.0737075,-118.0377222
60372384001,683.0,3.22,6.0,95.9,Minority,Low_poverty,LPM,33.9572098,-118.3024258
60372351004,1041.0,9.22,4.93,73.49,Minority,Low_poverty,LPM,33.9835525,-118.3519965
60374824022,3072.0,8.63,15.7,27.76,Other,Low_poverty,LPO,34.0453401,-118.0782339
60375409021,1710.0,1.75,18.07,98.25,Minority,Low_poverty,LPM,33.9127785,-118.2674373
60375422003,1395.0,0.0,23.94,99.5,Minority,Low_poverty,LPM,33.8869069,-118.1962941
60375508002,832.0,10.34,6.25,81.01,Minority,Low_poverty,LPM,33.9465748,-118.1379874
60377003002,1332.0,64.04,6.61,25.38,White,Low_poverty,LPW,34.0949224,-118.3723513
60377019022,726.0,60.06,14.05,14.46,White,Low_poverty,LPW,34.0152448,-118.4965831
60375301021,1135.0,13.13,3.96,83.88,Minority,Low_poverty,LPM,34.0146819,-118.1094309
60372086101,1574.0,11.75,17.27,52.1,Minority,Low_poverty,LPM,34.073368,-118.2811939
60375749021,802.0,59.6,9.1,21.2,White,Low_poverty,LPW,33.7939551,-118.1398208
60371903012,2161.0,50.25,22.73,29.1,White,Low_poverty,LPW,34.1036017,-118.3144283
60371417002,1754.0,84.55,2.74,4.27,White,Low_poverty,LPW,34.137222,-118.4362971
60371273002,1454.0,25.45,7.99,58.87,Minority,Low_poverty,LPM,34.203151,-118.4699413
60375700035,641.0,26.37,3.43,36.66,Other,Low_poverty,LPO,33.866534,-118.144558
60374307241,2396.0,11.98,11.27,16.11,Other,Low_poverty,LPO,34.1265087,-118.0639789
60374013041,3091.0,47.75,5.16,39.7,Other,Low_poverty,LPO,34.0852124,-117.8343871
60375730022,1973.0,5.98,33.4,86.52,Minority,High_poverty,HPM,33.7916723,-118.1915475
60375766011,2358.0,60.56,10.86,34.13,White,Low_poverty,LPW,33.7654762,-118.1801363
60379203293,1954.0,68.17,6.76,14.74,White,Low_poverty,LPW,34.4056833,-118.5459327
60374048012,1519.0,8.36,17.59,78.54,Minority,Low_poverty,LPM,34.0804953,-117.9766691
60376505012,852.0,40.49,0.59,18.43,Other,Low_poverty,LPO,33.8537987,-118.3568079
60373015023,2439.0,90.12,26.73,6.4,White,Low_poverty,LPW,34.1766171,-118.294364
60371413022,1271.0,74.51,7.08,20.22,White,Low_poverty,LPW,34.1558663,-118.4596192
60372285003,931.0,0.0,35.45,100.0,Minority,High_poverty,HPM,34.0045952,-118.2712909
60373012031,2180.0,58.81,9.27,29.45,White,Low_poverty,LPW,34.1660523,-118.2580876
60374827012,1258.0,1.99,10.1,77.42,Minority,Low_poverty,LPM,34.0350774,-118.1375338
60379203321,1681.0,66.69,5.17,23.32,White,Low_poverty,LPW,34.3780965,-118.5076452
60374039021,2259.0,34.75,14.83,57.99,Minority,Low_poverty,LPM,34.1144401,-117.8681862
60371065103,1345.0,34.35,8.18,47.43,Other,Low_poverty,LPO,34.3273727,-118.4945615
60371347201,1548.0,15.89,7.75,53.03,Minority,Low_poverty,LPM,34.204656,-118.5646082
60374339021,772.0,0.0,14.9,74.74,Minority,Low_poverty,LPM,34.0533837,-118.0236149
60375760012,2823.0,54.66,7.89,29.4,White,Low_poverty,LPW,33.7641407,-118.1972252
60375344042,1596.0,9.09,20.56,87.47,Minority,Low_poverty,LPM,33.9648118,-118.1906124
60376704073,1608.0,29.54,5.04,10.2,Other,Low_poverty,LPO,33.7709694,-118.3875262
60378003325,1131.0,72.5,0.0,6.28,White,Low_poverty,LPW,34.1595086,-118.7736184
60373007014,1690.0,75.62,2.43,6.75,White,Low_poverty,LPW,34.2038347,-118.2517672
60375765023,827.0,45.47,22.01,46.68,Other,Low_poverty,LPO,33.7692484,-118.1739229
60375768013,2106.0,34.95,31.24,60.88,Minority,High_poverty,HPM,33.7713746,-118.1664097
60375544042,2723.0,18.11,22.22,57.25,Minority,Low_poverty,LPM,33.8719079,-118.129523
60374825022,1759.0,0.74,13.64,24.9,Other,Low_poverty,LPO,34.0589682,-118.1058962
60375510006,782.0,37.47,0.0,51.53,Minority,Low_poverty,LPM,33.9409273,-118.1113423
60374024021,739.0,4.06,10.55,89.17,Minority,Low_poverty,LPM,34.0570586,-117.7792779
60372172004,944.0,17.48,8.47,69.7,Minority,Low_poverty,LPM,34.0514303,-118.3418283
60373001001,1880.0,52.02,1.91,6.54,White,Low_poverty,LPW,34.244967,-118.2314142
60371915002,1806.0,19.88,16.5,52.94,Minority,Low_poverty,LPM,34.0895345,-118.2975832
60374080053,1894.0,7.6,5.54,31.25,Other,Low_poverty,LPO,34.0435423,-117.901222
60371375041,2155.0,87.52,2.83,5.8,White,Low_poverty,LPW,34.1480383,-118.5720594
60375431004,1616.0,0.87,8.73,76.67,Minority,Low_poverty,LPM,33.8844572,-118.242379
60372221001,1849.0,9.9,42.35,82.04,Minority,High_poverty,HPM,34.0273208,-118.2980584
60373007013,821.0,83.43,11.21,7.06,White,Low_poverty,LPW,34.1778002,-118.2310417
60375355012,1684.0,3.15,20.84,94.95,Minority,Low_poverty,LPM,33.9591836,-118.2218932
60379012101,1631.0,54.45,6.01,33.72,White,Low_poverty,LPW,34.6789981,-118.3864277
60375353002,506.0,0.0,48.02,100.0,Minority,High_poverty,HPM,33.9634185,-118.2324384
60374053011,1940.0,11.03,16.13,60.98,Minority,Low_poverty,LPM,34.0894706,-117.9431084
60372287202,1987.0,1.11,28.85,98.89,Minority,Low_poverty,LPM,33.9997618,-118.2499412
60373017022,2118.0,84.7,12.32,4.02,White,Low_poverty,LPW,34.1506142,-118.267185
60372719021,590.0,73.9,0.0,18.99,White,Low_poverty,LPW,34.0126851,-118.4314277
60379201162,4892.0,52.9,7.18,30.78,White,Low_poverty,LPW,34.4800598,-118.632867
60374011023,1020.0,42.84,5.24,27.16,Other,Low_poverty,LPO,34.1268847,-117.8681975
60374016013,1895.0,41.85,10.46,42.79,Other,Low_poverty,LPO,34.1191998,-117.775411
60374811022,765.0,2.61,22.48,15.03,Other,Low_poverty,LPO,34.0992373,-118.0915107
60375743003,842.0,73.52,1.66,15.56,White,Low_poverty,LPW,33.7987955,-118.1225326
60372051101,3904.0,1.51,25.36,96.26,Minority,Low_poverty,LPM,34.0245059,-118.2142985
60376001001,3130.0,0.13,29.87,98.6,Minority,Low_poverty,LPM,33.9576783,-118.2958835
60372766041,2571.0,52.82,13.5,20.42,White,Low_poverty,LPW,33.9567511,-118.4214685
60375536011,3003.0,1.23,16.96,95.31,Minority,Low_poverty,LPM,33.8999556,-118.1714367
60375547002,1930.0,4.09,12.59,75.6,Minority,Low_poverty,LPM,33.884008,-118.0773564
60371094003,1016.0,33.96,22.15,63.29,Minority,Low_poverty,LPM,34.2684914,-118.4629388
60375551031,2231.0,17.75,4.48,48.01,Other,Low_poverty,LPO,33.8424188,-118.0690134
60374034082,1061.0,18.38,5.18,15.55,Other,Low_poverty,LPO,34.0199777,-117.8786925
60375037022,3485.0,33.26,14.03,59.77,Minority,Low_poverty,LPM,33.9206469,-117.9884986
60371923002,741.0,60.32,2.43,14.98,White,Low_poverty,LPW,34.0788063,-118.3310548
60371061111,1404.0,34.05,10.04,57.05,Minority,Low_poverty,LPM,34.3130398,-118.4123239
60375772002,1304.0,48.54,3.76,45.86,Other,Low_poverty,LPO,33.7525713,-118.1586796
60374033123,1026.0,26.71,4.19,31.48,Other,Low_poverty,LPO,34.0262422,-117.8146409
60374083012,1008.0,0.0,18.15,95.63,Minority,Low_poverty,LPM,34.0508956,-118.0045778
60375021003,1642.0,20.58,0.55,78.56,Minority,Low_poverty,LPM,33.9768473,-118.054383
60379200121,1111.0,73.63,8.68,19.26,White,Low_poverty,LPW,34.5927112,-118.3492785
60372161001,701.0,39.09,6.7,14.55,Other,Low_poverty,LPO,34.0589364,-118.336327
60374812022,1988.0,12.53,11.82,31.84,Other,Low_poverty,LPO,34.0988503,-118.0828686
60372965002,1212.0,14.03,36.22,80.86,Minority,High_poverty,HPM,33.7464823,-118.2955396
60374632003,663.0,17.95,1.21,27.6,Other,Low_poverty,LPO,34.1450261,-118.0945606
60374069013,1991.0,4.22,16.17,81.51,Minority,Low_poverty,LPM,34.0560227,-117.9720118
60375026021,1740.0,8.45,24.29,87.01,Minority,Low_poverty,LPM,33.9696904,-118.1014714
60373021024,1040.0,70.96,7.12,18.94,White,Low_poverty,LPW,34.1332936,-118.2395456
60376025072,1989.0,4.98,9.45,91.01,Minority,Low_poverty,LPM,33.9037379,-118.3286638
60374308012,2260.0,14.34,2.04,0.62,Other,Low_poverty,LPO,34.1340381,-118.0239493
60375006003,748.0,5.08,6.95,94.92,Minority,Low_poverty,LPM,34.0103004,-118.0852631
60372770003,1254.0,58.37,8.77,13.63,White,Low_poverty,LPW,33.977138,-118.4005625
60372628021,1392.0,91.67,2.95,1.87,White,Low_poverty,LPW,34.0393744,-118.5146528
60372347003,1250.0,0.0,33.04,98.32,Minority,High_poverty,HPM,33.9872153,-118.3292164
60375748002,1568.0,56.76,15.62,27.93,White,Low_poverty,LPW,33.7799061,-118.126604
60374642002,710.0,10.7,0.42,0.0,Other,Low_poverty,LPO,34.1273015,-118.0983767
60371220002,2560.0,29.77,16.29,61.05,Minority,Low_poverty,LPM,34.2068959,-118.4202166
60374334031,1476.0,0.0,9.49,59.42,Minority,Low_poverty,LPM,34.0649947,-118.0265512
60375430001,1558.0,0.13,11.87,99.16,Minority,Low_poverty,LPM,33.8939773,-118.2558943
60374606003,1287.0,55.56,3.65,7.3,White,Low_poverty,LPW,34.2213971,-118.2196285
60371032002,1986.0,62.29,7.25,28.7,White,Low_poverty,LPW,34.268721,-118.3329709
60379200321,3558.0,57.76,4.63,27.77,White,Low_poverty,LPW,34.4591734,-118.4642304
60379102082,3913.0,18.07,10.4,72.88,Minority,Low_poverty,LPM,34.5916607,-118.1547187
60375707022,792.0,29.55,11.36,51.01,Minority,Low_poverty,LPM,33.8507155,-118.1620237
60371417001,703.0,89.47,4.98,7.26,White,Low_poverty,LPW,34.14218,-118.4274378
60371034005,2580.0,61.94,8.26,18.95,White,Low_poverty,LPW,34.2539688,-118.3183847
60374037222,696.0,12.36,14.8,82.61,Minority,Low_poverty,LPM,34.0914666,-117.867592
60376513041,893.0,76.15,6.16,16.24,White,Low_poverty,LPW,33.8151711,-118.3845445
60372621003,1502.0,78.23,8.79,6.33,White,Low_poverty,LPW,34.108023,-118.4569642
60372397012,1959.0,0.0,46.52,100.0,Minority,High_poverty,HPM,33.9654654,-118.2768056
60375712004,1006.0,53.98,8.15,34.2,White,Low_poverty,LPW,33.8356423,-118.1405624
60376203012,1365.0,71.72,0.95,14.58,White,Low_poverty,LPW,33.8973873,-118.4049137
60371091002,1724.0,23.78,4.52,62.99,Minority,Low_poverty,LPM,34.2786357,-118.4616296
60377029011,3099.0,69.99,3.48,17.01,White,Low_poverty,LPW,33.9715229,-118.453018
60379203381,5711.0,53.2,6.58,18.63,White,Low_poverty,LPW,34.3860838,-118.5964298
60375439031,1591.0,21.37,9.68,51.48,Minority,Low_poverty,LPM,33.829792,-118.25529
60375438013,871.0,18.83,5.28,47.54,Other,Low_poverty,LPO,33.8335005,-118.2754159
60371255022,1040.0,67.31,8.65,24.13,White,Low_poverty,LPW,34.1560236,-118.3639258
60371439021,1810.0,72.93,5.47,17.46,White,Low_poverty,LPW,34.1449071,-118.4199532
60372933011,3108.0,28.22,8.63,15.31,Other,Low_poverty,LPO,33.8111773,-118.3038284
60374828001,924.0,11.36,3.68,29.11,Other,Low_poverty,LPO,34.0365307,-118.1107225
60374816041,1026.0,15.3,3.12,21.15,Other,Low_poverty,LPO,34.0803062,-118.1266621
60375310003,2508.0,1.79,18.66,98.21,Minority,Low_poverty,LPM,34.0401772,-118.172524
60375001002,1470.0,38.3,1.38,54.42,Minority,Low_poverty,LPM,33.95103,-117.9519989
60373004003,1373.0,41.66,0.0,16.02,Other,Low_poverty,LPO,34.2291003,-118.2552218
60374310021,1607.0,43.19,12.63,33.54,Other,Low_poverty,LPO,34.1428708,-117.9827085
60374022002,2564.0,23.56,11.29,71.61,Minority,Low_poverty,LPM,34.075202,-117.7597671
60373021022,1414.0,52.62,13.04,32.67,White,Low_poverty,LPW,34.1360573,-118.2363963
60375717013,2268.0,16.05,14.42,67.5,Minority,Low_poverty,LPM,33.8432567,-118.2013317
60377028032,1182.0,29.78,5.81,52.87,Minority,Low_poverty,LPM,33.9981052,-118.4303512
60375717042,919.0,8.92,30.69,77.91,Minority,High_poverty,HPM,33.8514412,-118.1890699
60375305003,1263.0,0.0,22.17,89.07,Minority,Low_poverty,LPM,34.034755,-118.1653472
60374013043,1518.0,41.17,3.16,20.76,Other,Low_poverty,LPO,34.0760542,-117.8355389
60375700011,1321.0,23.77,1.89,33.99,Other,Low_poverty,LPO,33.8634563,-118.1126172
60375742013,692.0,44.94,0.0,38.87,Other,Low_poverty,LPO,33.8006117,-118.1311358
60375353005,1489.0,0.0,69.31,100.0,Minority,High_poverty,HPM,33.958546,-118.2408691
60371235201,2816.0,38.42,24.33,58.35,Minority,Low_poverty,LPM,34.1884912,-118.423608
60372095102,1892.0,3.22,37.25,72.41,Minority,High_poverty,HPM,34.0535809,-118.2830007
60376512012,876.0,69.06,2.63,11.87,White,Low_poverty,LPW,33.8173895,-118.3692016
60371311003,1250.0,35.36,6.16,60.24,Minority,Low_poverty,LPM,34.2102315,-118.5055
60375425011,2803.0,0.0,24.65,82.95,Minority,Low_poverty,LPM,33.8919181,-118.2350957
60375705021,2187.0,6.22,12.21,66.53,Minority,Low_poverty,LPM,33.8719176,-118.1708344
60376023011,1693.0,19.31,5.02,74.96,Minority,Low_poverty,LPM,33.914242,-118.3641506
60379012054,2316.0,69.08,4.62,26.6,White,Low_poverty,LPW,34.6777687,-118.2847991
60374640004,977.0,58.85,10.64,25.79,White,Low_poverty,LPW,34.1326189,-118.1397773
60374321025,1436.0,10.45,10.29,17.06,Other,Low_poverty,LPO,34.0894491,-118.0601407
60375319012,1041.0,4.9,21.13,95.1,Minority,Low_poverty,LPM,34.015097,-118.1406431
60371247001,1097.0,82.32,0.0,7.47,White,Low_poverty,LPW,34.1662701,-118.4178422
60371113022,3762.0,27.11,16.42,44.13,Other,Low_poverty,LPO,34.2539762,-118.5172112
60377025011,961.0,49.43,0.21,30.8,Other,Low_poverty,LPO,34.0178421,-118.3998626
60375545142,1277.0,13.16,5.17,20.21,Other,Low_poverty,LPO,33.8747481,-118.0723453
60372360003,709.0,18.9,5.64,75.04,Minority,Low_poverty,LPM,34.0193589,-118.3688713
60375509012,720.0,15.0,18.47,73.48,Minority,Low_poverty,LPM,33.9427958,-118.1245823
60372761003,730.0,6.44,0.0,77.13,Minority,Low_poverty,LPM,33.9820409,-118.3676359
60371204002,683.0,8.35,23.43,81.11,Minority,Low_poverty,LPM,34.2233217,-118.4312124
60375703031,1990.0,2.36,15.88,82.01,Minority,Low_poverty,LPM,33.8597139,-118.1874434
60375540013,875.0,8.91,21.37,67.88,Minority,Low_poverty,LPM,33.8984404,-118.136865
60374082121,2829.0,9.86,6.44,33.01,Other,Low_poverty,LPO,33.9911266,-117.8751638
60375356041,1650.0,0.61,26.0,99.39,Minority,Low_poverty,LPM,33.9515543,-118.2269447
60377018015,2822.0,20.09,10.38,49.01,Other,Low_poverty,LPO,34.0238727,-118.4713521
60375722023,917.0,19.63,18.82,63.36,Minority,Low_poverty,LPM,33.8071029,-118.1972091
60376707013,1302.0,50.84,1.84,24.88,White,Low_poverty,LPW,33.7537903,-118.3138931
60376510024,1119.0,24.31,5.99,48.44,Other,Low_poverty,LPO,33.8083636,-118.3239442
60372284202,2625.0,0.53,42.69,99.47,Minority,High_poverty,HPM,34.0089277,-118.2710857
60375032013,1581.0,11.26,4.3,88.3,Minority,Low_poverty,LPM,33.9359471,-118.0263134
60372345021,675.0,0.3,25.63,98.08,Minority,Low_poverty,LPM,34.0018645,-118.3192513
60375737003,1170.0,60.68,2.48,27.26,White,Low_poverty,LPW,33.8205684,-118.1123617
60372753112,1532.0,44.58,11.55,33.35,Other,Low_poverty,LPO,33.9907073,-118.4263998
60375744003,829.0,78.77,3.38,17.01,White,Low_poverty,LPW,33.8035911,-118.1042716
60372282203,1491.0,1.14,23.22,95.5,Minority,Low_poverty,LPM,34.0056141,-118.2534135
60372384004,1492.0,0.47,32.1,99.33,Minority,High_poverty,HPM,33.9545268,-118.3133649
60375034012,1669.0,25.7,5.41,67.17,Minority,Low_poverty,LPM,33.9319538,-117.9805944
60375528004,1306.0,14.17,2.22,78.79,Minority,Low_poverty,LPM,33.9002663,-118.0955952
60375715044,1257.0,32.38,9.79,52.66,Minority,Low_poverty,LPM,33.8409081,-118.1733954
60374045011,2789.0,4.84,12.37,86.37,Minority,Low_poverty,LPM,34.1109251,-117.9220312
60372240202,1772.0,2.65,48.52,96.22,Minority,High_poverty,HPM,34.0276281,-118.2663739
60372198003,785.0,5.61,14.36,84.33,Minority,Low_poverty,LPM,34.0317404,-118.3546794
60372041202,1552.0,1.48,23.2,96.07,Minority,Low_poverty,LPM,34.0331958,-118.1996073
60373114002,1314.0,69.1,2.92,19.33,White,Low_poverty,LPW,34.1625315,-118.3524477
60375733002,1039.0,2.89,8.47,51.4,Minority,Low_poverty,LPM,33.7917114,-118.1744707
60376707024,1435.0,57.14,1.6,4.46,White,Low_poverty,LPW,33.7431632,-118.3303357
60372315001,2104.0,0.95,21.82,91.73,Minority,Low_poverty,LPM,34.0072817,-118.30673
60377017011,1569.0,61.57,9.37,18.29,White,Low_poverty,LPW,34.0357546,-118.4680091
60372382004,1253.0,0.0,19.75,98.25,Minority,Low_poverty,LPM,33.9650781,-118.3020422
60379103021,1200.0,48.67,2.86,43.75,Other,Low_poverty,LPO,34.6237738,-118.2318173
60375430004,879.0,6.83,10.47,90.9,Minority,Low_poverty,LPM,33.8891591,-118.2593614
60376707021,2250.0,78.09,1.2,8.85,White,Low_poverty,LPW,33.7660977,-118.3281692
60375007004,1432.0,6.15,19.32,93.86,Minority,Low_poverty,LPM,33.9877094,-118.0971522
60375002021,893.0,25.31,0.0,68.53,Minority,Low_poverty,LPM,33.9526867,-117.9922264
60374087061,1835.0,12.1,4.58,17.16,Other,Low_poverty,LPO,33.9765828,-117.8687084
60372933071,1409.0,11.43,17.6,63.81,Minority,Low_poverty,LPM,33.785885,-118.3016415
60371925102,2154.0,4.55,27.02,64.9,Minority,Low_poverty,LPM,34.0817041,-118.3068685
60371973002,1106.0,32.64,17.27,41.69,Other,Low_poverty,LPO,34.0760196,-118.2518383
60378003323,784.0,72.7,1.91,12.88,White,Low_poverty,LPW,34.1648313,-118.7792825
60375545211,2065.0,25.18,3.68,35.11,Other,Low_poverty,LPO,33.8699117,-118.0995698
60377032006,1183.0,2.37,8.77,93.49,Minority,Low_poverty,LPM,33.9912292,-118.3411173
60375722021,553.0,23.33,3.0,58.41,Minority,Low_poverty,LPM,33.8083785,-118.1883082
60374006041,735.0,55.65,4.65,35.64,White,Low_poverty,LPW,34.1515534,-117.9087428
60375505001,2152.0,10.27,4.32,86.8,Minority,Low_poverty,LPM,33.9522986,-118.1017791
60374607001,1039.0,33.88,11.16,37.25,Other,Low_poverty,LPO,34.1920014,-118.1861968
60379203361,1243.0,30.49,8.23,57.12,Minority,Low_poverty,LPM,34.3839861,-118.5405498
60374320001,2050.0,17.37,11.52,21.02,Other,Low_poverty,LPO,34.1030969,-118.0415678
60374611004,1514.0,6.34,11.36,90.62,Minority,Low_poverty,LPM,34.1860412,-118.1474729
60374808033,959.0,8.76,6.99,57.77,Minority,Low_poverty,LPM,34.0886935,-118.1562032
60374611002,2035.0,36.07,11.06,56.75,Minority,Low_poverty,LPM,34.1819568,-118.1381151
60379008061,2279.0,16.02,46.76,83.15,Minority,High_poverty,HPM,34.6966688,-118.1388777
60374085051,1312.0,21.42,15.9,50.92,Minority,Low_poverty,LPM,34.0036134,-117.9813123
60376506022,1837.0,24.5,17.53,19.32,Other,Low_poverty,LPO,33.8393313,-118.3647495
60374311001,2063.0,9.36,2.86,62.33,Minority,Low_poverty,LPM,34.1370907,-117.9913449
60376003042,1180.0,0.0,21.27,94.4,Minority,Low_poverty,LPM,33.9322424,-118.2944055
60378003322,1029.0,66.38,3.98,15.84,White,Low_poverty,LPW,34.158979,-118.7846157
60375429002,1414.0,2.12,17.6,96.47,Minority,Low_poverty,LPM,33.8904699,-118.244593
60372032002,1857.0,5.65,25.14,93.16,Minority,Low_poverty,LPM,34.0503034,-118.195202
60375039023,1796.0,24.22,2.9,62.64,Minority,Low_poverty,LPM,33.8993595,-118.0247861
60375032021,2753.0,8.14,13.24,80.5,Minority,Low_poverty,LPM,33.9376285,-118.0337696
60377007001,1073.0,78.94,1.03,1.03,White,Low_poverty,LPW,34.0885596,-118.4193895
60377018023,1099.0,50.86,18.65,36.58,White,Low_poverty,LPW,34.0147404,-118.4829885
60377012014,961.0,69.51,5.3,10.82,White,Low_poverty,LPW,34.0409383,-118.4985316
60377013022,2525.0,73.43,6.93,8.6,White,Low_poverty,LPW,34.0258741,-118.4997298
60377013021,2343.0,81.95,2.52,7.81,White,Low_poverty,LPW,34.0293243,-118.4954811
60371924202,2799.0,11.18,5.18,51.63,Minority,Low_poverty,LPM,34.0782708,-118.3113322
60377026002,1310.0,48.7,1.22,45.95,Other,Low_poverty,LPO,33.9952184,-118.3888153
60374322022,840.0,11.43,8.21,33.45,Other,Low_poverty,LPO,34.0850883,-118.070398
60375762003,1275.0,19.61,44.86,73.81,Minority,High_poverty,HPM,33.7708089,-118.1861813
60371277111,3003.0,26.57,24.48,65.5,Minority,Low_poverty,LPM,34.1908674,-118.4704056
60373106013,1707.0,47.98,4.66,31.29,Other,Low_poverty,LPO,34.1947463,-118.3276527
60375323032,2557.0,2.31,18.95,95.26,Minority,Low_poverty,LPM,33.9984465,-118.1523823
60375026022,1190.0,11.6,9.92,86.64,Minority,Low_poverty,LPM,33.9648047,-118.1034523
60371065102,2397.0,5.01,6.63,90.07,Minority,Low_poverty,LPM,34.3162264,-118.4723305
60374622021,1350.0,51.19,18.96,23.11,White,Low_poverty,LPW,34.1489344,-118.1346471
60371132132,2052.0,25.44,5.07,38.89,Other,Low_poverty,LPO,34.2535956,-118.6005764
60371397024,2770.0,83.75,4.04,8.95,White,Low_poverty,LPW,34.1365757,-118.5094499
60372732003,751.0,59.52,1.2,30.76,White,Low_poverty,LPW,33.9973133,-118.4641187
60372201003,709.0,6.63,16.36,79.97,Minority,Low_poverty,LPM,34.0240836,-118.3744541
60372197001,1426.0,0.07,3.51,93.9,Minority,Low_poverty,LPM,34.0308383,-118.3478247
60372200002,865.0,8.55,14.91,75.84,Minority,Low_poverty,LPM,34.0253523,-118.3377241
60372185002,1510.0,6.36,17.95,85.16,Minority,Low_poverty,LPM,34.0364881,-118.3520356
60371974101,1198.0,47.66,11.02,28.8,Other,Low_poverty,LPO,34.0945966,-118.247794
60371951004,1451.0,66.78,4.48,9.51,White,Low_poverty,LPW,34.0979643,-118.2709984
60371951002,612.0,58.01,0.0,21.57,White,Low_poverty,LPW,34.0992543,-118.2615014
60372110002,587.0,40.2,6.81,2.04,Other,Low_poverty,LPO,34.0645238,-118.3261586
60371926202,1678.0,5.6,14.35,68.18,Minority,Low_poverty,LPM,34.0776502,-118.2980329
60371925101,1686.0,7.89,10.26,37.07,Other,Low_poverty,LPO,34.0780633,-118.3068454
60374071013,962.0,6.76,19.75,85.34,Minority,Low_poverty,LPM,34.0473163,-117.9713806
60374087222,2077.0,10.26,10.26,27.44,Other,Low_poverty,LPO,33.9683272,-117.8987881
60379200421,1909.0,49.35,10.14,28.75,Other,Low_poverty,LPO,34.3914805,-118.4813555
60379200302,2225.0,47.73,2.25,32.49,Other,Low_poverty,LPO,34.4150576,-118.4823423
60379200361,984.0,27.64,34.45,68.4,Minority,High_poverty,HPM,34.4207092,-118.4786235
60379200301,2863.0,30.49,7.65,58.09,Minority,Low_poverty,LPM,34.4151825,-118.4941266
60379200183,412.0,74.51,5.58,22.09,White,Low_poverty,LPW,34.4523979,-118.530799
60379200281,7091.0,42.03,4.02,37.06,Other,Low_poverty,LPO,34.4392803,-118.4869105
60374003042,1711.0,23.14,8.16,45.12,Other,Low_poverty,LPO,34.1049693,-117.7979719
60371219002,1297.0,12.8,11.25,87.2,Minority,Low_poverty,LPM,34.2138944,-118.3834176
60371219001,1421.0,10.84,18.1,84.94,Minority,Low_poverty,LPM,34.2102684,-118.3834166
60371210202,1989.0,20.36,22.02,68.22,Minority,Low_poverty,LPM,34.2102868,-118.4008841
60371200202,1419.0,0.0,37.64,69.0,Minority,High_poverty,HPM,34.2197182,-118.4520295
60379201041,2933.0,63.08,2.25,26.67,White,Low_poverty,LPW,34.5728918,-118.743322
60379108071,3639.0,50.37,6.05,40.12,White,Low_poverty,LPW,34.4428417,-118.4130356
60379106031,1875.0,18.83,9.71,77.76,Minority,Low_poverty,LPM,34.5695873,-118.0802327
60379106011,2191.0,10.41,22.32,85.48,Minority,Low_poverty,LPM,34.5837789,-118.0874815
60374061012,1443.0,21.14,10.53,60.98,Minority,Low_poverty,LPM,34.0887933,-117.8876199
60374314003,1492.0,11.06,7.57,38.94,Other,Low_poverty,LPO,34.108304,-118.0074688
60374317005,1886.0,12.94,6.91,6.15,Other,Low_poverty,LPO,34.1225071,-118.0502098
60379200342,1245.0,17.91,26.2,65.62,Minority,Low_poverty,LPM,34.4368829,-118.4407718
60379203343,2680.0,53.36,14.69,28.7,White,Low_poverty,LPW,34.3918263,-118.5670578
60371813002,955.0,47.96,6.28,30.05,Other,Low_poverty,LPO,34.139541,-118.2250667
60374308023,736.0,5.98,13.72,1.63,Other,Low_poverty,LPO,34.1263236,-118.0225773
60374322021,1486.0,1.95,15.34,29.95,Other,Low_poverty,LPO,34.0847186,-118.0650747
60374635001,1970.0,42.89,8.92,24.93,Other,Low_poverty,LPO,34.1429574,-118.1243484
60374629001,1774.0,45.49,2.37,38.38,Other,Low_poverty,LPO,34.1559438,-118.0852681
60374625003,2307.0,59.38,14.87,30.21,White,Low_poverty,LPW,34.1666722,-118.1057541
60374631022,1304.0,18.56,2.61,10.12,Other,Low_poverty,LPO,34.1320092,-118.0819976
60379203302,680.0,76.18,0.0,16.62,White,Low_poverty,LPW,34.4022209,-118.568512
60379201071,6295.0,49.56,3.37,21.48,Other,Low_poverty,LPO,34.4525395,-118.577517
60374013113,672.0,78.57,8.18,8.48,White,Low_poverty,LPW,34.1013953,-117.8138052
60374086272,977.0,14.53,5.94,27.12,Other,Low_poverty,LPO,33.9772411,-117.9132302
60374046001,891.0,13.24,7.88,84.85,Minority,Low_poverty,LPM,34.0988884,-117.9380984
60374039023,2060.0,50.92,2.85,33.78,White,Low_poverty,LPW,34.1116203,-117.8768564
60374011021,1267.0,29.52,10.82,37.88,Other,Low_poverty,LPO,34.1326402,-117.8694157
60371235101,2929.0,30.93,20.31,55.17,Minority,Low_poverty,LPM,34.1966753,-118.4290719
60371232051,1477.0,14.15,16.93,84.22,Minority,Low_poverty,LPM,34.1921218,-118.3817756
60371230201,2256.0,7.23,15.41,87.99,Minority,Low_poverty,LPM,34.2066121,-118.3666366
60371224201,912.0,27.52,16.67,63.26,Minority,Low_poverty,LPM,34.2066408,-118.3834162
60374324021,3395.0,10.46,15.23,46.45,Other,Low_poverty,LPO,34.0822544,-118.022878
60374320003,1744.0,12.79,3.33,18.41,Other,Low_poverty,LPO,34.1010727,-118.0552759
60374320004,785.0,29.55,8.79,16.69,Other,Low_poverty,LPO,34.1053884,-118.0566545
60374304001,1793.0,28.17,8.42,5.74,Other,Low_poverty,LPO,34.1632548,-118.0252477
60374321012,1369.0,20.09,8.77,9.28,Other,Low_poverty,LPO,34.0938142,-118.0445927
60374318003,1807.0,19.42,6.97,8.69,Other,Low_poverty,LPO,34.1166801,-118.0627214
60379203123,2439.0,45.8,12.44,44.82,Other,Low_poverty,LPO,34.3629821,-118.5258812
60375319014,880.0,0.57,28.29,98.75,Minority,Low_poverty,LPM,34.0102146,-118.1426394
60375354002,442.0,0.0,31.67,100.0,Minority,High_poverty,HPM,33.9538191,-118.2317164
60375402032,1425.0,2.88,27.72,96.21,Minority,Low_poverty,LPM,33.9291623,-118.2083629
60371349011,1377.0,44.44,22.8,45.17,Other,Low_poverty,LPO,34.1884089,-118.5577371
60371347101,3139.0,9.46,23.73,82.76,Minority,Low_poverty,LPM,34.206505,-118.5775519
60371347203,1382.0,20.48,32.63,52.1,Minority,High_poverty,HPM,34.2059097,-118.5731864
60371344221,1484.0,51.08,2.36,22.38,White,Low_poverty,LPW,34.2015768,-118.6253096
60371343023,1385.0,57.76,9.32,19.85,White,Low_poverty,LPW,34.2184168,-118.62453
60371343042,1991.0,33.55,10.65,39.03,Other,Low_poverty,LPO,34.2137693,-118.6114944
60371310102,3679.0,18.92,14.49,56.78,Minority,Low_poverty,LPM,34.2138101,-118.5414914
60371342013,2044.0,15.66,12.44,65.55,Minority,Low_poverty,LPM,34.2150214,-118.593971
60371341032,1950.0,36.0,7.8,33.95,Other,Low_poverty,LPO,34.2145795,-118.5823193
60375308022,1609.0,2.86,17.35,96.33,Minority,Low_poverty,LPM,34.0542686,-118.1798224
60371114002,1873.0,47.25,16.45,33.52,Other,Low_poverty,LPO,34.2603409,-118.4946708
60375323033,963.0,0.0,7.68,97.3,Minority,Low_poverty,LPM,34.0024848,-118.1412157
60372966004,2085.0,10.79,12.37,86.29,Minority,Low_poverty,LPM,33.7421579,-118.2945139
60372963002,3675.0,44.11,13.88,27.43,Other,Low_poverty,LPO,33.7556007,-118.3034476
60374321021,1735.0,6.86,3.4,28.41,Other,Low_poverty,LPO,34.0945522,-118.0519976
60374812021,3309.0,4.2,11.66,35.15,Other,Low_poverty,LPO,34.0970053,-118.0771525
60374300024,1110.0,21.62,1.26,37.03,Other,Low_poverty,LPO,34.1401945,-117.9576956
60374808031,964.0,19.5,14.63,47.51,Other,Low_poverty,LPO,34.0921317,-118.1551814
60374812012,1466.0,4.57,9.76,25.03,Other,Low_poverty,LPO,34.0932897,-118.0706594
60374324022,1929.0,8.19,41.84,68.12,Minority,High_poverty,HPM,34.0872083,-118.0325539
60374811035,797.0,4.52,11.79,24.72,Other,Low_poverty,LPO,34.091588,-118.1030421
60374803021,1340.0,12.91,7.31,47.46,Other,Low_poverty,LPO,34.1034279,-118.1173013
60377003001,1761.0,78.76,3.41,7.27,White,Low_poverty,LPW,34.0924156,-118.3707266
60372015013,2843.0,4.5,17.55,86.25,Minority,Low_poverty,LPM,34.0856637,-118.1666537
60371956001,740.0,27.3,54.05,69.59,Minority,High_poverty,HPM,34.0804868,-118.2620795
60371973003,1587.0,52.43,12.41,33.58,White,Low_poverty,LPW,34.0792213,-118.2537144
60371923001,364.0,62.36,1.92,6.59,White,Low_poverty,LPW,34.0798527,-118.3243382
60371914201,1986.0,17.22,12.94,59.11,Minority,Low_poverty,LPM,34.0851232,-118.2892831
60371917102,2031.0,12.16,39.98,77.06,Minority,High_poverty,HPM,34.0850913,-118.3113449
60371894002,616.0,71.75,3.99,12.02,White,Low_poverty,LPW,34.1123364,-118.3236073
60371871021,969.0,26.52,6.91,55.11,Minority,Low_poverty,LPM,34.1109957,-118.2573273
60371831012,1115.0,31.66,22.33,46.28,Other,Low_poverty,LPO,34.1258889,-118.1810541
60371861003,1691.0,27.03,7.98,34.65,Other,Low_poverty,LPO,34.1265099,-118.2260148
60371815003,1285.0,32.76,3.5,46.46,Other,Low_poverty,LPO,34.1326749,-118.1869525
60379201061,3381.0,32.39,4.08,63.88,Minority,Low_poverty,LPM,34.4444857,-118.6737987
60371374022,1181.0,96.36,0.0,0.0,White,Low_poverty,LPW,34.1564754,-118.6283172
60371374012,1100.0,84.82,6.45,12.82,White,Low_poverty,LPW,34.1516925,-118.6095606
60371374011,1105.0,52.22,0.0,22.54,White,Low_poverty,LPW,34.1667059,-118.6078524
60371352011,1922.0,45.42,5.41,29.6,Other,Low_poverty,LPO,34.1903616,-118.6261323
60373108002,879.0,68.71,14.33,13.54,White,Low_poverty,LPW,34.1764069,-118.3185171
60373103003,457.0,72.21,0.0,5.03,White,Low_poverty,LPW,34.1993587,-118.319916
60379108082,1645.0,71.37,0.43,20.12,White,Low_poverty,LPW,34.4409066,-118.3963919
60372124201,1937.0,4.8,22.04,57.36,Minority,Low_poverty,LPM,34.0567909,-118.3019772
60372123051,3025.0,4.3,28.25,73.35,Minority,Low_poverty,LPM,34.0561038,-118.2981624
60374082022,1013.0,2.76,21.38,88.06,Minority,Low_poverty,LPM,34.0199109,-117.9605734
60372653051,3990.0,34.91,64.07,19.17,Other,High_poverty,HPO,34.0626944,-118.4490224
60372655102,1692.0,59.4,38.89,16.49,White,High_poverty,HPW,34.0543593,-118.4416853
60372643011,1210.0,81.74,10.91,4.38,White,Low_poverty,LPW,34.0521472,-118.466827
60372161002,781.0,47.76,10.63,41.23,Other,Low_poverty,LPO,34.055026,-118.337562
60377024005,762.0,43.18,7.74,37.4,Other,Low_poverty,LPO,34.0289381,-118.3776514
60371895002,2187.0,65.39,21.95,19.48,White,Low_poverty,LPW,34.1077046,-118.3240616
60374081341,2760.0,10.51,13.84,35.25,Other,Low_poverty,LPO,34.0224507,-117.8980812
60374807021,1427.0,35.81,1.82,6.37,Other,Low_poverty,LPO,34.1024029,-118.168476
60374640001,1340.0,52.46,24.1,6.27,White,Low_poverty,LPW,34.1204173,-118.1379639
60374635002,1246.0,49.68,2.88,18.94,Other,Low_poverty,LPO,34.1351094,-118.1264762
60374609004,880.0,45.11,7.39,47.16,Other,Low_poverty,LPO,34.1786262,-118.1666074
60373002002,952.0,70.06,7.35,1.58,White,Low_poverty,LPW,34.227659,-118.2362466
60373008001,2388.0,58.38,9.84,20.68,White,Low_poverty,LPW,34.1739106,-118.2237225
60373014001,953.0,71.67,0.73,5.56,White,Low_poverty,LPW,34.1860375,-118.2789506
60373014004,1007.0,84.01,1.09,0.99,White,Low_poverty,LPW,34.1841531,-118.2858495
60373110001,690.0,36.38,1.3,50.0,Minority,Low_poverty,LPM,34.1896852,-118.3470412
60373109001,1189.0,40.71,4.58,39.03,Other,Low_poverty,LPO,34.1855023,-118.3267639
60374070013,1936.0,3.15,6.53,94.47,Minority,Low_poverty,LPM,34.0585682,-117.9779565
60374065004,1101.0,5.9,5.37,43.05,Other,Low_poverty,LPO,34.0663578,-117.9188723
60374051011,2791.0,2.22,3.51,71.98,Minority,Low_poverty,LPM,34.0957799,-117.9573014
60374062001,1135.0,32.25,9.36,51.9,Minority,Low_poverty,LPM,34.0748295,-117.891637
60374054002,1133.0,6.0,0.0,80.85,Minority,Low_poverty,LPM,34.0901249,-117.9290951
60374824011,583.0,3.43,2.57,32.93,Other,Low_poverty,LPO,34.0710987,-118.0864165
60374827014,1738.0,5.98,9.03,47.35,Other,Low_poverty,LPO,34.0378465,-118.1436388
60371375011,4129.0,64.42,5.91,22.87,White,Low_poverty,LPW,34.1638469,-118.579474
60374821021,1982.0,5.35,11.83,38.95,Other,Low_poverty,LPO,34.0504032,-118.1312373
60374821013,2127.0,7.66,14.15,17.3,Other,Low_poverty,LPO,34.0580438,-118.1350755
60374818003,655.0,11.3,6.94,37.4,Other,Low_poverty,LPO,34.064137,-118.1446355
60374818001,588.0,20.58,5.44,25.68,Other,Low_poverty,LPO,34.0683628,-118.1392985
60375332012,1794.0,3.07,23.91,96.93,Minority,Low_poverty,LPM,33.9817312,-118.2065265
60375007005,1340.0,1.49,11.04,98.51,Minority,Low_poverty,LPM,33.9877203,-118.1012504
60375009001,1005.0,3.08,4.28,91.84,Minority,Low_poverty,LPM,33.9931133,-118.0767773
60376018022,1435.0,5.64,18.26,94.36,Minority,Low_poverty,LPM,33.9400094,-118.354733
60379200431,7130.0,38.72,4.5,30.28,Other,Low_poverty,LPO,34.3909956,-118.4411518
60379200261,386.0,60.62,33.07,20.73,White,High_poverty,HPW,34.477891,-118.4302105
60373015022,2530.0,71.9,17.51,11.58,White,Low_poverty,LPW,34.1725704,-118.2889506
60371133032,1749.0,47.46,7.94,38.71,Other,Low_poverty,LPO,34.2445413,-118.5808921
60371132121,1217.0,38.46,4.11,34.92,Other,Low_poverty,LPO,34.2602958,-118.6056264
60371200102,980.0,6.73,7.27,81.43,Minority,Low_poverty,LPM,34.2165583,-118.4622596
60371199002,1996.0,10.37,2.71,64.73,Minority,Low_poverty,LPM,34.230381,-118.4442639
60373008004,1402.0,55.78,16.9,12.62,White,Low_poverty,LPW,34.1848678,-118.223071
60374310013,1941.0,29.52,14.63,50.13,Minority,Low_poverty,LPM,34.1484749,-118.0008306
60374605023,805.0,37.76,3.85,13.17,Other,Low_poverty,LPO,34.2094902,-118.2023595
60374606001,1433.0,63.36,16.23,7.82,White,Low_poverty,LPW,34.2328874,-118.2170443
60374612001,918.0,83.33,0.0,7.95,White,Low_poverty,LPW,34.1773825,-118.1016504
60374606002,976.0,70.08,0.0,3.18,White,Low_poverty,LPW,34.217065,-118.2140618
60379007031,1269.0,21.43,23.1,60.21,Minority,Low_poverty,LPM,34.6819672,-118.1610765
60379006061,2667.0,23.85,27.15,72.44,Minority,Low_poverty,LPM,34.7004465,-118.1192868
60379200151,3036.0,60.8,1.98,27.37,White,Low_poverty,LPW,34.4660275,-118.537203
60379005041,1468.0,23.57,33.99,68.94,Minority,High_poverty,HPM,34.6598444,-118.1224747
60379011021,2255.0,45.45,11.93,40.31,Other,Low_poverty,LPO,34.6522842,-118.2062819
60374610004,1691.0,10.35,15.83,79.0,Minority,Low_poverty,LPM,34.1855713,-118.167131
60374603023,1036.0,22.49,9.46,72.29,Minority,Low_poverty,LPM,34.193503,-118.1516273
60374638002,953.0,57.29,6.09,19.41,White,Low_poverty,LPW,34.132744,-118.1791004
60371393032,1481.0,51.32,15.25,39.16,White,Low_poverty,LPW,34.1735837,-118.5330852
60372340005,585.0,2.91,33.8,94.87,Minority,High_poverty,HPM,34.0072508,-118.3187262
60372343001,1212.0,3.3,7.8,90.51,Minority,Low_poverty,LPM,34.007721,-118.3247103
60372147001,946.0,71.88,7.42,16.6,White,Low_poverty,LPW,34.0660499,-118.3630925
60372133202,1163.0,2.84,17.97,75.5,Minority,Low_poverty,LPM,34.0508784,-118.294747
60372129001,1335.0,20.6,11.67,36.4,Other,Low_poverty,LPO,34.0490647,-118.3193226
60372128003,873.0,10.77,15.01,67.01,Minority,Low_poverty,LPM,34.0525827,-118.3338194
60372126202,2287.0,7.43,22.3,36.2,Other,Low_poverty,LPO,34.05575,-118.311535
60375772003,1341.0,66.52,4.1,18.71,White,Low_poverty,LPW,33.7622638,-118.1523665
60375029021,1655.0,5.8,8.28,80.42,Minority,Low_poverty,LPM,33.949869,-118.0508857
60375749013,1230.0,54.63,8.7,22.2,White,Low_poverty,LPW,33.7907188,-118.1279111
60376511012,2547.0,22.77,2.87,8.99,Other,Low_poverty,LPO,33.8078567,-118.3379141
60376705001,1513.0,71.32,1.65,7.27,White,Low_poverty,LPW,33.7600185,-118.3471668
60371398021,4126.0,73.17,6.92,11.85,White,Low_poverty,LPW,34.142864,-118.5563556
60372718022,3077.0,33.83,6.01,39.38,Other,Low_poverty,LPO,34.0194715,-118.4103492
60372181102,1211.0,8.34,23.37,80.51,Minority,Low_poverty,LPM,34.0418282,-118.3269275
60371416001,1991.0,65.95,11.95,17.37,White,Low_poverty,LPW,34.1391718,-118.4561069
60371434004,1455.0,84.54,1.03,2.2,White,Low_poverty,LPW,34.1542498,-118.419061
60371397015,762.0,58.01,0.92,19.69,White,Low_poverty,LPW,34.165788,-118.4984115
60371375023,1655.0,60.12,7.07,20.24,White,Low_poverty,LPW,34.1626522,-118.6022137
60371271021,1191.0,24.77,29.39,68.43,Minority,Low_poverty,LPM,34.2078333,-118.4446159
60371256001,841.0,73.96,3.09,11.06,White,Low_poverty,LPW,34.1618652,-118.3578142
60371251003,596.0,61.07,36.58,35.57,White,High_poverty,HPW,34.1607985,-118.3899314
60373021025,1003.0,44.17,4.79,6.08,Other,Low_poverty,LPO,34.1295336,-118.2381121
60373011005,1612.0,85.05,8.5,6.95,White,Low_poverty,LPW,34.1625607,-118.2524605
60379003001,5613.0,29.98,20.97,56.78,Minority,Low_poverty,LPM,34.7401046,-118.0881554
60374058002,1655.0,9.18,3.78,70.39,Minority,Low_poverty,LPM,34.1032329,-117.9132324
60371310201,2971.0,9.93,19.19,74.55,Minority,Low_poverty,LPM,34.2034007,-118.5401318
60371319002,830.0,50.84,3.61,42.53,White,Low_poverty,LPW,34.2043504,-118.5072537
60371247003,2023.0,65.5,7.61,26.44,White,Low_poverty,LPW,34.159789,-118.4120733
60371240003,1490.0,50.54,11.74,34.77,White,Low_poverty,LPW,34.1617443,-118.403266
60379107091,2039.0,32.07,7.29,65.82,Minority,Low_poverty,LPM,34.5285118,-118.0410758
60379203312,1131.0,60.92,7.44,21.75,White,Low_poverty,LPW,34.3962064,-118.5473327
60378003261,1698.0,70.91,5.65,23.02,White,Low_poverty,LPW,34.1356669,-118.7829026
60378003262,1047.0,77.55,4.01,15.66,White,Low_poverty,LPW,34.1135143,-118.8188079
60373117002,1151.0,77.58,1.48,13.9,White,Low_poverty,LPW,34.1643755,-118.3224973
60376203011,1104.0,77.72,6.25,8.61,White,Low_poverty,LPW,33.8993052,-118.4000426
60371174043,2512.0,27.19,14.58,49.48,Other,Low_poverty,LPO,34.2248515,-118.479123
60371134211,1641.0,13.28,9.63,76.6,Minority,Low_poverty,LPM,34.2294104,-118.5896157
60373009013,3013.0,68.54,3.05,2.79,White,Low_poverty,LPW,34.1691959,-118.2102837
60374328012,1729.0,0.64,24.93,49.34,Other,Low_poverty,LPO,34.0753887,-118.0485957
60374327001,3177.0,1.45,17.83,90.78,Minority,Low_poverty,LPM,34.0765064,-118.0256242
60374325004,2078.0,8.04,7.71,56.79,Minority,Low_poverty,LPM,34.0982557,-118.0061208
60374339013,1200.0,2.5,34.17,60.0,Minority,High_poverty,HPM,34.0587435,-118.0238092
60374811031,1468.0,5.59,17.8,39.85,Other,Low_poverty,LPO,34.0949706,-118.0932021
60374816031,2589.0,2.51,11.05,24.76,Other,Low_poverty,LPO,34.0869992,-118.120585
60376004002,535.0,4.49,0.0,93.64,Minority,Low_poverty,LPM,33.9400327,-118.3155457
60375301011,1912.0,9.31,17.93,87.45,Minority,Low_poverty,LPM,34.0101416,-118.0975842
60372697003,527.0,62.05,2.85,19.74,White,Low_poverty,LPW,34.0389607,-118.3879722
60372695003,1324.0,92.52,2.95,2.72,White,Low_poverty,LPW,34.0433096,-118.3956582
60372693003,926.0,76.03,4.1,1.08,White,Low_poverty,LPW,34.0346445,-118.4160838
60372693002,790.0,81.01,3.16,7.85,White,Low_poverty,LPW,34.0372021,-118.4125112
60372676002,693.0,34.63,45.31,34.2,Other,High_poverty,HPO,34.0335865,-118.4490052
60372675021,1390.0,54.32,6.62,14.53,White,Low_poverty,LPW,34.0388269,-118.4636733
60372673001,1205.0,48.96,19.75,16.18,Other,Low_poverty,LPO,34.0463268,-118.4478352
60372146001,839.0,71.28,4.29,16.69,White,Low_poverty,LPW,34.0739529,-118.3635735
60372611021,639.0,88.42,8.14,5.95,White,Low_poverty,LPW,34.1148001,-118.4170077
60374034071,744.0,7.93,2.28,17.2,Other,Low_poverty,LPO,34.0324436,-117.8669056
60374034013,2365.0,8.33,4.9,38.1,Other,Low_poverty,LPO,34.018044,-117.8742597
60374079001,4940.0,5.38,8.63,69.73,Minority,Low_poverty,LPM,34.0417546,-117.9269907
60374017011,1345.0,47.81,3.2,18.21,Other,Low_poverty,LPO,34.1137544,-117.7392297
60374033122,2371.0,16.53,4.34,40.11,Other,Low_poverty,LPO,34.0116871,-117.8308644
60374033202,2308.0,11.83,2.95,17.85,Other,Low_poverty,LPO,34.0053333,-117.7901712
60374033201,2684.0,9.46,6.93,17.96,Other,Low_poverty,LPO,34.0051094,-117.800534
60374033042,2777.0,10.95,3.21,9.54,Other,Low_poverty,LPO,33.9912676,-117.849361
60376023012,1347.0,31.11,4.06,61.02,Minority,Low_poverty,LPM,33.9099194,-118.364161
60372017002,2047.0,7.33,20.18,86.57,Minority,Low_poverty,LPM,34.0657389,-118.1773729
60375322002,2459.0,0.33,24.16,98.21,Minority,Low_poverty,LPM,33.9927192,-118.1251228
60373201002,1218.0,6.98,2.57,93.02,Minority,Low_poverty,LPM,34.2978846,-118.4312416
60373023024,1152.0,35.76,9.72,45.66,Other,Low_poverty,LPO,34.1409521,-118.2656941
60371045002,2146.0,1.16,22.32,98.65,Minority,Low_poverty,LPM,34.2540211,-118.4241716
60371034004,1096.0,61.59,5.2,6.38,White,Low_poverty,LPW,34.2568363,-118.313566
60371031011,1489.0,70.99,6.31,16.25,White,Low_poverty,LPW,34.2739069,-118.3074969
60371042012,1550.0,1.68,22.82,98.32,Minority,Low_poverty,LPM,34.286078,-118.4160771
60379108101,2599.0,55.06,4.32,24.97,White,Low_poverty,LPW,34.4595477,-118.3532786
60374050012,1801.0,5.16,2.5,85.84,Minority,Low_poverty,LPM,34.1030733,-117.9670853
60374044013,1271.0,10.78,6.77,86.86,Minority,Low_poverty,LPM,34.1248713,-117.912594
60371210201,731.0,40.49,3.28,46.1,Other,Low_poverty,LPO,34.2139867,-118.3996276
60371174051,3574.0,1.4,40.13,95.83,Minority,High_poverty,HPM,34.2337312,-118.4702311
60371198004,1844.0,4.99,5.6,90.94,Minority,Low_poverty,LPM,34.2311608,-118.4343663
60371175101,3687.0,9.44,25.33,83.13,Minority,Low_poverty,LPM,34.233678,-118.4621485
60371193201,4906.0,5.5,12.56,75.86,Minority,Low_poverty,LPM,34.2369427,-118.4547256
60371173023,1014.0,55.52,1.68,22.49,White,Low_poverty,LPW,34.2395265,-118.4990143
60371154012,3105.0,32.88,23.04,56.91,Minority,Low_poverty,LPM,34.2231531,-118.5179011
60376212011,2364.0,56.35,0.79,25.09,White,Low_poverty,LPW,33.8540648,-118.3826141
60379012052,1877.0,67.39,10.02,29.46,White,Low_poverty,LPW,34.6526064,-118.241029
60371133222,2876.0,41.03,4.63,35.91,Other,Low_poverty,LPO,34.2536153,-118.5789713
60371287021,1385.0,55.16,8.59,42.52,White,Low_poverty,LPW,34.1613153,-118.4333388
60371287022,1294.0,72.87,9.27,19.86,White,Low_poverty,LPW,34.159533,-118.4369505
60371284004,1274.0,36.34,27.56,47.72,Other,Low_poverty,LPO,34.1767588,-118.4657102
60371284002,1088.0,43.57,32.26,46.42,Other,High_poverty,HPO,34.1762961,-118.4552583
60371081031,1703.0,57.55,3.41,17.97,White,Low_poverty,LPW,34.2860705,-118.534567
60371093003,837.0,32.86,10.36,43.97,Other,Low_poverty,LPO,34.2753592,-118.4834995
60371070201,4674.0,4.47,3.81,86.25,Minority,Low_poverty,LPM,34.2980525,-118.4521387
60371066411,2372.0,66.86,3.08,8.64,White,Low_poverty,LPW,34.2984691,-118.5084331
60371046101,1906.0,2.68,16.5,97.32,Minority,Low_poverty,LPM,34.2619256,-118.42057
60374326011,1342.0,3.8,7.3,47.39,Other,Low_poverty,LPO,34.0760505,-118.0182159
60374332002,835.0,0.84,32.69,79.76,Minority,High_poverty,HPM,34.0649371,-118.0347764
60372122041,1952.0,5.94,36.49,72.69,Minority,High_poverty,HPM,34.0604722,-118.2867024
60372122022,1208.0,2.32,26.24,68.46,Minority,Low_poverty,LPM,34.0563562,-118.2903535
60372115003,847.0,45.81,17.83,22.55,Other,Low_poverty,LPO,34.0722943,-118.3185634
60372113101,1675.0,4.3,16.96,80.95,Minority,Low_poverty,LPM,34.0719825,-118.2984692
60372113201,819.0,11.36,26.13,63.98,Minority,Low_poverty,LPM,34.0708874,-118.2929144
60372110006,1578.0,47.66,16.41,18.44,Other,Low_poverty,LPO,34.0646548,-118.3424436
60372110003,726.0,59.09,0.96,11.71,White,Low_poverty,LPW,34.071627,-118.3298663
60372095101,1184.0,3.29,48.21,66.39,Minority,High_poverty,HPM,34.0523088,-118.2808561
60372089042,1901.0,2.95,44.86,96.11,Minority,High_poverty,HPM,34.0598748,-118.270668
60374034072,1570.0,1.97,9.81,14.97,Other,Low_poverty,LPO,34.0410335,-117.8749208
60375301023,945.0,2.54,7.51,96.72,Minority,Low_poverty,LPM,34.0155049,-118.1186029
60375302042,2164.0,1.76,14.23,84.84,Minority,Low_poverty,LPM,34.0170517,-118.1278091
60374818002,1315.0,13.38,5.7,12.09,Other,Low_poverty,LPO,34.064507,-118.1395357
60374817131,2140.0,1.31,9.67,25.98,Other,Low_poverty,LPO,34.0679689,-118.1315155
60374816032,897.0,8.47,22.63,19.18,Other,Low_poverty,LPO,34.0815323,-118.1198195
60374809011,3723.0,7.74,19.86,41.29,Other,Low_poverty,LPO,34.0895128,-118.1397394
60375320022,2663.0,4.13,21.86,89.0,Minority,Low_poverty,LPM,34.0001663,-118.1190963
60372655201,1025.0,86.73,7.9,6.34,White,Low_poverty,LPW,34.0531076,-118.4392737
60374061013,794.0,25.44,5.92,69.02,Minority,Low_poverty,LPM,34.0925859,-117.8930024
60379009002,1414.0,45.76,22.77,51.55,Minority,Low_poverty,LPM,34.7661198,-118.1927886
60379008033,1693.0,37.92,27.17,53.22,Minority,Low_poverty,LPM,34.7133329,-118.1527878
60379007052,1877.0,40.28,22.96,54.13,Minority,Low_poverty,LPM,34.6690852,-118.1622181
60374011011,1318.0,22.23,0.0,51.97,Minority,Low_poverty,LPM,34.1323832,-117.8495948
60374061022,646.0,27.24,23.37,57.59,Minority,Low_poverty,LPM,34.0800782,-117.892492
60378002022,4722.0,79.27,9.06,8.56,White,Low_poverty,LPW,34.130628,-118.676791
60374060001,1638.0,18.56,9.6,66.0,Minority,Low_poverty,LPM,34.0979531,-117.8962755
60374037214,776.0,29.25,11.21,68.56,Minority,Low_poverty,LPM,34.09391,-117.8769224
60374019022,2820.0,49.22,8.12,37.52,Other,Low_poverty,LPO,34.0962365,-117.7242601
60371112042,1738.0,40.91,0.99,23.07,Other,Low_poverty,LPO,34.2690517,-118.5504413
60371342011,1599.0,41.71,3.25,49.35,Other,Low_poverty,LPO,34.2125765,-118.5866138
60375345011,1212.0,2.31,11.39,97.69,Minority,Low_poverty,LPM,33.9705874,-118.2071557
60372409003,1419.0,0.0,26.44,100.0,Minority,Low_poverty,LPM,33.932042,-118.2648247
60371993001,1441.0,46.36,14.49,46.84,Other,Low_poverty,LPO,34.0960435,-118.1959603
60372131002,1220.0,14.67,11.95,30.0,Other,Low_poverty,LPO,34.050665,-118.314403
60374807041,1575.0,38.16,12.44,16.88,Other,Low_poverty,LPO,34.1105243,-118.1547441
60375417002,1350.0,0.0,3.7,100.0,Minority,Low_poverty,LPM,33.9167111,-118.1992232
60371341041,2559.0,19.5,22.34,54.28,Minority,Low_poverty,LPM,34.2119507,-118.5775686
60375526023,1758.0,9.04,35.15,65.98,Minority,High_poverty,HPM,33.892116,-118.0690832
60374810022,3039.0,10.89,19.18,44.62,Other,Low_poverty,LPO,34.0926031,-118.1209452
60375749012,826.0,62.71,3.03,12.11,White,Low_poverty,LPW,33.7914416,-118.1227598
60377028033,1233.0,53.85,17.44,35.2,White,Low_poverty,LPW,33.994986,-118.4344055
60375319021,932.0,8.37,7.94,91.63,Minority,Low_poverty,LPM,34.0139563,-118.1317312
60376027004,767.0,22.95,12.78,59.45,Minority,Low_poverty,LPM,33.9221948,-118.3210846
60375519003,1197.0,12.11,5.89,69.43,Minority,Low_poverty,LPM,33.9117542,-118.1024302
60375771005,1799.0,43.58,21.73,48.42,Other,Low_poverty,LPO,33.7735172,-118.1513286
60374021011,2108.0,9.16,18.22,73.11,Minority,Low_poverty,LPM,34.089839,-117.7332514
60371997001,1634.0,29.01,19.4,54.77,Minority,Low_poverty,LPM,34.0646424,-118.2215659
60375711025,759.0,44.8,0.0,32.15,Other,Low_poverty,LPO,33.8377737,-118.1139254
60371814001,1555.0,25.66,24.12,50.23,Minority,Low_poverty,LPM,34.1362521,-118.2038586
60372169005,944.0,28.6,19.6,59.11,Minority,Low_poverty,LPM,34.0482681,-118.3658014
60374321023,1020.0,11.57,3.53,17.94,Other,Low_poverty,LPO,34.0956423,-118.0628214
60372654102,898.0,75.61,16.59,9.47,White,Low_poverty,LPW,34.0684732,-118.4660774
60372393201,1945.0,0.62,31.42,90.24,Minority,High_poverty,HPM,33.9806121,-118.2717388
60375348032,1832.0,1.04,6.32,93.61,Minority,Low_poverty,LPM,33.9668405,-118.2215659
60374311004,668.0,30.84,1.96,55.99,Minority,Low_poverty,LPM,34.137077,-118.0034559
60371197001,1383.0,45.41,19.96,39.77,Other,Low_poverty,LPO,34.2139688,-118.4261769
60375351023,1532.0,0.0,6.14,100.0,Minority,Low_poverty,LPM,33.9583522,-118.253662
60376004001,1148.0,2.26,23.69,93.38,Minority,Low_poverty,LPM,33.9436562,-118.3155346
60371351111,1296.0,39.2,10.96,59.42,Minority,Low_poverty,LPM,34.1958101,-118.6118643
60371438002,1460.0,83.01,1.3,13.56,White,Low_poverty,LPW,34.1324408,-118.3752487
60372316004,1447.0,1.04,13.68,98.97,Minority,Low_poverty,LPM,34.0084507,-118.3023576
60372087201,2937.0,13.76,45.01,85.56,Minority,High_poverty,HPM,34.0643041,-118.280059
60372074001,1539.0,15.07,22.59,70.37,Minority,Low_poverty,LPM,34.0562223,-118.246642
60372062002,3337.0,14.44,34.21,28.2,Other,High_poverty,HPO,34.0471968,-118.2408806
60372060501,2031.0,6.35,32.98,83.85,Minority,High_poverty,HPM,34.0299036,-118.2244531
60374029021,2428.0,7.45,23.06,70.35,Minority,Low_poverty,LPM,34.0388654,-117.7450815
60375309013,1191.0,1.6,8.9,98.4,Minority,Low_poverty,LPM,34.0440831,-118.1863884
60375309011,1249.0,0.0,19.86,99.68,Minority,Low_poverty,LPM,34.0414972,-118.1890332
60372313003,950.0,9.16,9.26,90.0,Minority,Low_poverty,LPM,34.0139022,-118.3065841
60372287102,1390.0,1.22,41.58,95.97,Minority,High_poverty,HPM,33.996872,-118.2542824
60374058003,2378.0,14.3,5.51,79.39,Minority,Low_poverty,LPM,34.1034398,-117.9216786
60374052012,2008.0,2.69,5.18,77.99,Minority,Low_poverty,LPM,34.0816661,-117.9513434
60374077013,1820.0,1.98,26.81,93.3,Minority,Low_poverty,LPM,34.0124204,-117.9302013
60374027031,2272.0,19.32,17.57,72.53,Minority,Low_poverty,LPM,34.0777489,-117.7172828
60374032001,399.0,60.9,79.43,27.82,White,High_poverty,HPW,34.0386337,-117.8126989
60374028013,1245.0,1.12,26.02,98.88,Minority,Low_poverty,LPM,34.0534292,-117.744519
60374023011,2586.0,8.31,15.98,81.01,Minority,Low_poverty,LPM,34.0695046,-117.7708925
60375302032,898.0,21.27,11.69,72.05,Minority,Low_poverty,LPM,34.0237743,-118.1249014
60375300041,676.0,3.11,0.0,59.62,Minority,Low_poverty,LPM,34.022833,-118.0848298
60375317023,2085.0,2.83,9.93,94.77,Minority,Low_poverty,LPM,34.0146001,-118.163045
60375318001,1999.0,0.7,12.11,95.15,Minority,Low_poverty,LPM,34.0203065,-118.1436774
60375315024,725.0,2.62,32.97,97.38,Minority,High_poverty,HPM,34.0198077,-118.1693882
60375313025,877.0,1.14,18.36,98.86,Minority,Low_poverty,LPM,34.0173653,-118.1837139
60375313011,1206.0,1.0,34.35,99.01,Minority,High_poverty,HPM,34.0213985,-118.177128
60375311022,897.0,0.45,33.67,98.77,Minority,High_poverty,HPM,34.0343601,-118.182024
60375308021,1556.0,3.6,16.26,94.22,Minority,Low_poverty,LPM,34.0506882,-118.1825152
60375337011,1271.0,3.7,22.21,96.3,Minority,Low_poverty,LPM,33.9908543,-118.1820491
60375305002,567.0,3.7,27.34,96.3,Minority,Low_poverty,LPM,34.0379684,-118.1643543
60375343021,1837.0,2.07,35.38,97.71,Minority,High_poverty,HPM,33.9586193,-118.1751437
60377024002,831.0,53.07,11.94,27.32,White,Low_poverty,LPW,34.021324,-118.3938669
60377022024,1043.0,72.2,0.0,4.12,White,Low_poverty,LPW,34.0065362,-118.4682317
60377022015,773.0,88.49,3.49,3.23,White,Low_poverty,LPW,34.0090837,-118.4754345
60377023002,1359.0,78.07,12.07,12.51,White,Low_poverty,LPW,34.0156864,-118.4532718
60372243102,1268.0,2.21,36.83,90.93,Minority,High_poverty,HPM,34.0425318,-118.2829749
60372244102,1794.0,5.24,17.61,91.41,Minority,Low_poverty,LPM,34.0354717,-118.2816172
60372240101,1180.0,6.86,40.14,86.1,Minority,High_poverty,HPM,34.0351366,-118.2629761
60372225003,1488.0,6.25,10.55,87.03,Minority,Low_poverty,LPM,34.0195795,-118.3045319
60372222001,2194.0,4.28,21.41,87.42,Minority,Low_poverty,LPM,34.0309282,-118.2993368
60372323001,3104.0,0.19,46.1,99.8,Minority,High_poverty,HPM,33.9969514,-118.2949187
60372321201,1188.0,0.0,36.78,100.0,Minority,High_poverty,HPM,33.9995519,-118.2817135
60372213021,2700.0,3.48,11.79,86.89,Minority,Low_poverty,LPM,34.0415235,-118.3144712
60372013024,1732.0,33.2,11.2,22.86,Other,Low_poverty,LPO,34.0960822,-118.1875349
60372013011,1464.0,8.2,15.85,84.77,Minority,Low_poverty,LPM,34.0895374,-118.1853482
60372012001,2893.0,7.16,15.24,81.44,Minority,Low_poverty,LPM,34.0887085,-118.1785472
60372036003,2465.0,3.65,24.83,94.07,Minority,Low_poverty,LPM,34.0508472,-118.2114522
60374077011,1904.0,0.84,23.29,77.94,Minority,Low_poverty,LPM,34.0146277,-117.926408
60372288001,598.0,0.0,88.96,97.32,Minority,High_poverty,HPM,33.9994352,-118.2409237
60372285001,1722.0,0.0,42.04,100.0,Minority,High_poverty,HPM,34.0044367,-118.2671094
60372286002,2226.0,0.13,34.46,98.29,Minority,High_poverty,HPM,34.0023328,-118.2608729
60372282101,1960.0,0.71,28.37,95.31,Minority,Low_poverty,LPM,34.011867,-118.2526791
60372281001,1396.0,0.0,20.27,98.93,Minority,Low_poverty,LPM,34.0103937,-118.2425924
60372267003,1667.0,0.0,28.62,100.0,Minority,Low_poverty,LPM,34.0190785,-118.266013
60372264201,2236.0,0.0,30.72,93.42,Minority,High_poverty,HPM,34.0228507,-118.2592743
60372048202,1374.0,4.22,8.01,95.7,Minority,Low_poverty,LPM,34.0232023,-118.2040967
60372048103,1595.0,0.0,29.03,100.0,Minority,Low_poverty,LPM,34.0276156,-118.2049719
60372039002,998.0,2.51,11.46,97.5,Minority,Low_poverty,LPM,34.0331522,-118.1943375
60372037202,948.0,4.01,26.79,95.15,Minority,Low_poverty,LPM,34.0467074,-118.2007383
60374073012,1514.0,6.94,3.9,78.01,Minority,Low_poverty,LPM,34.0470212,-117.9608317
60374607004,1196.0,50.84,1.76,9.86,White,Low_poverty,LPW,34.1991724,-118.1974465
60371901002,1578.0,49.3,20.66,31.3,Other,Low_poverty,LPO,34.1028484,-118.3420699
60374033181,1576.0,9.96,7.8,51.39,Minority,Low_poverty,LPM,34.0376005,-117.7682545
60374085031,1639.0,18.55,4.85,31.91,Other,Low_poverty,LPO,33.9905957,-117.9791096
60374033192,2011.0,6.76,6.17,31.82,Other,Low_poverty,LPO,34.0062298,-117.8140456
60374033212,2123.0,27.74,17.97,31.85,Other,Low_poverty,LPO,34.0231377,-117.8031621
60372044202,813.0,2.95,14.27,97.04,Minority,Low_poverty,LPM,34.0427171,-118.2126876
60372048101,2500.0,0.0,21.4,97.56,Minority,Low_poverty,LPM,34.0310287,-118.2033827
60372043002,1958.0,0.61,9.91,99.03,Minority,Low_poverty,LPM,34.0363456,-118.2066799
60372038001,1102.0,0.0,45.28,100.0,Minority,High_poverty,HPM,34.0480228,-118.194728
60372035001,546.0,11.17,12.78,61.54,Minority,Low_poverty,LPM,34.0505763,-118.2175702
60371994002,1933.0,2.74,20.28,75.64,Minority,Low_poverty,LPM,34.0900616,-118.2100708
60371992021,1763.0,5.73,17.64,83.84,Minority,Low_poverty,LPM,34.0839121,-118.2011258
60371993002,2761.0,15.36,23.53,67.73,Minority,Low_poverty,LPM,34.0863831,-118.206215
60371991202,1589.0,4.34,41.28,86.35,Minority,High_poverty,HPM,34.0703676,-118.1971298
60371974201,1581.0,32.26,6.63,59.59,Minority,Low_poverty,LPM,34.084751,-118.2578412
60374072003,1347.0,10.84,10.11,83.74,Minority,Low_poverty,LPM,34.0300266,-117.9587431
60374077022,2238.0,4.51,14.49,87.89,Minority,Low_poverty,LPM,34.016691,-117.946296
60374300023,1054.0,44.21,11.29,45.16,Other,Low_poverty,LPO,34.1416536,-117.9633326
60374033161,1816.0,23.18,10.13,40.85,Other,Low_poverty,LPO,34.0360522,-117.8021271
60371092001,796.0,22.99,2.39,45.6,Other,Low_poverty,LPO,34.2752587,-118.4737445
60375432023,1692.0,1.06,31.15,98.94,Minority,High_poverty,HPM,33.8857849,-118.2265766
60372242002,573.0,10.47,14.39,82.2,Minority,Low_poverty,LPM,34.0391931,-118.2778533
60375035023,1135.0,16.83,9.16,73.83,Minority,Low_poverty,LPM,33.9312897,-118.009061
60372405001,2122.0,0.0,20.47,96.09,Minority,Low_poverty,LPM,33.9489543,-118.2742473
60377032004,859.0,8.73,6.89,91.04,Minority,Low_poverty,LPM,33.9963098,-118.3402712
60375339012,2119.0,0.71,42.61,99.29,Minority,High_poverty,HPM,33.9745442,-118.1551833
60375536022,1190.0,10.59,11.26,88.24,Minority,Low_poverty,LPM,33.9099335,-118.1666123
60371945001,944.0,68.01,8.17,21.19,White,Low_poverty,LPW,34.0781181,-118.3641719
60376203014,1165.0,85.84,2.49,4.37,White,Low_poverty,LPW,33.8960994,-118.4087848
60372400203,1829.0,0.87,14.93,99.13,Minority,Low_poverty,LPM,33.9543238,-118.2584136
60375430002,341.0,2.64,11.44,97.36,Minority,Low_poverty,LPM,33.890587,-118.2534227
60375746021,1291.0,60.26,8.75,20.76,White,Low_poverty,LPW,33.7757438,-118.1050845
60371203003,1413.0,21.66,18.4,66.95,Minority,Low_poverty,LPM,34.2138786,-118.4423484
60375313012,647.0,0.0,10.51,94.74,Minority,Low_poverty,LPM,34.0217972,-118.189001
60372970005,942.0,46.18,5.63,50.21,Minority,Low_poverty,LPM,33.7296069,-118.3058928
60373101003,1543.0,51.2,3.65,35.91,White,Low_poverty,LPW,34.2141735,-118.3341495
60379108051,1719.0,80.4,4.29,13.91,White,Low_poverty,LPW,34.4608129,-118.2730081
60372640002,1428.0,89.22,0.0,7.0,White,Low_poverty,LPW,34.0569981,-118.4740168
60371134011,2383.0,36.42,14.51,36.59,Other,Low_poverty,LPO,34.2268053,-118.5580347
60375717011,1962.0,4.84,7.35,84.1,Minority,Low_poverty,LPM,33.8528335,-118.2002667
60372283202,1627.0,0.0,39.07,100.0,Minority,High_poverty,HPM,34.0078803,-118.2631795
60376005012,1336.0,0.0,6.44,95.89,Minority,Low_poverty,LPM,33.9327208,-118.3216246
60372360004,1050.0,36.19,0.0,46.1,Other,Low_poverty,LPO,34.0200301,-118.3751056
60376027002,833.0,2.28,3.24,89.67,Minority,Low_poverty,LPM,33.9272289,-118.3155954
60376209042,422.0,86.73,1.45,13.27,White,Low_poverty,LPW,33.8810194,-118.4084701
60375551032,2642.0,21.76,12.19,35.65,Other,Low_poverty,LPO,33.8422986,-118.0622775
60371433001,575.0,86.96,0.0,10.78,White,Low_poverty,LPW,34.1530794,-118.3926427
60376024043,2506.0,5.43,26.06,82.72,Minority,Low_poverty,LPM,33.9037803,-118.3482226
60373005012,492.0,33.74,5.69,7.32,Other,Low_poverty,LPO,34.2218013,-118.242151
60375437023,798.0,9.77,8.4,67.67,Minority,Low_poverty,LPM,33.8095634,-118.2679244
60379201081,5386.0,40.74,9.46,18.56,Other,Low_poverty,LPO,34.4493449,-118.5628848
60379108091,2070.0,79.23,4.06,13.43,White,Low_poverty,LPW,34.4091015,-118.4098478
60375509022,2069.0,12.9,29.19,80.09,Minority,Low_poverty,LPM,33.9504688,-118.1307747
60374075023,1563.0,1.73,6.53,92.2,Minority,Low_poverty,LPM,34.0486607,-117.9389102
60371232042,607.0,40.03,18.57,52.55,Minority,Low_poverty,LPM,34.1921202,-118.3943293
60372414002,2198.0,2.37,22.16,92.86,Minority,Low_poverty,LPM,33.9257086,-118.277519
60374302001,1026.0,55.46,4.7,12.87,White,Low_poverty,LPW,34.1531592,-117.9688184
60374813001,1394.0,4.52,11.76,31.13,Other,Low_poverty,LPO,34.075796,-118.0801321
60371284001,962.0,42.41,5.2,55.3,Minority,Low_poverty,LPM,34.1763295,-118.4508887
60375032023,1267.0,15.55,17.52,79.87,Minority,Low_poverty,LPM,33.9426695,-118.0327884
60371032001,1984.0,63.36,1.72,23.39,White,Low_poverty,LPW,34.277692,-118.3477977
60372752001,1098.0,37.89,7.47,44.35,Other,Low_poverty,LPO,33.9961271,-118.4202067
60371392003,3111.0,71.49,11.8,19.06,White,Low_poverty,LPW,34.1744464,-118.5268543
60374625001,1380.0,47.68,9.42,18.26,Other,Low_poverty,LPO,34.1658677,-118.0944446
60374038022,939.0,29.29,8.52,45.47,Other,Low_poverty,LPO,34.1048889,-117.8507255
60371114001,2745.0,39.31,3.24,40.95,Other,Low_poverty,LPO,34.2539293,-118.4966913
60376005021,1113.0,5.03,8.72,85.99,Minority,Low_poverty,LPM,33.9290593,-118.3280082
60375543011,1221.0,11.63,2.64,86.65,Minority,Low_poverty,LPM,33.8829173,-118.144798
60376700012,1504.0,33.51,11.32,39.82,Other,Low_poverty,LPO,33.8042801,-118.3199443
60375303022,2806.0,5.35,18.32,93.16,Minority,Low_poverty,LPM,34.0245139,-118.1472198
60372123061,1643.0,5.23,17.04,52.83,Minority,Low_poverty,LPM,34.0561345,-118.2928764
60374059001,2170.0,18.53,13.23,68.66,Minority,Low_poverty,LPM,34.1030802,-117.8858601
60375425021,1118.0,1.88,16.55,96.6,Minority,Low_poverty,LPM,33.8921952,-118.221757
60371321021,496.0,37.5,47.98,58.87,Minority,High_poverty,HPM,34.210789,-118.4992179
60376037043,2467.0,3.16,29.75,89.5,Minority,Low_poverty,LPM,33.8965471,-118.3291921
60372920002,1916.0,4.07,32.89,62.0,Minority,High_poverty,HPM,33.8520196,-118.2987476
60372717021,1391.0,44.14,21.57,15.89,Other,Low_poverty,LPO,34.0234325,-118.4233402
60371975002,1046.0,41.59,1.82,36.62,Other,Low_poverty,LPO,34.071845,-118.25654
60375531004,2013.0,16.19,19.47,61.4,Minority,Low_poverty,LPM,33.888558,-118.1150701
60374814013,883.0,3.85,14.95,11.78,Other,Low_poverty,LPO,34.0779895,-118.1038387
60371352031,2336.0,72.0,3.04,10.91,White,Low_poverty,LPW,34.1921796,-118.6489712
60377022011,804.0,76.24,4.48,14.05,White,Low_poverty,LPW,34.0157119,-118.4688007
60376208003,1373.0,66.86,8.01,9.03,White,Low_poverty,LPW,33.8788374,-118.3889733
60377001015,823.0,81.41,5.22,18.59,White,Low_poverty,LPW,34.0924246,-118.3563927
60375026014,1076.0,7.81,0.0,88.94,Minority,Low_poverty,LPM,33.9567716,-118.099034
60374817141,1771.0,4.63,25.81,7.79,Other,Low_poverty,LPO,34.0642858,-118.1313622
60371832212,2791.0,13.83,21.0,74.78,Minority,Low_poverty,LPM,34.1242401,-118.1906551
60374086241,2014.0,6.8,6.6,24.08,Other,Low_poverty,LPO,33.9946168,-117.9469474
60375026011,2296.0,5.05,3.14,93.6,Minority,Low_poverty,LPM,33.9640835,-118.093098
60372060312,860.0,65.93,10.93,21.39,White,Low_poverty,LPW,34.0269569,-118.2314241
60374332004,2958.0,9.7,17.18,68.12,Minority,Low_poverty,LPM,34.0676195,-118.0433094
60371945002,1075.0,88.84,5.21,2.51,White,Low_poverty,LPW,34.0782034,-118.3722739
60372349021,1067.0,1.59,32.13,91.56,Minority,High_poverty,HPM,33.9793606,-118.3330251
60375526012,1191.0,5.54,15.79,88.41,Minority,Low_poverty,LPM,33.8887012,-118.0764312
60372713004,576.0,63.37,3.65,17.71,White,Low_poverty,LPW,34.025255,-118.4425447
60374023042,1826.0,5.91,28.04,91.89,Minority,Low_poverty,LPM,34.0606324,-117.7630084
60372971201,1547.0,11.7,21.33,71.43,Minority,Low_poverty,LPM,33.7301315,-118.2842221
60374806001,1364.0,45.67,6.89,27.49,Other,Low_poverty,LPO,34.1215621,-118.1604637
60375333002,2236.0,1.88,21.15,97.9,Minority,Low_poverty,LPM,33.9937715,-118.2017527
60372721004,772.0,61.79,2.2,36.92,White,Low_poverty,LPW,34.0034083,-118.4474583
60371992011,1290.0,2.79,4.65,81.09,Minority,Low_poverty,LPM,34.0757035,-118.2090789
60373006004,1896.0,72.63,10.37,21.2,White,Low_poverty,LPW,34.2064701,-118.2377869
60372094012,1728.0,2.26,51.91,82.64,Minority,High_poverty,HPM,34.0575776,-118.2830441
60375547003,872.0,7.0,8.83,85.21,Minority,Low_poverty,LPM,33.8839966,-118.0810773
60375538022,3313.0,9.6,21.55,87.35,Minority,Low_poverty,LPM,33.8854826,-118.1730766
60372962102,775.0,9.42,31.74,88.39,Minority,High_poverty,HPM,33.7474123,-118.2819386
60375505003,1619.0,7.97,2.84,70.6,Minority,Low_poverty,LPM,33.9523432,-118.1072865
60372721002,1116.0,43.46,20.7,40.95,Other,Low_poverty,LPO,34.0037141,-118.4371765
60375530002,1264.0,3.32,7.52,93.51,Minority,Low_poverty,LPM,33.8984474,-118.1034916
60374034051,1698.0,14.78,12.42,20.85,Other,Low_poverty,LPO,34.0509011,-117.8420544
60371134213,2833.0,18.71,13.55,63.85,Minority,Low_poverty,LPM,34.2324832,-118.5919499
60379012053,2600.0,37.42,10.51,49.8,Other,Low_poverty,LPO,34.6530449,-118.2493565
60372321101,1586.0,0.32,45.52,97.99,Minority,High_poverty,HPM,34.0021253,-118.2893271
60376511021,2011.0,40.92,3.93,16.76,Other,Low_poverty,LPO,33.8204313,-118.3491925
60375413001,901.0,0.0,6.55,100.0,Minority,Low_poverty,LPM,33.9119006,-118.2377353
60375025001,1553.0,7.79,10.27,91.11,Minority,Low_poverty,LPM,33.9678174,-118.1104212
60375501002,1576.0,8.76,29.19,80.65,Minority,Low_poverty,LPM,33.9277308,-118.0757317
60375302041,1740.0,2.01,6.44,88.68,Minority,Low_poverty,LPM,34.020871,-118.1287887
60376023014,815.0,23.19,10.43,74.97,Minority,Low_poverty,LPM,33.900831,-118.3660864
60374601002,2234.0,52.69,2.01,21.44,White,Low_poverty,LPW,34.1998263,-118.1193734
60372760004,1117.0,31.42,5.46,46.55,Other,Low_poverty,LPO,33.9677875,-118.3889416
60374317002,886.0,11.06,3.61,3.16,Other,Low_poverty,LPO,34.1221504,-118.0378697
60375325002,1206.0,4.39,21.97,93.2,Minority,Low_poverty,LPM,33.9896868,-118.222669
60373004004,922.0,33.51,9.11,27.77,Other,Low_poverty,LPO,34.2343205,-118.2594177
60374339023,1021.0,3.53,30.07,79.53,Minority,High_poverty,HPM,34.0553131,-118.0276078
60374033221,2026.0,31.64,1.58,26.56,Other,Low_poverty,LPO,33.9930293,-117.8353015
60374047023,1140.0,2.11,14.91,69.56,Minority,Low_poverty,LPM,34.0707338,-117.9797061
60372409001,1146.0,0.0,22.43,100.0,Minority,Low_poverty,LPM,33.9359578,-118.2598786
60375720012,1113.0,63.43,4.65,16.99,White,Low_poverty,LPW,33.8214407,-118.175786
60379200362,775.0,14.19,19.74,81.81,Minority,Low_poverty,LPM,34.4176558,-118.4743029
60375704021,1403.0,3.35,10.55,87.24,Minority,Low_poverty,LPM,33.8701825,-118.1960983
60371013001,1283.0,85.89,4.75,9.67,White,Low_poverty,LPW,34.253796,-118.2707965
60372738001,1639.0,54.24,3.29,31.6,White,Low_poverty,LPW,33.994406,-118.4475509
60376505011,1387.0,55.44,0.44,8.58,White,Low_poverty,LPW,33.850889,-118.3584995
60374615023,1273.0,19.95,29.12,68.89,Minority,Low_poverty,LPM,34.1728179,-118.1450284
60374612003,724.0,74.31,0.83,12.98,White,Low_poverty,LPW,34.1826021,-118.1184432
60375764021,2677.0,8.67,28.22,87.41,Minority,Low_poverty,LPM,33.780996,-118.174472
60372127023,420.0,25.71,0.0,2.14,Other,Low_poverty,LPO,34.0591348,-118.3298751
60371198003,868.0,2.53,11.21,76.38,Minority,Low_poverty,LPM,34.2305938,-118.4301466
60372044102,1598.0,0.31,34.57,98.68,Minority,High_poverty,HPM,34.0456462,-118.2140669
60373021023,1137.0,80.47,2.81,13.19,White,Low_poverty,LPW,34.1377289,-118.238471
60378003301,882.0,91.95,9.59,5.33,White,Low_poverty,LPW,34.0875388,-118.7387559
60375327002,2141.0,0.93,29.89,98.55,Minority,Low_poverty,LPM,33.9841242,-118.239831
60379200131,1591.0,51.85,5.78,23.38,White,Low_poverty,LPW,34.4202212,-118.5177478
60374301021,1595.0,5.77,8.03,84.77,Minority,Low_poverty,LPM,34.1291853,-117.9755131
60376703261,1511.0,56.98,10.06,4.5,White,Low_poverty,LPW,33.7890341,-118.3918838
60371132111,2187.0,71.79,5.83,9.47,White,Low_poverty,LPW,34.2714512,-118.6026286
60375709015,1073.0,59.37,1.58,32.99,White,Low_poverty,LPW,33.8511521,-118.1119456
60372260022,367.0,14.99,53.59,73.02,Minority,High_poverty,HPM,34.0336971,-118.2421533
60375031052,2430.0,10.08,16.8,86.58,Minority,Low_poverty,LPM,33.9276504,-118.0322914
60371972002,1047.0,19.29,3.15,47.47,Other,Low_poverty,LPO,34.0894017,-118.2314055
60372410023,1851.0,0.43,21.61,98.76,Minority,Low_poverty,LPM,33.9256588,-118.261717
60375537021,2743.0,0.0,12.76,96.65,Minority,Low_poverty,LPM,33.8950709,-118.1812157
60375717034,438.0,10.5,9.2,87.45,Minority,Low_poverty,LPM,33.8533528,-118.1917386
60372380006,1430.0,1.61,2.95,98.32,Minority,Low_poverty,LPM,33.9418352,-118.3111969
60374828003,2186.0,2.29,7.14,33.81,Other,Low_poverty,LPO,34.0396909,-118.1256436
60375539014,1075.0,6.6,24.28,90.6,Minority,Low_poverty,LPM,33.8927641,-118.1580603
60371896001,1740.0,74.54,11.39,17.64,White,Low_poverty,LPW,34.108127,-118.3337233
60375763012,1013.0,18.95,14.67,49.06,Other,Low_poverty,LPO,33.7768163,-118.1903415
60372626041,504.0,79.56,0.0,2.78,White,Low_poverty,LPW,34.0446697,-118.5464736
60371094002,1606.0,5.42,2.99,90.41,Minority,Low_poverty,LPM,34.2704593,-118.4523593
60371112063,753.0,54.32,1.89,26.96,White,Low_poverty,LPW,34.2709075,-118.540506
60376021063,685.0,17.08,8.18,72.12,Minority,Low_poverty,LPM,33.9218493,-118.363455
60375545121,3821.0,9.92,5.23,14.92,Other,Low_poverty,LPO,33.8803307,-118.0551647
60375358041,2120.0,2.26,36.81,97.22,Minority,High_poverty,HPM,33.948251,-118.2012969
60376021052,2299.0,15.48,19.95,80.25,Minority,Low_poverty,LPM,33.9181605,-118.3479534
60371243001,813.0,28.41,3.81,68.27,Minority,Low_poverty,LPM,34.176315,-118.360855
60372622001,3231.0,72.42,0.64,9.72,White,Low_poverty,LPW,34.1054686,-118.47093
60377016012,1803.0,76.93,4.22,9.65,White,Low_poverty,LPW,34.0400251,-118.4799784
60372722012,1010.0,47.82,15.15,42.77,Other,Low_poverty,LPO,33.9995806,-118.435714
60372753023,1702.0,77.67,7.34,3.88,White,Low_poverty,LPW,33.9868716,-118.4354418
60372753114,1685.0,49.2,7.54,18.17,Other,Low_poverty,LPO,33.9865408,-118.420027
60372766032,3393.0,56.38,6.63,22.08,White,Low_poverty,LPW,33.955135,-118.4383275
60372943012,1040.0,2.79,5.29,83.46,Minority,Low_poverty,LPM,33.7923531,-118.2784386
60372951031,3665.0,42.35,1.72,34.43,Other,Low_poverty,LPO,33.7633475,-118.3060635
60372972023,607.0,36.41,20.59,60.79,Minority,Low_poverty,LPM,33.7220139,-118.2990193
60373112002,954.0,50.84,7.76,27.36,White,Low_poverty,LPW,34.1741393,-118.351502
60374024051,992.0,0.91,41.53,98.39,Minority,High_poverty,HPM,34.0688848,-117.7935236
60374315024,753.0,29.48,1.46,14.08,Other,Low_poverty,LPO,34.1040551,-118.0221707
60373003011,1311.0,78.49,5.19,5.41,White,Low_poverty,LPW,34.2602757,-118.2485497
60373007015,1621.0,79.46,0.0,7.28,White,Low_poverty,LPW,34.1892498,-118.2471036
60371864031,974.0,15.4,9.75,61.81,Minority,Low_poverty,LPM,34.114415,-118.2377414
60371882022,656.0,69.05,0.0,1.83,White,Low_poverty,LPW,34.1174404,-118.2805131
60371891011,1123.0,71.33,5.43,8.55,White,Low_poverty,LPW,34.1051116,-118.2866936
60371892023,765.0,82.09,6.27,7.19,White,Low_poverty,LPW,34.1066419,-118.2963293
60371894003,957.0,72.41,15.67,12.64,White,Low_poverty,LPW,34.1173229,-118.3214653
60371913012,1785.0,11.99,29.04,71.26,Minority,Low_poverty,LPM,34.0921639,-118.2881386
60371919011,1516.0,63.92,13.39,28.56,White,Low_poverty,LPW,34.0906203,-118.3410818
60371941023,775.0,66.32,6.19,25.8,White,Low_poverty,LPW,34.1244124,-118.3684091
60372412013,939.0,0.32,30.99,99.36,Minority,High_poverty,HPM,33.939871,-118.2815782
60375763023,2138.0,7.62,19.6,59.21,Minority,Low_poverty,LPM,33.7807818,-118.1828507
60374620022,533.0,1.5,64.54,93.24,Minority,High_poverty,HPM,34.1596523,-118.1468232
60372656022,2234.0,75.78,9.53,5.14,White,Low_poverty,LPW,34.0592766,-118.4360693
60372679011,1228.0,67.35,3.58,1.63,White,Low_poverty,LPW,34.0567416,-118.4144905
60372699061,3158.0,42.02,7.6,31.22,Other,Low_poverty,LPO,34.0249593,-118.4031746
60372111222,1885.0,26.15,26.68,21.8,Other,Low_poverty,LPO,34.0709568,-118.2883575
60372117041,1129.0,17.18,25.2,20.81,Other,Low_poverty,LPO,34.0635093,-118.3103351
60372121011,1469.0,15.11,10.62,36.62,Other,Low_poverty,LPO,34.064501,-118.2953893
60372122021,2216.0,5.78,29.18,77.89,Minority,Low_poverty,LPM,34.0563708,-118.2866529
60372781022,1375.0,78.55,1.89,8.8,White,Low_poverty,LPW,33.9583368,-118.4523916
60372127022,1817.0,17.83,30.51,35.0,Other,High_poverty,HPO,34.0578102,-118.3222841
60372145021,2457.0,50.51,17.58,27.36,White,Low_poverty,LPW,34.0660465,-118.3486758
60372149011,2192.0,68.34,19.11,9.49,White,Low_poverty,LPW,34.075033,-118.3872368
60372149012,1058.0,67.49,3.5,18.24,White,Low_poverty,LPW,34.0728366,-118.3872418
60372151021,1318.0,60.55,10.85,25.65,White,Low_poverty,LPW,34.0629141,-118.3455605
60372311003,1122.0,1.34,48.47,95.73,Minority,High_poverty,HPM,34.0143481,-118.2727779
60377020024,1553.0,61.69,10.95,33.42,White,Low_poverty,LPW,34.0082579,-118.484937
60377021027,1492.0,73.06,9.52,19.5,White,Low_poverty,LPW,34.0014962,-118.4776262
60377026004,1750.0,39.26,0.34,16.91,Other,Low_poverty,LPO,33.9921839,-118.4006287
60378003292,2712.0,75.7,9.03,11.17,White,Low_poverty,LPW,34.135501,-118.7309997
60374333073,956.0,0.0,26.36,80.75,Minority,Low_poverty,LPM,34.0685376,-118.0078129
60374340032,1657.0,2.53,30.48,82.86,Minority,High_poverty,HPM,34.0432523,-118.0226343
60375361042,1120.0,2.77,3.21,97.23,Minority,Low_poverty,LPM,33.9377754,-118.1793108
60375515023,1226.0,22.68,4.1,59.71,Minority,Low_poverty,LPM,33.9218338,-118.1568299
60375518005,1263.0,8.71,3.4,90.66,Minority,Low_poverty,LPM,33.9134214,-118.118824
60375704042,2227.0,1.39,20.4,95.64,Minority,Low_poverty,LPM,33.8759004,-118.1997878
60372260021,1453.0,38.13,18.86,50.45,Minority,Low_poverty,LPM,34.0323643,-118.2490942
60371044032,1294.0,0.0,11.75,100.0,Minority,Low_poverty,LPM,34.261855,-118.4376566
60371096013,1521.0,4.73,0.0,88.49,Minority,Low_poverty,LPM,34.2632393,-118.444835
60375506022,1087.0,14.72,11.59,77.92,Minority,Low_poverty,LPM,33.9593527,-118.1252368
60375509021,1159.0,11.22,4.31,71.79,Minority,Low_poverty,LPM,33.9478918,-118.1232536
60372071021,2926.0,8.48,32.91,30.32,Other,High_poverty,HPO,34.0592851,-118.2395097
60379012091,1634.0,56.43,9.44,36.42,White,Low_poverty,LPW,34.7464478,-118.5708081
60379012131,3853.0,72.64,5.16,19.24,White,Low_poverty,LPW,34.6300299,-118.3057929
60371249021,2706.0,56.91,17.33,32.07,White,Low_poverty,LPW,34.1702439,-118.4008746
60371436042,2374.0,55.43,10.4,18.49,White,Low_poverty,LPW,34.1410917,-118.3641876
60371834022,1481.0,25.19,9.0,29.77,Other,Low_poverty,LPO,34.1280222,-118.2170042
60371941011,3277.0,70.0,8.12,18.16,White,Low_poverty,LPW,34.1114184,-118.3530199
60371954004,1073.0,76.98,6.24,13.23,White,Low_poverty,LPW,34.0879997,-118.2723186
60372170023,2016.0,82.84,6.89,11.85,White,Low_poverty,LPW,34.0476099,-118.3808332
60374309013,2114.0,14.9,11.32,70.15,Minority,Low_poverty,LPM,34.1430587,-118.0168569
60374315023,881.0,8.51,36.17,62.32,Minority,High_poverty,HPM,34.0992,-118.0261207
60374331011,1167.0,1.54,34.08,54.58,Minority,High_poverty,HPM,34.0649438,-118.0493172
60374333061,611.0,0.98,1.8,48.45,Other,Low_poverty,LPO,34.0692435,-118.0098281
60371239013,824.0,66.14,6.33,10.55,White,Low_poverty,LPW,34.1858159,-118.3961177
60376703244,1438.0,78.58,6.47,6.82,White,Low_poverty,LPW,33.8002165,-118.3798555
60376704112,1833.0,64.21,1.25,8.84,White,Low_poverty,LPW,33.7889522,-118.3750908
60378003281,1538.0,59.62,8.91,21.27,White,Low_poverty,LPW,34.1511927,-118.7192569
60378003282,1195.0,76.23,6.24,6.95,White,Low_poverty,LPW,34.1619923,-118.7088851
60378004083,1389.0,83.15,4.1,6.26,White,Low_poverty,LPW,34.0235373,-118.8145867
60372739022,1030.0,88.64,4.56,4.27,White,Low_poverty,LPW,33.9829122,-118.4669107
60372742021,1848.0,70.08,11.47,18.29,White,Low_poverty,LPW,33.9724154,-118.4580536
60372943011,1431.0,7.69,2.94,83.37,Minority,Low_poverty,LPM,33.796005,-118.2802008
60371274004,1707.0,6.56,12.48,89.99,Minority,Low_poverty,LPM,34.2089981,-118.4740833
60371371041,1752.0,67.52,13.7,21.12,White,Low_poverty,LPW,34.1737514,-118.5880128
60371394023,689.0,90.71,1.45,6.82,White,Low_poverty,LPW,34.1656852,-118.5407244
60371831032,2248.0,7.34,14.59,77.98,Minority,Low_poverty,LPM,34.1162262,-118.1723105
60371838102,2149.0,15.91,13.4,77.89,Minority,Low_poverty,LPM,34.1081172,-118.1959351
60371863021,1454.0,41.82,6.18,23.25,Other,Low_poverty,LPO,34.1169242,-118.2300218
60371871022,2770.0,17.44,34.37,58.95,Minority,High_poverty,HPM,34.0960479,-118.2383576
60371908022,704.0,29.26,14.35,65.2,Minority,Low_poverty,LPM,34.096169,-118.3299268
60371943002,749.0,85.31,5.21,1.34,White,Low_poverty,LPW,34.1020724,-118.386264
60371944022,1136.0,83.8,11.71,6.07,White,Low_poverty,LPW,34.0842324,-118.3735683
60375431003,1153.0,0.61,23.0,98.17,Minority,Low_poverty,LPM,33.8830598,-118.2466372
60375439051,632.0,0.79,29.44,73.1,Minority,Low_poverty,LPM,33.8182266,-118.2598354
60375440022,1476.0,5.35,31.1,79.67,Minority,High_poverty,HPM,33.8308139,-118.2210819
60375502024,624.0,13.62,0.0,69.55,Minority,Low_poverty,LPM,33.9221351,-118.0904274
60375502025,842.0,4.28,6.71,76.37,Minority,Low_poverty,LPM,33.9188958,-118.0883369
60375506021,505.0,25.74,6.73,70.1,Minority,Low_poverty,LPM,33.951478,-118.1213194
60379201182,4358.0,51.61,0.92,27.92,White,Low_poverty,LPW,34.4615358,-118.6231372
60379203391,7420.0,51.5,5.13,13.73,White,Low_poverty,LPW,34.4153572,-118.6121722
60378005061,1277.0,83.32,11.2,10.26,White,Low_poverty,LPW,34.056422,-118.6149089
60376040013,1031.0,11.06,11.74,71.2,Minority,Low_poverty,LPM,33.8823205,-118.3600759
60376505023,2594.0,38.78,10.2,26.33,Other,Low_poverty,LPO,33.8529666,-118.3729843
60376506051,3064.0,35.22,9.11,16.55,Other,Low_poverty,LPO,33.8453408,-118.3504673
60376703241,1272.0,61.16,14.47,17.22,White,Low_poverty,LPW,33.7976361,-118.3629607
60377001013,773.0,82.66,21.09,6.73,White,Low_poverty,LPW,34.0925005,-118.3495767
60377008021,1284.0,61.14,7.01,26.33,White,Low_poverty,LPW,34.0674317,-118.3778774
60377012011,718.0,52.51,2.79,16.99,White,Low_poverty,LPW,34.0456335,-118.4953306
60377029012,1798.0,83.65,9.34,5.34,White,Low_poverty,LPW,33.9764333,-118.4553613
60377029013,3727.0,53.5,32.08,30.88,White,High_poverty,HPW,33.9814565,-118.4534637
60372719013,769.0,37.45,21.85,39.4,Other,Low_poverty,LPO,34.011175,-118.4227785
60375039022,634.0,37.07,0.0,47.48,Other,Low_poverty,LPO,33.8844479,-118.0185593
60375400003,543.0,1.1,8.84,98.89,Minority,Low_poverty,LPM,33.9172437,-118.1833233
60374605013,2741.0,57.79,4.74,4.93,White,Low_poverty,LPW,34.2072773,-118.1820702
60374802022,832.0,17.19,8.41,11.9,Other,Low_poverty,LPO,34.1106724,-118.0953045
60378002041,1707.0,76.98,4.63,4.46,White,Low_poverty,LPW,34.1464834,-118.6666815
60376023023,2077.0,45.06,5.53,17.1,Other,Low_poverty,LPO,33.9127208,-118.3722348
60376505013,805.0,55.9,4.22,22.73,White,Low_poverty,LPW,33.8565957,-118.3599018
60374004041,1928.0,53.01,9.08,30.96,White,Low_poverty,LPW,34.1414381,-117.8418502
60376010022,1430.0,1.89,14.15,98.11,Minority,Low_poverty,LPM,33.9550232,-118.3500815
60376025051,2883.0,5.9,24.74,89.7,Minority,Low_poverty,LPM,33.9073716,-118.3416692
60376025081,1630.0,15.95,5.52,74.05,Minority,Low_poverty,LPM,33.9146212,-118.3416808
60372625011,835.0,83.83,8.86,3.35,White,Low_poverty,LPW,34.0450192,-118.519271
60372627061,1525.0,90.1,11.28,6.29,White,Low_poverty,LPW,34.0350108,-118.5245644
60372628022,645.0,90.7,1.71,1.86,White,Low_poverty,LPW,34.0289578,-118.5153876
60372699031,3421.0,36.25,8.69,29.26,Other,Low_poverty,LPO,34.0209031,-118.4064763
60372713005,499.0,59.72,3.61,22.44,White,Low_poverty,LPW,34.0221825,-118.4442829
60372718011,1036.0,40.25,23.46,40.54,Other,Low_poverty,LPO,34.0162191,-118.4159828
60372734023,674.0,70.47,8.29,28.78,White,Low_poverty,LPW,33.9922871,-118.4755998
60374003044,1924.0,46.88,5.09,35.76,Other,Low_poverty,LPO,34.1085411,-117.8007345
60374011014,1429.0,51.15,13.3,35.76,White,Low_poverty,LPW,34.1259195,-117.8606397
60374013044,764.0,65.05,2.18,4.45,White,Low_poverty,LPW,34.0821926,-117.8201469
60374020022,1086.0,54.42,7.73,40.05,White,Low_poverty,LPW,34.090559,-117.7170746
60374024024,2148.0,19.27,27.98,51.54,Minority,Low_poverty,LPM,34.0526294,-117.7988793
60374033253,467.0,17.77,7.07,11.78,Other,Low_poverty,LPO,33.9712347,-117.8437446
60375715043,934.0,33.19,1.5,35.97,Other,Low_poverty,LPO,33.8373242,-118.1728028
60375722014,1627.0,29.69,14.26,28.45,Other,Low_poverty,LPO,33.814369,-118.1996826
60375736016,921.0,64.6,32.68,10.53,White,High_poverty,HPW,33.8300422,-118.1208566
60375736017,559.0,67.8,0.0,13.77,White,Low_poverty,LPW,33.8263474,-118.1208692
60375740004,1116.0,60.84,0.0,26.26,White,Low_poverty,LPW,33.8166023,-118.1014866
60375760011,1605.0,50.09,2.74,15.26,White,Low_poverty,LPW,33.7579678,-118.1846655
60375763011,994.0,14.89,35.51,72.53,Minority,High_poverty,HPM,33.7803493,-118.1907677
60375773005,901.0,84.46,3.22,11.76,White,Low_poverty,LPW,33.7575599,-118.1329748
60375775042,683.0,80.09,10.98,8.93,White,Low_poverty,LPW,33.7491763,-118.1228707
60372735024,848.0,96.7,6.01,2.48,White,Low_poverty,LPW,33.9899973,-118.4686974
60371112022,1772.0,59.99,7.29,24.88,White,Low_poverty,LPW,34.2684366,-118.522471
60371201081,2139.0,14.96,29.29,80.74,Minority,Low_poverty,LPM,34.2334666,-118.4568471
60371211012,1878.0,16.19,11.08,74.92,Minority,Low_poverty,LPM,34.2245875,-118.3634657
60371233043,1132.0,77.21,25.97,19.62,White,Low_poverty,LPW,34.1920771,-118.4036659
60371239021,407.0,84.28,7.13,12.53,White,Low_poverty,LPW,34.1772586,-118.3896098
60371242041,1541.0,31.41,31.6,57.1,Minority,High_poverty,HPM,34.1739739,-118.3724411
60373102021,1907.0,76.19,11.27,12.9,White,Low_poverty,LPW,34.1854372,-118.2932399
60377020023,2054.0,51.27,9.98,37.15,White,Low_poverty,LPW,34.0086015,-118.4808821
60371066032,1492.0,50.34,1.68,23.32,White,Low_poverty,LPW,34.312366,-118.5244825
60371066461,1879.0,49.76,6.59,26.02,Other,Low_poverty,LPO,34.2826269,-118.4953692
60371066482,1002.0,1.2,43.81,98.8,Minority,High_poverty,HPM,34.2908666,-118.4513899
60371112052,734.0,39.37,11.31,39.24,Other,Low_poverty,LPO,34.2536436,-118.5329647
60373105011,820.0,22.56,14.39,74.39,Minority,Low_poverty,LPM,34.1917479,-118.3325451
60373106011,2163.0,27.46,16.87,32.74,Other,Low_poverty,LPO,34.1939032,-118.324386
60373117005,946.0,86.05,4.23,7.3,White,Low_poverty,LPW,34.1593233,-118.3178675
60373202013,1111.0,0.0,24.66,100.0,Minority,Low_poverty,LPM,34.2865222,-118.4401627
60376706021,2772.0,73.52,4.73,7.97,White,Low_poverty,LPW,33.7385398,-118.3436879
60376706023,2465.0,41.7,6.35,12.09,Other,Low_poverty,LPO,33.7510003,-118.3751946
60377008022,1607.0,78.72,7.95,12.19,White,Low_poverty,LPW,34.0693408,-118.3848618
60377010003,817.0,85.19,11.02,3.3,White,Low_poverty,LPW,34.0596199,-118.4012768
60375541031,1396.0,11.96,10.32,79.51,Minority,Low_poverty,LPM,33.899698,-118.1201748
60375541041,1036.0,10.14,15.62,64.86,Minority,Low_poverty,LPM,33.8934667,-118.1203224
60375543022,1790.0,7.37,12.23,75.08,Minority,Low_poverty,LPM,33.8749582,-118.1469198
60375545213,1947.0,16.02,3.84,21.62,Other,Low_poverty,LPO,33.881919,-118.1008794
60375717041,1345.0,13.98,19.33,78.89,Minority,Low_poverty,LPM,33.8511413,-118.1860947
60375725002,1918.0,10.22,6.93,56.83,Minority,Low_poverty,LPM,33.818289,-118.2183579
60375751033,1483.0,19.49,13.55,54.82,Minority,Low_poverty,LPM,33.7883852,-118.1516684
60375763022,985.0,19.39,24.89,70.46,Minority,Low_poverty,LPM,33.7771515,-118.1840244
60375775041,695.0,81.73,8.92,6.19,White,Low_poverty,LPW,33.7396064,-118.1387839
60375776022,1768.0,74.04,4.19,15.27,White,Low_poverty,LPW,33.7702194,-118.1093451
60372410013,1658.0,0.3,25.15,93.01,Minority,Low_poverty,LPM,33.9296301,-118.2603705
60372411202,1823.0,0.0,27.54,99.5,Minority,Low_poverty,LPM,33.9401028,-118.2768271
60372652011,2174.0,70.33,21.39,9.2,White,Low_poverty,LPW,34.0671274,-118.4359368
60372690004,1690.0,58.76,6.04,20.53,White,Low_poverty,LPW,34.0504397,-118.4039656
60372091021,3594.0,0.89,43.88,92.9,Minority,High_poverty,HPM,34.0576485,-118.2677496
60371132371,2878.0,41.31,13.37,42.5,Other,Low_poverty,LPO,34.2451986,-118.6126947
60371171021,1287.0,13.68,5.61,71.41,Minority,Low_poverty,LPM,34.2460734,-118.4554997
60371175302,3939.0,8.1,23.05,76.29,Minority,Low_poverty,LPM,34.2230266,-118.4622379
60371192024,1717.0,1.86,37.62,87.77,Minority,High_poverty,HPM,34.252387,-118.4461562
60371201031,3452.0,1.83,48.22,95.28,Minority,High_poverty,HPM,34.22972,-118.4517987
60371201052,879.0,7.17,16.91,50.74,Minority,Low_poverty,LPM,34.2341728,-118.4447182
60377014021,1092.0,60.71,7.81,30.58,White,Low_poverty,LPW,34.0181664,-118.5058752
60377020022,1590.0,64.72,6.02,22.2,White,Low_poverty,LPW,34.0047299,-118.4837983
60372083011,2148.0,0.51,34.64,94.18,Minority,High_poverty,HPM,34.0619781,-118.2658492
60372127011,2276.0,6.94,20.65,32.29,Other,Low_poverty,LPO,34.0543037,-118.3193139
60372145023,1563.0,28.6,15.55,6.85,Other,Low_poverty,LPO,34.0680165,-118.3514856
60372187012,1248.0,12.26,11.94,67.31,Minority,Low_poverty,LPM,34.0373701,-118.3355786
60372244101,1400.0,27.14,43.29,42.36,Other,High_poverty,HPO,34.0348571,-118.2786106
60372247003,750.0,47.73,80.97,22.8,Other,High_poverty,HPO,34.0250074,-118.2777802
60372372013,934.0,1.39,38.01,98.61,Minority,High_poverty,HPM,33.9832477,-118.299123
60372398024,1052.0,0.0,5.32,98.76,Minority,Low_poverty,LPM,33.9642212,-118.2629538
60372410012,1353.0,0.0,24.83,98.82,Minority,Low_poverty,LPM,33.9294814,-118.2744347
60372756021,12100.0,52.65,10.42,20.21,White,Low_poverty,LPW,33.9770088,-118.4172364
60372912102,2488.0,10.77,24.76,72.03,Minority,Low_poverty,LPM,33.8902548,-118.2884731
60372947012,1147.0,3.31,31.47,94.85,Minority,High_poverty,HPM,33.7771536,-118.255155
60372951032,1523.0,58.17,2.56,31.91,White,Low_poverty,LPW,33.7616099,-118.2947359
60371021041,2797.0,68.86,8.84,12.62,White,Low_poverty,LPW,34.2122732,-118.3420406
60371021042,924.0,69.48,21.32,25.11,White,Low_poverty,LPW,34.2193682,-118.3481269
60371021072,1558.0,73.17,12.17,20.35,White,Low_poverty,LPW,34.2329623,-118.3328089
60371041243,695.0,76.55,4.03,10.07,White,Low_poverty,LPW,34.2900933,-118.374193
60371064052,2282.0,25.07,29.1,74.94,Minority,Low_poverty,LPM,34.3156249,-118.4504889
60371064072,827.0,21.04,34.13,78.96,Minority,High_poverty,HPM,34.3112356,-118.4358101
60374076011,1497.0,2.94,31.26,88.91,Minority,High_poverty,HPM,34.0390759,-117.9443047
60374076023,966.0,1.55,0.83,89.85,Minority,Low_poverty,LPM,34.0297662,-117.9412194
60374078021,1888.0,5.46,5.46,74.9,Minority,Low_poverty,LPM,34.0229331,-117.9348633
60374081333,1335.0,3.75,6.44,37.45,Other,Low_poverty,LPO,34.0207826,-117.90779
60374081411,4651.0,1.03,4.54,80.18,Minority,Low_poverty,LPM,34.0087891,-117.8919859
60374815003,1937.0,6.5,12.24,28.76,Other,Low_poverty,LPO,34.0875159,-118.1128626
60375002025,1380.0,34.86,1.52,22.32,Other,Low_poverty,LPO,33.9613945,-117.9940889
60375010013,816.0,0.0,11.71,100.0,Minority,Low_poverty,LPM,33.990178,-118.0664924
60375509023,869.0,33.03,21.63,64.67,Minority,Low_poverty,LPM,33.9446635,-118.123605
60375511023,2008.0,4.58,12.25,84.51,Minority,Low_poverty,LPM,33.9260366,-118.1210804
60375523012,2232.0,3.41,7.28,65.99,Minority,Low_poverty,LPM,33.9126988,-118.0606355
60375523021,1194.0,7.45,19.43,65.5,Minority,Low_poverty,LPM,33.9068727,-118.0549146
60376509011,2027.0,40.7,6.46,34.63,Other,Low_poverty,LPO,33.8431439,-118.3230445
60376509013,1044.0,34.0,2.39,22.51,Other,Low_poverty,LPO,33.8341497,-118.3247059
60376513042,733.0,57.16,2.46,12.15,White,Low_poverty,LPW,33.8148735,-118.3794729
60376514011,1433.0,60.92,3.53,12.98,White,Low_poverty,LPW,33.7865224,-118.3319231
60376514023,1653.0,38.29,4.51,9.68,Other,Low_poverty,LPO,33.7945065,-118.3463832
60376703243,1395.0,68.32,0.0,6.02,White,Low_poverty,LPW,33.7979748,-118.397974
60376703262,1502.0,49.53,7.12,12.12,Other,Low_poverty,LPO,33.7854657,-118.4039039
60376703282,1335.0,61.65,3.67,8.76,White,Low_poverty,LPW,33.7730688,-118.4253473
60374816052,1047.0,5.16,8.6,27.22,Other,Low_poverty,LPO,34.070765,-118.1255255
60374817111,2266.0,1.77,28.77,11.17,Other,Low_poverty,LPO,34.0643654,-118.1198246
60375016005,396.0,47.22,7.58,34.6,Other,Low_poverty,LPO,33.9837972,-118.0252594
60371941021,1030.0,74.95,10.29,4.86,White,Low_poverty,LPW,34.1171883,-118.3658479
60371958042,1207.0,43.66,19.8,33.47,Other,Low_poverty,LPO,34.0793472,-118.2736143
60371959022,1301.0,45.5,25.52,32.82,Other,Low_poverty,LPO,34.0846816,-118.2799126
60372073021,3055.0,43.73,23.37,31.13,Other,Low_poverty,LPO,34.0453229,-118.2499399
60372084012,2822.0,1.03,27.6,68.22,Minority,Low_poverty,LPM,34.0642689,-118.2702371
60372085021,1762.0,5.11,19.58,85.47,Minority,Low_poverty,LPM,34.067072,-118.2763307
60372094032,1998.0,5.06,34.03,90.09,Minority,High_poverty,HPM,34.0523487,-118.2743582
60374046002,503.0,0.0,9.02,100.0,Minority,Low_poverty,LPM,34.1229947,-117.9610912
60374053023,987.0,3.85,2.84,65.35,Minority,Low_poverty,LPM,34.0768798,-117.9483135
60375010023,862.0,18.1,3.25,79.58,Minority,Low_poverty,LPM,33.9807539,-118.0641644
60375010024,745.0,13.69,8.32,81.74,Minority,Low_poverty,LPM,33.9782891,-118.060689
60375018031,2435.0,8.75,18.47,86.16,Minority,Low_poverty,LPM,33.970531,-118.0411273
60375020042,2757.0,5.48,13.45,90.42,Minority,Low_poverty,LPM,33.9624293,-118.0494162
60379100013,3021.0,11.85,8.61,84.6,Minority,Low_poverty,LPM,34.5687153,-117.9610014
60379101011,1863.0,7.09,31.2,88.99,Minority,High_poverty,HPM,34.6056671,-118.0270881
60379201151,1005.0,67.26,0.0,6.77,White,Low_poverty,LPW,34.4378317,-118.5487477
60379201191,1974.0,57.55,7.79,28.26,White,Low_poverty,LPW,34.4636693,-118.6354865
60376003041,1655.0,0.3,28.16,98.55,Minority,Low_poverty,LPM,33.9351601,-118.2938815
60376012121,3467.0,5.6,19.61,81.14,Minority,Low_poverty,LPM,33.9568241,-118.3559021
60376023021,912.0,59.54,0.88,27.41,White,Low_poverty,LPW,33.9096613,-118.3761122
60376025091,2043.0,1.03,12.29,79.2,Minority,Low_poverty,LPM,33.9133998,-118.330233
60374067012,1081.0,2.59,6.04,78.36,Minority,Low_poverty,LPM,34.052767,-117.9470336
60374075011,2021.0,1.63,9.8,79.87,Minority,Low_poverty,LPM,34.0480928,-117.9502686
60371047041,4321.0,6.36,28.63,90.99,Minority,Low_poverty,LPM,34.2625316,-118.4088637
60371048211,2468.0,4.17,18.46,90.84,Minority,Low_poverty,LPM,34.2450802,-118.4147192
60379103023,1771.0,39.13,3.84,56.81,Minority,Low_poverty,LPM,34.6147682,-118.2153644
60379105052,1541.0,12.59,7.2,83.0,Minority,Low_poverty,LPM,34.5619653,-118.1075272
60379107121,2904.0,13.05,7.99,83.13,Minority,Low_poverty,LPM,34.5516547,-118.0529587
60376512221,3677.0,27.03,4.08,20.64,Other,Low_poverty,LPO,33.8129727,-118.361679
60379107161,2645.0,18.3,12.97,77.4,Minority,Low_poverty,LPM,34.5482024,-118.0685722
60379110012,769.0,59.3,35.37,40.7,White,High_poverty,HPW,34.487745,-117.7440218
60379201021,1609.0,33.5,6.53,39.47,Other,Low_poverty,LPO,34.4950475,-118.5800239
60379201022,495.0,79.39,0.0,18.79,White,Low_poverty,LPW,34.6626624,-118.4252632
60376025093,753.0,8.37,20.05,90.04,Minority,Low_poverty,LPM,33.9206365,-118.3353971
60379303012,457.0,68.93,3.27,20.35,White,Low_poverty,LPW,34.3948871,-117.8334086
60374810023,1058.0,3.4,13.14,21.36,Other,Low_poverty,LPO,34.0955246,-118.123116
60371064071,2292.0,9.34,31.54,83.42,Minority,High_poverty,HPM,34.3095034,-118.4377667
60371249031,2364.0,53.6,12.27,37.4,White,Low_poverty,LPW,34.1666093,-118.4027845
60371254023,2391.0,63.4,16.14,20.66,White,Low_poverty,LPW,34.1596218,-118.3755264
60371276041,3157.0,23.88,21.16,64.15,Minority,Low_poverty,LPM,34.1993163,-118.4797991
60371276062,2397.0,21.94,14.43,67.92,Minority,Low_poverty,LPM,34.1915589,-118.4782014
60371288011,1634.0,48.9,22.09,31.21,Other,Low_poverty,LPO,34.1677739,-118.4674276
60371317012,2407.0,24.43,16.24,60.49,Minority,Low_poverty,LPM,34.2046683,-118.5557069
60371344241,1749.0,71.41,0.0,5.83,White,Low_poverty,LPW,34.2153898,-118.6566038
60371349031,6919.0,23.02,14.73,55.99,Minority,Low_poverty,LPM,34.1924692,-118.5916957
60371351142,1141.0,45.49,21.65,39.27,Other,Low_poverty,LPO,34.1904438,-118.603662
60371394011,873.0,79.15,18.33,16.73,White,Low_poverty,LPW,34.1687453,-118.5351763
60371395021,1806.0,78.35,13.9,11.85,White,Low_poverty,LPW,34.1646265,-118.5293481
60371396002,2304.0,87.93,5.3,5.25,White,Low_poverty,LPW,34.1644749,-118.5055381
60371852031,1972.0,5.43,25.1,79.77,Minority,Low_poverty,LPM,34.0980527,-118.2304146
60371852033,969.0,20.95,18.47,72.96,Minority,Low_poverty,LPM,34.1015997,-118.2324712
60374027052,2297.0,12.28,4.95,77.19,Minority,Low_poverty,LPM,34.0734216,-117.7315079
60379010092,1483.0,27.92,31.83,71.14,Minority,High_poverty,HPM,34.6852017,-118.1693812
60374020021,1696.0,36.38,11.53,54.72,Minority,Low_poverty,LPM,34.0832479,-117.7148237
60374603014,2151.0,51.46,9.58,38.92,White,Low_poverty,LPW,34.2113191,-118.1531607
60374603022,519.0,24.08,28.9,62.82,Minority,Low_poverty,LPM,34.1976543,-118.1602294
60371011221,2156.0,84.04,6.1,8.62,White,Low_poverty,LPW,34.2709456,-118.2946904
60371014003,1240.0,56.29,2.66,22.91,White,Low_poverty,LPW,34.2442897,-118.2835188
60371041241,1648.0,10.13,16.17,77.48,Minority,Low_poverty,LPM,34.2775179,-118.3838157
60371044041,1325.0,1.96,25.36,93.13,Minority,Low_poverty,LPM,34.265717,-118.4262294
60371958021,1358.0,18.63,8.8,59.65,Minority,Low_poverty,LPM,34.0766749,-118.2789414
60371958041,1326.0,26.85,11.46,62.97,Minority,Low_poverty,LPM,34.0777173,-118.2713521
60371959011,2237.0,44.12,11.27,38.0,Other,Low_poverty,LPO,34.0887786,-118.2823148
60372016011,2323.0,4.69,18.38,82.31,Minority,Low_poverty,LPM,34.0726971,-118.1774624
60372016022,554.0,6.14,24.18,72.02,Minority,Low_poverty,LPM,34.0759336,-118.1673323
60372060321,1072.0,19.12,34.24,66.98,Minority,High_poverty,HPM,34.0454002,-118.2259239
60372060322,1890.0,3.39,42.65,81.11,Minority,High_poverty,HPM,34.0452097,-118.2206011
60372083021,569.0,7.73,31.11,72.76,Minority,High_poverty,HPM,34.0642887,-118.2624504
60372088022,1204.0,12.54,18.52,69.1,Minority,Low_poverty,LPM,34.0604469,-118.280255
60372112012,1750.0,6.4,28.97,70.12,Minority,Low_poverty,LPM,34.0745296,-118.2989471
60372125021,1258.0,6.04,21.62,20.74,Other,Low_poverty,LPO,34.0597172,-118.3065929
60372132022,2252.0,4.13,19.27,54.35,Minority,Low_poverty,LPM,34.0491092,-118.3063111
60372164012,2066.0,73.48,8.56,19.94,White,Low_poverty,LPW,34.0568762,-118.3814723
60372975002,664.0,62.95,0.0,37.05,White,Low_poverty,LPW,33.7107078,-118.3025064
60372976013,1126.0,40.76,0.0,44.32,Other,Low_poverty,LPO,33.7175426,-118.2860301
60374004042,1077.0,71.59,0.84,8.54,White,Low_poverty,LPW,34.1633687,-117.8255175
60373101004,1251.0,57.63,0.8,28.62,White,Low_poverty,LPW,34.1948536,-118.2863809
60373102014,2380.0,73.03,9.87,13.11,White,Low_poverty,LPW,34.1881204,-118.3045454
60375022002,1203.0,6.73,11.72,93.27,Minority,Low_poverty,LPM,33.9736798,-118.0648716
60375031042,2037.0,4.76,9.57,83.36,Minority,Low_poverty,LPM,33.9179713,-118.0442648
60375302023,1188.0,1.43,10.35,98.57,Minority,Low_poverty,LPM,34.0221598,-118.1373981
60372612002,1499.0,79.79,6.74,2.07,White,Low_poverty,LPW,34.1067815,-118.4373285
60374622012,1175.0,34.38,58.3,30.38,Other,High_poverty,HPO,34.1531058,-118.1391987
60374636014,1512.0,42.99,17.46,30.56,Other,Low_poverty,LPO,34.1391973,-118.1375756
60374636022,2537.0,39.93,16.4,30.27,Other,Low_poverty,LPO,34.1421502,-118.144236
60371952023,1480.0,70.27,5.24,10.2,White,Low_poverty,LPW,34.1031686,-118.2804253
60372201001,761.0,6.18,12.09,78.32,Minority,Low_poverty,LPM,34.0240421,-118.3651398
60372215001,2256.0,3.95,30.64,91.67,Minority,High_poverty,HPM,34.0347245,-118.3059471
60372216023,936.0,0.85,12.29,82.05,Minority,Low_poverty,LPM,34.0390879,-118.2890005
60372220012,1618.0,13.16,7.29,83.62,Minority,Low_poverty,LPM,34.0268916,-118.3132699
60372220024,1399.0,2.79,17.87,97.21,Minority,Low_poverty,LPM,34.0192562,-118.3133426
60372260012,1103.0,0.45,57.03,99.55,Minority,High_poverty,HPM,34.0225853,-118.2460135
60372349022,1492.0,4.96,18.15,92.63,Minority,Low_poverty,LPM,33.9833508,-118.3360172
60372362031,2309.0,3.98,30.84,80.33,Minority,High_poverty,HPM,34.0191495,-118.34698
60372372024,1035.0,12.08,19.23,83.48,Minority,Low_poverty,LPM,33.9839941,-118.3118892
60372392022,1696.0,0.0,19.46,95.64,Minority,Low_poverty,LPM,33.9871773,-118.2717406
60372395021,1386.0,0.58,37.37,98.48,Minority,High_poverty,HPM,33.9693263,-118.2585839
60372396021,2061.0,0.0,33.4,99.17,Minority,High_poverty,HPM,33.9695872,-118.2717162
60372397011,3175.0,0.0,35.34,100.0,Minority,High_poverty,HPM,33.966757,-118.2736262
60374310022,1558.0,49.29,0.13,28.24,Other,Low_poverty,LPO,34.1473284,-117.9873624
60374331012,1297.0,3.24,1.93,42.95,Other,Low_poverty,LPO,34.0698253,-118.0623845
60373012061,2498.0,77.26,17.01,8.56,White,Low_poverty,LPW,34.1636188,-118.2677942
60373012063,746.0,70.11,2.82,11.12,White,Low_poverty,LPW,34.164796,-118.2779359
60373018022,1824.0,61.95,13.87,12.45,White,Low_poverty,LPW,34.1507722,-118.2597891
60373025042,979.0,71.5,6.74,20.83,White,Low_poverty,LPW,34.1354232,-118.2533381
60372371021,1668.0,2.28,23.38,97.07,Minority,Low_poverty,LPM,33.9866171,-118.2827849
60372372023,1444.0,0.0,22.65,100.0,Minority,Low_poverty,LPM,33.9839108,-118.3034785
60372396012,1843.0,0.65,35.11,95.01,Minority,High_poverty,HPM,33.9727423,-118.2773173
60372398012,1835.0,0.0,31.93,98.37,Minority,High_poverty,HPM,33.966021,-118.2673267
60372404011,1641.0,0.61,32.42,98.97,Minority,High_poverty,HPM,33.9481173,-118.2872259
60374084023,3779.0,14.32,6.75,64.22,Minority,Low_poverty,LPM,34.0160359,-118.0099513
60374086311,3146.0,7.79,5.98,52.32,Minority,Low_poverty,LPM,33.9988925,-117.9580044
60375520023,818.0,2.2,7.89,80.44,Minority,Low_poverty,LPM,33.9124355,-118.0886775
60375535041,1684.0,15.38,13.06,84.08,Minority,Low_poverty,LPM,33.9051247,-118.1523216
60375542032,1598.0,24.22,8.2,53.88,Minority,Low_poverty,LPM,33.8793606,-118.1243568
60375544052,2352.0,16.41,14.07,68.79,Minority,Low_poverty,LPM,33.8719474,-118.1212034
60375544061,2146.0,28.19,10.93,43.19,Other,Low_poverty,LPO,33.8759864,-118.1123013
60371412022,1277.0,66.41,11.67,14.56,White,Low_poverty,LPW,34.1487628,-118.445803
60371436031,2392.0,74.62,6.94,9.62,White,Low_poverty,LPW,34.1442858,-118.3727317
60371834011,1543.0,21.52,12.09,56.77,Minority,Low_poverty,LPM,34.1215139,-118.2109365
60371834021,1525.0,20.79,20.35,52.0,Minority,Low_poverty,LPM,34.1231846,-118.215755
60371837013,1017.0,20.85,35.0,71.09,Minority,High_poverty,HPM,34.1089755,-118.1899299
60371863023,1549.0,18.59,13.3,78.76,Minority,Low_poverty,LPM,34.1125119,-118.2307234
60375319013,2074.0,0.34,18.51,99.66,Minority,Low_poverty,LPM,34.0124797,-118.1414168
60372199021,2299.0,10.31,31.8,84.77,Minority,High_poverty,HPM,34.0293992,-118.3658536
60372349012,2306.0,0.39,40.16,99.31,Minority,High_poverty,HPM,33.9830175,-118.329378
60374303013,1219.0,66.61,5.79,16.81,White,Low_poverty,LPW,34.1664555,-118.0027852
60374306003,416.0,39.42,6.25,0.0,Other,Low_poverty,LPO,34.1537026,-118.0605501
60374315013,1934.0,13.19,19.65,47.21,Other,Low_poverty,LPO,34.1036006,-118.0344893
60374333042,3080.0,3.25,26.62,76.49,Minority,Low_poverty,LPM,34.0699417,-118.0212109
60374333062,2167.0,4.25,17.6,68.75,Minority,Low_poverty,LPM,34.0731927,-118.0064808
60373010003,1315.0,49.13,13.8,35.13,Other,Low_poverty,LPO,34.1512305,-118.2286178
60375028011,935.0,10.48,18.93,83.85,Minority,Low_poverty,LPM,33.9464355,-118.0932219
60375515011,3039.0,14.87,7.86,76.94,Minority,Low_poverty,LPM,33.9371087,-118.1613402
60374005011,2049.0,69.64,4.64,10.54,White,Low_poverty,LPW,34.1611292,-117.8641751
60374013031,2074.0,44.55,2.12,31.0,Other,Low_poverty,LPO,34.0673148,-117.8140095
60374013122,2134.0,47.0,8.48,37.96,Other,Low_poverty,LPO,34.0958306,-117.8294514
60374045042,2527.0,7.56,18.05,87.85,Minority,Low_poverty,LPM,34.1121884,-117.9033083
60374080031,2041.0,3.87,5.84,87.07,Minority,Low_poverty,LPM,34.0477022,-117.9214607
60375031051,1798.0,17.19,2.11,75.47,Minority,Low_poverty,LPM,33.9201104,-118.0324453
60375031063,1963.0,11.36,6.98,74.48,Minority,Low_poverty,LPM,33.9201955,-118.0264411
60375312012,2827.0,1.63,22.99,98.16,Minority,Low_poverty,LPM,34.029548,-118.1893652
60375319011,2242.0,0.4,22.44,96.39,Minority,Low_poverty,LPM,34.0152323,-118.1450665
60372976021,857.0,53.09,16.1,35.71,White,Low_poverty,LPW,33.7206707,-118.2899403
60371042042,1921.0,10.83,8.14,77.3,Minority,Low_poverty,LPM,34.2912875,-118.3931176
60374038023,3845.0,27.62,17.98,56.88,Minority,Low_poverty,LPM,34.1030791,-117.8420023
60374053025,464.0,19.61,0.0,53.66,Minority,Low_poverty,LPM,34.0789383,-117.9368505
60374067022,2076.0,10.26,4.67,57.56,Minority,Low_poverty,LPM,34.0616665,-117.9345437
60374069022,925.0,6.38,2.7,80.1,Minority,Low_poverty,LPM,34.0526871,-117.968952
60374076021,1203.0,0.5,4.66,78.55,Minority,Low_poverty,LPM,34.0323937,-117.9468466
60374080032,2536.0,5.88,5.32,51.3,Minority,Low_poverty,LPM,34.0455304,-117.9154705
60374080041,2493.0,6.62,6.19,55.23,Minority,Low_poverty,LPM,34.0379961,-117.9156679
60374080061,3344.0,3.53,14.65,40.55,Other,Low_poverty,LPO,34.0345437,-117.9014171
60371211023,977.0,29.48,19.5,62.74,Minority,Low_poverty,LPM,34.2299362,-118.370039
60371239022,2261.0,46.4,18.84,35.3,Other,Low_poverty,LPO,34.1753714,-118.3931905
60378004062,531.0,98.31,11.3,1.69,White,Low_poverty,LPW,34.0392423,-118.8829106
60378004063,574.0,82.4,19.16,7.84,White,Low_poverty,LPW,34.0479294,-118.859732
60378004082,3489.0,85.24,5.39,9.54,White,Low_poverty,LPW,34.0093328,-118.8049765
60379100021,4075.0,19.17,7.34,76.45,Minority,Low_poverty,LPM,34.5334047,-117.901065
60379105041,1231.0,20.88,7.47,77.82,Minority,Low_poverty,LPM,34.57085,-118.1012099
60379106052,1525.0,26.23,9.84,57.31,Minority,Low_poverty,LPM,34.5684895,-118.0627805
60379107111,5799.0,15.31,14.92,77.68,Minority,Low_poverty,LPM,34.5753348,-118.0569027
60379203373,1941.0,24.73,26.79,52.91,Minority,Low_poverty,LPM,34.3732583,-118.5089324
60376209041,501.0,98.6,2.0,0.0,White,Low_poverty,LPW,33.8807307,-118.410369
60376509014,1313.0,26.66,6.86,39.91,Other,Low_poverty,LPO,33.8318581,-118.3136506
60371112065,851.0,57.93,1.53,1.18,White,Low_poverty,LPW,34.2609922,-118.532609
60374313001,1084.0,31.92,4.43,33.86,Other,Low_poverty,LPO,34.1214704,-118.0069483
60373003012,895.0,70.61,4.36,5.14,White,Low_poverty,LPW,34.2445541,-118.2626252
60373012051,907.0,86.11,5.84,7.5,White,Low_poverty,LPW,34.169347,-118.2749593
60373018013,1102.0,49.82,11.25,29.03,Other,Low_poverty,LPO,34.1579417,-118.2596939
60373018021,2692.0,65.04,18.2,14.79,White,Low_poverty,LPW,34.1482943,-118.2596514
60373020041,4151.0,57.79,20.65,21.13,White,Low_poverty,LPW,34.1488475,-118.2387735
60373102011,788.0,82.61,0.0,17.39,White,Low_poverty,LPW,34.1911456,-118.3004704
60378003326,1198.0,74.21,1.17,1.25,White,Low_poverty,LPW,34.1651023,-118.7659335
60378005041,2334.0,85.86,11.01,6.6,White,Low_poverty,LPW,34.0576092,-118.6668694
60379001032,1584.0,21.34,23.93,77.15,Minority,Low_poverty,LPM,34.6274865,-117.8582047
60379001042,1371.0,33.55,7.44,66.45,Minority,Low_poverty,LPM,34.576278,-117.8399663
60379005052,2249.0,23.61,34.59,69.46,Minority,High_poverty,HPM,34.6786366,-118.1079866
60379006091,3587.0,13.99,34.57,76.89,Minority,High_poverty,HPM,34.7077844,-118.0992874
60379010102,1772.0,53.95,19.41,41.98,White,Low_poverty,LPW,34.6718367,-118.1938525
60379010112,1278.0,51.41,8.54,34.43,White,Low_poverty,LPW,34.671254,-118.1790827
60376706022,1625.0,61.11,9.29,7.08,White,Low_poverty,LPW,33.7385168,-118.3696845
60379002011,1129.0,48.01,19.4,43.76,Other,Low_poverty,LPO,34.7083865,-117.956249
60379201141,6518.0,57.73,6.82,22.0,White,Low_poverty,LPW,34.4314745,-118.5622123
60379200111,172.0,44.77,14.44,40.7,Other,Low_poverty,LPO,34.5455874,-118.4200953
60379203262,2908.0,55.33,2.34,25.45,White,Low_poverty,LPW,34.3510164,-118.5979216
60379800191,138.0,82.61,4.35,0.0,White,Low_poverty,LPW,34.0925672,-118.5343628
60374620011,1820.0,19.07,38.24,74.67,Minority,High_poverty,HPM,34.1654279,-118.1439295
60374622011,1397.0,46.24,13.1,40.94,Other,Low_poverty,LPO,34.1548976,-118.1346993
60374623012,1096.0,18.07,44.16,69.98,Minority,High_poverty,HPM,34.1531707,-118.128989
60374623023,972.0,31.17,17.28,39.3,Other,Low_poverty,LPO,34.1487934,-118.1233901
60374636013,2284.0,37.35,17.86,21.01,Other,Low_poverty,LPO,34.1408773,-118.134572
60374800112,2839.0,10.53,16.06,45.08,Other,Low_poverty,LPO,34.1261899,-118.0762456
60371066481,3544.0,3.27,13.46,96.39,Minority,Low_poverty,LPM,34.2935613,-118.4567568
60371081011,2327.0,57.07,8.77,17.45,White,Low_poverty,LPW,34.2793058,-118.5416524
60371131012,2194.0,53.87,3.47,27.44,White,Low_poverty,LPW,34.2607623,-118.5877254
60371131022,1594.0,68.7,2.13,23.46,White,Low_poverty,LPW,34.2668042,-118.5723899
60371908023,786.0,39.57,22.39,45.55,Other,Low_poverty,LPO,34.0925476,-118.3277473
60371920011,910.0,67.14,14.07,16.81,White,Low_poverty,LPW,34.0873583,-118.3504198
60375028015,876.0,15.07,4.0,83.79,Minority,Low_poverty,LPM,33.94322,-118.0839911
60375028021,2091.0,10.28,24.06,78.38,Minority,Low_poverty,LPM,33.937504,-118.0776034
60375037032,2975.0,38.76,1.51,27.09,Other,Low_poverty,LPO,33.9137263,-117.9858097
60375313013,1425.0,1.54,36.27,97.75,Minority,High_poverty,HPM,34.0222449,-118.1831587
60375330021,1329.0,1.43,30.7,92.85,Minority,High_poverty,HPM,33.9775875,-118.242242
60375350012,470.0,0.0,19.79,100.0,Minority,Low_poverty,LPM,33.9732766,-118.2509207
60375361032,2542.0,2.52,18.61,96.77,Minority,Low_poverty,LPM,33.9439408,-118.1856232
60376030052,2151.0,11.16,17.88,64.85,Minority,Low_poverty,LPM,33.8968393,-118.3025746
60376038021,2867.0,12.24,17.09,74.82,Minority,Low_poverty,LPM,33.8928092,-118.3481824
60376040021,885.0,16.38,6.21,70.28,Minority,Low_poverty,LPM,33.8783972,-118.3549793
60376203052,1515.0,68.32,2.57,6.6,White,Low_poverty,LPW,33.895661,-118.4117945
60376203053,598.0,87.96,0.0,9.36,White,Low_poverty,LPW,33.8988678,-118.4168242
60376205222,2066.0,52.37,2.62,12.39,White,Low_poverty,LPW,33.8776992,-118.3766932
60376213262,931.0,67.35,5.69,12.57,White,Low_poverty,LPW,33.8266979,-118.3878015
60376504011,1355.0,50.11,1.48,13.87,White,Low_poverty,LPW,33.8443376,-118.342501
60376504014,873.0,41.7,9.62,3.09,Other,Low_poverty,LPO,33.8320119,-118.3366757
60375421032,660.0,1.52,20.0,98.48,Minority,Low_poverty,LPM,33.9050034,-118.196812
60375421042,965.0,4.04,29.33,91.09,Minority,Low_poverty,LPM,33.8978289,-118.1912851
60375421043,986.0,4.06,7.6,95.94,Minority,Low_poverty,LPM,33.9044597,-118.1921195
60377030024,1621.0,16.72,8.03,75.26,Minority,Low_poverty,LPM,33.9929788,-118.3710174
60379005071,2757.0,40.95,31.08,47.55,Other,High_poverty,HPO,34.673604,-118.0836481
60379007041,2007.0,23.77,11.71,60.79,Minority,Low_poverty,LPM,34.671646,-118.143753
60379010081,1976.0,29.1,24.6,54.45,Minority,Low_poverty,LPM,34.6966425,-118.1768157
60374027063,1486.0,5.32,7.63,91.12,Minority,Low_poverty,LPM,34.0733805,-117.7227679
60374029041,1750.0,2.4,2.11,93.83,Minority,Low_poverty,LPM,34.0318683,-117.7344352
60374029042,1955.0,7.88,6.76,87.06,Minority,Low_poverty,LPM,34.0242839,-117.7367488
60374615011,1092.0,23.35,11.08,60.53,Minority,Low_poverty,LPM,34.177726,-118.1379121
60374619021,456.0,38.16,46.93,43.42,Other,High_poverty,HPO,34.1489314,-118.1437216
60371154042,1669.0,23.37,13.14,59.2,Minority,Low_poverty,LPM,34.2243825,-118.5386175
60371190022,2028.0,1.97,6.36,86.69,Minority,Low_poverty,LPM,34.2474165,-118.428712
60371190024,2502.0,8.55,7.07,78.98,Minority,Low_poverty,LPM,34.2410469,-118.4262688
60371192022,1010.0,3.86,1.29,89.9,Minority,Low_poverty,LPM,34.2601546,-118.4424199
60371218011,1948.0,16.07,17.15,79.46,Minority,Low_poverty,LPM,34.210278,-118.3921488
60371255012,1227.0,67.07,15.16,27.47,White,Low_poverty,LPW,34.1621874,-118.3637088
60371864042,822.0,10.58,9.85,61.8,Minority,Low_poverty,LPM,34.108537,-118.2361155
60371891013,605.0,65.62,15.37,8.27,White,Low_poverty,LPW,34.1065464,-118.2903291
60371892012,1577.0,75.52,11.22,9.76,White,Low_poverty,LPW,34.1035883,-118.2939679
60371899041,2435.0,62.05,16.23,27.31,White,Low_poverty,LPW,34.0997191,-118.3467929
60376210041,700.0,92.71,0.0,4.57,White,Low_poverty,LPW,33.8761183,-118.4045485
60376210043,611.0,74.47,7.36,22.26,White,Low_poverty,LPW,33.8723167,-118.40154
60376210045,872.0,65.14,0.0,19.5,White,Low_poverty,LPW,33.8745872,-118.4035933
60376212013,2667.0,47.69,8.92,34.6,Other,Low_poverty,LPO,33.8499199,-118.3862497
60376213241,2655.0,71.53,3.62,8.93,White,Low_poverty,LPW,33.8337216,-118.3900969
60375436032,2067.0,11.08,5.3,52.78,Minority,Low_poverty,LPM,33.8079104,-118.293685
60371278041,4352.0,30.88,16.59,53.38,Minority,Low_poverty,LPM,34.1974925,-118.4618228
60371286022,988.0,78.85,15.89,21.15,White,Low_poverty,LPW,34.1736354,-118.43488
60371321011,1557.0,37.89,15.74,40.53,Other,Low_poverty,LPO,34.1915957,-118.4967388
60371321013,1575.0,30.1,16.89,54.98,Minority,Low_poverty,LPM,34.1879647,-118.4967606
60371325021,2528.0,40.43,19.88,48.89,Other,Low_poverty,LPO,34.1911391,-118.5469513
60371340012,655.0,18.32,19.85,64.27,Minority,Low_poverty,LPM,34.1983071,-118.5917139
60371344242,1167.0,62.47,5.06,11.14,White,Low_poverty,LPW,34.2075484,-118.6564194
60371390012,2332.0,69.81,5.27,23.75,White,Low_poverty,LPW,34.1742892,-118.5128066
60371390014,735.0,73.88,11.97,4.22,White,Low_poverty,LPW,34.1760128,-118.516541
60372947013,1399.0,2.79,40.96,94.21,Minority,High_poverty,HPM,33.7784111,-118.2604646
60372964011,2382.0,50.42,5.67,30.31,White,Low_poverty,LPW,33.7402202,-118.3141081
60372969012,1133.0,27.01,12.8,71.05,Minority,Low_poverty,LPM,33.7286473,-118.2934711
60372972021,1580.0,57.91,3.67,39.05,White,Low_poverty,LPW,33.7265494,-118.2989989
60372975004,852.0,80.99,5.4,12.2,White,Low_poverty,LPW,33.7164234,-118.3040463
60374081362,1774.0,7.84,9.7,61.39,Minority,Low_poverty,LPM,34.0050482,-117.876897
60374081381,1634.0,0.67,36.77,92.59,Minority,High_poverty,HPM,34.0150397,-117.9198744
60374081402,1244.0,1.21,11.98,96.06,Minority,Low_poverty,LPM,34.007764,-117.8995217
60374085052,1341.0,13.65,5.44,43.48,Other,Low_poverty,LPO,33.9996544,-117.9778863
60374087241,1269.0,4.65,21.51,47.52,Other,Low_poverty,LPO,33.9847417,-117.9055981
60375330011,1869.0,0.75,35.1,99.25,Minority,High_poverty,HPM,33.982981,-118.2456188
60375350011,2573.0,0.0,28.45,99.69,Minority,Low_poverty,LPM,33.9722871,-118.2541848
60375353004,1142.0,0.0,8.08,100.0,Minority,Low_poverty,LPM,33.9585095,-118.2357086
60375361041,1012.0,4.45,18.97,90.81,Minority,Low_poverty,LPM,33.9472414,-118.177685
60371096041,950.0,22.0,9.47,63.37,Minority,Low_poverty,LPM,34.2615827,-118.4697114
60371097002,1612.0,45.1,8.54,37.97,Other,Low_poverty,LPO,34.2629343,-118.4859714
60375406001,2892.0,0.76,33.1,99.24,Minority,High_poverty,HPM,33.9221831,-118.233832
60372286001,3075.0,0.75,37.55,98.6,Minority,High_poverty,HPM,34.0052714,-118.2608581
60374315021,1505.0,21.2,14.82,21.26,Other,Low_poverty,LPO,34.1044852,-118.0272644
60375358033,954.0,1.36,0.0,98.01,Minority,Low_poverty,LPM,33.9458458,-118.2103971
60371281012,1215.0,39.01,23.95,58.68,Minority,Low_poverty,LPM,34.1912175,-118.4377942
60376204003,1259.0,77.92,0.0,3.49,White,Low_poverty,LPW,33.889489,-118.3861528
60374021023,631.0,10.46,18.07,89.54,Minority,Low_poverty,LPM,34.0786216,-117.7468765
60379203341,742.0,82.48,1.48,14.56,White,Low_poverty,LPW,34.3843919,-118.5609435
60375712003,477.0,78.2,3.77,21.8,White,Low_poverty,LPW,33.8341189,-118.1332659
60374642006,1586.0,35.94,4.92,4.79,Other,Low_poverty,LPO,34.1209299,-118.1027556
60374033211,3220.0,16.71,4.95,32.58,Other,Low_poverty,LPO,34.0182192,-117.7978364
60374806003,1333.0,59.71,7.62,18.31,White,Low_poverty,LPW,34.1173512,-118.1666948
60375715032,1719.0,21.41,11.87,47.52,Other,Low_poverty,LPO,33.8453796,-118.1731525
60374044021,1826.0,0.66,10.51,71.2,Minority,Low_poverty,LPM,34.1196672,-117.9255585
60372946102,2966.0,2.87,27.78,89.31,Minority,Low_poverty,LPM,33.7850024,-118.2581472
60379100011,1316.0,16.41,40.27,67.4,Minority,High_poverty,HPM,34.6057046,-117.9291479
60372426001,1834.0,0.0,24.59,100.0,Minority,Low_poverty,LPM,33.9342015,-118.2502378
60371014002,1354.0,74.22,12.8,7.9,White,Low_poverty,LPW,34.242207,-118.295637
60371021071,2791.0,52.49,8.96,33.93,White,Low_poverty,LPW,34.2409046,-118.3395185
60376033021,801.0,9.24,4.74,35.58,Other,Low_poverty,LPO,33.8783144,-118.3022616
60376507023,1466.0,57.03,0.0,17.05,White,Low_poverty,LPW,33.8287145,-118.3649348
60375310002,729.0,0.0,26.89,99.04,Minority,Low_poverty,LPM,34.0385523,-118.1758392
60374017012,3143.0,45.08,5.67,41.84,Other,Low_poverty,LPO,34.1147036,-117.7459128
60375733001,3119.0,3.33,45.91,60.57,Minority,High_poverty,HPM,33.7958068,-118.177678
60375359011,1195.0,2.01,0.0,97.99,Minority,Low_poverty,LPM,33.9458565,-118.1894426
60372182102,1577.0,16.23,17.78,75.91,Minority,Low_poverty,LPM,34.0426196,-118.3440298
60372404023,1501.0,1.47,48.5,97.54,Minority,High_poverty,HPM,33.9439138,-118.2892838
60371347102,2697.0,20.5,28.24,52.02,Minority,Low_poverty,LPM,34.2029317,-118.5808228
60374641004,647.0,22.41,0.0,7.88,Other,Low_poverty,LPO,34.1157288,-118.1144203
60372378001,978.0,0.0,12.37,92.94,Minority,Low_poverty,LPM,33.97331,-118.2956326
60375545172,1658.0,3.26,13.87,10.98,Other,Low_poverty,LPO,33.8624574,-118.0496327
60376502003,1593.0,33.15,4.46,38.1,Other,Low_poverty,LPO,33.8684367,-118.3401113
60375707012,2706.0,9.94,8.13,64.74,Minority,Low_poverty,LPM,33.8507546,-118.1456151
60379107051,5573.0,15.41,10.35,82.43,Minority,Low_poverty,LPM,34.5677978,-118.0252876
60379107061,6301.0,10.33,12.87,84.4,Minority,Low_poverty,LPM,34.5534723,-117.9994644
60379108131,2042.0,79.53,5.67,17.14,White,Low_poverty,LPW,34.4983871,-118.301025
60372377201,862.0,2.09,34.15,93.74,Minority,High_poverty,HPM,33.9692638,-118.2893391
60372121022,1548.0,5.17,16.54,57.23,Minority,Low_poverty,LPM,34.0644854,-118.2984989
60375541011,1167.0,12.6,2.14,77.3,Minority,Low_poverty,LPM,33.8966858,-118.1238598
60374826001,1248.0,1.52,0.0,4.41,Other,Low_poverty,LPO,34.0494489,-118.1093527
60374002043,1709.0,69.51,0.0,5.32,White,Low_poverty,LPW,34.1313424,-117.7515463
60374033232,1877.0,22.96,2.15,17.63,Other,Low_poverty,LPO,33.9923786,-117.8249111
60376030061,1472.0,12.09,10.26,48.51,Other,Low_poverty,LPO,33.8903319,-118.3051488
60375545221,887.0,34.27,5.75,31.56,Other,Low_poverty,LPO,33.8493787,-118.0967221
60372739021,1052.0,67.87,13.21,29.66,White,Low_poverty,LPW,33.9868679,-118.4611034
60372087202,1382.0,17.29,23.73,69.47,Minority,Low_poverty,LPM,34.0609269,-118.2823499
60379106034,1924.0,8.58,27.08,90.28,Minority,Low_poverty,LPM,34.5692023,-118.0894274
60374002062,2317.0,56.06,5.98,22.18,White,Low_poverty,LPW,34.1266503,-117.7223545
60375773001,1122.0,69.52,0.0,23.53,White,Low_poverty,LPW,33.7398185,-118.1397692
60371281011,2520.0,38.61,11.54,51.66,Minority,Low_poverty,LPM,34.1897469,-118.4343077
60376700021,1431.0,24.74,18.42,39.55,Other,Low_poverty,LPO,33.7938505,-118.3104076
60375522001,1511.0,11.65,12.31,77.11,Minority,Low_poverty,LPM,33.9045442,-118.0679754
60375405012,2906.0,17.69,16.58,78.19,Minority,Low_poverty,LPM,33.9260456,-118.223575
60375342032,1795.0,1.73,29.6,97.99,Minority,Low_poverty,LPM,33.9568671,-118.1568541
60374086251,1375.0,13.53,14.69,30.11,Other,Low_poverty,LPO,33.9845606,-117.9619716
60375362001,1970.0,8.12,22.64,88.73,Minority,Low_poverty,LPM,33.925033,-118.1715574
60379102012,1940.0,10.67,30.05,84.38,Minority,High_poverty,HPM,34.5943731,-118.1336811
60377028022,1404.0,56.48,3.57,35.19,White,Low_poverty,LPW,34.0033292,-118.4161132
60374086253,1458.0,23.53,4.07,19.96,Other,Low_poverty,LPO,33.9887718,-117.9670861
60373101001,1673.0,77.64,22.41,14.11,White,Low_poverty,LPW,34.2130056,-118.317736
60375764022,2338.0,10.35,29.98,71.35,Minority,Low_poverty,LPM,33.7775869,-118.1739486
60377006004,1209.0,81.89,10.75,7.36,White,Low_poverty,LPW,34.1039459,-118.3944474
60375331071,636.0,5.5,18.4,93.55,Minority,Low_poverty,LPM,33.9739677,-118.2143847
60376034001,1677.0,5.19,3.58,67.86,Minority,Low_poverty,LPM,33.8978438,-118.3113014
60375007002,1572.0,5.98,10.47,90.46,Minority,Low_poverty,LPM,33.9954854,-118.0895674
60375418022,1572.0,0.0,9.1,97.26,Minority,Low_poverty,LPM,33.9061493,-118.1902303
60375404001,811.0,0.49,19.11,99.51,Minority,Low_poverty,LPM,33.9349091,-118.2279916
60379100023,1056.0,41.29,18.56,52.56,Minority,Low_poverty,LPM,34.5319645,-117.9859128
60374332001,1039.0,8.37,18.19,41.39,Other,Low_poverty,LPO,34.0707807,-118.0304211
60373108005,1481.0,59.69,3.4,39.5,White,Low_poverty,LPW,34.1695439,-118.3300016
60372264102,1446.0,0.0,24.76,98.89,Minority,Low_poverty,LPM,34.023746,-118.2612246
60375361022,552.0,10.51,41.12,89.49,Minority,High_poverty,HPM,33.9311621,-118.1656444
60375535021,1759.0,20.18,20.01,67.54,Minority,Low_poverty,LPM,33.8999752,-118.1472193
60379005062,2266.0,11.52,23.26,82.97,Minority,Low_poverty,LPM,34.6859633,-118.0991793
60371413042,1200.0,72.08,8.25,14.75,White,Low_poverty,LPW,34.1543112,-118.4508737
60371893001,1183.0,84.78,1.78,8.45,White,Low_poverty,LPW,34.1139769,-118.3128289
60376031021,1562.0,4.42,15.88,74.84,Minority,Low_poverty,LPM,33.8802431,-118.295513
60373024013,934.0,67.99,21.2,25.8,White,Low_poverty,LPW,34.1279643,-118.2597038
60372133102,1691.0,0.0,20.64,81.61,Minority,Low_poverty,LPM,34.0508759,-118.2989375
60371883001,1349.0,13.64,22.04,45.89,Other,Low_poverty,LPO,34.1229577,-118.2613884
60374037022,1668.0,40.41,1.74,45.09,Other,Low_poverty,LPO,34.0886555,-117.8571839
60372643023,1483.0,82.87,11.94,11.46,White,Low_poverty,LPW,34.0470975,-118.4812297
60376026007,1273.0,3.93,9.27,86.02,Minority,Low_poverty,LPM,33.9073798,-118.3208726
60371287023,2127.0,48.28,8.04,28.44,Other,Low_poverty,LPO,34.1585105,-118.4448765
60375750022,1395.0,32.19,19.74,58.06,Minority,Low_poverty,LPM,33.7851483,-118.1463908
60374036001,2420.0,7.85,19.75,80.5,Minority,Low_poverty,LPM,34.0763315,-117.8775986
60372200005,1266.0,12.4,34.36,81.28,Minority,High_poverty,HPM,34.0308396,-118.3426117
60375532005,1757.0,15.37,8.65,67.44,Minority,Low_poverty,LPM,33.9054753,-118.1222902
60374339012,1682.0,0.0,41.58,98.69,Minority,High_poverty,HPM,34.0561286,-118.0207453
60375503001,1150.0,10.09,3.74,86.17,Minority,Low_poverty,LPM,33.9289701,-118.0923023
60374800022,1474.0,21.03,3.63,16.21,Other,Low_poverty,LPO,34.1212075,-118.0835351
60375352003,1799.0,0.0,14.38,98.16,Minority,Low_poverty,LPM,33.9470951,-118.2514404
60375545131,2758.0,9.79,5.58,16.03,Other,Low_poverty,LPO,33.8836144,-118.0681121
60374634002,1585.0,37.41,2.08,33.69,Other,Low_poverty,LPO,34.1389524,-118.1138849
60374811011,2373.0,7.46,11.61,49.01,Other,Low_poverty,LPO,34.0979051,-118.1085935
60371898002,965.0,91.3,6.01,1.35,White,Low_poverty,LPW,34.0980009,-118.3593245
60371220003,1058.0,20.89,11.25,67.11,Minority,Low_poverty,LPM,34.2237963,-118.4178118
60371957103,1369.0,14.02,47.89,83.42,Minority,High_poverty,HPM,34.0725721,-118.2699508
60375001001,2000.0,53.45,7.3,27.05,White,Low_poverty,LPW,33.9543793,-117.9357894
60375510005,1582.0,15.36,2.84,71.05,Minority,Low_poverty,LPM,33.9440848,-118.1161067
60376020041,2229.0,8.88,18.53,89.77,Minority,Low_poverty,LPM,33.934334,-118.3326412
60376031012,1185.0,10.89,9.54,44.14,Other,Low_poverty,LPO,33.8832789,-118.2954892
60376512211,3697.0,28.59,3.77,19.83,Other,Low_poverty,LPO,33.8218914,-118.3550066
60371133212,2307.0,52.23,5.33,29.17,White,Low_poverty,LPW,34.2529395,-118.5945712
60376033022,2257.0,8.91,20.56,36.95,Other,Low_poverty,LPO,33.875751,-118.3049125
60374015002,2382.0,40.01,17.97,48.57,Other,Low_poverty,LPO,34.0965959,-117.7835874
60374322023,2145.0,8.44,15.05,37.43,Other,Low_poverty,LPO,34.0871039,-118.0760951
60379102021,4541.0,51.2,5.0,32.92,White,Low_poverty,LPW,34.6304283,-118.187132
60379006021,2623.0,19.6,15.44,77.05,Minority,Low_poverty,LPM,34.7114988,-118.1080627
60375421051,1820.0,1.26,11.1,98.73,Minority,Low_poverty,LPM,33.8955963,-118.2004733
60374825212,1540.0,11.95,13.64,15.97,Other,Low_poverty,LPO,34.0492876,-118.0925442
60372770005,1527.0,70.86,0.0,15.85,White,Low_poverty,LPW,33.9708889,-118.4016096
60375711013,1269.0,50.75,2.05,41.29,White,Low_poverty,LPW,33.8413432,-118.1207059
60374033213,960.0,18.33,4.06,22.5,Other,Low_poverty,LPO,34.0162523,-117.7793267
60375034011,1081.0,46.25,20.07,38.11,Other,Low_poverty,LPO,33.9377043,-117.9813539
60375738004,1417.0,60.27,10.8,7.34,White,Low_poverty,LPW,33.8248985,-118.1015207
60374318002,1858.0,25.08,2.77,8.18,Other,Low_poverty,LPO,34.1210229,-118.0621737
60371352033,1576.0,54.31,3.93,18.97,White,Low_poverty,LPW,34.1876607,-118.6522249
60373011002,928.0,73.6,0.0,1.51,White,Low_poverty,LPW,34.1615736,-118.2439861
60372943022,2308.0,7.89,23.87,88.26,Minority,Low_poverty,LPM,33.7865208,-118.2788699
60379203221,1139.0,54.43,1.42,35.82,White,Low_poverty,LPW,34.3824487,-118.5534442
60372625012,1012.0,80.14,5.63,2.77,White,Low_poverty,LPW,34.0481465,-118.5225436
60375773002,1143.0,62.82,4.81,23.8,White,Low_poverty,LPW,33.7599486,-118.1411432
60374305014,1258.0,51.11,3.97,9.14,White,Low_poverty,LPW,34.1740749,-118.0372551
60371289102,1777.0,63.82,1.99,17.22,White,Low_poverty,LPW,34.1621463,-118.4519734
60372941102,1297.0,6.94,27.37,85.2,Minority,Low_poverty,LPM,33.7979797,-118.2606175
60374615021,1134.0,21.78,0.88,76.19,Minority,Low_poverty,LPM,34.1785029,-118.1437573
60376011002,2900.0,1.38,36.86,87.2,Minority,High_poverty,HPM,33.9490807,-118.3508463
60378003291,1154.0,98.01,0.0,1.99,White,Low_poverty,LPW,34.1211089,-118.7391728
60375722022,639.0,29.58,2.5,60.72,Minority,Low_poverty,LPM,33.8053047,-118.1996808
60375770001,2485.0,22.09,24.77,40.48,Other,Low_poverty,LPO,33.781685,-118.1469651
60371897021,2201.0,78.96,13.18,14.63,White,Low_poverty,LPW,34.1124928,-118.3410239
60375743006,757.0,78.2,6.47,14.13,White,Low_poverty,LPW,33.7942391,-118.1123432
60375007001,724.0,10.5,10.22,85.78,Minority,Low_poverty,LPM,33.999538,-118.0872463
60375709021,1391.0,27.89,10.78,40.04,Other,Low_poverty,LPO,33.8558056,-118.1192126
60374305012,1176.0,82.74,2.64,6.04,White,Low_poverty,LPW,34.1688348,-118.0550094
60379008032,1976.0,36.08,28.84,52.79,Minority,Low_poverty,LPM,34.7148148,-118.1616354
60371837021,1114.0,18.76,8.8,48.11,Other,Low_poverty,LPO,34.1076478,-118.1814574
60374322012,2924.0,10.36,13.47,7.87,Other,Low_poverty,LPO,34.0847124,-118.0826928
60374023032,1019.0,6.08,22.08,90.78,Minority,Low_poverty,LPM,34.0638635,-117.7567829
60374056005,906.0,16.0,10.38,37.09,Other,Low_poverty,LPO,34.0818524,-117.9121547
60374081352,721.0,3.05,9.57,8.32,Other,Low_poverty,LPO,34.0158524,-117.9050209
60372015031,1960.0,3.42,19.74,89.75,Minority,Low_poverty,LPM,34.0856908,-118.1720831
60375704031,1579.0,0.0,20.84,87.02,Minority,Low_poverty,LPM,33.8780996,-118.201974
60373005022,1664.0,55.11,9.86,14.0,White,Low_poverty,LPW,34.2127189,-118.2235733
60372089022,1016.0,0.39,30.13,98.82,Minority,High_poverty,HPM,34.0559599,-118.2712818
60371439011,2935.0,82.25,4.57,12.23,White,Low_poverty,LPW,34.1307754,-118.3972381
60375302022,2003.0,4.09,0.71,87.87,Minority,Low_poverty,LPM,34.0298138,-118.1344535
60375545191,1183.0,24.51,2.7,10.82,Other,Low_poverty,LPO,33.8564829,-118.0515461
60376703283,2616.0,54.01,3.44,9.71,White,Low_poverty,LPW,33.7718537,-118.4099163
60374019011,1557.0,43.29,8.02,26.08,Other,Low_poverty,LPO,34.0996052,-117.7071468
60375356032,2806.0,0.46,31.2,99.54,Minority,High_poverty,HPM,33.9562743,-118.2263249
60373024014,1414.0,54.95,24.82,34.44,White,Low_poverty,LPW,34.1360021,-118.2639848
60377030023,2619.0,6.95,5.65,81.52,Minority,Low_poverty,LPM,33.9803568,-118.3784276
60371813003,1711.0,29.16,1.93,30.45,Other,Low_poverty,LPO,34.1321845,-118.2243161
60374312003,858.0,0.0,6.53,94.75,Minority,Low_poverty,LPM,34.1198889,-117.9953596
60372697001,1548.0,29.46,12.14,55.68,Minority,Low_poverty,LPM,34.0373574,-118.3825945
60372721001,1058.0,67.58,11.81,8.13,White,Low_poverty,LPW,34.0070874,-118.4397456
60372319002,3924.0,0.15,47.93,95.46,Minority,High_poverty,HPM,34.001808,-118.2792325
60375006002,1024.0,0.0,10.74,92.97,Minority,Low_poverty,LPM,34.0073359,-118.0935512
60375338042,2886.0,1.42,20.79,98.58,Minority,Low_poverty,LPM,33.9733,-118.1793345
60372289002,931.0,0.0,59.51,100.0,Minority,High_poverty,HPM,33.991968,-118.2406975
60371998003,1637.0,3.18,25.05,75.32,Minority,Low_poverty,LPM,34.0723051,-118.2117678
60372623021,1525.0,83.08,3.61,10.03,White,Low_poverty,LPW,34.0754669,-118.474458
60374301011,2132.0,37.38,25.52,42.97,Other,Low_poverty,LPO,34.1416372,-117.9720733
60375323042,1101.0,9.9,53.95,87.92,Minority,High_poverty,HPM,33.9866637,-118.1545751
60375702041,1110.0,28.83,12.0,63.87,Minority,Low_poverty,LPM,33.8716713,-118.1534323
60373104002,1262.0,70.6,4.99,18.55,White,Low_poverty,LPW,34.2027333,-118.3319296
60375545152,2325.0,17.38,4.59,24.0,Other,Low_poverty,LPO,33.8496981,-118.0770878
60374812023,891.0,13.8,8.64,26.26,Other,Low_poverty,LPO,34.0987295,-118.0873153
60374018002,2725.0,39.63,4.4,34.28,Other,Low_poverty,LPO,34.1155534,-117.7306301
60375526022,941.0,2.44,6.59,53.34,Minority,Low_poverty,LPM,33.8892902,-118.0666753
60375506013,1093.0,22.23,17.38,73.74,Minority,Low_poverty,LPM,33.9624396,-118.1206233
60373003014,592.0,74.83,6.76,5.91,White,Low_poverty,LPW,34.2447611,-118.2577244
60379007032,1406.0,29.94,28.17,68.13,Minority,Low_poverty,LPM,34.6857646,-118.1523953
60374039013,1280.0,29.84,16.46,52.58,Minority,Low_poverty,LPM,34.123276,-117.8769816
60379102091,5134.0,40.63,10.7,46.07,Other,Low_poverty,LPO,34.6069598,-118.1984139
60375437024,1186.0,8.6,3.46,56.66,Minority,Low_poverty,LPM,33.8108754,-118.2732027
60374048031,1719.0,12.16,2.8,77.43,Minority,Low_poverty,LPM,34.0671875,-117.9659888
60374044022,1486.0,6.59,1.55,84.32,Minority,Low_poverty,LPM,34.1206899,-117.9129065
60375751022,2051.0,3.8,14.67,69.38,Minority,Low_poverty,LPM,33.7838076,-118.1614625
60375726003,1833.0,1.85,20.4,80.74,Minority,Low_poverty,LPM,33.8086537,-118.2193816
60374323001,1726.0,5.5,19.37,49.59,Other,Low_poverty,LPO,34.0873202,-118.0374407
60371097003,1199.0,37.86,3.09,44.53,Other,Low_poverty,LPO,34.2605644,-118.481352
60376008021,918.0,0.0,4.79,100.0,Minority,Low_poverty,LPM,33.9662925,-118.3378096
60371193101,2014.0,13.85,22.64,76.36,Minority,Low_poverty,LPM,34.244328,-118.4482483
60371344211,4234.0,76.22,3.05,10.27,White,Low_poverty,LPW,34.202023,-118.64714
60371194004,1685.0,7.18,5.22,80.83,Minority,Low_poverty,LPM,34.23768,-118.4373779
60371011102,1614.0,52.11,19.35,34.45,White,Low_poverty,LPW,34.2578108,-118.2960924
60374313002,1605.0,34.39,11.03,40.93,Other,Low_poverty,LPO,34.1283036,-118.0064609
60375001003,1370.0,33.87,4.38,39.19,Other,Low_poverty,LPO,33.9674184,-117.9440363
60377015013,2233.0,64.49,11.29,11.51,White,Low_poverty,LPW,34.0250857,-118.4941992
60375036022,2752.0,38.66,7.43,48.47,Other,Low_poverty,LPO,33.9094452,-118.0030816
60371132122,2277.0,36.8,11.55,32.54,Other,Low_poverty,LPO,34.2611492,-118.5985735
60375708004,1092.0,49.63,1.96,28.94,Other,Low_poverty,LPO,33.8588018,-118.1380974
60375750012,2345.0,31.98,12.45,41.79,Other,Low_poverty,LPO,33.7931519,-118.1486256
60371439022,956.0,91.74,5.23,2.3,White,Low_poverty,LPW,34.1353614,-118.4184985
60372049201,2025.0,2.02,31.41,97.73,Minority,High_poverty,HPM,34.0204001,-118.1981374
60375750021,2328.0,35.05,7.7,35.48,Other,Low_poverty,LPO,33.7876625,-118.1447238
60371374023,1665.0,55.5,0.6,30.81,White,Low_poverty,LPW,34.1616731,-118.6259609
60372911102,1817.0,1.27,25.52,98.73,Minority,Low_poverty,LPM,33.9201225,-118.2845145
60375318002,2153.0,0.0,15.61,100.0,Minority,Low_poverty,LPM,34.0190438,-118.1400413
60375532006,1060.0,23.4,6.13,65.76,Minority,Low_poverty,LPM,33.9062192,-118.1273823
60372739024,841.0,83.59,3.45,11.77,White,Low_poverty,LPW,33.9835902,-118.4614381
60376039003,560.0,10.0,13.04,54.82,Minority,Low_poverty,LPM,33.8938749,-118.3542706
60372038003,1529.0,3.07,38.19,95.88,Minority,High_poverty,HPM,34.0442796,-118.1968908
60374026001,846.0,20.09,7.8,60.52,Minority,Low_poverty,LPM,34.0757288,-117.7392031
60375339014,1667.0,4.98,17.76,93.76,Minority,Low_poverty,LPM,33.9691718,-118.1569357
60371174041,1705.0,40.23,9.27,41.35,Other,Low_poverty,LPO,34.2334578,-118.4785243
60374048021,2080.0,7.84,18.27,66.11,Minority,Low_poverty,LPM,34.0723116,-117.966286
60372947011,553.0,1.63,12.84,98.37,Minority,Low_poverty,LPM,33.7811985,-118.2471203
60375762001,948.0,27.0,60.44,69.2,Minority,High_poverty,HPM,33.7737961,-118.1828787
60371286011,3175.0,41.2,28.63,52.98,Minority,Low_poverty,LPM,34.1790082,-118.4356911
60371957201,1549.0,19.5,11.49,65.66,Minority,Low_poverty,LPM,34.0751136,-118.2630054
60371210203,890.0,26.97,9.55,58.2,Minority,Low_poverty,LPM,34.2127379,-118.4055089
60371952022,965.0,69.43,5.91,15.44,White,Low_poverty,LPW,34.0996881,-118.2758931
60375737006,679.0,70.54,0.88,12.52,White,Low_poverty,LPW,33.8298884,-118.1124648
60371883002,976.0,59.53,2.77,11.58,White,Low_poverty,LPW,34.1208118,-118.2643557
60379005011,1327.0,18.99,27.78,66.02,Minority,Low_poverty,LPM,34.6869959,-118.1227742
60374826003,1859.0,2.85,2.9,52.66,Minority,Low_poverty,LPM,34.0525253,-118.1237382
60376041005,1246.0,11.48,19.9,82.18,Minority,Low_poverty,LPM,33.8795085,-118.350674
60375710002,877.0,54.28,5.13,37.06,White,Low_poverty,LPW,33.835292,-118.0964589
60371066433,865.0,69.94,1.97,20.46,White,Low_poverty,LPW,34.2823938,-118.5216853
60375322001,1981.0,1.06,9.19,94.29,Minority,Low_poverty,LPM,33.9916139,-118.1167596
60375340011,1493.0,2.48,18.42,94.71,Minority,Low_poverty,LPM,33.9716464,-118.1431119
60374310014,2893.0,28.93,6.43,59.52,Minority,Low_poverty,LPM,34.1484523,-118.0152031
60371282101,3306.0,11.52,36.63,80.49,Minority,High_poverty,HPM,34.1849994,-118.4444298
60371222002,1616.0,16.71,11.51,79.71,Minority,Low_poverty,LPM,34.212131,-118.3582538
60371218012,1179.0,21.63,9.62,73.54,Minority,Low_poverty,LPM,34.2139055,-118.3943338
60374069021,1853.0,3.4,19.55,81.33,Minority,Low_poverty,LPM,34.0558395,-117.9641329
60375002012,2781.0,51.38,0.62,34.12,White,Low_poverty,LPW,33.9493262,-117.9805632
60375418013,2274.0,0.04,14.86,99.91,Minority,Low_poverty,LPM,33.9089087,-118.1965516
60375438021,1891.0,3.07,19.3,42.62,Other,Low_poverty,LPO,33.8334691,-118.267958
60375754011,442.0,12.67,27.96,71.5,Minority,Low_poverty,LPM,33.7843597,-118.2020714
60375731001,1693.0,7.56,23.53,62.26,Minority,Low_poverty,LPM,33.8016605,-118.1915347
60375526011,1237.0,0.0,0.89,97.98,Minority,Low_poverty,LPM,33.8911166,-118.0752694
60374316003,915.0,28.52,6.28,2.62,Other,Low_poverty,LPO,34.110162,-118.0419943
60371831013,1327.0,37.98,11.91,49.44,Other,Low_poverty,LPO,34.1235066,-118.1827767
60372088011,1960.0,16.12,33.82,48.22,Other,High_poverty,HPO,34.059675,-118.2770843
60374041004,902.0,4.66,1.22,86.36,Minority,Low_poverty,LPM,34.1140664,-117.8977397
60374055005,1228.0,18.73,5.05,52.44,Minority,Low_poverty,LPM,34.0776294,-117.9309271
60374608002,1388.0,58.86,1.22,23.92,White,Low_poverty,LPW,34.1708978,-118.175687
60375017004,697.0,48.35,1.0,46.48,Other,Low_poverty,LPO,33.9651033,-118.0253508
60371255021,2448.0,63.77,16.63,20.75,White,Low_poverty,LPW,34.1573627,-118.3675103
60375038013,619.0,20.68,0.0,53.31,Minority,Low_poverty,LPM,33.8940529,-117.9966989
60376513045,857.0,59.16,3.5,20.89,White,Low_poverty,LPW,33.8127608,-118.3753322
60371098002,1322.0,13.92,20.73,63.54,Minority,Low_poverty,LPM,34.2555461,-118.4777926
60374338012,1261.0,1.74,1.74,84.22,Minority,Low_poverty,LPM,34.0500134,-118.0375137
60374002071,1222.0,70.13,1.72,8.27,White,Low_poverty,LPW,34.1470416,-117.7631187
60375016003,1062.0,30.79,8.66,66.1,Minority,Low_poverty,LPM,33.9701994,-118.0213705
60377030011,2365.0,41.44,2.03,22.66,Other,Low_poverty,LPO,33.9802081,-118.3873314
60372240102,1665.0,18.8,33.75,67.57,Minority,High_poverty,HPM,34.0391117,-118.2701143
60371190012,1103.0,17.04,4.71,61.65,Minority,Low_poverty,LPM,34.2325562,-118.4130293
60375700023,1249.0,34.43,4.0,51.88,Minority,Low_poverty,LPM,33.8640871,-118.131877
60374825031,1836.0,3.76,6.32,28.92,Other,Low_poverty,LPO,34.0584423,-118.0925659
60376005022,984.0,8.03,10.06,91.26,Minority,Low_poverty,LPM,33.9275529,-118.3340446
60374033231,1731.0,5.37,4.91,9.94,Other,Low_poverty,LPO,34.0007578,-117.8258213
60375702025,2138.0,1.68,14.6,88.73,Minority,Low_poverty,LPM,33.8835511,-118.1825163
60374333021,1530.0,2.03,27.43,82.62,Minority,Low_poverty,LPM,34.0629755,-118.0143558
60376009121,2360.0,5.0,23.43,90.43,Minority,Low_poverty,LPM,33.9783769,-118.3378638
60375503002,1388.0,22.26,9.15,56.41,Minority,Low_poverty,LPM,33.9246006,-118.0965114
60376213013,1451.0,78.15,0.69,7.65,White,Low_poverty,LPW,33.8321493,-118.3825713
60373012053,839.0,70.8,4.53,11.45,White,Low_poverty,LPW,34.1673825,-118.2687138
60374334022,2762.0,4.09,18.24,75.34,Minority,Low_poverty,LPM,34.0587793,-118.035647
60375540012,1198.0,26.88,1.92,56.51,Minority,Low_poverty,LPM,33.895889,-118.1319595
60376012023,1367.0,3.44,8.19,92.83,Minority,Low_poverty,LPM,33.949069,-118.3602092
60371133221,1696.0,49.06,11.44,29.72,Other,Low_poverty,LPO,34.2537265,-118.5669748
60375300031,1601.0,19.93,5.62,60.71,Minority,Low_poverty,LPM,34.0297682,-118.0880959
60376021053,929.0,0.0,5.27,88.91,Minority,Low_poverty,LPM,33.9216529,-118.3504355
60374334012,942.0,1.7,8.7,42.57,Other,Low_poverty,LPO,34.060002,-118.0446625
60374340012,2412.0,2.36,11.4,87.98,Minority,Low_poverty,LPM,34.0510094,-118.0131424
60377005013,1121.0,69.76,16.5,14.54,White,Low_poverty,LPW,34.0848103,-118.3875494
60375432024,1219.0,0.0,17.47,100.0,Minority,Low_poverty,LPM,33.877131,-118.2306136
60374828002,1414.0,4.38,3.89,57.5,Minority,Low_poverty,LPM,34.0350128,-118.124359
60375023014,1401.0,3.78,2.93,95.43,Minority,Low_poverty,LPM,33.9679841,-118.0763054
60372612001,2683.0,88.71,5.91,3.62,White,Low_poverty,LPW,34.1170023,-118.4493717
60371271041,1746.0,58.65,40.66,32.76,White,High_poverty,HPW,34.20583,-118.4349836
60377019021,2553.0,81.75,17.04,7.87,White,Low_poverty,LPW,34.0179713,-118.4932643
60375315042,1677.0,0.0,16.64,99.64,Minority,Low_poverty,LPM,34.0251239,-118.1682407
60371066462,1282.0,36.35,6.86,44.23,Other,Low_poverty,LPO,34.2760336,-118.4921183
60375361021,1001.0,13.39,2.2,84.82,Minority,Low_poverty,LPM,33.9421966,-118.1629999
60379011012,2003.0,52.52,22.42,33.65,White,Low_poverty,LPW,34.657752,-118.2223556
60371236011,989.0,52.07,23.75,45.0,White,Low_poverty,LPW,34.1848578,-118.4203349
60372741002,770.0,69.09,7.79,10.91,White,Low_poverty,LPW,33.9868649,-118.4519412
60372115002,2294.0,17.22,10.07,31.69,Other,Low_poverty,LPO,34.070998,-118.3123904
60375437021,1181.0,5.59,2.62,51.91,Minority,Low_poverty,LPM,33.817484,-118.2673673
60371012202,2576.0,42.93,20.11,44.92,Other,Low_poverty,LPO,34.2496362,-118.2815564
60379001043,2328.0,25.17,7.22,73.37,Minority,Low_poverty,LPM,34.6095746,-117.8623338
60371234203,838.0,22.2,47.14,77.8,Minority,High_poverty,HPM,34.1917856,-118.4187068
60374066012,2250.0,18.27,22.09,71.03,Minority,Low_poverty,LPM,34.0521028,-117.9167242
60374083031,4183.0,13.51,3.34,68.68,Minority,Low_poverty,LPM,34.0341304,-118.0053624
60374033183,1738.0,32.85,7.98,31.94,Other,Low_poverty,LPO,34.0344604,-117.7744084
60375402021,2254.0,4.97,35.94,95.03,Minority,High_poverty,HPM,33.9350031,-118.2105603
60371132332,2112.0,25.66,16.43,61.12,Minority,Low_poverty,LPM,34.223923,-118.5993948
60372690003,685.0,70.66,9.02,22.77,White,Low_poverty,LPW,34.0340014,-118.4011592
60377004002,624.0,87.82,2.4,4.49,White,Low_poverty,LPW,34.0794962,-118.3795353
60377017023,1073.0,66.64,4.75,20.13,White,Low_poverty,LPW,34.0196931,-118.4879083
60376007031,1783.0,0.67,8.08,89.79,Minority,Low_poverty,LPM,33.9582997,-118.337332
60375737005,597.0,64.15,0.0,33.83,White,Low_poverty,LPW,33.8264002,-118.1115607
60375014003,1241.0,16.44,16.92,81.46,Minority,Low_poverty,LPM,33.9846871,-118.0519826
60377015022,1206.0,70.56,7.62,14.43,White,Low_poverty,LPW,34.0254359,-118.4872614
60375552021,1498.0,57.88,7.28,22.63,White,Low_poverty,LPW,33.8202976,-118.0691355
60375012001,2454.0,23.27,6.19,62.96,Minority,Low_poverty,LPM,34.0012827,-118.0604846
60375774004,920.0,73.48,9.67,20.76,White,Low_poverty,LPW,33.7607715,-118.1307415
60372014021,1775.0,3.66,25.18,73.52,Minority,Low_poverty,LPM,34.0711167,-118.1865605
60373106022,1676.0,50.12,7.58,19.86,White,Low_poverty,LPW,34.1942412,-118.3204113
60372400102,1195.0,0.0,47.62,100.0,Minority,High_poverty,HPM,33.9583189,-118.262942
60373004006,1086.0,77.9,2.21,9.58,White,Low_poverty,LPW,34.2349859,-118.2643588
60371977001,2570.0,21.01,20.82,37.86,Other,Low_poverty,LPO,34.07027,-118.2485182
60372352011,944.0,4.03,32.22,94.6,Minority,High_poverty,HPM,33.9763842,-118.320176
60372760001,1489.0,57.15,5.71,23.37,White,Low_poverty,LPW,33.9741841,-118.3882225
60375021001,825.0,29.21,3.09,66.79,Minority,Low_poverty,LPM,33.9724836,-118.0593553
60375349001,943.0,1.06,11.56,98.94,Minority,Low_poverty,LPM,33.9710677,-118.2323976
60372640003,1268.0,90.62,6.15,0.0,White,Low_poverty,LPW,34.0540938,-118.4809158
60373203002,1287.0,1.63,16.63,98.37,Minority,Low_poverty,LPM,34.2830991,-118.4431683
60374633001,1140.0,39.04,11.75,35.96,Other,Low_poverty,LPO,34.1391491,-118.0990909
60371242011,848.0,19.46,3.18,62.15,Minority,Low_poverty,LPM,34.1857758,-118.3724949
60377004003,1669.0,74.78,8.63,7.91,White,Low_poverty,LPW,34.08443,-118.3807689
60372933022,2269.0,28.38,20.16,57.38,Minority,Low_poverty,LPM,33.7980977,-118.3051441
60371431002,1289.0,70.99,6.52,22.73,White,Low_poverty,LPW,34.1499653,-118.3561944
60374826004,1208.0,4.55,18.05,21.44,Other,Low_poverty,LPO,34.047967,-118.1235548
60372949002,1604.0,3.05,15.0,91.21,Minority,Low_poverty,LPM,33.7772922,-118.2769582
60371081032,1396.0,57.95,3.87,3.58,White,Low_poverty,LPW,34.2876354,-118.5464669
60371372012,1109.0,32.01,5.59,44.18,Other,Low_poverty,LPO,34.1679066,-118.6193816
60372948102,2100.0,2.05,25.73,92.85,Minority,Low_poverty,LPM,33.7780287,-118.2714265
60375551022,2495.0,6.89,16.63,65.53,Minority,Low_poverty,LPM,33.8354356,-118.0770539
60372060323,2725.0,3.41,40.79,77.95,Minority,High_poverty,HPM,34.049192,-118.2247776
60374303011,1048.0,68.42,3.15,21.76,White,Low_poverty,LPW,34.1599022,-118.0051305
60375034013,1368.0,37.72,4.82,52.93,Minority,Low_poverty,LPM,33.9337002,-117.9886966
60371041082,2168.0,4.84,17.02,89.62,Minority,Low_poverty,LPM,34.2753492,-118.3929005
60372171003,456.0,37.28,2.85,59.21,Minority,Low_poverty,LPM,34.045695,-118.3582443
60375405022,1803.0,4.44,21.19,95.56,Minority,Low_poverty,LPM,33.9138001,-118.214741
60376002021,2693.0,0.0,29.2,100.0,Minority,Low_poverty,LPM,33.942757,-118.2939067
60375422001,2675.0,1.38,31.14,97.8,Minority,High_poverty,HPM,33.8841921,-118.1919821
60374340011,1998.0,4.0,11.01,70.92,Minority,Low_poverty,LPM,34.0538045,-118.0156937
60372372022,600.0,7.5,35.33,90.33,Minority,High_poverty,HPM,33.9873712,-118.3139298
60375303023,1946.0,0.36,25.28,99.64,Minority,Low_poverty,LPM,34.0263978,-118.1518231
60375745002,1963.0,73.46,4.69,9.01,White,Low_poverty,LPW,33.7812285,-118.0995211
60374807022,2857.0,32.24,2.84,29.33,Other,Low_poverty,LPO,34.1084258,-118.1718831
60375538013,2806.0,1.75,29.0,90.84,Minority,Low_poverty,LPM,33.8924935,-118.1762092
60372169001,772.0,66.19,5.7,16.58,White,Low_poverty,LPW,34.0539942,-118.3599086
60374825213,2568.0,4.17,11.33,42.52,Other,Low_poverty,LPO,34.0520687,-118.099425
60375741004,984.0,63.01,4.47,11.28,White,Low_poverty,LPW,33.811847,-118.1295195
60375418011,1450.0,3.38,12.28,91.73,Minority,Low_poverty,LPM,33.9153969,-118.1930827
60375731004,768.0,20.18,23.7,49.22,Other,Low_poverty,LPO,33.8034451,-118.1987627
60374085011,3050.0,4.92,15.28,71.38,Minority,Low_poverty,LPM,34.0113976,-117.9679362
60372411203,545.0,0.0,56.7,85.68,Minority,High_poverty,HPM,33.9366792,-118.2773593
60372312202,2013.0,1.89,11.22,93.94,Minority,Low_poverty,LPM,34.0142046,-118.2883883
60374312002,1868.0,3.0,14.29,77.14,Minority,Low_poverty,LPM,34.1233932,-117.9932572
60372753113,1406.0,30.37,1.0,49.14,Other,Low_poverty,LPO,33.9884061,-118.4234742
60374603011,913.0,26.73,12.49,63.74,Minority,Low_poverty,LPM,34.2038607,-118.1447196
60371836201,2524.0,20.17,19.79,62.83,Minority,Low_poverty,LPM,34.1161291,-118.1903871
60371852021,1672.0,25.54,8.55,71.18,Minority,Low_poverty,LPM,34.0958997,-118.2191865
60375015011,2272.0,32.79,12.81,55.68,Minority,Low_poverty,LPM,34.0016567,-118.0208418
60375025002,2721.0,2.57,4.38,96.36,Minority,Low_poverty,LPM,33.9802797,-118.1096571
60374609001,1847.0,16.3,21.79,70.44,Minority,Low_poverty,LPM,34.1771278,-118.152946
60375431005,757.0,0.0,2.51,100.0,Minority,Low_poverty,LPM,33.8778787,-118.2568773
60374075022,1429.0,5.95,11.34,83.97,Minority,Low_poverty,LPM,34.0395564,-117.9374047
60375703011,3023.0,5.79,20.34,88.75,Minority,Low_poverty,LPM,33.8678186,-118.1916933
60371204003,1474.0,1.49,3.66,74.49,Minority,Low_poverty,LPM,34.224507,-118.4347764
60375739021,2031.0,55.98,2.31,27.72,White,Low_poverty,LPW,33.8135353,-118.0775765
60374081391,1891.0,2.86,8.32,97.14,Minority,Low_poverty,LPM,34.0144914,-117.9153687
60371915003,2830.0,9.65,26.16,77.92,Minority,Low_poverty,LPM,34.0862013,-118.2990974
60376205214,850.0,62.59,2.24,19.76,White,Low_poverty,LPW,33.877892,-118.3681774
60375002023,945.0,28.47,0.85,40.53,Other,Low_poverty,LPO,33.9542462,-118.0116873
60372407002,951.0,0.0,6.1,100.0,Minority,Low_poverty,LPM,33.9437757,-118.2586349
60376704031,2733.0,52.03,5.6,5.19,White,Low_poverty,LPW,33.7751416,-118.3683617
60372247001,2450.0,44.78,83.74,13.92,Other,High_poverty,HPO,34.0246692,-118.2814096
60374071022,2212.0,0.81,5.79,76.36,Minority,Low_poverty,LPM,34.0438146,-117.9764333
60377018012,681.0,37.3,2.5,46.84,Other,Low_poverty,LPO,34.0280226,-118.4592986
60376203031,1107.0,74.98,0.99,11.56,White,Low_poverty,LPW,33.895266,-118.3982353
60372674022,2862.0,67.05,7.94,11.91,White,Low_poverty,LPW,34.0412046,-118.4672574
60374820023,1225.0,4.73,1.31,11.68,Other,Low_poverty,LPO,34.0521715,-118.1434947
60377026003,764.0,55.63,2.36,39.0,White,Low_poverty,LPW,33.9988013,-118.3929379
60375356051,1974.0,0.96,22.9,99.04,Minority,Low_poverty,LPM,33.9499699,-118.21529
60371234202,894.0,41.39,7.72,53.36,Minority,Low_poverty,LPM,34.1915793,-118.4156524
60375706031,2142.0,13.68,15.13,70.77,Minority,Low_poverty,LPM,33.8570786,-118.1582652
60371286012,1194.0,30.07,21.28,46.74,Other,Low_poverty,LPO,34.1781259,-118.4443437
60377032003,673.0,18.57,2.67,77.71,Minority,Low_poverty,LPM,33.9989821,-118.3335219
60372411204,1363.0,1.91,55.54,98.09,Minority,High_poverty,HPM,33.9352049,-118.2765705
60372718023,1369.0,42.0,2.92,28.34,Other,Low_poverty,LPO,34.0177418,-118.4135145
60371113021,1401.0,80.3,9.93,3.78,White,Low_poverty,LPW,34.2539158,-118.5067371
60375413005,1176.0,0.0,10.54,100.0,Minority,Low_poverty,LPM,33.9147983,-118.2483049
60374607003,740.0,79.86,0.0,3.92,White,Low_poverty,LPW,34.1882613,-118.1955
60375734024,1867.0,25.71,6.93,34.66,Other,Low_poverty,LPO,33.7927262,-118.1649349
60371312003,762.0,28.48,0.0,64.7,Minority,Low_poverty,LPM,34.2183405,-118.5164213
60375348031,2757.0,0.62,27.35,99.38,Minority,Low_poverty,LPM,33.9707109,-118.2277143
60371837022,1661.0,16.8,21.96,75.37,Minority,Low_poverty,LPM,34.1030745,-118.1868401
60371924101,1090.0,42.94,10.18,26.06,Other,Low_poverty,LPO,34.0785186,-118.3159757
60371977002,1293.0,12.22,29.46,18.18,Other,Low_poverty,LPO,34.065696,-118.2466858
60374335032,790.0,2.15,23.92,93.92,Minority,Low_poverty,LPM,34.0549531,-118.0518574
60373008005,986.0,50.0,10.95,1.42,White,Low_poverty,LPW,34.1819114,-118.2153023
60375040025,1465.0,22.59,3.62,60.07,Minority,Low_poverty,LPM,33.9136299,-118.0265492
60375431001,937.0,0.0,6.4,100.0,Minority,Low_poverty,LPM,33.8869493,-118.2466531
60371862021,764.0,47.25,1.96,35.2,Other,Low_poverty,LPO,34.1184862,-118.2217242
60371233013,579.0,28.84,17.27,65.29,Minority,Low_poverty,LPM,34.192149,-118.3993022
60375004032,2256.0,3.9,13.65,83.47,Minority,Low_poverty,LPM,34.0171815,-118.068631
60375315031,1271.0,0.71,20.54,99.29,Minority,Low_poverty,LPM,34.0295858,-118.1756279
60371837012,1373.0,21.41,7.87,74.29,Minority,Low_poverty,LPM,34.1113752,-118.185331
60371861002,1087.0,45.72,6.81,30.91,Other,Low_poverty,LPO,34.1315455,-118.2315808
60371070202,643.0,1.24,7.47,98.76,Minority,Low_poverty,LPM,34.2961441,-118.445831
60372140002,1303.0,76.82,0.0,6.14,White,Low_poverty,LPW,34.073014,-118.3508587
60377002002,610.0,66.07,14.75,25.08,White,Low_poverty,LPW,34.0900463,-118.3628972
60371412023,938.0,67.27,2.77,22.18,White,Low_poverty,LPW,34.1483827,-118.4401521
60376513022,1576.0,57.87,0.95,18.78,White,Low_poverty,LPW,33.8065308,-118.3651016
60375531002,837.0,15.41,11.23,55.56,Minority,Low_poverty,LPM,33.8923742,-118.1115606
60377013044,517.0,73.89,0.0,15.47,White,Low_poverty,LPW,34.0303147,-118.5002203
60371957101,1484.0,22.64,24.53,55.93,Minority,Low_poverty,LPM,34.0769001,-118.267265
60372321102,1452.0,0.14,12.4,98.9,Minority,Low_poverty,LPM,33.9979252,-118.2893123
60372656011,1215.0,76.71,16.54,0.0,White,Low_poverty,LPW,34.0572947,-118.4315643
60377025015,540.0,65.0,0.74,15.0,White,Low_poverty,LPW,34.0134192,-118.3991229
60372723013,1068.0,42.88,21.07,37.64,Other,Low_poverty,LPO,34.0014853,-118.4212363
60379203031,1608.0,42.79,11.75,27.24,Other,Low_poverty,LPO,34.3160081,-118.6106718
60374028031,1394.0,0.86,9.32,90.89,Minority,Low_poverty,LPM,34.0476836,-117.7475143
60375734031,3519.0,35.15,16.23,36.29,Other,Low_poverty,LPO,33.7986078,-118.1589591
60379302001,367.0,49.32,32.7,50.68,Minority,High_poverty,HPM,34.3154945,-118.3600815
60375428001,1187.0,6.07,28.05,89.47,Minority,Low_poverty,LPM,33.9015375,-118.2474606
60379009001,2604.0,74.16,6.37,19.36,White,Low_poverty,LPW,34.7628279,-118.2833052
60376207012,1652.0,74.03,4.83,17.31,White,Low_poverty,LPW,33.8685185,-118.3755475
60372671003,2025.0,68.35,5.83,12.25,White,Low_poverty,LPW,34.0531258,-118.4233937
60371171012,3396.0,6.21,9.86,55.77,Minority,Low_poverty,LPM,34.2391326,-118.4642303
60377030013,1818.0,35.53,5.5,42.9,Other,Low_poverty,LPO,34.0059502,-118.3818331
60376010021,1477.0,1.76,18.35,74.54,Minority,Low_poverty,LPM,33.9547347,-118.3458111
60374816042,2675.0,7.55,8.15,37.31,Other,Low_poverty,LPO,34.0849487,-118.1257149
60375512023,2487.0,18.82,14.19,80.5,Minority,Low_poverty,LPM,33.9209837,-118.1409558
60371082021,7487.0,33.15,2.48,14.6,Other,Low_poverty,LPO,34.2872696,-118.5775105
60377019023,1380.0,40.72,21.52,50.65,Minority,Low_poverty,LPM,34.0109806,-118.4947958
60376003031,438.0,6.85,29.45,93.15,Minority,Low_poverty,LPM,33.9318671,-118.2984721
60379006082,1059.0,17.0,33.3,70.63,Minority,High_poverty,HPM,34.6930603,-118.1060472
60373118021,2020.0,24.55,5.35,56.09,Minority,Low_poverty,LPM,34.1735168,-118.3145613
60376508001,2113.0,35.21,4.83,17.8,Other,Low_poverty,LPO,33.8290921,-118.3335945
60372678001,745.0,59.33,0.0,8.32,White,Low_poverty,LPW,34.0385823,-118.4262515
60373110003,1595.0,57.81,14.8,26.96,White,Low_poverty,LPW,34.1828379,-118.3437666
60374631023,1003.0,29.51,15.15,50.95,Minority,Low_poverty,LPM,34.1408855,-118.0770481
60374033041,2086.0,17.35,3.74,25.17,Other,Low_poverty,LPO,33.9836736,-117.8618029
60376214001,1579.0,59.53,3.36,16.97,White,Low_poverty,LPW,33.81884,-118.3759743
60375340021,3273.0,4.31,27.25,94.29,Minority,Low_poverty,LPM,33.9709849,-118.1364712
60371200101,1724.0,9.22,13.4,73.2,Minority,Low_poverty,LPM,34.2192257,-118.4631449
60375416043,2078.0,5.58,18.24,92.69,Minority,Low_poverty,LPM,33.9083448,-118.2154141
60375040022,1091.0,36.02,26.18,40.42,Other,Low_poverty,LPO,33.9045033,-118.0200901
60375701001,1114.0,15.62,2.08,74.15,Minority,Low_poverty,LPM,33.8646463,-118.148918
60375436042,2061.0,13.1,4.47,39.2,Other,Low_poverty,LPO,33.8054494,-118.2792995
60371242032,1609.0,27.41,18.71,62.15,Minority,Low_poverty,LPM,34.1776024,-118.3768483
60375041013,646.0,22.91,1.7,75.54,Minority,Low_poverty,LPM,33.9046219,-118.0324091
60374034083,2059.0,4.86,2.77,16.17,Other,Low_poverty,LPO,34.0241341,-117.8884719
60375766023,1252.0,45.93,17.24,34.58,Other,Low_poverty,LPO,33.7669112,-118.1684006
60372199013,1389.0,7.27,18.14,90.13,Minority,Low_poverty,LPM,34.0318972,-118.3602151
60375038011,1318.0,21.78,5.54,52.5,Minority,Low_poverty,LPM,33.8999249,-117.9898564
60371233042,1072.0,28.45,18.56,54.29,Minority,Low_poverty,LPM,34.1921676,-118.4072522
60374321013,1319.0,16.45,5.99,17.74,Other,Low_poverty,LPO,34.0977329,-118.0460461
60372282102,2273.0,0.0,32.6,98.15,Minority,High_poverty,HPM,34.0089228,-118.2543033
60375526021,1717.0,10.95,17.41,56.32,Minority,Low_poverty,LPM,33.8911492,-118.059685
60375359022,1455.0,1.79,5.91,98.21,Minority,Low_poverty,LPM,33.9391551,-118.1935461
60374822012,1220.0,5.33,22.46,29.34,Other,Low_poverty,LPO,34.0576805,-118.1240949
60372711002,771.0,45.4,1.86,22.82,Other,Low_poverty,LPO,34.0339469,-118.4265443
60374042012,1938.0,16.92,6.6,61.92,Minority,Low_poverty,LPM,34.1252806,-117.8930591
60374066024,2092.0,5.88,8.32,74.43,Minority,Low_poverty,LPM,34.0509394,-117.9338879
60375400001,2060.0,0.0,18.79,98.4,Minority,Low_poverty,LPM,33.919594,-118.1865695
60376032003,966.0,8.8,2.9,27.84,Other,Low_poverty,LPO,33.8681734,-118.292789
60375340013,662.0,0.0,31.27,98.49,Minority,High_poverty,HPM,33.9639625,-118.1495164
60379200172,2010.0,40.95,4.48,45.57,Other,Low_poverty,LPO,34.4383093,-118.5293074
60371154011,3268.0,30.35,10.95,52.17,Minority,Low_poverty,LPM,34.2264017,-118.5124548
60375776031,1985.0,62.17,22.47,29.83,White,Low_poverty,LPW,33.772345,-118.1239396
60375712005,870.0,48.28,3.1,25.98,Other,Low_poverty,LPO,33.837855,-118.1348917
60374308022,2106.0,13.15,29.96,19.37,Other,Low_poverty,LPO,34.1260946,-118.0163963
60371897013,1951.0,72.27,9.99,19.27,White,Low_poverty,LPW,34.1356713,-118.3387509
60375736018,685.0,55.62,0.0,26.28,White,Low_poverty,LPW,33.8236559,-118.1209244
60371230102,1546.0,13.52,24.72,86.48,Minority,Low_poverty,LPM,34.2048201,-118.3768676
60374641002,1500.0,21.53,19.47,12.66,Other,Low_poverty,LPO,34.1134544,-118.13227
60375713004,633.0,30.49,0.79,55.45,Minority,Low_poverty,LPM,33.8452022,-118.1485735
60376018011,1663.0,0.3,10.7,96.33,Minority,Low_poverty,LPM,33.943637,-118.3482134
60372124101,1262.0,9.35,9.27,22.27,Other,Low_poverty,LPO,34.0602058,-118.3028212
60372314003,1619.0,0.0,8.59,96.05,Minority,Low_poverty,LPM,34.015536,-118.3151713
60374037223,2589.0,22.71,20.21,57.05,Minority,Low_poverty,LPM,34.0855313,-117.8710169
60371816002,1765.0,18.64,2.39,44.3,Other,Low_poverty,LPO,34.1319994,-118.2134461
60371237004,1061.0,60.98,12.72,36.29,White,Low_poverty,LPW,34.1856506,-118.4122955
60379203322,757.0,61.03,3.48,30.65,White,Low_poverty,LPW,34.3859242,-118.5221283
60374010021,974.0,72.69,4.93,6.06,White,Low_poverty,LPW,34.1451453,-117.8658552
60371153021,3957.0,13.24,27.17,76.19,Minority,Low_poverty,LPM,34.2259651,-118.5503049
60371134212,2405.0,26.53,21.16,54.76,Minority,Low_poverty,LPM,34.2358383,-118.5796232
60374601005,1426.0,70.55,3.86,20.34,White,Low_poverty,LPW,34.1859015,-118.104737
60371113011,1580.0,35.7,4.4,32.15,Other,Low_poverty,LPO,34.2611712,-118.5066679
60372673002,3030.0,47.03,13.66,25.11,Other,Low_poverty,LPO,34.0444529,-118.4509367
60372621001,736.0,79.62,0.0,2.04,White,Low_poverty,LPW,34.0920211,-118.441953
60372213041,2599.0,3.08,26.86,70.49,Minority,Low_poverty,LPM,34.0453597,-118.3153669
60375712007,1693.0,51.74,6.85,36.27,White,Low_poverty,LPW,33.8449099,-118.1360403
60372088012,1067.0,7.59,27.11,89.13,Minority,Low_poverty,LPM,34.0617348,-118.2767572
60371907001,1130.0,53.27,44.6,21.6,White,High_poverty,HPW,34.0997795,-118.3314324
60371398011,3488.0,78.44,1.92,11.93,White,Low_poverty,LPW,34.1527206,-118.5455805
60372622002,1174.0,92.59,3.41,1.02,White,Low_poverty,LPW,34.0795456,-118.4631311
60375502012,1411.0,4.54,11.98,89.58,Minority,Low_poverty,LPM,33.9256805,-118.0844726
60379007033,1674.0,21.57,33.99,74.01,Minority,High_poverty,HPM,34.6786207,-118.1521522
60372695002,714.0,76.19,3.78,0.0,White,Low_poverty,LPW,34.0379005,-118.394361
60379203311,1780.0,52.53,1.92,38.7,White,Low_poverty,LPW,34.4009136,-118.545588
60372913002,975.0,5.85,5.33,44.52,Other,Low_poverty,LPO,33.8631217,-118.2887321
60379203304,1373.0,62.64,10.06,27.24,White,Low_poverty,LPW,34.3992971,-118.5554193
60372364002,1531.0,8.62,8.3,90.34,Minority,Low_poverty,LPM,34.0056211,-118.3482342
60377028012,1328.0,51.28,11.6,32.38,White,Low_poverty,LPW,34.0083858,-118.4096999
60375705013,1722.0,7.38,19.98,64.23,Minority,Low_poverty,LPM,33.870985,-118.1756426
60372970001,1139.0,55.84,0.0,28.45,White,Low_poverty,LPW,33.7331019,-118.3141123
60372944101,2550.0,2.94,28.71,68.78,Minority,Low_poverty,LPM,33.7953659,-118.2923639
60375337031,2011.0,0.0,29.19,100.0,Minority,Low_poverty,LPM,33.9849415,-118.1775719
60376021042,2706.0,3.77,9.35,92.76,Minority,Low_poverty,LPM,33.928086,-118.3504049
60375507002,1513.0,26.7,2.72,73.3,Minority,Low_poverty,LPM,33.9678779,-118.124774
60376514021,1346.0,54.83,2.01,9.73,White,Low_poverty,LPW,33.7953225,-118.3392552
60375749022,1764.0,35.09,60.54,30.44,Other,High_poverty,HPO,33.7918939,-118.136928
60375517001,1934.0,13.91,11.94,82.68,Minority,Low_poverty,LPM,33.9151231,-118.1432349
60375433221,1059.0,4.34,0.95,84.89,Minority,Low_poverty,LPM,33.8559868,-118.2534736
60376021031,2442.0,3.36,25.06,93.25,Minority,Low_poverty,LPM,33.9277803,-118.354198
60374605021,758.0,44.99,3.1,6.6,Other,Low_poverty,LPO,34.2050017,-118.1925809
60372413002,1761.0,2.16,22.32,95.23,Minority,Low_poverty,LPM,33.9251183,-118.2878929
60373012032,2531.0,71.08,8.34,8.38,White,Low_poverty,LPW,34.1664151,-118.2631544
60371272102,1435.0,14.7,13.66,73.03,Minority,Low_poverty,LPM,34.2115839,-118.4614582
60379108041,2964.0,67.27,7.02,30.43,White,Low_poverty,LPW,34.5244096,-118.1943718
60374613002,1606.0,58.03,9.92,29.95,White,Low_poverty,LPW,34.1718834,-118.0999549
60371343033,1396.0,30.3,5.59,43.7,Other,Low_poverty,LPO,34.205266,-118.6141258
60374002041,2805.0,56.19,2.6,30.23,White,Low_poverty,LPW,34.1356767,-117.7644773
60374043022,865.0,18.84,12.22,76.19,Minority,Low_poverty,LPM,34.115791,-117.9033383
60371194001,545.0,6.42,3.49,78.71,Minority,Low_poverty,LPM,34.2394922,-118.4408527
60379011011,3516.0,46.39,8.27,43.86,Other,Low_poverty,LPO,34.6676678,-118.231613
60374010011,1535.0,73.42,3.32,14.07,White,Low_poverty,LPW,34.1408746,-117.8525
60373203001,2138.0,2.39,18.71,96.73,Minority,Low_poverty,LPM,34.2836994,-118.4507747
60371134223,1444.0,47.16,7.11,47.51,Other,Low_poverty,LPO,34.2263972,-118.5775979
60374608001,1715.0,72.36,6.36,12.65,White,Low_poverty,LPW,34.156848,-118.1753929
60373014002,1726.0,80.76,16.05,11.88,White,Low_poverty,LPW,34.1776604,-118.2826777
60379007014,1323.0,30.39,11.04,62.51,Minority,Low_poverty,LPM,34.6777908,-118.1368466
60373107032,1879.0,80.04,28.42,12.51,White,Low_poverty,LPW,34.1738182,-118.3014805
60373107022,1976.0,59.77,27.13,10.93,White,Low_poverty,LPW,34.179407,-118.3086042
60375017002,884.0,15.16,2.04,84.84,Minority,Low_poverty,LPM,33.9590094,-118.0174384
60375362004,1094.0,6.86,20.29,91.59,Minority,Low_poverty,LPM,33.9137891,-118.1608321
60371345202,2351.0,8.12,20.88,86.39,Minority,Low_poverty,LPM,34.1983,-118.596042
60371230101,2481.0,12.62,31.16,83.03,Minority,High_poverty,HPM,34.2017743,-118.3735
60374027061,1440.0,9.65,16.04,81.25,Minority,Low_poverty,LPM,34.0689266,-117.7210909
60371081021,3552.0,54.39,9.45,12.73,White,Low_poverty,LPW,34.2804584,-118.5550665
60371070101,3141.0,2.8,10.0,95.87,Minority,Low_poverty,LPM,34.3020803,-118.4467204
60374328023,1975.0,0.51,29.77,81.42,Minority,Low_poverty,LPM,34.0815271,-118.0528726
60375300051,1906.0,8.5,1.05,39.76,Other,Low_poverty,LPO,34.0274739,-118.1052303
60372693001,625.0,68.16,1.6,3.04,White,Low_poverty,LPW,34.0444598,-118.4122005
60372677002,1636.0,47.92,10.57,11.92,Other,Low_poverty,LPO,34.0380603,-118.4435524
60374637001,957.0,77.43,9.3,9.61,White,Low_poverty,LPW,34.1424063,-118.1637173
60372031001,638.0,0.0,29.31,94.2,Minority,Low_poverty,LPM,34.0625594,-118.1949523
60375545112,1293.0,13.15,0.0,24.28,Other,Low_poverty,LPO,33.8748899,-118.0420543
60375341012,1063.0,0.75,45.53,92.76,Minority,High_poverty,HPM,33.974067,-118.1660469
60372095201,1884.0,4.03,34.87,90.98,Minority,High_poverty,HPM,34.0500485,-118.2758427
60373016022,998.0,61.92,4.21,27.85,White,Low_poverty,LPW,34.1598023,-118.293637
60375416031,1291.0,3.49,43.39,94.27,Minority,High_poverty,HPM,33.9165594,-118.2213138
60374034084,958.0,13.88,3.65,20.77,Other,Low_poverty,LPO,34.0230354,-117.879137
60375335022,579.0,3.45,16.38,96.55,Minority,Low_poverty,LPM,33.9834363,-118.1951027
60375313021,750.0,0.0,23.6,100.0,Minority,Low_poverty,LPM,34.0176989,-118.1786674
60372190203,1408.0,3.27,23.58,95.03,Minority,Low_poverty,LPM,34.020347,-118.3243204
60372163003,752.0,53.06,3.59,29.12,White,Low_poverty,LPW,34.0610025,-118.3633685
60376039004,1426.0,15.92,38.22,48.04,Other,High_poverty,HPO,33.8894362,-118.3570424
60376503002,1573.0,36.17,2.1,43.29,Other,Low_poverty,LPO,33.8703717,-118.3477349
60375528003,1163.0,37.32,2.15,60.28,Minority,Low_poverty,LPM,33.896585,-118.0966467
60376214004,1035.0,79.9,0.97,16.91,White,Low_poverty,LPW,33.8269035,-118.3815847
60375308014,1747.0,7.78,11.1,91.24,Minority,Low_poverty,LPM,34.0485014,-118.1866932
60371833002,1352.0,21.23,5.99,56.73,Minority,Low_poverty,LPM,34.1217296,-118.2005639
60376012021,1413.0,4.03,6.23,94.2,Minority,Low_poverty,LPM,33.9508929,-118.3558193
60374051022,2397.0,5.55,14.73,68.13,Minority,Low_poverty,LPM,34.0887348,-117.9673476
60371953001,996.0,59.44,5.52,29.22,White,Low_poverty,LPW,34.0999938,-118.2808372
60377005022,1252.0,80.83,11.98,8.7,White,Low_poverty,LPW,34.0883706,-118.3836015
60376031022,1082.0,6.01,12.98,43.07,Other,Low_poverty,LPO,33.8778454,-118.2953926
60372737003,793.0,67.59,1.01,24.46,White,Low_poverty,LPW,33.9973183,-118.4552303
60371222001,1202.0,23.29,17.14,66.89,Minority,Low_poverty,LPM,34.2191173,-118.3590058
60372322002,1140.0,1.14,21.93,98.86,Minority,Low_poverty,LPM,34.0016143,-118.2979649
60371098003,1138.0,27.42,16.34,57.3,Minority,Low_poverty,LPM,34.2542755,-118.4883192
60375552113,2823.0,2.34,24.62,88.77,Minority,Low_poverty,LPM,33.825605,-118.0754279
60371173032,1172.0,37.88,2.14,49.83,Other,Low_poverty,LPO,34.224697,-118.4917336
60372199011,1297.0,5.24,31.15,92.68,Minority,High_poverty,HPM,34.0276967,-118.3624933
60375545162,1991.0,9.54,0.65,23.15,Other,Low_poverty,LPO,33.8498349,-118.0678654
60378002021,1343.0,80.71,10.42,16.83,White,Low_poverty,LPW,34.1057622,-118.6776039
60373116004,1064.0,72.27,2.63,10.71,White,Low_poverty,LPW,34.1578834,-118.3350572
60373016012,1245.0,60.08,10.71,30.52,White,Low_poverty,LPW,34.1614545,-118.2879011
60374324012,1306.0,9.49,5.21,55.28,Minority,Low_poverty,LPM,34.0881119,-118.0190149
60372014023,1085.0,6.82,24.09,59.17,Minority,Low_poverty,LPM,34.064189,-118.1882491
60372168003,403.0,52.85,2.23,24.82,White,Low_poverty,LPW,34.0531932,-118.3701541
60375744002,774.0,53.23,4.13,25.84,White,Low_poverty,LPW,33.79975,-118.0946102
60372181203,890.0,5.17,19.82,89.89,Minority,Low_poverty,LPM,34.0412807,-118.3221401
60371282201,1359.0,58.28,15.31,37.52,White,Low_poverty,LPW,34.1835194,-118.4334018
60375415003,1234.0,0.57,8.91,99.43,Minority,Low_poverty,LPM,33.9123237,-118.227612
60374068003,1703.0,9.81,10.1,76.45,Minority,Low_poverty,LPM,34.0664777,-117.9565557
60374017041,3000.0,11.1,41.54,79.67,Minority,High_poverty,HPM,34.1052448,-117.7428943
60377018021,1661.0,31.55,24.11,55.14,Minority,Low_poverty,LPM,34.020006,-118.4731814
60372189002,1868.0,8.57,30.67,84.0,Minority,High_poverty,HPM,34.0311083,-118.3208862
60372190202,1865.0,7.29,26.52,84.55,Minority,Low_poverty,LPM,34.0223932,-118.3194229
60371957102,1634.0,16.52,40.88,67.81,Minority,High_poverty,HPM,34.0747288,-118.2685685
60371954001,1030.0,75.05,8.72,15.44,White,Low_poverty,LPW,34.0927133,-118.2702564
60374338021,1639.0,9.52,13.3,54.85,Minority,Low_poverty,LPM,34.0344665,-118.060117
60376704061,1759.0,42.75,3.98,6.53,Other,Low_poverty,LPO,33.763048,-118.3853116
60375420001,1309.0,0.0,5.12,95.64,Minority,Low_poverty,LPM,33.9075037,-118.2012797
60371233011,1440.0,22.99,22.57,65.14,Minority,Low_poverty,LPM,34.1957673,-118.3994957
60371014001,864.0,65.74,7.18,24.19,White,Low_poverty,LPW,34.2525909,-118.2977187
60374043011,1325.0,4.68,17.13,88.83,Minority,Low_poverty,LPM,34.1271885,-117.9016945
60376205015,679.0,77.03,2.06,14.43,White,Low_poverty,LPW,33.8814276,-118.376765
60375026023,1547.0,7.05,1.55,92.31,Minority,Low_poverty,LPM,33.9601549,-118.1049575
60379103012,1736.0,61.23,6.62,35.49,White,Low_poverty,LPW,34.6419582,-118.222885
60373021032,2417.0,67.11,25.08,16.22,White,Low_poverty,LPW,34.1413613,-118.2367898
60371959021,563.0,75.67,9.95,15.63,White,Low_poverty,LPW,34.0881809,-118.278284
60374610001,1331.0,4.58,3.68,91.59,Minority,Low_poverty,LPM,34.1852082,-118.1529811
60374033172,1264.0,11.08,5.7,30.78,Other,Low_poverty,LPO,34.0283875,-117.7769957
60374807033,1945.0,49.97,3.44,8.33,Other,Low_poverty,LPO,34.1064379,-118.1600322
60376036001,1428.0,19.75,16.74,56.02,Minority,Low_poverty,LPM,33.8928511,-118.3221601
60375002024,856.0,41.0,3.97,42.52,Other,Low_poverty,LPO,33.9579367,-118.0066033
60376213263,1391.0,78.15,4.6,14.45,White,Low_poverty,LPW,33.8218526,-118.3875419
60375029012,2937.0,14.27,8.75,79.84,Minority,Low_poverty,LPM,33.9439971,-118.0427937
60371397031,2861.0,80.6,7.49,4.89,White,Low_poverty,LPW,34.144579,-118.5320785
60375744001,618.0,61.49,4.85,18.12,White,Low_poverty,LPW,33.8070222,-118.0951114
60375737001,954.0,50.0,2.31,36.9,White,Low_poverty,LPW,33.828701,-118.1037647
60374334032,1888.0,0.0,21.19,94.12,Minority,Low_poverty,LPM,34.0599101,-118.0286841
60375338032,1574.0,14.29,21.41,84.43,Minority,Low_poverty,LPM,33.9739775,-118.1860773
60372942002,1861.0,6.18,9.99,92.05,Minority,Low_poverty,LPM,33.7950339,-118.2674296
60376202011,660.0,80.61,4.09,6.52,White,Low_poverty,LPW,33.9045125,-118.4202273
60372163001,1460.0,43.42,5.62,41.3,Other,Low_poverty,LPO,34.0584521,-118.3553133
60379200132,2921.0,45.05,2.53,39.65,Other,Low_poverty,LPO,34.4408911,-118.5017475
60376008022,637.0,1.88,13.62,97.33,Minority,Low_poverty,LPM,33.9642382,-118.330973
60379200162,2988.0,54.18,1.54,26.37,White,Low_poverty,LPW,34.4637887,-118.5189941
60371871011,1011.0,32.94,5.64,41.14,Other,Low_poverty,LPO,34.1148578,-118.2573032
60375407002,1042.0,8.25,18.51,90.02,Minority,Low_poverty,LPM,33.9246817,-118.242614
60371861004,900.0,27.22,3.11,42.56,Other,Low_poverty,LPO,34.1272368,-118.230771
60371411021,1175.0,74.13,4.26,13.11,White,Low_poverty,LPW,34.1516849,-118.4332999
60371352021,1189.0,56.1,5.05,16.06,White,Low_poverty,LPW,34.1947434,-118.6362525
60374314001,897.0,32.66,6.58,25.86,Other,Low_poverty,LPO,34.1168052,-118.0087016
60371278061,1476.0,18.43,18.56,73.78,Minority,Low_poverty,LPM,34.1886644,-118.4530825
60379200422,2897.0,40.25,6.39,42.18,Other,Low_poverty,LPO,34.4065135,-118.4554296
60375529004,2566.0,6.47,17.76,63.99,Minority,Low_poverty,LPM,33.8930214,-118.0955229
60372243202,1148.0,0.0,34.23,96.08,Minority,High_poverty,HPM,34.0396604,-118.2822337
60376015022,1732.0,4.39,16.97,95.61,Minority,Low_poverty,LPM,33.9401515,-118.3668623
60375552022,2163.0,65.0,5.04,17.01,White,Low_poverty,LPW,33.8209607,-118.0777497
60376209013,614.0,84.04,10.1,9.61,White,Low_poverty,LPW,33.8844569,-118.40398
60374085033,4109.0,16.21,3.77,31.17,Other,Low_poverty,LPO,33.9814603,-117.9857625
60375990004,2080.0,38.27,20.9,60.72,Minority,Low_poverty,LPM,33.3419686,-118.3345082
60371066431,2957.0,56.61,0.51,13.12,White,Low_poverty,LPW,34.297163,-118.5174568
60375027001,1325.0,21.13,7.62,70.56,Minority,Low_poverty,LPM,33.9572644,-118.0877111
60374017031,2066.0,35.33,14.42,51.55,Minority,Low_poverty,LPM,34.1062499,-117.7526321
60371352034,591.0,78.51,0.0,11.68,White,Low_poverty,LPW,34.1926256,-118.6617925
60374632001,1498.0,45.86,11.21,38.65,Other,Low_poverty,LPO,34.1417674,-118.0858614
60375536012,1696.0,8.37,10.2,82.49,Minority,Low_poverty,LPM,33.9068575,-118.1716472
60371951001,1848.0,58.23,3.63,30.36,White,Low_poverty,LPW,34.1033919,-118.2620131
60371895001,1993.0,76.22,22.38,18.62,White,Low_poverty,LPW,34.1089232,-118.3192601
60375765022,948.0,27.74,20.36,62.44,Minority,Low_poverty,LPM,33.7707593,-118.1740759
60374037211,1484.0,23.79,15.9,67.72,Minority,Low_poverty,LPM,34.0963289,-117.8680587
60372611011,1792.0,85.27,6.32,9.49,White,Low_poverty,LPW,34.1175821,-118.3864111
60374306004,2230.0,29.33,5.65,9.24,Other,Low_poverty,LPO,34.1532885,-118.047361
60374808041,2490.0,11.65,7.84,41.13,Other,Low_poverty,LPO,34.0956777,-118.1443566
60374803022,1427.0,18.78,4.41,36.51,Other,Low_poverty,LPO,34.1008206,-118.1226575
60374630001,692.0,46.24,3.9,36.85,Other,Low_poverty,LPO,34.1558395,-118.0704823
60372015011,1222.0,8.35,43.37,89.03,Minority,High_poverty,HPM,34.0902313,-118.1633905
60379201121,1152.0,70.4,6.16,19.71,White,Low_poverty,LPW,34.4387878,-118.5335445
60374314002,781.0,9.09,27.14,34.96,Other,Low_poverty,LPO,34.1124857,-118.0084884
60371373011,2271.0,73.93,3.08,11.23,White,Low_poverty,LPW,34.176253,-118.6340417
60371838101,2014.0,10.18,34.46,86.44,Minority,High_poverty,HPM,34.1063752,-118.2003687
60373009011,1456.0,76.1,3.57,3.02,White,Low_poverty,LPW,34.1772882,-118.19884
60372098101,1291.0,4.96,32.88,78.31,Minority,High_poverty,HPM,34.0499668,-118.2821365
60374037032,1887.0,43.61,17.12,40.38,Other,Low_poverty,LPO,34.0906306,-117.8456031
60374002042,1123.0,53.16,6.95,31.61,White,Low_poverty,LPW,34.1266483,-117.7730491
60374033184,931.0,33.73,5.05,43.5,Other,Low_poverty,LPO,34.0270248,-117.758326
60374810021,1549.0,11.94,0.97,30.02,Other,Low_poverty,LPO,34.0967919,-118.1161576
60371066432,755.0,68.48,5.7,17.88,White,Low_poverty,LPW,34.2899401,-118.5228425
60373009021,863.0,67.21,4.87,13.79,White,Low_poverty,LPW,34.1539674,-118.1966099
60374605012,828.0,57.49,0.0,21.74,White,Low_poverty,LPW,34.2171976,-118.2055889
60379108052,3003.0,70.6,13.77,21.94,White,Low_poverty,LPW,34.4571862,-118.1710955
60374022001,2144.0,19.12,12.41,60.26,Minority,Low_poverty,LPM,34.0869501,-117.7542166
60371234101,3007.0,35.92,20.31,57.0,Minority,Low_poverty,LPM,34.1996479,-118.4232904
60371216002,711.0,38.4,12.8,40.36,Other,Low_poverty,LPO,34.2072394,-118.410363
60379102051,1225.0,31.18,15.67,53.72,Minority,Low_poverty,LPM,34.5379495,-118.1303796
60379105013,1882.0,5.42,41.87,91.98,Minority,High_poverty,HPM,34.5760992,-118.1096094
60371380001,1992.0,78.41,9.94,9.39,White,Low_poverty,LPW,34.1470929,-118.5877899
60371132312,578.0,56.06,6.06,8.66,White,Low_poverty,LPW,34.2232643,-118.6269753
60371013004,621.0,91.14,8.53,6.12,White,Low_poverty,LPW,34.2494037,-118.2752597
60372325003,1144.0,0.0,10.49,97.99,Minority,Low_poverty,LPM,33.9941458,-118.3130253
60372933021,2813.0,23.21,1.43,33.49,Other,Low_poverty,LPO,33.8032543,-118.3037713
60372132011,1624.0,6.47,29.43,30.85,Other,Low_poverty,LPO,34.0535442,-118.30372
60374066013,1726.0,11.07,2.84,74.8,Minority,Low_poverty,LPM,34.057593,-117.9211049
60374326012,2659.0,2.18,12.9,72.7,Minority,Low_poverty,LPM,34.0790491,-118.0155751
60374826002,1947.0,17.0,21.21,26.55,Other,Low_poverty,LPO,34.0472694,-118.1133924
60371831011,881.0,14.3,16.91,80.82,Minority,Low_poverty,LPM,34.1186415,-118.1820449
60372671002,833.0,66.03,2.76,15.0,White,Low_poverty,LPW,34.0549415,-118.4200727
60374022003,2074.0,18.32,6.13,74.06,Minority,Low_poverty,LPM,34.082434,-117.7696459
60375317011,2995.0,6.28,7.68,93.72,Minority,Low_poverty,LPM,34.0227966,-118.1517539
60375310001,1896.0,2.06,9.39,97.52,Minority,Low_poverty,LPM,34.0434701,-118.1757391
60371998004,1501.0,1.0,24.52,79.68,Minority,Low_poverty,LPM,34.0697133,-118.2135755
60371992022,1392.0,16.95,13.57,65.95,Minority,Low_poverty,LPM,34.0781432,-118.2058837
60375430003,663.0,0.0,33.63,100.0,Minority,High_poverty,HPM,33.8884992,-118.2549897
60375013005,1133.0,21.18,4.15,75.29,Minority,Low_poverty,LPM,33.9894312,-118.0613772
60376041002,1402.0,11.98,0.5,86.95,Minority,Low_poverty,LPM,33.8831949,-118.3463127
60372318003,1159.0,0.0,34.6,98.54,Minority,High_poverty,HPM,34.0047072,-118.2774746
60372093002,2814.0,9.74,39.59,72.1,Minority,High_poverty,HPM,34.0499224,-118.2663972
60372077101,4667.0,34.67,18.81,26.06,Other,Low_poverty,LPO,34.0468663,-118.2616827
60374033031,2741.0,9.38,11.89,34.51,Other,Low_poverty,LPO,34.0024101,-117.8593531
60374037031,1843.0,37.28,4.88,49.7,Other,Low_poverty,LPO,34.09761,-117.8463512
60372270101,4002.0,0.8,32.37,97.51,Minority,High_poverty,HPM,34.0202763,-118.2506273
60372048102,1182.0,0.0,23.6,100.0,Minority,Low_poverty,LPM,34.0272609,-118.1996866
60372039001,1159.0,0.0,30.46,100.0,Minority,High_poverty,HPM,34.0367415,-118.1936704
60374073011,1253.0,7.02,7.1,50.44,Minority,Low_poverty,LPM,34.0494943,-117.9642848
60374056001,1392.0,18.53,8.32,69.54,Minority,Low_poverty,LPM,34.0841754,-117.9200556
60374033162,2833.0,41.16,9.78,21.25,Other,Low_poverty,LPO,34.0309341,-117.790818
60377024003,814.0,35.01,9.2,41.03,Other,Low_poverty,LPO,34.0289434,-118.3827841
60372313001,2370.0,4.81,30.32,88.65,Minority,High_poverty,HPM,34.015355,-118.3020819
60372226002,2602.0,11.11,43.35,57.38,Minority,High_poverty,HPM,34.019792,-118.2955186
60376024026,956.0,20.82,6.9,45.81,Other,Low_poverty,LPO,33.9043925,-118.3592071
60372288004,2115.0,0.0,24.4,100.0,Minority,Low_poverty,LPM,34.0016487,-118.2454163
60375522003,1158.0,1.38,24.53,95.25,Minority,Low_poverty,LPM,33.9075598,-118.0774157
60375356073,1252.0,0.56,33.31,99.44,Minority,High_poverty,HPM,33.9381043,-118.2165585
60371881001,1714.0,35.88,11.55,49.41,Other,Low_poverty,LPO,34.1384611,-118.2740066
60371952021,859.0,78.58,8.96,6.52,White,Low_poverty,LPW,34.1060735,-118.2785335
60372621002,440.0,59.09,3.86,10.68,White,Low_poverty,LPW,34.0777963,-118.4500558
60372625013,1938.0,91.43,1.61,5.78,White,Low_poverty,LPW,34.0516754,-118.5215107
60372314002,1761.0,6.25,12.6,93.76,Minority,Low_poverty,LPM,34.0121118,-118.3126207
60375703041,1286.0,9.64,16.87,79.39,Minority,Low_poverty,LPM,33.8560077,-118.1873289
60379200391,2191.0,42.72,3.97,47.56,Other,Low_poverty,LPO,34.4233641,-118.4397622
60376207014,1627.0,69.58,2.58,10.26,White,Low_poverty,LPW,33.8695899,-118.3875356
60372703001,356.0,10.96,7.58,68.26,Minority,Low_poverty,LPM,34.04021,-118.375252
60377004004,806.0,83.5,6.82,12.16,White,Low_poverty,LPW,34.0790694,-118.3856853
60376212041,2671.0,63.61,6.36,16.21,White,Low_poverty,LPW,33.8460185,-118.39712
60377010005,1013.0,85.0,28.04,5.23,White,Low_poverty,LPW,34.058627,-118.4081604
60372169004,1189.0,39.02,4.54,56.35,Minority,Low_poverty,LPM,34.0455677,-118.3637123
60374604011,985.0,18.27,20.2,69.24,Minority,Low_poverty,LPM,34.2092748,-118.1726235
60375021002,2569.0,8.41,16.8,89.37,Minority,Low_poverty,LPM,33.9713943,-118.0495864
60374315022,1134.0,39.15,11.91,14.38,Other,Low_poverty,LPO,34.1015929,-118.0178266
60379010043,9227.0,37.41,6.51,51.45,Minority,Low_poverty,LPM,34.6930546,-118.205958
60375708001,1098.0,51.46,1.91,22.41,White,Low_poverty,LPW,33.8569747,-118.1274584
60374047012,1674.0,0.6,3.16,98.21,Minority,Low_poverty,LPM,34.0709124,-117.9991704
60375403003,495.0,0.0,28.48,100.0,Minority,Low_poverty,LPM,33.9294706,-118.2167133
60379200173,1035.0,74.98,5.87,20.87,White,Low_poverty,LPW,34.4404025,-118.5222
60374627001,657.0,39.73,9.28,37.14,Other,Low_poverty,LPO,34.1551996,-118.1104654
60374087053,1813.0,8.33,1.65,28.68,Other,Low_poverty,LPO,33.9821842,-117.873854
60375510001,1131.0,24.76,2.92,68.08,Minority,Low_poverty,LPM,33.9348435,-118.1064493
60375338062,1222.0,2.21,21.13,97.79,Minority,Low_poverty,LPM,33.9786889,-118.1703463
60372362041,2056.0,4.86,35.75,92.22,Minority,High_poverty,HPM,34.0138878,-118.3494207
60379200291,3288.0,36.44,13.54,50.73,Minority,Low_poverty,LPM,34.433972,-118.4836243
60375408003,1016.0,0.0,0.79,100.0,Minority,Low_poverty,LPM,33.9200657,-118.2528824
60375548012,778.0,19.79,5.78,48.84,Other,Low_poverty,LPO,33.8760597,-118.0853789
60375351014,1815.0,0.0,20.77,99.06,Minority,Low_poverty,LPM,33.9627542,-118.2513526
60376012111,1234.0,2.51,11.31,93.35,Minority,Low_poverty,LPM,33.9640108,-118.3574197
60374308032,1663.0,33.61,4.45,17.8,Other,Low_poverty,LPO,34.1134796,-118.0277915
60373116002,3450.0,49.1,24.43,21.08,Other,Low_poverty,LPO,34.1560004,-118.3465163
60372766014,1196.0,65.8,12.96,6.19,White,Low_poverty,LPW,33.9595713,-118.4410822
60373006001,992.0,74.8,1.01,9.07,White,Low_poverty,LPW,34.2050451,-118.231086
60375544031,2884.0,8.39,24.97,76.56,Minority,Low_poverty,LPM,33.8756899,-118.1382334
60376707023,997.0,66.1,5.22,14.95,White,Low_poverty,LPW,33.7388761,-118.3226963
60376700033,1290.0,67.83,3.8,14.5,White,Low_poverty,LPW,33.7917108,-118.3261308
60375501005,1291.0,3.56,0.77,81.64,Minority,Low_poverty,LPM,33.9205776,-118.0706369
60372171004,1180.0,38.9,14.58,24.24,Other,Low_poverty,LPO,34.0492989,-118.3566941
60375705023,1145.0,10.66,17.99,70.92,Minority,Low_poverty,LPM,33.8634463,-118.1715942
60375506023,2009.0,20.66,2.64,69.99,Minority,Low_poverty,LPM,33.9555411,-118.1235017
60371394021,1367.0,75.79,9.66,18.43,White,Low_poverty,LPW,34.1683965,-118.5593647
60372393301,1037.0,1.83,28.93,95.75,Minority,Low_poverty,LPM,33.9787607,-118.2621227
60375720021,1148.0,50.0,6.55,35.8,White,Low_poverty,LPW,33.8244565,-118.1889631
60374317003,1154.0,19.06,2.69,0.87,Other,Low_poverty,LPO,34.1182183,-118.0385748
60374019023,915.0,59.02,4.38,37.27,White,Low_poverty,LPW,34.1016128,-117.7247926
60374004021,2143.0,59.22,9.27,13.12,White,Low_poverty,LPW,34.1365265,-117.8195184
60375533003,1489.0,4.63,1.68,78.98,Minority,Low_poverty,LPM,33.9061551,-118.1402058
60377031003,1646.0,12.15,3.83,80.07,Minority,Low_poverty,LPM,33.9915096,-118.34936
60379107071,5420.0,15.68,18.71,77.9,Minority,Low_poverty,LPM,34.5504277,-118.1036897
60372679023,1060.0,66.7,0.0,14.91,White,Low_poverty,LPW,34.0502582,-118.4155316
60375335021,1564.0,2.81,10.5,97.19,Minority,Low_poverty,LPM,33.9860365,-118.194699
60374638001,744.0,84.41,1.21,9.81,White,Low_poverty,LPW,34.1377877,-118.1700081
60376013012,1178.0,9.51,7.47,82.09,Minority,Low_poverty,LPM,33.9781247,-118.3637649
60375349003,1091.0,0.0,13.75,98.26,Minority,Low_poverty,LPM,33.9728784,-118.2370233
60375309022,2234.0,0.36,21.26,93.29,Minority,Low_poverty,LPM,34.0439351,-118.1801787
60371313001,943.0,16.22,9.23,77.51,Minority,Low_poverty,LPM,34.2196507,-118.5223557
60372118021,2460.0,15.69,18.98,36.1,Other,Low_poverty,LPO,34.0635273,-118.3066005
60372244201,1969.0,3.66,35.22,93.55,Minority,High_poverty,HPM,34.0335913,-118.2759552
60373107023,2395.0,67.89,10.12,17.16,White,Low_poverty,LPW,34.1812651,-118.3021908
60379107141,2575.0,5.55,19.28,92.0,Minority,Low_poverty,LPM,34.5616559,-118.0361936
60379008041,1870.0,13.32,24.27,81.98,Minority,Low_poverty,LPM,34.70742,-118.1428248
60374641007,1205.0,16.35,0.0,0.0,Other,Low_poverty,LPO,34.126284,-118.1133775
60372405002,1956.0,0.0,11.55,100.0,Minority,Low_poverty,LPM,33.945939,-118.2749272
60372770002,764.0,53.14,0.0,11.52,White,Low_poverty,LPW,33.9617486,-118.4002818
60375506014,1505.0,10.7,5.87,74.55,Minority,Low_poverty,LPM,33.9581713,-118.1151918
60374086281,1490.0,3.29,4.3,25.37,Other,Low_poverty,LPO,33.981543,-117.9471177
60376206023,509.0,62.67,0.0,19.65,White,Low_poverty,LPW,33.8632572,-118.3649916
60372323002,1907.0,2.2,7.53,94.71,Minority,Low_poverty,LPM,33.9972151,-118.3026045
60374002051,2846.0,48.91,1.8,16.48,Other,Low_poverty,LPO,34.1521556,-117.7176795
60372212201,1209.0,4.22,28.7,95.46,Minority,Low_poverty,LPM,34.0456567,-118.2969896
60372397023,898.0,0.0,55.46,100.0,Minority,High_poverty,HPM,33.963682,-118.2716947
60377006003,687.0,76.56,9.9,0.0,White,Low_poverty,LPW,34.0872305,-118.3979322
60371851001,1920.0,31.67,4.64,62.5,Minority,Low_poverty,LPM,34.1097523,-118.2135001
60375719004,1206.0,44.86,8.87,42.87,Other,Low_poverty,LPO,33.8294905,-118.1805544
60375421062,1813.0,1.65,36.44,89.85,Minority,High_poverty,HPM,33.8907767,-118.1925479
60371283032,2855.0,12.12,28.51,86.06,Minority,Low_poverty,LPM,34.1820727,-118.4530998
60371112041,2588.0,57.46,0.97,16.81,White,Low_poverty,LPW,34.2563898,-118.5498988
60377031005,758.0,8.58,17.66,79.02,Minority,Low_poverty,LPM,33.9859724,-118.3585534
60372626043,1244.0,94.69,14.07,1.45,White,Low_poverty,LPW,34.04342,-118.5608873
60371902022,1954.0,54.3,26.0,24.15,White,Low_poverty,LPW,34.1030612,-118.3350641
60372408001,1176.0,1.02,23.3,98.13,Minority,Low_poverty,LPM,33.9396796,-118.255343
60375438012,1337.0,8.38,0.0,43.9,Other,Low_poverty,LPO,33.8385417,-118.2777818
60376029003,982.0,3.26,20.57,73.83,Minority,Low_poverty,LPM,33.9064799,-118.3077656
60376207022,2148.0,53.58,4.36,22.02,White,Low_poverty,LPW,33.8652179,-118.3769202
60374003043,1646.0,39.61,15.49,25.88,Other,Low_poverty,LPO,34.0968121,-117.8022957
60374802011,1251.0,41.25,0.72,17.43,Other,Low_poverty,LPO,34.1118908,-118.1080399
60375433225,1946.0,0.67,1.49,77.75,Minority,Low_poverty,LPM,33.8547725,-118.2631941
60372771001,1002.0,56.49,0.0,7.29,White,Low_poverty,LPW,33.9661447,-118.3750967
60376210042,1342.0,87.78,7.48,1.78,White,Low_poverty,LPW,33.8662383,-118.3988078
60372373003,1108.0,3.07,21.39,94.5,Minority,Low_poverty,LPM,33.9757212,-118.3099408
60374033243,3315.0,12.85,4.86,25.04,Other,Low_poverty,LPO,33.9920246,-117.8037787
60374024041,1862.0,32.65,0.0,35.44,Other,Low_poverty,LPO,34.0539197,-117.8174587
60375403002,1242.0,3.78,12.48,96.22,Minority,Low_poverty,LPM,33.9343803,-118.2191597
60371031012,939.0,78.38,2.24,18.32,White,Low_poverty,LPW,34.2689019,-118.310431
60376013032,1074.0,5.4,6.7,89.76,Minority,Low_poverty,LPM,33.9731517,-118.363045
60372411101,2121.0,0.24,19.3,99.58,Minority,Low_poverty,LPM,33.9346701,-118.2717008
60371416003,1510.0,81.52,1.92,10.33,White,Low_poverty,LPW,34.1367289,-118.4687369
60375326041,1068.0,2.62,19.01,96.72,Minority,Low_poverty,LPM,33.9874774,-118.2289979
60374013111,1790.0,42.85,8.32,30.73,Other,Low_poverty,LPO,34.1216559,-117.8139384
60373109005,941.0,75.35,2.16,8.4,White,Low_poverty,LPW,34.1763631,-118.3273707
60374044012,1709.0,8.84,22.41,88.71,Minority,Low_poverty,LPM,34.1312076,-117.9204583
60371973001,1359.0,44.52,9.12,34.88,Other,Low_poverty,LPO,34.0852217,-118.2506647
60376023024,1238.0,65.02,4.52,11.96,White,Low_poverty,LPW,33.8994473,-118.3745631
60375009003,2374.0,5.05,15.5,94.35,Minority,Low_poverty,LPM,33.9926053,-118.0848353
60375032011,860.0,15.58,1.19,60.47,Minority,Low_poverty,LPM,33.9303646,-118.0234158
60374054001,1523.0,12.28,4.14,82.8,Minority,Low_poverty,LPM,34.0958302,-117.9274015
60374323003,1448.0,14.3,7.94,50.62,Minority,Low_poverty,LPM,34.0874955,-118.0470854
60371891023,1027.0,64.07,14.9,16.17,White,Low_poverty,LPW,34.1094613,-118.2904561
60375031031,1978.0,4.04,11.02,94.94,Minority,Low_poverty,LPM,33.9303773,-118.0407035
60375037033,2708.0,28.73,4.99,13.66,Other,Low_poverty,LPO,33.9073545,-117.9884238
60376030062,426.0,18.78,3.76,26.06,Other,Low_poverty,LPO,33.8926314,-118.3027045
60376207025,1656.0,54.95,2.6,21.38,White,Low_poverty,LPW,33.860316,-118.3811846
60376211043,1352.0,78.33,2.14,18.2,White,Low_poverty,LPW,33.8546561,-118.3974652
60376504013,1090.0,37.06,4.22,27.34,Other,Low_poverty,LPO,33.8335633,-118.3367968
60375421031,1543.0,0.0,3.69,100.0,Minority,Low_poverty,LPM,33.9014803,-118.1964884
60372972011,3092.0,17.11,6.6,74.87,Minority,Low_poverty,LPM,33.7260696,-118.291278
60372976023,1130.0,46.11,16.64,49.38,Other,Low_poverty,LPO,33.7173308,-118.2905553
60374076013,1334.0,3.9,27.06,76.01,Minority,Low_poverty,LPM,34.0357385,-117.9442425
60374080051,1392.0,25.79,3.13,40.16,Other,Low_poverty,LPO,34.0495152,-117.8876682
60372627041,3561.0,82.0,5.5,7.16,White,Low_poverty,LPW,34.040805,-118.5419865
60372780012,1635.0,45.69,13.09,33.94,Other,Low_poverty,LPO,33.9559077,-118.406573
60372718012,1389.0,36.07,14.69,19.07,Other,Low_poverty,LPO,34.0171535,-118.4188075
60374028041,1737.0,1.73,27.6,95.22,Minority,Low_poverty,LPM,34.0481091,-117.7388643
60375740003,1000.0,50.6,3.1,34.5,White,Low_poverty,LPW,33.8156456,-118.1091609
60372735022,386.0,71.5,32.12,20.99,White,High_poverty,HPW,33.9855066,-118.4738475
60371920012,1460.0,73.97,15.65,15.0,White,Low_poverty,LPW,34.0845847,-118.3463553
60374331021,3119.0,1.22,15.93,63.77,Minority,Low_poverty,LPM,34.0642058,-118.0566005
60374335043,1745.0,0.0,21.6,71.75,Minority,Low_poverty,LPM,34.059071,-118.0542226
60371132351,1824.0,53.84,5.76,27.8,White,Low_poverty,LPW,34.2382508,-118.6516805
60372371015,1179.0,0.42,31.55,97.62,Minority,High_poverty,HPM,33.982832,-118.2892466
60372395022,1326.0,0.0,23.6,100.0,Minority,Low_poverty,LPM,33.9695241,-118.2667211
60374300032,3212.0,36.05,7.38,31.85,Other,Low_poverty,LPO,34.1552316,-117.9481154
60374315012,1689.0,17.82,6.06,29.25,Other,Low_poverty,LPO,34.0994572,-118.0322625
60375520011,1823.0,5.54,8.09,84.42,Minority,Low_poverty,LPM,33.9153603,-118.0946951
60375541051,2454.0,10.88,12.63,74.73,Minority,Low_poverty,LPM,33.8858577,-118.1185254
60371813001,1393.0,36.18,13.72,27.28,Other,Low_poverty,LPO,34.136217,-118.2196996
60371862011,3201.0,11.5,17.69,55.08,Minority,Low_poverty,LPM,34.1213123,-118.2188456
60371132333,3803.0,18.33,17.91,66.84,Minority,Low_poverty,LPM,34.2295586,-118.6014748
60373020031,3665.0,67.89,14.05,11.38,White,Low_poverty,LPW,34.1487828,-118.2439771
60378003324,1066.0,91.46,4.41,4.32,White,Low_poverty,LPW,34.1583034,-118.7628677
60378004084,1468.0,82.56,1.98,12.6,White,Low_poverty,LPW,34.0358454,-118.8319963
60377022013,1073.0,50.05,15.0,27.3,White,Low_poverty,LPW,34.0141037,-118.4754588
60379107162,3125.0,22.88,18.06,72.61,Minority,Low_poverty,LPM,34.547852,-118.0808321
60377001022,1668.0,64.21,20.19,25.3,White,Low_poverty,LPW,34.0896282,-118.3498752
60372170011,1408.0,80.82,12.22,5.68,White,Low_poverty,LPW,34.0498506,-118.3873949
60372404022,1113.0,0.0,15.36,99.82,Minority,Low_poverty,LPM,33.9438505,-118.2832093
60372751011,1161.0,40.31,10.08,27.74,Other,Low_poverty,LPO,33.9992665,-118.4045296
60372964022,796.0,41.58,2.55,56.28,Minority,Low_poverty,LPM,33.7493144,-118.3038993
60371044031,2047.0,0.73,14.88,92.67,Minority,Low_poverty,LPM,34.2547782,-118.4303421
60371066492,1508.0,9.22,5.74,53.65,Minority,Low_poverty,LPM,34.291084,-118.4628817
60379110013,1915.0,47.21,4.86,46.21,Other,Low_poverty,LPO,34.4560847,-117.9131247
60378001023,2405.0,80.71,3.14,8.07,White,Low_poverty,LPW,34.0955244,-118.6457059
60379006022,2919.0,14.66,32.13,81.02,Minority,High_poverty,HPM,34.7114696,-118.1253534
60377011001,1101.0,36.78,64.22,48.95,Other,High_poverty,HPO,34.0575853,-118.4570059
60371190021,1038.0,3.37,10.62,89.69,Minority,Low_poverty,LPM,34.2501205,-118.4331362
60371211022,677.0,85.08,23.78,8.86,White,Low_poverty,LPW,34.2442508,-118.3740144
60371047031,1221.0,6.63,39.31,93.36,Minority,High_poverty,HPM,34.2554408,-118.3990879
60374045041,2546.0,7.15,14.73,77.96,Minority,Low_poverty,LPM,34.1084526,-117.903379
60374623021,1247.0,32.72,12.11,40.9,Other,Low_poverty,LPO,34.1488465,-118.1268866
60374641005,859.0,42.84,18.39,0.0,Other,Low_poverty,LPO,34.1198093,-118.1121744
60371192012,1163.0,4.47,1.98,82.63,Minority,Low_poverty,LPM,34.2452797,-118.4385977
60371255011,1825.0,54.85,22.96,32.11,White,Low_poverty,LPW,34.1624102,-118.3680622
60371241032,1365.0,17.44,18.83,73.34,Minority,Low_poverty,LPM,34.1884899,-118.3855954
60373117004,941.0,56.43,13.25,30.6,White,Low_poverty,LPW,34.1585762,-118.3137555
60376025084,2042.0,3.04,22.62,86.0,Minority,Low_poverty,LPM,33.9146257,-118.3373243
60376029002,1591.0,3.9,32.62,93.08,Minority,High_poverty,HPM,33.9145262,-118.3003156
60376511022,1523.0,51.08,9.85,17.2,White,Low_poverty,LPW,33.8216544,-118.3439499
60371412013,711.0,80.03,9.85,15.76,White,Low_poverty,LPW,34.1538936,-118.4448728
60372145034,564.0,49.29,17.91,16.14,Other,Low_poverty,LPO,34.0669459,-118.3540136
60377021024,741.0,80.43,4.18,11.61,White,Low_poverty,LPW,34.0002807,-118.4810644
60378003293,3087.0,70.42,8.04,16.26,White,Low_poverty,LPW,34.1376947,-118.7059526
60379100012,2008.0,27.04,36.95,72.96,Minority,High_poverty,HPM,34.5688933,-117.940787
60379102081,2297.0,28.43,9.27,50.45,Minority,Low_poverty,LPM,34.6006289,-118.1562725
60371882011,1548.0,64.41,8.72,17.9,White,Low_poverty,LPW,34.1124175,-118.2723964
60371913021,1534.0,28.16,14.6,48.44,Other,Low_poverty,LPO,34.0945816,-118.2875224
60371944023,1281.0,91.1,10.77,1.4,White,Low_poverty,LPW,34.083599,-118.368606
60372751021,3416.0,12.73,19.5,83.49,Minority,Low_poverty,LPM,33.9964459,-118.4081288
60372774002,220.0,0.0,22.27,82.27,Minority,Low_poverty,LPM,33.9499411,-118.3753561
60374067024,1032.0,12.79,8.62,38.28,Other,Low_poverty,LPO,34.0694292,-117.9317815
60374615024,594.0,12.63,16.84,68.18,Minority,Low_poverty,LPM,34.1717283,-118.1427636
60379200452,2534.0,71.47,2.17,20.99,White,Low_poverty,LPW,34.4544181,-118.5179976
60376026001,1557.0,5.07,13.16,81.76,Minority,Low_poverty,LPM,33.9056167,-118.3240103
60376513043,1543.0,60.92,2.27,19.96,White,Low_poverty,LPW,33.8092957,-118.3916794
60371064051,1480.0,13.18,28.77,83.24,Minority,Low_poverty,LPM,34.3129221,-118.4469922
60371277121,1461.0,49.08,24.85,41.89,Other,Low_poverty,LPO,34.1992713,-118.4699751
60371351141,3965.0,50.54,13.56,13.82,White,Low_poverty,LPW,34.1844397,-118.6121718
60371852042,704.0,23.01,6.82,52.13,Minority,Low_poverty,LPM,34.10075,-118.2270289
60374057013,2011.0,8.55,0.35,80.11,Minority,Low_poverty,LPM,34.0977053,-117.9209631
60372627063,866.0,69.98,0.0,8.2,White,Low_poverty,LPW,34.0397715,-118.5274914
60374080052,1875.0,6.83,8.42,57.01,Minority,Low_poverty,LPM,34.049727,-117.9014602
60374816062,1343.0,2.16,24.2,22.64,Other,Low_poverty,LPO,34.0760246,-118.1310942
60375020032,1359.0,8.31,22.88,86.32,Minority,Low_poverty,LPM,33.9645328,-118.041545
60375511022,2104.0,9.17,21.77,87.02,Minority,Low_poverty,LPM,33.930927,-118.1213787
60372742024,700.0,79.86,0.0,7.14,White,Low_poverty,LPW,33.9787241,-118.4639931
60374087221,2236.0,13.82,14.47,25.85,Other,Low_poverty,LPO,33.9720683,-117.9066344
60375421061,1200.0,0.0,19.01,97.92,Minority,Low_poverty,LPM,33.8919688,-118.1877872
60371218021,1080.0,12.78,8.33,78.06,Minority,Low_poverty,LPM,34.2219564,-118.3906366
60371832223,1169.0,34.47,4.3,35.5,Other,Low_poverty,LPO,34.1269576,-118.1998168
60371976001,743.0,26.24,11.31,45.76,Other,Low_poverty,LPO,34.0659406,-118.2511285
60375440021,608.0,23.36,11.18,52.47,Minority,Low_poverty,LPM,33.8307245,-118.2135079
60376703242,986.0,92.8,1.32,2.43,White,Low_poverty,LPW,33.8009445,-118.3620719
60376704161,1590.0,45.09,2.52,22.39,Other,Low_poverty,LPO,33.7522932,-118.4120254
60375542031,1279.0,38.08,0.0,58.33,Minority,Low_poverty,LPM,33.88114,-118.1207235
60375730042,1144.0,4.2,32.43,74.82,Minority,High_poverty,HPM,33.7907608,-118.196475
60377014024,1028.0,86.96,42.61,7.2,White,High_poverty,HPW,34.0223962,-118.4975227
60375768011,686.0,20.26,6.41,78.43,Minority,Low_poverty,LPM,33.7735188,-118.1633399
60374823013,1321.0,1.36,18.77,16.51,Other,Low_poverty,LPO,34.0745149,-118.0978745
60374073014,1124.0,2.58,28.05,97.42,Minority,Low_poverty,LPM,34.0412194,-117.9532836
60376704162,2923.0,32.43,10.33,20.8,Other,Low_poverty,LPO,33.7545819,-118.4004357
60371380002,672.0,78.87,6.85,19.5,White,Low_poverty,LPW,34.1522817,-118.594306
60372734022,680.0,95.44,8.38,4.56,White,Low_poverty,LPW,33.9918099,-118.4791483
60376020022,2034.0,4.33,8.7,88.65,Minority,Low_poverty,LPM,33.9256186,-118.3416879
60372623011,2748.0,72.05,9.57,13.13,White,Low_poverty,LPW,34.0925404,-118.4910639
60371916101,2197.0,17.02,28.77,61.44,Minority,Low_poverty,LPM,34.0881928,-118.3069639
60375433042,2069.0,3.43,5.04,88.78,Minority,Low_poverty,LPM,33.8500928,-118.2386134
60374052013,1138.0,2.81,22.23,84.45,Minority,Low_poverty,LPM,34.0861072,-117.9547712
60379200423,1087.0,29.07,14.06,38.09,Other,Low_poverty,LPO,34.3972964,-118.4678475
60374636012,1539.0,46.85,9.73,20.98,Other,Low_poverty,LPO,34.1381132,-118.1398298
60371952011,2121.0,67.09,10.09,20.13,White,Low_poverty,LPW,34.1085025,-118.2753245
60372017003,1168.0,13.61,20.0,56.84,Minority,Low_poverty,LPM,34.0729139,-118.1667569
60372094011,2744.0,9.73,24.45,76.35,Minority,Low_poverty,LPM,34.0561225,-118.2804626
60372164011,1706.0,83.18,19.99,4.92,White,Low_poverty,LPW,34.0564748,-118.3777511
60375028013,1429.0,6.3,14.4,92.86,Minority,Low_poverty,LPM,33.9334235,-118.0879955
60375510004,1604.0,10.72,1.18,71.01,Minority,Low_poverty,LPM,33.939413,-118.1181728
60372220021,1429.0,0.42,30.4,99.09,Minority,High_poverty,HPM,34.0246077,-118.3133069
60372372021,1477.0,1.35,5.91,95.26,Minority,Low_poverty,LPM,33.9874372,-118.3059081
60373024011,2101.0,58.45,42.72,24.8,White,High_poverty,HPW,34.1352375,-118.2564014
60372398023,1566.0,2.81,34.01,97.19,Minority,High_poverty,HPM,33.9619537,-118.2629404
60375024022,843.0,11.15,4.86,86.95,Minority,Low_poverty,LPM,33.9743962,-118.0898333
60372623033,870.0,86.44,14.37,2.53,White,Low_poverty,LPW,34.0672585,-118.4909255
60376016003,1486.0,3.03,17.97,75.3,Minority,Low_poverty,LPM,33.9343602,-118.3662747
60372731001,694.0,69.45,13.11,26.37,White,Low_poverty,LPW,34.0056719,-118.4604841
60374083021,3836.0,7.14,4.25,75.55,Minority,Low_poverty,LPM,34.0382308,-118.0172042
60376014022,1451.0,6.48,10.82,89.52,Minority,Low_poverty,LPM,33.9476969,-118.3637022
60371274002,1645.0,34.59,7.05,54.34,Minority,Low_poverty,LPM,34.2066227,-118.4804064
60372948302,1148.0,1.31,33.92,95.82,Minority,High_poverty,HPM,33.7725452,-118.2647997
60374305024,703.0,69.42,3.92,16.22,White,Low_poverty,LPW,34.1643043,-118.0573979
60371835202,1858.0,9.04,19.42,86.22,Minority,Low_poverty,LPM,34.1101064,-118.2041255
60371393011,1628.0,62.47,2.21,30.71,White,Low_poverty,LPW,34.1792519,-118.5668545
60375326042,1671.0,0.0,22.79,99.76,Minority,Low_poverty,LPM,33.9824864,-118.2290002
60374018003,3085.0,52.48,11.9,27.78,White,Low_poverty,LPW,34.1154719,-117.7165289
60372755003,666.0,33.33,21.43,46.99,Other,Low_poverty,LPO,33.9895679,-118.414974
60375436011,3781.0,6.03,9.57,51.86,Minority,Low_poverty,LPM,33.8216423,-118.2814216
60371011222,1249.0,85.67,0.0,2.8,White,Low_poverty,LPW,34.262857,-118.2832924
60375307001,2157.0,3.11,15.86,94.9,Minority,Low_poverty,LPM,34.0592132,-118.183977
60371112021,1030.0,46.8,2.91,35.15,Other,Low_poverty,LPO,34.2684748,-118.51425
60376513023,734.0,53.13,2.18,15.53,White,Low_poverty,LPW,33.8050591,-118.3682186
60375762002,939.0,24.81,34.19,52.92,Minority,High_poverty,HPM,33.7708093,-118.1833281
60371375012,786.0,65.27,11.2,34.73,White,Low_poverty,LPW,34.1686357,-118.5677128
60374047014,906.0,18.32,6.84,53.75,Minority,Low_poverty,LPM,34.0755111,-117.9958819
60372197003,1993.0,4.32,11.99,94.08,Minority,Low_poverty,LPM,34.0251219,-118.3504738
60371439012,1134.0,74.16,4.74,9.88,White,Low_poverty,LPW,34.1425238,-118.4018636
60372933042,1846.0,6.07,21.07,82.23,Minority,Low_poverty,LPM,33.7905687,-118.3040623
60375026013,1579.0,2.53,4.62,96.39,Minority,Low_poverty,LPM,33.9542511,-118.0928079
60374049031,953.0,4.51,10.81,67.16,Minority,Low_poverty,LPM,34.0903183,-117.9730094
60372760005,782.0,79.03,1.92,11.64,White,Low_poverty,LPW,33.9650455,-118.3918269
60377003004,2045.0,92.76,21.47,2.64,White,Low_poverty,LPW,34.0881652,-118.3708073
60375002022,914.0,19.8,0.67,70.79,Minority,Low_poverty,LPM,33.9503523,-118.0000701
60374015001,2865.0,55.01,10.23,38.78,White,Low_poverty,LPW,34.0958082,-117.7629124
60372407001,1198.0,0.0,31.47,100.0,Minority,High_poverty,HPM,33.9471458,-118.2551081
60376510012,972.0,32.2,2.16,10.39,Other,Low_poverty,LPO,33.8142897,-118.314565
60371953003,1410.0,59.29,9.72,23.61,White,Low_poverty,LPW,34.1002104,-118.2865782
60375765031,2366.0,25.95,13.49,61.03,Minority,Low_poverty,LPM,33.7735252,-118.1698159
60376506032,1373.0,43.34,9.98,19.74,Other,Low_poverty,LPO,33.8409595,-118.3708799
60375436041,3165.0,5.02,2.97,39.05,Other,Low_poverty,LPO,33.8154116,-118.2819829
60374820024,1054.0,9.58,4.74,11.95,Other,Low_poverty,LPO,34.0476875,-118.1488595
60371836101,1045.0,6.89,10.24,82.11,Minority,Low_poverty,LPM,34.1168752,-118.1959102
60374003021,1581.0,44.59,2.02,38.46,Other,Low_poverty,LPO,34.1176988,-117.7889971
60374615022,3422.0,23.26,34.85,65.93,Minority,High_poverty,HPM,34.1751933,-118.1484638
60371437001,2020.0,79.55,7.43,9.5,White,Low_poverty,LPW,34.1306673,-118.3595485
60371244001,1078.0,64.84,21.61,28.48,White,Low_poverty,LPW,34.177097,-118.4121879
60375706024,1010.0,16.53,0.99,25.94,Other,Low_poverty,LPO,33.8554796,-118.1692867
60375435011,1111.0,10.89,21.51,37.35,Other,Low_poverty,LPO,33.8466702,-118.2842902
60379201091,5696.0,57.53,2.04,26.25,White,Low_poverty,LPW,34.4529065,-118.553452
60375345012,1459.0,0.69,22.34,99.31,Minority,Low_poverty,LPM,33.9677657,-118.2077005
60375519006,971.0,30.18,1.13,50.46,Minority,Low_poverty,LPM,33.9088092,-118.1084498
60376704051,2864.0,56.81,2.78,3.91,White,Low_poverty,LPW,33.7671014,-118.3748916
60372395011,1147.0,0.87,24.59,97.39,Minority,Low_poverty,LPM,33.9729778,-118.2585906
60376210011,3370.0,70.8,2.44,12.46,White,Low_poverty,LPW,33.8716995,-118.3955567
60374047021,2416.0,6.29,18.92,70.28,Minority,Low_poverty,LPM,34.0724563,-117.9878865
60374337001,1513.0,2.12,10.55,85.0,Minority,Low_poverty,LPM,34.0490467,-118.0463464
60371344231,1597.0,65.31,5.64,16.4,White,Low_poverty,LPW,34.2149056,-118.6368914
60375546001,2510.0,11.79,8.61,56.41,Minority,Low_poverty,LPM,33.8833857,-118.0859591
60377012022,1728.0,81.54,3.53,8.16,White,Low_poverty,LPW,34.0323891,-118.4917071
60375703043,1382.0,8.54,38.21,82.27,Minority,High_poverty,HPM,33.8567478,-118.1936692
60375433051,3776.0,18.88,6.11,75.3,Minority,Low_poverty,LPM,33.8611473,-118.2238692
60371095001,1111.0,1.35,36.54,98.65,Minority,High_poverty,HPM,34.2724336,-118.4451266
60375023015,809.0,6.92,13.23,93.08,Minority,Low_poverty,LPM,33.9693366,-118.0800036
60375412003,1987.0,1.81,10.42,95.92,Minority,Low_poverty,LPM,33.9109394,-118.2501571
60371396001,2756.0,66.22,8.6,14.44,White,Low_poverty,LPW,34.1636941,-118.5141206
60372966002,608.0,29.28,23.19,61.51,Minority,Low_poverty,LPM,33.7374035,-118.2901203
60372246001,2162.0,0.69,25.33,98.28,Minority,Low_poverty,LPM,34.0206093,-118.2692998
60374034011,1557.0,10.85,8.8,38.34,Other,Low_poverty,LPO,34.013561,-117.8649416
60374338013,1437.0,3.97,24.36,82.74,Minority,Low_poverty,LPM,34.0451232,-118.0352576
60374630002,1973.0,42.12,3.75,15.05,Other,Low_poverty,LPO,34.1549215,-118.0774943
60378003243,1962.0,82.93,0.0,13.92,White,Low_poverty,LPW,34.1527764,-118.7814921
60371204001,3270.0,24.8,9.48,53.24,Minority,Low_poverty,LPM,34.2126349,-118.4309568
60375701002,2078.0,15.26,23.34,61.69,Minority,Low_poverty,LPM,33.8643813,-118.15556
60372766013,777.0,67.18,4.12,15.57,White,Low_poverty,LPW,33.9612317,-118.4309894
60372761001,1426.0,18.58,2.17,57.22,Minority,Low_poverty,LPM,33.9722753,-118.3728413
60374814011,2954.0,0.47,34.79,10.8,Other,High_poverty,HPO,34.0821405,-118.1039594
60373203006,1252.0,2.0,4.23,88.9,Minority,Low_poverty,LPM,34.2793537,-118.4463042
60376203013,1185.0,77.97,0.94,8.86,White,Low_poverty,LPW,33.9005276,-118.4080047
60372362023,1003.0,9.57,8.77,65.2,Minority,Low_poverty,LPM,34.0197964,-118.3530149
60372181101,1984.0,5.65,22.18,73.9,Minority,Low_poverty,LPM,34.0463015,-118.3280481
60379008053,1118.0,68.07,22.57,31.03,White,Low_poverty,LPW,34.699795,-118.1520672
60371060101,3093.0,17.78,10.11,76.01,Minority,Low_poverty,LPM,34.3253415,-118.4434033
60373002003,804.0,39.05,4.23,5.22,Other,Low_poverty,LPO,34.2268449,-118.241305
60377030021,938.0,28.57,9.38,65.88,Minority,Low_poverty,LPM,33.9852619,-118.3661612
60375722011,1497.0,6.15,25.18,75.42,Minority,Low_poverty,LPM,33.8139737,-118.1885341
60374304003,809.0,32.39,6.18,11.0,Other,Low_poverty,LPO,34.1530208,-118.0297378
60371210104,1557.0,15.67,3.53,82.27,Minority,Low_poverty,LPM,34.2279504,-118.4038289
60376201011,1601.0,47.03,2.31,43.35,Other,Low_poverty,LPO,33.9274956,-118.4135854
60374823042,1771.0,3.11,29.88,43.48,Other,Low_poverty,LPO,34.0644419,-118.0950019
60371066041,498.0,9.44,5.22,90.56,Minority,Low_poverty,LPM,34.2977382,-118.4695267
60372627062,1180.0,95.25,2.63,3.81,White,Low_poverty,LPW,34.0379535,-118.5214876
60372125011,1940.0,17.42,18.66,58.51,Minority,Low_poverty,LPM,34.05607,-118.3053637
60376211041,1956.0,73.57,12.93,9.62,White,Low_poverty,LPW,33.8589171,-118.3930041
60371942001,2253.0,72.66,6.17,8.66,White,Low_poverty,LPW,34.1058392,-118.3748856
60371327002,537.0,70.76,5.4,15.83,White,Low_poverty,LPW,34.1884833,-118.5211219
60371997002,1429.0,4.69,27.43,78.94,Minority,Low_poverty,LPM,34.0713045,-118.2166365
60377025022,1326.0,58.14,22.78,30.99,White,Low_poverty,LPW,34.0138082,-118.389861
60379200354,1067.0,36.36,0.0,47.61,Other,Low_poverty,LPO,34.4255844,-118.4625355
60374004031,2076.0,49.61,5.46,35.41,Other,Low_poverty,LPO,34.1467498,-117.8007925
60376021051,888.0,11.04,27.03,85.92,Minority,Low_poverty,LPM,33.9218761,-118.3460333
60371246003,1175.0,67.74,4.68,21.87,White,Low_poverty,LPW,34.1585096,-118.4270112
60374081331,1107.0,16.89,10.57,49.96,Other,Low_poverty,LPO,34.0255497,-117.9073552
60377024001,979.0,56.79,5.01,34.32,White,Low_poverty,LPW,34.0229881,-118.3880901
60375702032,1589.0,1.13,18.44,97.35,Minority,Low_poverty,LPM,33.8780113,-118.163603
60375758011,1323.0,9.67,27.14,90.09,Minority,Low_poverty,LPM,33.7801574,-118.2024892
60375323031,1079.0,0.74,7.04,99.26,Minority,Low_poverty,LPM,34.0019743,-118.1639904
60377015012,1323.0,77.93,7.63,4.69,White,Low_poverty,LPW,34.0281569,-118.4904298
60375040013,786.0,25.32,8.5,43.89,Other,Low_poverty,LPO,33.9006421,-118.0143083
60375409011,1129.0,9.74,44.26,86.62,Minority,High_poverty,HPM,33.9197631,-118.2673873
60374037213,849.0,39.34,9.54,39.69,Other,Low_poverty,LPO,34.0945873,-117.8860564
60376200012,1247.0,54.37,3.71,25.26,White,Low_poverty,LPW,33.9248225,-118.4024496
60371810003,603.0,58.87,10.83,19.73,White,Low_poverty,LPW,34.142044,-118.2189934
60375773003,551.0,64.97,16.33,26.49,White,Low_poverty,LPW,33.7591702,-118.1434872
60371810001,931.0,39.85,5.05,33.4,Other,Low_poverty,LPO,34.1448947,-118.1937398
60372085023,1207.0,1.99,12.14,82.85,Minority,Low_poverty,LPM,34.0664405,-118.272542
60371976002,1423.0,36.26,6.75,43.5,Other,Low_poverty,LPO,34.0701765,-118.2526484
60374020023,1343.0,62.62,4.69,31.43,White,Low_poverty,LPW,34.0900557,-117.7104352
60373114001,986.0,67.55,5.88,16.43,White,Low_poverty,LPW,34.1620413,-118.346503
60371252002,1085.0,53.36,11.06,26.45,White,Low_poverty,LPW,34.1616778,-118.3820561
60374605011,2045.0,41.42,3.4,3.81,Other,Low_poverty,LPO,34.2247131,-118.1986252
60375421033,1482.0,0.4,24.93,99.12,Minority,Low_poverty,LPM,33.8977824,-118.1962355
60371256002,1061.0,47.41,4.34,42.79,Other,Low_poverty,LPO,34.1579524,-118.3573596
60371132311,1725.0,65.22,3.36,17.57,White,Low_poverty,LPW,34.2273178,-118.6542107
60375300032,1479.0,24.81,4.6,56.32,Minority,Low_poverty,LPM,34.0225962,-118.0937279
60372696013,1154.0,19.5,18.2,69.23,Minority,Low_poverty,LPM,34.0431168,-118.3797096
60377006002,1388.0,93.52,2.31,6.48,White,Low_poverty,LPW,34.0814313,-118.3954121
60374632002,1402.0,44.37,6.23,18.62,Other,Low_poverty,LPO,34.1384602,-118.0908561
60374312001,1629.0,0.18,26.34,99.39,Minority,Low_poverty,LPM,34.129953,-117.9890355
60379200314,1589.0,33.35,8.87,52.24,Minority,Low_poverty,LPM,34.4038949,-118.4936941
60372214021,1751.0,5.31,19.59,75.22,Minority,Low_poverty,LPM,34.038465,-118.3046141
60379200372,4611.0,5.68,41.79,91.33,Minority,High_poverty,HPM,34.410713,-118.454715
60374339011,3150.0,0.73,24.86,75.24,Minority,Low_poverty,LPM,34.0599163,-118.0184731
60374639003,1097.0,74.84,1.0,14.4,White,Low_poverty,LPW,34.129308,-118.1608689
60371912041,2033.0,30.0,24.15,49.33,Other,Low_poverty,LPO,34.0930661,-118.2982811
60374820012,735.0,5.31,3.54,13.33,Other,Low_poverty,LPO,34.0594263,-118.1612913
60371851002,2927.0,30.65,10.02,46.97,Other,Low_poverty,LPO,34.1024707,-118.2060324
60375351022,2206.0,1.04,16.1,97.91,Minority,Low_poverty,LPM,33.9592039,-118.2456045
60372652023,1308.0,58.72,26.91,8.26,White,Low_poverty,LPW,34.0612515,-118.4450764
60372149021,1040.0,73.94,5.19,10.96,White,Low_poverty,LPW,34.0741871,-118.3801301
60372696022,1255.0,24.94,20.38,54.5,Minority,Low_poverty,LPM,34.0450408,-118.382421
60371021031,1763.0,62.73,4.82,21.56,White,Low_poverty,LPW,34.2250792,-118.354188
60371092003,915.0,49.07,1.75,37.49,Other,Low_poverty,LPO,34.2813012,-118.4726817
60374311002,2296.0,4.92,11.63,81.84,Minority,Low_poverty,LPM,34.1345684,-117.9976297
60374619022,1345.0,37.99,40.74,19.11,Other,High_poverty,HPO,34.1486682,-118.150424
60371411011,1644.0,72.93,7.97,20.86,White,Low_poverty,LPW,34.1529125,-118.4263062
60371891021,1028.0,72.28,1.65,14.29,White,Low_poverty,LPW,34.1147893,-118.288494
60371941022,1384.0,78.68,14.45,16.62,White,Low_poverty,LPW,34.109523,-118.3654813
60372933062,1577.0,38.3,3.17,42.11,Other,Low_poverty,LPO,33.7818249,-118.3043625
60378005063,1526.0,77.92,3.54,5.18,White,Low_poverty,LPW,34.0576578,-118.5770222
60379010091,2148.0,51.96,8.43,31.14,White,Low_poverty,LPW,34.6785501,-118.1746264
60378002032,3743.0,78.63,6.31,10.52,White,Low_poverty,LPW,34.1602521,-118.6887518
60375440023,1103.0,13.6,1.36,59.93,Minority,Low_poverty,LPM,33.829247,-118.223699
60372060311,3271.0,34.33,14.19,19.5,Other,Low_poverty,LPO,34.0465686,-118.2338882
60378004061,1424.0,54.14,2.72,27.81,White,Low_poverty,LPW,34.066939,-118.8549604
60374016012,2631.0,54.92,5.44,37.4,White,Low_poverty,LPW,34.1155278,-117.7566134
60372380004,946.0,1.16,11.21,92.6,Minority,Low_poverty,LPM,33.9508878,-118.3111795
60373107011,1590.0,71.01,11.45,13.33,White,Low_poverty,LPW,34.1879657,-118.309949
60375424011,1065.0,0.0,39.72,95.11,Minority,High_poverty,HPM,33.8942096,-118.2063961
60371435004,1377.0,80.61,6.32,17.28,White,Low_poverty,LPW,34.1476112,-118.4119145
60372374021,1284.0,0.86,1.95,98.75,Minority,Low_poverty,LPM,33.9804254,-118.302431
60374085041,1868.0,11.3,7.23,56.21,Minority,Low_poverty,LPM,34.0046878,-117.9688492
60375520021,2079.0,11.11,14.93,64.02,Minority,Low_poverty,LPM,33.914119,-118.0853974
60375703014,1336.0,21.56,12.43,48.73,Other,Low_poverty,LPO,33.8658515,-118.1884523
60372213031,1593.0,5.9,25.02,78.72,Minority,Low_poverty,LPM,34.0453873,-118.3071563
60372392021,2490.0,0.0,25.34,100.0,Minority,Low_poverty,LPM,33.985635,-118.262865
60371370002,3131.0,74.93,3.46,16.86,White,Low_poverty,LPW,34.1669674,-118.6423283
60379106061,2013.0,11.82,25.63,85.49,Minority,Low_poverty,LPM,34.5618432,-118.0693958
60372427003,571.0,0.0,27.32,100.0,Minority,Low_poverty,LPM,33.9307386,-118.2428888
60374324011,2399.0,2.88,22.65,54.31,Minority,Low_poverty,LPM,34.0921858,-118.0241066
60372410021,1288.0,0.0,15.99,95.35,Minority,Low_poverty,LPM,33.9249012,-118.2665135
60373105012,2042.0,26.64,14.03,58.37,Minority,Low_poverty,LPM,34.1974344,-118.3448356
60374002072,1855.0,59.57,1.84,33.91,White,Low_poverty,LPW,34.1300613,-117.7796013
60371041242,1532.0,34.27,2.28,56.91,Minority,Low_poverty,LPM,34.28081,-118.3760716
60371278063,1041.0,15.85,25.26,64.26,Minority,Low_poverty,LPM,34.1890399,-118.4625945
60371863013,1034.0,8.03,27.58,83.27,Minority,Low_poverty,LPM,34.1200762,-118.2401179
60377025023,1592.0,53.39,4.02,34.49,White,Low_poverty,LPW,34.0073067,-118.3901793
60379102071,1881.0,25.36,15.79,54.33,Minority,Low_poverty,LPM,34.5887163,-118.1762631
60379108132,2038.0,69.09,10.21,24.98,White,Low_poverty,LPW,34.5283522,-118.3090744
60371133211,3873.0,31.55,13.5,48.23,Other,Low_poverty,LPO,34.2536124,-118.5874662
60371193102,2073.0,14.18,12.28,63.77,Minority,Low_poverty,LPM,34.2450202,-118.4516702
60371864032,1724.0,6.96,16.3,68.79,Minority,Low_poverty,LPM,34.1104752,-118.2404088
60374053021,1372.0,9.55,5.64,60.87,Minority,Low_poverty,LPM,34.0790402,-117.9428618
60375004043,1466.0,5.18,12.55,93.93,Minority,Low_poverty,LPM,34.0129619,-118.0782164
60376514022,2065.0,29.54,6.83,10.56,Other,Low_poverty,LPO,33.8021409,-118.3504138
60375542041,505.0,13.07,3.37,73.47,Minority,Low_poverty,LPM,33.883336,-118.1228424
60377020021,1246.0,81.06,8.91,9.15,White,Low_poverty,LPW,34.0033082,-118.4897874
60374806005,774.0,56.85,5.81,31.65,White,Low_poverty,LPW,34.1170721,-118.147927
60375031041,505.0,3.17,47.52,92.87,Minority,High_poverty,HPM,33.9231915,-118.0448458
60376203055,661.0,93.04,4.84,6.96,White,Low_poverty,LPW,33.8929757,-118.4146369
60379800241,223.0,60.99,3.59,31.39,White,Low_poverty,LPW,34.1803242,-118.4883751
60375433061,2525.0,7.88,10.65,35.32,Other,Low_poverty,LPO,33.8332024,-118.2499603
60371344232,1942.0,64.68,10.4,15.96,White,Low_poverty,LPW,34.2134553,-118.6285473
60372134012,2812.0,5.48,12.52,75.21,Minority,Low_poverty,LPM,34.0537017,-118.2896692
60378003273,2141.0,71.79,4.53,21.2,White,Low_poverty,LPW,34.1601217,-118.7467865
60372719023,2430.0,33.21,12.47,47.04,Other,Low_poverty,LPO,34.0090086,-118.4288384
60372781023,1193.0,71.5,8.63,21.63,White,Low_poverty,LPW,33.9574387,-118.446323
60379203301,535.0,38.13,2.43,8.79,Other,Low_poverty,LPO,34.4101898,-118.5616321
60371436022,1923.0,70.31,6.56,13.73,White,Low_poverty,LPW,34.1450296,-118.3855058
60375740005,1337.0,62.9,1.35,19.6,White,Low_poverty,LPW,33.8124181,-118.1050523
60373012062,849.0,71.02,14.49,17.31,White,Low_poverty,LPW,34.1630203,-118.2729999
60371352035,968.0,93.08,22.31,0.0,White,Low_poverty,LPW,34.1865663,-118.6621586
60375311014,708.0,4.1,6.5,95.9,Minority,Low_poverty,LPM,34.033158,-118.1877242
60372398022,1388.0,0.0,27.23,97.41,Minority,Low_poverty,LPM,33.961935,-118.2673114
60374064122,1262.0,22.42,7.53,53.17,Minority,Low_poverty,LPM,34.0628264,-117.8989684
60371901001,1763.0,44.02,18.38,38.12,Other,Low_poverty,LPO,34.0961573,-118.3413753
60375768022,1452.0,45.25,9.57,28.65,Other,Low_poverty,LPO,33.7698915,-118.1575843
60371955001,1850.0,58.38,1.78,30.49,White,Low_poverty,LPW,34.0873909,-118.2692293
60375035012,2763.0,19.11,9.92,66.96,Minority,Low_poverty,LPM,33.9357121,-118.0120528
60375035022,1443.0,13.24,1.59,84.96,Minority,Low_poverty,LPM,33.930649,-118.0036986
60374802021,849.0,15.08,3.3,51.23,Minority,Low_poverty,LPM,34.1048798,-118.0980282
60379108072,2785.0,47.72,4.36,40.43,Other,Low_poverty,LPO,34.4365026,-118.4044288
60374087231,2975.0,10.69,5.28,28.23,Other,Low_poverty,LPO,33.9780062,-117.9008838
60371288012,1785.0,58.82,4.2,15.75,White,Low_poverty,LPW,34.1684781,-118.463981
60375306021,1769.0,10.46,18.31,86.66,Minority,Low_poverty,LPM,34.0527222,-118.1715837
60376008012,649.0,0.0,7.4,100.0,Minority,Low_poverty,LPM,33.9628736,-118.3199716
60378003311,732.0,55.33,5.01,19.54,White,Low_poverty,LPW,34.1572788,-118.7998228
60375723023,1606.0,3.24,5.74,80.01,Minority,Low_poverty,LPM,33.8148878,-118.2134283
60372195001,721.0,10.54,2.91,73.23,Minority,Low_poverty,LPM,34.0206736,-118.3377577
60375709023,742.0,38.81,4.18,28.31,Other,Low_poverty,LPO,33.8555173,-118.1232651
60376503004,2482.0,17.53,16.32,34.4,Other,Low_poverty,LPO,33.8639521,-118.3489106
60372325004,444.0,1.35,18.47,97.75,Minority,Low_poverty,LPM,33.9911667,-118.3154823
60375743004,687.0,73.07,4.78,8.15,White,Low_poverty,LPW,33.8004289,-118.1184848
60371043204,519.0,3.66,0.0,93.84,Minority,Low_poverty,LPM,34.2729075,-118.4234251
60373008002,1062.0,62.71,8.45,16.67,White,Low_poverty,LPW,34.1944133,-118.2169668
60371331003,930.0,65.7,4.62,31.18,White,Low_poverty,LPW,34.1832795,-118.5471884
60371327003,1047.0,43.27,1.91,52.72,Minority,Low_poverty,LPM,34.1899634,-118.5251675
60371892021,790.0,71.52,6.96,9.49,White,Low_poverty,LPW,34.1135528,-118.2958526
60375531003,720.0,65.97,6.53,12.92,White,Low_poverty,LPW,33.8819978,-118.1118571
60372038004,1122.0,0.0,14.17,100.0,Minority,Low_poverty,LPM,34.0423232,-118.194611
60374017042,1859.0,13.93,12.94,77.67,Minority,Low_poverty,LPM,34.1011502,-117.7425203
60379102011,2123.0,50.54,11.82,38.01,White,Low_poverty,LPW,34.6208598,-118.1336514
60373017024,835.0,44.55,15.57,17.72,Other,Low_poverty,LPO,34.1511487,-118.2724815
60371243002,1324.0,28.32,24.02,62.99,Minority,Low_poverty,LPM,34.1748101,-118.3639971
60375426012,992.0,1.21,53.29,97.38,Minority,High_poverty,HPM,33.9054309,-118.2280859
60375764011,1674.0,9.8,30.35,56.16,Minority,High_poverty,HPM,33.7807854,-118.1785052
60372133101,1324.0,4.61,19.18,47.36,Other,Low_poverty,LPO,34.0508726,-118.2968385
60371343051,4183.0,6.22,26.87,84.46,Minority,Low_poverty,LPM,34.217634,-118.6016952
60372651002,1170.0,91.28,3.42,7.18,White,Low_poverty,LPW,34.0744215,-118.4279695
60374640003,1145.0,34.32,1.57,20.17,Other,Low_poverty,LPO,34.127917,-118.1416967
60375521001,1118.0,21.02,20.29,69.32,Minority,Low_poverty,LPM,33.908113,-118.0840961
60371081041,1836.0,50.65,1.63,12.64,White,Low_poverty,LPW,34.2943135,-118.5460083
60375507001,918.0,5.77,1.96,86.6,Minority,Low_poverty,LPM,33.9687518,-118.1320195
60374068002,1819.0,11.49,8.29,42.77,Other,Low_poverty,LPO,34.0594572,-117.9527721
60374036003,1468.0,32.43,15.58,46.19,Other,Low_poverty,LPO,34.0768483,-117.8537099
60372114201,2431.0,11.35,22.87,70.09,Minority,Low_poverty,LPM,34.0726465,-118.3016555
60374082113,1769.0,6.39,9.33,7.29,Other,Low_poverty,LPO,33.9910944,-117.8932198
60375300042,2819.0,17.17,16.18,68.4,Minority,Low_poverty,LPM,34.0177482,-118.097797
60372362022,2437.0,7.22,42.02,88.47,Minority,High_poverty,HPM,34.0148594,-118.3522725
60372089032,1827.0,5.47,46.45,86.48,Minority,High_poverty,HPM,34.0594557,-118.2741281
60374027032,2389.0,5.19,12.43,82.63,Minority,Low_poverty,LPM,34.0782756,-117.7302101
60375317024,953.0,2.2,16.47,97.8,Minority,Low_poverty,LPM,34.0173636,-118.1595695
60371034001,917.0,47.87,22.03,38.17,Other,Low_poverty,LPO,34.2577834,-118.305951
60372623022,1320.0,81.67,11.06,6.82,White,Low_poverty,LPW,34.0745229,-118.4810059
60372711003,797.0,45.42,13.96,28.98,Other,Low_poverty,LPO,34.0334996,-118.4325373
60374082111,909.0,6.27,4.84,49.39,Other,Low_poverty,LPO,33.9993011,-117.9136214
60374811032,777.0,13.51,18.86,58.56,Minority,Low_poverty,LPM,34.0929238,-118.0952141
60374628001,1335.0,47.19,2.47,27.49,Other,Low_poverty,LPO,34.1555362,-118.1031548
60371917202,1240.0,16.45,14.32,68.79,Minority,Low_poverty,LPM,34.0898603,-118.314092
60371279101,1831.0,13.0,13.0,80.45,Minority,Low_poverty,LPM,34.1966374,-118.4421717
60379201101,3088.0,62.73,0.91,20.99,White,Low_poverty,LPW,34.4462512,-118.5457329
60379007051,1573.0,59.5,11.48,33.5,White,Low_poverty,LPW,34.654253,-118.1571696
60371152012,2233.0,45.28,15.27,39.99,Other,Low_poverty,LPO,34.2470081,-118.531996
60371835103,1079.0,25.02,8.39,57.09,Minority,Low_poverty,LPM,34.1162677,-118.2051382
60374327003,1476.0,3.73,26.91,60.09,Minority,Low_poverty,LPM,34.078483,-118.0349663
60371173021,846.0,48.7,4.17,27.19,Other,Low_poverty,LPO,34.2482781,-118.4967926
60375323024,1120.0,0.98,8.13,98.39,Minority,Low_poverty,LPM,34.0072976,-118.1638667
60372244202,668.0,7.04,49.55,76.2,Minority,High_poverty,HPM,34.0304692,-118.2774804
60371999001,1482.0,2.23,20.92,89.2,Minority,Low_poverty,LPM,34.0644059,-118.2135627
60374021021,2077.0,8.96,11.94,80.6,Minority,Low_poverty,LPM,34.089042,-117.7425561
60372264202,1578.0,0.0,16.86,100.0,Minority,Low_poverty,LPM,34.0219538,-118.257388
60372037102,1819.0,0.33,18.95,98.85,Minority,Low_poverty,LPM,34.0490424,-118.1992631
60374084011,2159.0,13.9,10.55,62.02,Minority,Low_poverty,LPM,34.0161213,-117.9797206
60379108081,1800.0,57.33,1.17,40.72,White,Low_poverty,LPW,34.4620693,-118.395844
60374013112,1892.0,52.17,23.15,44.5,White,Low_poverty,LPW,34.1091608,-117.8136546
60371197002,2004.0,22.8,8.12,35.63,Other,Low_poverty,LPO,34.223115,-118.4249195
60372016021,1406.0,1.14,7.87,87.41,Minority,Low_poverty,LPM,34.0802498,-118.1658422
60372164021,1261.0,71.13,14.35,6.03,White,Low_poverty,LPW,34.0611548,-118.3787955
60374033182,2122.0,20.83,19.46,33.65,Other,Low_poverty,LPO,34.0275711,-117.7676378
60374042011,1581.0,13.16,55.03,78.62,Minority,High_poverty,HPM,34.1278377,-117.8974673
60379103011,2138.0,56.41,2.55,37.6,White,Low_poverty,LPW,34.6345489,-118.2231871
60371343031,1387.0,11.82,7.6,79.6,Minority,Low_poverty,LPM,34.2055547,-118.6080883
60379203134,2001.0,69.52,9.6,16.99,White,Low_poverty,LPW,34.3705644,-118.547662
60371064031,1141.0,15.78,3.51,83.61,Minority,Low_poverty,LPM,34.3037064,-118.4367206
60374326023,1373.0,0.0,4.08,27.09,Other,Low_poverty,LPO,34.0825064,-118.0024473
60372691003,904.0,88.16,5.09,3.76,White,Low_poverty,LPW,34.0544233,-118.3978262
