origin_geoid,Tot_Population_ACS_15_19,pct_NH_White_alone_ACS_15_19,pct_Prs_Blw_Pov_Lev_ACS_15_19,pct_Minority,Race,Poverty,origin_geoid_type,latitude,longitude
120860045003,1161.0,39.36,33.16,59.0,Minority,High_poverty,HPM,25.7686746,-80.1361865
120860019032,1117.0,2.24,17.74,97.77,Minority,Low_poverty,LPM,25.829955,-80.2227478
120860076052,922.0,15.4,2.39,75.82,Minority,Low_poverty,LPM,25.7131171,-80.3042983
120860060013,1015.0,21.58,5.52,78.42,Minority,Low_poverty,LPM,25.7381331,-80.2959202
120860004051,1263.0,0.48,30.48,99.52,Minority,High_poverty,HPM,25.8967075,-80.2155875
120860106126,2071.0,15.79,3.81,76.44,Minority,Low_poverty,LPM,25.5661639,-80.3370143
120860118001,2334.0,4.41,4.57,88.94,Minority,Low_poverty,LPM,25.9538953,-80.3030585
120860059044,1566.0,4.21,14.81,95.79,Minority,Low_poverty,LPM,25.7519715,-80.301603
120860004023,1337.0,15.71,52.73,81.53,Minority,High_poverty,HPM,25.9191045,-80.236208
120860181003,1473.0,10.18,19.28,89.82,Minority,Low_poverty,LPM,25.6816104,-80.4344811
120860101981,2545.0,20.47,2.64,74.77,Minority,Low_poverty,LPM,25.6301451,-80.4429969
120860009012,1731.0,0.75,18.66,99.25,Minority,Low_poverty,LPM,25.856581,-80.2534343
120860121003,2832.0,4.59,8.33,95.41,Minority,Low_poverty,LPM,25.9339375,-80.3197675
120860082081,2333.0,12.6,12.43,69.91,Minority,Low_poverty,LPM,25.6156939,-80.3450313
120860007112,2639.0,1.14,22.96,97.57,Minority,Low_poverty,LPM,25.8516315,-80.2973784
120860085014,2505.0,12.14,16.13,87.86,Minority,Low_poverty,LPM,25.7294126,-80.3415945
120860097061,1900.0,21.84,13.89,78.16,Minority,Low_poverty,LPM,25.9545377,-80.1717345
120860084093,1978.0,19.41,11.48,70.38,Minority,Low_poverty,LPM,25.6547158,-80.342642
120860071042,1620.0,46.42,2.16,45.06,Other,Low_poverty,LPO,25.7347322,-80.2437012
120860084071,710.0,40.7,15.61,59.3,Minority,Low_poverty,LPM,25.6978589,-80.3545707
120860001134,1423.0,57.2,11.17,42.8,White,Low_poverty,LPW,25.9540604,-80.1302916
120860019043,1820.0,2.03,50.11,96.32,Minority,High_poverty,HPM,25.8227103,-80.2203189
120860046051,1037.0,26.42,7.43,72.23,Minority,Low_poverty,LPM,25.6997518,-80.158574
120860044052,1129.0,24.98,23.74,71.21,Minority,Low_poverty,LPM,25.776296,-80.1395594
120860018023,985.0,3.25,15.43,96.75,Minority,Low_poverty,LPM,25.8145969,-80.2261719
120860177001,2690.0,7.51,20.45,92.26,Minority,Low_poverty,LPM,25.6900758,-80.4431039
120860077043,936.0,3.31,5.02,96.69,Minority,Low_poverty,LPM,25.6942043,-80.3077814
120860030041,645.0,6.82,46.02,91.94,Minority,High_poverty,HPM,25.7924655,-80.2174229
120860002091,3162.0,1.23,29.32,98.77,Minority,Low_poverty,LPM,25.9108002,-80.1622165
120860044061,656.0,64.02,13.87,34.91,White,Low_poverty,LPW,25.7762968,-80.1415907
120860094002,2774.0,2.88,15.87,96.93,Minority,Low_poverty,LPM,25.9332109,-80.2476972
120860010022,1688.0,0.12,15.23,99.88,Minority,Low_poverty,LPM,25.8532486,-80.2237251
120860160002,3512.0,5.13,17.82,94.34,Minority,Low_poverty,LPM,25.7220618,-80.419834
120860075031,837.0,48.86,13.26,44.21,Other,Low_poverty,LPO,25.7147827,-80.2724794
120860082063,2276.0,37.92,3.47,52.15,Minority,Low_poverty,LPM,25.6328682,-80.3305602
120860076062,1093.0,24.25,5.76,72.92,Minority,Low_poverty,LPM,25.7151255,-80.2983056
120860100064,1078.0,17.63,27.02,75.79,Minority,Low_poverty,LPM,25.9354263,-80.2747965
120860087013,1114.0,10.23,6.64,88.78,Minority,Low_poverty,LPM,25.7250488,-80.3791691
120860072001,442.0,29.41,10.18,69.23,Minority,Low_poverty,LPM,25.7262435,-80.2469353
120860117003,1406.0,2.35,14.01,97.66,Minority,Low_poverty,LPM,25.9510376,-80.2996778
120860001323,1028.0,32.98,10.51,64.89,Minority,Low_poverty,LPM,25.9442398,-80.1452584
120860084073,2505.0,26.83,5.19,72.06,Minority,Low_poverty,LPM,25.6938995,-80.3391115
120860131001,2689.0,3.2,11.82,96.8,Minority,Low_poverty,LPM,25.8962969,-80.3445193
120860068023,1615.0,33.87,10.27,63.03,Minority,Low_poverty,LPM,25.7448743,-80.2103392
120860003062,458.0,15.5,31.0,84.5,Minority,High_poverty,HPM,25.8875061,-80.1929209
120860082073,1431.0,45.63,1.89,47.73,Other,Low_poverty,LPO,25.6223619,-80.3127774
120860004093,1137.0,1.76,25.51,90.77,Minority,Low_poverty,LPM,25.8800854,-80.2118161
120860100053,1526.0,4.59,8.58,95.41,Minority,Low_poverty,LPM,25.9272041,-80.2886955
120860006022,1120.0,0.0,8.77,100.0,Minority,Low_poverty,LPM,25.8737289,-80.2821052
120860082051,607.0,56.01,0.0,35.58,White,Low_poverty,LPW,25.6363612,-80.31242
120860004123,572.0,0.0,53.67,100.0,Minority,High_poverty,HPM,25.8626837,-80.2382348
120860039155,992.0,19.86,13.61,80.14,Minority,Low_poverty,LPM,25.8540825,-80.1301776
120860084057,2065.0,8.18,20.53,90.17,Minority,Low_poverty,LPM,25.6792369,-80.3535923
120860039151,1142.0,37.48,3.15,62.53,Minority,Low_poverty,LPM,25.851741,-80.1358073
120860201003,1741.0,22.98,10.17,63.76,Minority,Low_poverty,LPM,25.622873,-80.421583
120860111011,2385.0,3.77,53.71,96.23,Minority,High_poverty,HPM,25.4807448,-80.4741521
120860010042,903.0,0.89,50.17,99.12,Minority,High_poverty,HPM,25.841166,-80.216697
120860083053,598.0,30.6,0.0,64.55,Minority,Low_poverty,LPM,25.6373281,-80.3537985
120860044042,1101.0,17.53,47.77,80.65,Minority,High_poverty,HPM,25.7811436,-80.1334465
120860093121,2412.0,12.98,16.83,80.84,Minority,Low_poverty,LPM,25.913584,-80.3059339
120860087022,1248.0,11.94,33.97,88.06,Minority,High_poverty,HPM,25.7246533,-80.369341
120860100051,2107.0,13.29,29.31,86.71,Minority,Low_poverty,LPM,25.9366625,-80.2811372
120860061012,1483.0,21.92,1.96,71.54,Minority,Low_poverty,LPM,25.7594673,-80.2763955
120860003021,2610.0,5.63,18.09,90.04,Minority,Low_poverty,LPM,25.9109854,-80.2051872
120860102101,892.0,13.68,17.38,73.09,Minority,Low_poverty,LPM,25.5754883,-80.3763731
120860004091,1628.0,0.0,16.48,100.0,Minority,Low_poverty,LPM,25.8798629,-80.2164809
120860037031,2011.0,45.0,9.45,46.7,Other,Low_poverty,LPO,25.7722246,-80.1881444
120860002161,1464.0,1.37,17.35,93.85,Minority,Low_poverty,LPM,25.9179354,-80.1776933
120860008054,1570.0,1.53,16.56,98.47,Minority,Low_poverty,LPM,25.8325575,-80.2650965
120860079011,1582.0,38.69,8.91,58.97,Minority,Low_poverty,LPM,25.7068438,-80.2786027
120860100013,2299.0,1.61,25.75,98.39,Minority,Low_poverty,LPM,25.9665942,-80.2724777
120860089022,917.0,10.47,21.26,89.53,Minority,Low_poverty,LPM,25.7511968,-80.3387891
120860062063,451.0,18.63,15.52,71.62,Minority,Low_poverty,LPM,25.7516351,-80.2578014
120860053024,1671.0,1.8,30.42,98.21,Minority,High_poverty,HPM,25.7716324,-80.213001
120860084123,630.0,16.19,3.49,83.81,Minority,Low_poverty,LPM,25.6923261,-80.3852149
120860134002,2945.0,3.33,19.66,94.06,Minority,Low_poverty,LPM,25.8811243,-80.333152
120860039191,506.0,62.06,2.17,33.4,White,Low_poverty,LPW,25.8204912,-80.1215167
120860080003,1504.0,19.08,0.0,78.99,Minority,Low_poverty,LPM,25.6990705,-80.2549248
120860114011,1480.0,3.31,41.15,96.69,Minority,High_poverty,HPM,25.4609839,-80.4668007
120860106134,1182.0,19.54,6.26,75.97,Minority,Low_poverty,LPM,25.5725582,-80.3299156
120860010031,1305.0,0.84,25.67,99.16,Minority,Low_poverty,LPM,25.8519413,-80.229671
120860102082,1079.0,13.9,37.07,86.09,Minority,High_poverty,HPM,25.5821939,-80.3738863
120860111024,2221.0,25.12,11.33,74.88,Minority,Low_poverty,LPM,25.5075146,-80.4482251
120860061022,1228.0,31.11,5.05,62.86,Minority,Low_poverty,LPM,25.7443119,-80.2696543
120860008051,1706.0,2.4,40.97,97.59,Minority,High_poverty,HPM,25.8407384,-80.265695
120860100161,1937.0,4.28,11.41,95.71,Minority,Low_poverty,LPM,25.949458,-80.2839455
120860102072,1241.0,2.82,46.49,97.18,Minority,High_poverty,HPM,25.5880848,-80.3743206
120860078052,615.0,25.85,6.18,74.15,Minority,Low_poverty,LPM,25.68264,-80.3323814
120860084154,1652.0,28.15,19.58,71.85,Minority,Low_poverty,LPM,25.6514673,-80.3557386
120860090242,1446.0,8.02,12.1,90.87,Minority,Low_poverty,LPM,25.7758801,-80.3512722
120860001291,421.0,70.07,2.14,22.09,White,Low_poverty,LPW,25.938655,-80.135315
120860082071,1732.0,58.95,1.44,38.74,White,Low_poverty,LPW,25.6251311,-80.3228493
120860106082,1043.0,25.89,3.38,74.12,Minority,Low_poverty,LPM,25.5723802,-80.3536584
120860041032,1676.0,12.11,23.99,87.29,Minority,Low_poverty,LPM,25.8057066,-80.1243434
120860146002,3456.0,6.8,41.48,93.2,Minority,High_poverty,HPM,25.7484699,-80.3882459
120860090211,2390.0,3.26,26.09,94.18,Minority,Low_poverty,LPM,25.7649534,-80.3787387
120860011023,2289.0,6.6,5.37,92.8,Minority,Low_poverty,LPM,25.874889,-80.2041007
120860022021,965.0,1.04,17.41,94.2,Minority,Low_poverty,LPM,25.821843,-80.2039879
120860090061,3331.0,4.5,5.73,93.79,Minority,Low_poverty,LPM,25.7674002,-80.3486802
120860004112,494.0,0.0,7.69,98.39,Minority,Low_poverty,LPM,25.8708806,-80.2140856
120860135002,3918.0,2.14,18.15,95.66,Minority,Low_poverty,LPM,25.8805643,-80.330312
120860114042,2368.0,0.17,28.46,99.83,Minority,Low_poverty,LPM,25.4368275,-80.4892779
120860010044,1301.0,0.0,24.6,98.23,Minority,Low_poverty,LPM,25.8435754,-80.2374684
120860189003,1515.0,20.53,2.25,67.33,Minority,Low_poverty,LPM,25.6608926,-80.4023249
120860088042,2443.0,4.58,16.91,95.41,Minority,Low_poverty,LPM,25.7360431,-80.3637469
120860091001,1370.0,0.0,14.69,99.78,Minority,Low_poverty,LPM,25.7661055,-80.3183933
120860047033,3051.0,5.51,12.75,93.9,Minority,Low_poverty,LPM,25.8118228,-80.2721334
120860179002,2792.0,16.65,14.76,78.23,Minority,Low_poverty,LPM,25.6873485,-80.4498519
120860096002,2204.0,6.22,7.34,93.28,Minority,Low_poverty,LPM,25.9463217,-80.2012235
120860061013,1107.0,19.33,9.3,69.92,Minority,Low_poverty,LPM,25.7551446,-80.2839331
120860014011,2443.0,0.37,32.75,99.64,Minority,High_poverty,HPM,25.8380256,-80.2013585
120860106042,1554.0,35.71,9.01,62.87,Minority,Low_poverty,LPM,25.584762,-80.3376836
120860023003,2031.0,0.0,27.28,100.0,Minority,Low_poverty,LPM,25.8193717,-80.2111374
120860088045,1879.0,4.36,8.38,94.94,Minority,Low_poverty,LPM,25.7362432,-80.3557256
120860007083,729.0,9.33,32.1,90.67,Minority,High_poverty,HPM,25.8653464,-80.2929473
120860100101,1107.0,2.71,3.7,89.16,Minority,Low_poverty,LPM,25.9435928,-80.2666253
120860061025,746.0,40.21,1.74,59.79,Minority,Low_poverty,LPM,25.7512694,-80.2799642
120860004054,570.0,2.63,17.02,95.08,Minority,Low_poverty,LPM,25.8967186,-80.2223169
120860019041,1725.0,0.41,34.96,99.24,Minority,High_poverty,HPM,25.8266807,-80.2115039
120860019042,987.0,1.42,15.4,97.26,Minority,Low_poverty,LPM,25.823037,-80.2115747
120860069004,582.0,32.99,12.03,67.01,Minority,Low_poverty,LPM,25.7488623,-80.2341185
120860111013,3216.0,4.82,13.06,95.18,Minority,Low_poverty,LPM,25.4662043,-80.4648175
120860077012,1405.0,17.15,0.85,82.85,Minority,Low_poverty,LPM,25.740549,-80.3234919
120860203001,1469.0,3.0,16.95,86.86,Minority,Low_poverty,LPM,25.6058832,-80.3804021
120860004135,580.0,0.0,14.83,100.0,Minority,Low_poverty,LPM,25.9018576,-80.2127835
120860042041,1464.0,24.04,14.28,71.31,Minority,Low_poverty,LPM,25.7889439,-80.1388363
120860067062,695.0,43.6,4.03,56.4,Minority,Low_poverty,LPM,25.7517067,-80.199926
120860110031,1171.0,5.12,15.2,93.69,Minority,Low_poverty,LPM,25.4902333,-80.4407539
120860089014,1640.0,20.79,1.28,75.79,Minority,Low_poverty,LPM,25.7513428,-80.3317218
120860024042,2800.0,6.29,33.79,92.54,Minority,High_poverty,HPM,25.8089364,-80.2279575
120860098032,1115.0,27.0,11.39,70.32,Minority,Low_poverty,LPM,25.9668298,-80.1825006
120860058014,2138.0,0.56,11.83,98.31,Minority,Low_poverty,LPM,25.7676882,-80.2873217
120860202001,1415.0,3.04,16.75,95.05,Minority,Low_poverty,LPM,25.6234978,-80.4118503
120860077023,1351.0,25.09,7.48,74.91,Minority,Low_poverty,LPM,25.7125907,-80.3250426
120860081013,1595.0,61.0,3.95,36.67,White,Low_poverty,LPW,25.6531098,-80.2938731
120860083051,907.0,35.72,0.0,64.17,Minority,Low_poverty,LPM,25.6330515,-80.3435149
120860004081,962.0,3.12,28.14,96.36,Minority,Low_poverty,LPM,25.8648124,-80.2169874
120860030011,587.0,17.89,38.29,82.12,Minority,High_poverty,HPM,25.7914292,-80.2110267
120860068012,1414.0,62.8,3.18,35.29,White,Low_poverty,LPW,25.7383115,-80.2340849
120860082093,1569.0,26.64,20.71,65.33,Minority,Low_poverty,LPM,25.615859,-80.336735
120860007093,2256.0,3.72,30.14,96.28,Minority,High_poverty,HPM,25.8516237,-80.3084269
120860045004,650.0,55.23,5.69,41.38,White,Low_poverty,LPW,25.7712344,-80.1367203
120860098042,2542.0,11.92,8.34,85.17,Minority,Low_poverty,LPM,25.9607557,-80.17523
120860100132,1351.0,0.0,23.69,100.0,Minority,Low_poverty,LPM,25.9420722,-80.2833744
120860007072,1247.0,8.5,32.32,89.74,Minority,High_poverty,HPM,25.8611927,-80.3051719
120860103002,971.0,11.33,24.3,88.67,Minority,Low_poverty,LPM,25.5550748,-80.4913053
120860001231,904.0,84.07,13.05,13.16,White,Low_poverty,LPW,25.949027,-80.1198348
120860088061,3008.0,3.16,21.04,96.84,Minority,Low_poverty,LPM,25.7364329,-80.3477131
120860093141,1612.0,0.87,48.39,99.13,Minority,High_poverty,HPM,25.8754625,-80.3208742
120860002143,2592.0,4.71,27.82,82.14,Minority,Low_poverty,LPM,25.927622,-80.1610514
120860010035,740.0,8.92,41.62,89.59,Minority,High_poverty,HPM,25.8590099,-80.2381046
120860010043,2430.0,1.32,48.31,98.68,Minority,High_poverty,HPM,25.8446809,-80.219601
120860023002,1724.0,3.13,42.97,93.5,Minority,High_poverty,HPM,25.8150101,-80.2111076
120860014012,1149.0,0.44,46.74,98.78,Minority,High_poverty,HPM,25.8417348,-80.2014379
120860059033,1355.0,6.79,18.95,93.21,Minority,Low_poverty,LPM,25.7535285,-80.3150279
120860081011,1332.0,46.1,0.0,50.6,Minority,Low_poverty,LPM,25.6507058,-80.3063173
120860186002,3107.0,18.35,15.71,80.6,Minority,Low_poverty,LPM,25.6814375,-80.4258731
120860084141,997.0,30.59,0.0,66.0,Minority,Low_poverty,LPM,25.6660638,-80.3854761
120860051043,2249.0,4.89,31.67,94.44,Minority,High_poverty,HPM,25.7896076,-80.2356546
120860027063,409.0,34.47,0.0,65.52,Minority,Low_poverty,LPM,25.8048658,-80.1873748
120860105004,1816.0,0.0,39.46,98.29,Minority,High_poverty,HPM,25.5606992,-80.3796718
120860055011,2029.0,2.41,22.47,97.59,Minority,Low_poverty,LPM,25.7775179,-80.2444092
120860004103,1930.0,5.44,21.09,94.56,Minority,Low_poverty,LPM,25.8852358,-80.2187372
120860083052,268.0,73.13,0.0,15.3,White,Low_poverty,LPW,25.6395912,-80.3459956
120860060021,1165.0,14.85,32.36,82.66,Minority,High_poverty,HPM,25.7370101,-80.2903398
120860010033,1909.0,1.36,30.66,98.64,Minority,High_poverty,HPM,25.8498574,-80.2377865
120860037022,1609.0,20.45,8.2,78.24,Minority,Low_poverty,LPM,25.7822783,-80.1949946
120860071032,930.0,57.31,8.49,38.28,White,Low_poverty,LPW,25.730897,-80.2419574
120860090354,1680.0,3.69,10.06,89.76,Minority,Low_poverty,LPM,25.8117375,-80.3335478
120860067022,859.0,44.35,11.99,55.65,Minority,Low_poverty,LPM,25.7512156,-80.2104625
120860084105,429.0,53.15,6.5,33.1,White,Low_poverty,LPW,25.6679997,-80.3771371
120860178003,2467.0,2.51,15.12,97.49,Minority,Low_poverty,LPM,25.695527,-80.4399221
120860191005,867.0,6.23,12.46,93.77,Minority,Low_poverty,LPM,25.6841459,-80.3945049
120860099012,3074.0,7.06,0.85,90.14,Minority,Low_poverty,LPM,25.963811,-80.2160593
120860098041,799.0,45.68,3.38,51.44,Minority,Low_poverty,LPM,25.962069,-80.1821551
120860083082,1122.0,6.06,6.06,82.08,Minority,Low_poverty,LPM,25.6093014,-80.3693184
120860006052,905.0,3.54,4.53,96.46,Minority,Low_poverty,LPM,25.8480767,-80.2633113
120860106084,628.0,34.87,5.1,56.05,Minority,Low_poverty,LPM,25.5824461,-80.3436864
120860002111,1435.0,28.15,13.94,67.74,Minority,Low_poverty,LPM,25.941411,-80.1598121
120860009013,1610.0,2.73,18.39,94.29,Minority,Low_poverty,LPM,25.868891,-80.256106
120860108012,3150.0,1.71,31.6,95.11,Minority,High_poverty,HPM,25.5013012,-80.4281502
120860003012,2475.0,5.9,19.92,90.3,Minority,Low_poverty,LPM,25.9195458,-80.1918758
120860180002,3150.0,18.48,16.38,76.44,Minority,Low_poverty,LPM,25.6730105,-80.4614945
120860004092,2230.0,0.0,19.42,100.0,Minority,Low_poverty,LPM,25.8814403,-80.222603
120860124001,1402.0,1.78,0.36,98.22,Minority,Low_poverty,LPM,25.9463853,-80.3321399
120860012035,1866.0,21.38,23.31,77.76,Minority,Low_poverty,LPM,25.8820027,-80.1773777
120860168001,2217.0,6.99,4.65,91.93,Minority,Low_poverty,LPM,25.7001455,-80.4284113
120860074001,916.0,49.13,3.89,50.87,Minority,Low_poverty,LPM,25.7381249,-80.2703299
120860060011,1011.0,16.32,7.02,73.89,Minority,Low_poverty,LPM,25.7441356,-80.2891262
120860070023,2330.0,19.74,21.09,75.24,Minority,Low_poverty,LPM,25.7360583,-80.2537047
120860063024,1019.0,22.08,15.82,76.65,Minority,Low_poverty,LPM,25.7540711,-80.2527823
120860105003,1851.0,15.88,12.1,84.12,Minority,Low_poverty,LPM,25.5478377,-80.3873605
120860006013,1678.0,0.24,15.13,96.84,Minority,Low_poverty,LPM,25.8730052,-80.2758385
120860006031,1009.0,5.05,28.34,92.77,Minority,Low_poverty,LPM,25.868436,-80.27781
120860112022,2141.0,2.2,59.32,97.8,Minority,High_poverty,HPM,25.4807155,-80.4916717
120860203002,1187.0,11.2,15.59,88.79,Minority,Low_poverty,LPM,25.6011945,-80.3831558
120860016031,2165.0,1.34,12.67,96.63,Minority,Low_poverty,LPM,25.8261202,-80.2684505
120860097042,1576.0,53.24,5.01,45.5,White,Low_poverty,LPW,25.9577434,-80.1550614
120860037041,1463.0,40.87,15.11,55.37,Minority,Low_poverty,LPM,25.7737929,-80.1910614
120860070011,2524.0,6.34,6.42,93.66,Minority,Low_poverty,LPM,25.7483691,-80.2422643
120860079023,596.0,30.87,7.72,69.13,Minority,Low_poverty,LPM,25.6936823,-80.2766652
120860027034,599.0,30.22,13.52,59.43,Minority,Low_poverty,LPM,25.7941469,-80.1878583
120860009024,1103.0,7.89,11.19,92.11,Minority,Low_poverty,LPM,25.8548936,-80.2461478
120860069001,878.0,11.39,30.87,88.61,Minority,High_poverty,HPM,25.7492784,-80.2194358
120860174002,1067.0,12.56,11.43,83.88,Minority,Low_poverty,LPM,25.6950685,-80.4190608
120860090191,2455.0,2.81,6.99,96.74,Minority,Low_poverty,LPM,25.7645187,-80.3560692
120860067071,1393.0,25.34,2.8,72.43,Minority,Low_poverty,LPM,25.7688173,-80.1844639
120860037028,1347.0,40.76,6.98,54.04,Minority,Low_poverty,LPM,25.7760099,-80.1863171
120860093152,489.0,5.32,46.83,94.68,Minority,High_poverty,HPM,25.8743586,-80.3223159
120860095031,1261.0,0.71,37.27,99.29,Minority,High_poverty,HPM,25.9288139,-80.2396272
120860008081,2230.0,3.32,9.71,96.68,Minority,Low_poverty,LPM,25.8358743,-80.2874585
120860137001,2864.0,3.77,18.75,96.23,Minority,Low_poverty,LPM,25.8684715,-80.3337585
120860007061,1944.0,0.0,21.45,100.0,Minority,Low_poverty,LPM,25.8632063,-80.3107622
120860016061,2451.0,0.53,16.16,99.47,Minority,Low_poverty,LPM,25.8264206,-80.2774511
120860043012,529.0,46.12,4.73,51.23,Minority,Low_poverty,LPM,25.7815567,-80.1420571
120860042052,961.0,13.94,18.21,83.87,Minority,Low_poverty,LPM,25.7890947,-80.133038
120860012061,1588.0,14.36,16.36,84.26,Minority,Low_poverty,LPM,25.8571058,-80.1806764
120860039162,2945.0,23.29,19.49,73.34,Minority,Low_poverty,LPM,25.8499957,-80.1419639
120860050011,321.0,6.23,24.92,93.77,Minority,Low_poverty,LPM,25.792375,-80.2418814
120860039173,2267.0,26.95,7.87,72.52,Minority,Low_poverty,LPM,25.8463828,-80.1509253
120860027031,1512.0,38.96,11.18,59.92,Minority,Low_poverty,LPM,25.7959943,-80.187916
120860027052,898.0,30.51,2.9,66.37,Minority,Low_poverty,LPM,25.8082854,-80.1873655
120860067025,1223.0,30.09,2.13,69.91,Minority,Low_poverty,LPM,25.7629845,-80.1922493
120860037051,1622.0,29.65,6.72,67.57,Minority,Low_poverty,LPM,25.77169,-80.1949129
120860036025,833.0,7.92,10.68,92.08,Minority,Low_poverty,LPM,25.7708986,-80.2051139
120860041024,1011.0,72.11,6.23,23.44,White,Low_poverty,LPW,25.7903726,-80.1476552
120860057034,1371.0,0.0,10.14,100.0,Minority,Low_poverty,LPM,25.7810791,-80.2736635
120860057035,3023.0,6.02,21.6,93.35,Minority,Low_poverty,LPM,25.7789908,-80.2791147
120860062062,1825.0,25.64,7.07,72.0,Minority,Low_poverty,LPM,25.7525282,-80.263858
120860062054,1049.0,9.06,28.03,90.18,Minority,Low_poverty,LPM,25.7617543,-80.2578682
120860085022,2381.0,14.95,7.1,81.31,Minority,Low_poverty,LPM,25.708097,-80.3474666
120860070016,1035.0,56.14,0.0,35.17,White,Low_poverty,LPW,25.7480439,-80.2532867
120860153002,3855.0,4.36,7.96,92.56,Minority,Low_poverty,LPM,25.7403217,-80.4297476
120860165001,4011.0,9.95,4.96,87.03,Minority,Low_poverty,LPM,25.7061317,-80.4489537
120860068021,647.0,65.53,3.55,32.15,White,Low_poverty,LPW,25.7409802,-80.2258344
120860067063,1363.0,26.49,8.95,69.33,Minority,Low_poverty,LPM,25.7504509,-80.2013243
120860150002,1611.0,0.87,12.41,99.13,Minority,Low_poverty,LPM,25.7500567,-80.4267119
120860106064,407.0,53.56,6.88,41.03,White,Low_poverty,LPW,25.5882442,-80.3495877
120860199004,2558.0,2.07,7.11,93.0,Minority,Low_poverty,LPM,25.6040963,-80.4181175
120860202002,1239.0,0.0,17.51,100.0,Minority,Low_poverty,LPM,25.6011016,-80.3871586
120860191003,1034.0,23.5,13.06,76.5,Minority,Low_poverty,LPM,25.6835304,-80.3987561
120860103007,349.0,50.43,12.03,49.57,White,Low_poverty,LPW,25.5814271,-80.4818732
120860051041,1051.0,4.95,58.17,95.05,Minority,High_poverty,HPM,25.7882525,-80.2374099
120860084124,1227.0,4.24,22.41,91.61,Minority,Low_poverty,LPM,25.6885271,-80.3714583
120860001224,1656.0,63.35,17.75,36.66,White,Low_poverty,LPW,25.9656348,-80.1253814
120860120003,222.0,9.01,70.72,90.99,Minority,High_poverty,HPM,25.9402707,-80.3137662
120860004084,2219.0,0.86,23.52,98.52,Minority,Low_poverty,LPM,25.8654842,-80.2112166
120860136001,1855.0,0.54,25.12,96.06,Minority,Low_poverty,LPM,25.8716117,-80.3296013
120860002121,553.0,0.0,33.27,96.2,Minority,High_poverty,HPM,25.9349957,-80.1569401
120860042062,341.0,33.14,3.52,66.86,Minority,Low_poverty,LPM,25.7956397,-80.1271682
120860117004,1117.0,9.4,10.56,85.41,Minority,Low_poverty,LPM,25.9482865,-80.2971279
120860038014,989.0,81.4,1.72,15.98,White,Low_poverty,LPW,25.8778707,-80.1373028
120860006042,3399.0,1.71,21.27,97.41,Minority,Low_poverty,LPM,25.8646592,-80.2632999
120860005042,1976.0,0.0,37.55,99.64,Minority,High_poverty,HPM,25.9135967,-80.2504334
120860017013,970.0,1.44,32.37,88.77,Minority,High_poverty,HPM,25.8277757,-80.2515085
120860103005,984.0,39.63,15.04,60.37,Minority,Low_poverty,LPM,25.5319446,-80.5013154
120860084072,1898.0,31.61,0.26,68.39,Minority,Low_poverty,LPM,25.6914122,-80.3564668
120860078073,2086.0,34.28,3.64,64.72,Minority,Low_poverty,LPM,25.6704129,-80.3126393
120860084055,887.0,36.08,0.0,63.92,Minority,Low_poverty,LPM,25.6780927,-80.3423895
120860089021,2199.0,3.64,2.96,88.45,Minority,Low_poverty,LPM,25.7594194,-80.3451476
120860105005,2272.0,5.19,15.58,91.42,Minority,Low_poverty,LPM,25.5560519,-80.3849133
120860082022,768.0,66.41,3.78,33.59,White,Low_poverty,LPW,25.6254908,-80.3303422
120860106102,643.0,55.05,4.35,39.66,White,Low_poverty,LPW,25.5958452,-80.32792
120860083093,1110.0,0.0,22.29,95.32,Minority,Low_poverty,LPM,25.6095623,-80.3631874
120860193002,2076.0,26.4,9.74,66.52,Minority,Low_poverty,LPM,25.6295641,-80.4003631
120860194001,3083.0,26.6,11.26,72.79,Minority,Low_poverty,LPM,25.6347602,-80.4077007
120860187003,2205.0,12.2,4.51,81.68,Minority,Low_poverty,LPM,25.6593543,-80.4280654
120860084163,857.0,26.72,0.58,73.28,Minority,Low_poverty,LPM,25.6768761,-80.3652978
120860019033,1521.0,8.88,21.17,89.67,Minority,Low_poverty,LPM,25.8263769,-80.2204845
120860028002,538.0,11.52,47.15,81.6,Minority,High_poverty,HPM,25.7995319,-80.19625
120860066022,2134.0,5.48,31.91,94.51,Minority,High_poverty,HPM,25.7634494,-80.1983592
120860090302,1427.0,7.08,6.73,92.92,Minority,Low_poverty,LPM,25.7806355,-80.332692
120860077013,2144.0,2.57,11.85,93.98,Minority,Low_poverty,LPM,25.7453114,-80.3286041
120860089061,956.0,9.62,12.97,90.38,Minority,Low_poverty,LPM,25.7530974,-80.3572967
120860090312,2740.0,3.61,23.1,92.99,Minority,Low_poverty,LPM,25.7778378,-80.3244608
120860149002,2751.0,8.94,10.12,91.06,Minority,Low_poverty,LPM,25.756339,-80.4134403
120860043031,218.0,64.68,0.0,35.32,White,Low_poverty,LPW,25.7824844,-80.129109
120860046072,1456.0,33.45,3.3,66.55,Minority,Low_poverty,LPM,25.6848027,-80.1581527
120860078011,928.0,46.55,3.34,51.19,Minority,Low_poverty,LPM,25.680255,-80.2788103
120860099062,1702.0,3.76,12.3,95.13,Minority,Low_poverty,LPM,25.9532988,-80.2096342
120860003082,871.0,8.61,2.53,91.39,Minority,Low_poverty,LPM,25.9006339,-80.2001742
120860009015,544.0,4.96,12.5,95.04,Minority,Low_poverty,LPM,25.8652358,-80.2531296
120860089013,1378.0,2.54,18.43,97.46,Minority,Low_poverty,LPM,25.7581493,-80.3317385
120860161001,1137.0,5.19,3.08,91.64,Minority,Low_poverty,LPM,25.7246445,-80.4266718
120860115004,287.0,79.09,0.0,20.91,White,Low_poverty,LPW,25.4492951,-80.5206359
120860076044,1711.0,26.42,10.23,54.35,Minority,Low_poverty,LPM,25.6923138,-80.2999619
120860067131,794.0,43.95,2.64,49.5,Other,Low_poverty,LPO,25.7606373,-80.1901046
120860082053,1039.0,63.91,0.0,28.2,White,Low_poverty,LPW,25.6373966,-80.3167195
120860044032,429.0,22.61,7.23,74.13,Minority,Low_poverty,LPM,25.7734672,-80.1345959
120860084102,1176.0,25.6,0.0,67.52,Minority,Low_poverty,LPM,25.6760682,-80.3821959
120860084193,1888.0,10.59,8.69,86.39,Minority,Low_poverty,LPM,25.6926827,-80.3636379
120860155003,1862.0,15.04,3.44,84.97,Minority,Low_poverty,LPM,25.7355783,-80.3974696
120860154001,864.0,10.65,0.0,89.35,Minority,Low_poverty,LPM,25.7367384,-80.4038116
120860089064,1347.0,1.71,17.97,79.14,Minority,Low_poverty,LPM,25.7526673,-80.3634056
120860090221,2457.0,5.05,15.48,94.95,Minority,Low_poverty,LPM,25.7639261,-80.3817324
120860090062,1225.0,2.45,15.81,97.55,Minority,Low_poverty,LPM,25.7638793,-80.3482713
120860090271,2495.0,3.93,12.02,95.31,Minority,Low_poverty,LPM,25.7758603,-80.343584
120860153001,2427.0,1.19,12.15,98.02,Minority,Low_poverty,LPM,25.734059,-80.426663
120860090231,3394.0,3.27,8.99,94.52,Minority,Low_poverty,LPM,25.7767976,-80.3772067
120860090301,3918.0,3.09,19.93,96.5,Minority,Low_poverty,LPM,25.7792916,-80.3272418
120860151003,5233.0,8.5,5.69,88.44,Minority,Low_poverty,LPM,25.751901,-80.4365681
120860150001,3250.0,6.22,0.49,93.78,Minority,Low_poverty,LPM,25.7522309,-80.4185678
120860125002,2389.0,4.31,15.61,93.51,Minority,Low_poverty,LPM,25.8933051,-80.3612024
120860138001,1206.0,0.0,15.09,100.0,Minority,Low_poverty,LPM,25.8752024,-80.3332591
120860100123,2233.0,0.72,17.83,99.2,Minority,Low_poverty,LPM,25.9513529,-80.2578735
120860100011,2677.0,0.11,24.84,98.24,Minority,Low_poverty,LPM,25.9667432,-80.256749
120860119003,1962.0,4.33,8.56,95.67,Minority,Low_poverty,LPM,25.947322,-80.3089742
120860200005,1426.0,16.34,2.88,83.66,Minority,Low_poverty,LPM,25.6143689,-80.4269442
120860045006,381.0,44.36,19.42,48.56,Other,Low_poverty,LPO,25.7704841,-80.1326451
120860045002,617.0,78.61,8.1,18.64,White,Low_poverty,LPW,25.7733157,-80.1407191
120860001325,762.0,21.13,15.75,72.96,Minority,Low_poverty,LPM,25.9421605,-80.1386075
120860042051,846.0,55.67,6.5,42.79,White,Low_poverty,LPW,25.7884373,-80.1285669
120860066025,553.0,28.39,28.39,71.61,Minority,Low_poverty,LPM,25.7610985,-80.1961376
120860039221,485.0,36.91,2.47,61.03,Minority,Low_poverty,LPM,25.8327226,-80.1204132
120860039211,1590.0,23.71,6.04,72.26,Minority,Low_poverty,LPM,25.8412344,-80.1200126
120860039212,518.0,54.83,4.44,38.03,White,Low_poverty,LPW,25.8481668,-80.1195161
120860100162,3103.0,4.71,17.96,94.3,Minority,Low_poverty,LPM,25.9501707,-80.2885012
120860038032,660.0,49.7,16.97,48.94,Other,Low_poverty,LPO,25.8933384,-80.1228756
120860001304,243.0,88.89,0.0,11.11,White,Low_poverty,LPW,25.9284778,-80.1213335
120860110071,3119.0,19.81,13.35,79.0,Minority,Low_poverty,LPM,25.4666942,-80.4443423
120860175002,2560.0,3.2,24.84,96.48,Minority,Low_poverty,LPM,25.6971271,-80.4331066
120860188001,2665.0,17.19,18.31,80.79,Minority,Low_poverty,LPM,25.6726831,-80.4190339
120860185001,1670.0,16.41,22.93,78.74,Minority,Low_poverty,LPM,25.6683845,-80.4408453
120860186003,1025.0,12.98,12.87,85.17,Minority,Low_poverty,LPM,25.6765207,-80.4228735
120860148003,4079.0,1.2,19.83,98.8,Minority,Low_poverty,LPM,25.756321,-80.4025589
120860121002,1010.0,0.0,57.13,100.0,Minority,High_poverty,HPM,25.934146,-80.3092548
120860121001,1428.0,2.52,10.71,96.36,Minority,Low_poverty,LPM,25.9349896,-80.324547
120860154003,2310.0,6.93,17.92,93.07,Minority,Low_poverty,LPM,25.7335953,-80.4121834
120860195003,712.0,33.15,8.99,66.85,Minority,Low_poverty,LPM,25.6293263,-80.4321267
120860187001,1503.0,23.22,7.24,69.6,Minority,Low_poverty,LPM,25.6651182,-80.4279977
120860109002,2708.0,1.03,50.37,98.97,Minority,High_poverty,HPM,25.4951716,-80.4428375
120860110032,2479.0,0.65,18.91,99.36,Minority,Low_poverty,LPM,25.4878929,-80.4436629
120860175001,1648.0,1.27,17.9,96.42,Minority,Low_poverty,LPM,25.6938614,-80.4327932
120860106143,2695.0,6.05,2.69,93.95,Minority,Low_poverty,LPM,25.5410605,-80.3678741
120860082023,1294.0,41.27,1.08,42.97,Other,Low_poverty,LPO,25.6189874,-80.3297165
120860002142,1867.0,13.6,18.8,82.01,Minority,Low_poverty,LPM,25.9283997,-80.1715425
120860001401,4213.0,22.81,10.52,71.99,Minority,Low_poverty,LPM,25.9323176,-80.1245886
120860114035,1544.0,40.61,15.54,59.39,Minority,Low_poverty,LPM,25.44042,-80.497426
120860107032,6760.0,1.35,34.38,92.85,Minority,High_poverty,HPM,25.52328,-80.4095074
120860106092,1693.0,2.24,26.11,93.2,Minority,Low_poverty,LPM,25.5633647,-80.3597924
120860106085,1733.0,25.33,1.15,68.66,Minority,Low_poverty,LPM,25.5789301,-80.3408434
120860067111,1229.0,41.09,5.45,53.95,Minority,Low_poverty,LPM,25.7643373,-80.1904637
120860001301,881.0,38.48,4.65,59.82,Minority,Low_poverty,LPM,25.9255514,-80.121558
120860001221,507.0,39.64,0.0,56.21,Minority,Low_poverty,LPM,25.9667106,-80.1317995
120860077041,1209.0,43.84,15.14,53.6,Minority,Low_poverty,LPM,25.6941343,-80.3103424
120860012034,1074.0,10.71,39.57,81.19,Minority,High_poverty,HPM,25.887852,-80.1669286
120860090461,1411.0,4.61,18.07,93.76,Minority,Low_poverty,LPM,25.8533939,-80.372731
120860097052,1650.0,20.48,7.64,77.4,Minority,Low_poverty,LPM,25.9503964,-80.1663346
120860098083,3021.0,20.69,6.89,71.76,Minority,Low_poverty,LPM,25.9533948,-80.1872916
120860003073,1253.0,1.28,27.53,98.72,Minority,Low_poverty,LPM,25.8866488,-80.2059894
120860098084,292.0,0.0,5.82,100.0,Minority,Low_poverty,LPM,25.9638765,-80.2001227
120860098081,591.0,27.58,37.73,72.42,Minority,High_poverty,HPM,25.9625849,-80.2043106
120860081022,1360.0,41.25,7.94,47.13,Other,Low_poverty,LPO,25.6605633,-80.3204623
120860002092,2829.0,11.49,39.18,86.74,Minority,High_poverty,HPM,25.9040457,-80.1703156
120860001242,1712.0,9.05,9.4,86.56,Minority,Low_poverty,LPM,25.8925031,-80.1681135
120860039121,1256.0,41.48,6.45,57.48,Minority,Low_poverty,LPM,25.8642626,-80.1390464
120860090343,2757.0,15.23,6.06,77.87,Minority,Low_poverty,LPM,25.8193745,-80.3647773
120860006033,2215.0,5.24,11.78,93.23,Minority,Low_poverty,LPM,25.8661907,-80.2874617
120860009023,1241.0,5.88,11.76,94.12,Minority,Low_poverty,LPM,25.8523833,-80.2561075
120860004121,2654.0,3.65,28.86,96.35,Minority,Low_poverty,LPM,25.8774239,-80.2387792
120860091003,1777.0,1.46,16.13,98.54,Minority,Low_poverty,LPM,25.7763648,-80.3171763
120860010023,3123.0,1.76,28.64,98.24,Minority,Low_poverty,LPM,25.8530175,-80.216978
120860007121,2457.0,1.02,22.83,98.98,Minority,Low_poverty,LPM,25.8366495,-80.2949559
120860054062,2357.0,1.99,24.86,98.01,Minority,Low_poverty,LPM,25.7745106,-80.2260056
120860090344,872.0,15.94,26.38,84.06,Minority,Low_poverty,LPM,25.8280087,-80.3619248
120860004111,1531.0,0.0,18.35,97.98,Minority,Low_poverty,LPM,25.8741041,-80.213124
120860004052,1733.0,3.46,10.56,92.79,Minority,Low_poverty,LPM,25.8931764,-80.2138353
120860004021,752.0,0.0,13.83,71.28,Minority,Low_poverty,LPM,25.9239744,-80.2332023
120860004132,840.0,3.57,12.26,92.86,Minority,Low_poverty,LPM,25.90181,-80.2204024
120860003084,2177.0,4.5,5.56,92.09,Minority,Low_poverty,LPM,25.8933652,-80.1981984
120860002093,1227.0,0.0,13.31,100.0,Minority,Low_poverty,LPM,25.9012289,-80.1761615
120860002191,2070.0,14.01,29.66,83.14,Minority,Low_poverty,LPM,25.8904506,-80.1824266
120860002062,2203.0,12.03,31.59,84.29,Minority,High_poverty,HPM,25.9201961,-80.1677538
120860002021,986.0,35.7,40.15,64.3,Minority,High_poverty,HPM,25.9405637,-80.1646653
120860093091,2746.0,3.39,29.93,96.62,Minority,Low_poverty,LPM,25.8788157,-80.3213563
120860063023,927.0,10.9,2.27,89.1,Minority,Low_poverty,LPM,25.7533582,-80.2488649
120860113005,2798.0,2.0,49.43,98.0,Minority,High_poverty,HPM,25.4587823,-80.4894162
120860113003,935.0,0.43,45.45,99.58,Minority,High_poverty,HPM,25.4643066,-80.481346
120860110011,5060.0,5.73,23.38,86.8,Minority,Low_poverty,LPM,25.471477,-80.455693
120860107041,917.0,0.0,10.99,100.0,Minority,Low_poverty,LPM,25.5078956,-80.4015341
120860103003,1276.0,65.28,22.65,33.78,White,Low_poverty,LPW,25.5582635,-80.4496344
120860102042,1506.0,22.78,30.68,71.98,Minority,High_poverty,HPM,25.5931518,-80.3927269
120860102011,440.0,40.23,6.36,57.95,Minority,Low_poverty,LPM,25.5781901,-80.4441121
120860189001,1880.0,15.9,3.62,84.1,Minority,Low_poverty,LPM,25.667738,-80.4127837
120864901001,1620.0,3.02,12.25,94.63,Minority,Low_poverty,LPM,25.7807427,-80.2578198
120860090151,1002.0,7.19,8.28,86.53,Minority,Low_poverty,LPM,25.7699141,-80.3516343
120860077022,529.0,34.59,2.84,58.98,Minority,Low_poverty,LPM,25.7164395,-80.31255
120860090142,1547.0,5.37,2.99,91.79,Minority,Low_poverty,LPM,25.7745097,-80.3257671
120860090172,2194.0,1.09,20.1,93.12,Minority,Low_poverty,LPM,25.7719223,-80.3753018
120860050022,2656.0,0.9,23.76,99.1,Minority,Low_poverty,LPM,25.7811549,-80.2443259
120860093061,2480.0,9.31,30.69,90.68,Minority,High_poverty,HPM,25.8918798,-80.3173895
120860054101,2112.0,0.71,28.6,99.29,Minority,Low_poverty,LPM,25.76735,-80.2246352
120860053032,1995.0,1.0,38.95,99.0,Minority,High_poverty,HPM,25.7714593,-80.2179539
120860056001,2472.0,10.36,8.74,89.2,Minority,Low_poverty,LPM,25.7681621,-80.2593982
120860036023,1329.0,0.0,49.89,100.0,Minority,High_poverty,HPM,25.768577,-80.2016869
120860059031,2721.0,7.2,17.22,91.88,Minority,Low_poverty,LPM,25.7517351,-80.3076086
120860074005,1172.0,29.61,0.0,64.85,Minority,Low_poverty,LPM,25.7311233,-80.2686453
120860073002,1214.0,40.94,11.86,47.2,Other,Low_poverty,LPO,25.7109501,-80.2569596
120860072002,704.0,9.94,46.59,90.06,Minority,High_poverty,HPM,25.7258881,-80.2515245
120860070012,2044.0,1.32,32.09,90.7,Minority,High_poverty,HPM,25.7449257,-80.242074
120860066024,357.0,0.0,27.73,100.0,Minority,Low_poverty,LPM,25.7665228,-80.2057913
120860066011,1328.0,17.17,1.05,78.54,Minority,Low_poverty,LPM,25.7550666,-80.2122855
120860066013,1504.0,0.0,14.23,96.41,Minority,Low_poverty,LPM,25.764175,-80.2029233
120860064033,1176.0,15.05,7.48,82.57,Minority,Low_poverty,LPM,25.7617564,-80.2213907
120860064022,1217.0,0.74,20.3,97.95,Minority,Low_poverty,LPM,25.7597607,-80.2284344
120860061024,480.0,61.67,12.92,38.33,White,Low_poverty,LPW,25.7456417,-80.2800542
120860100063,1698.0,1.53,7.3,98.47,Minority,Low_poverty,LPM,25.9284256,-80.2727626
120860100052,1296.0,0.0,21.18,100.0,Minority,Low_poverty,LPM,25.9281939,-80.2795392
120860099053,2132.0,6.14,6.05,86.35,Minority,Low_poverty,LPM,25.9500513,-80.2257985
120860099063,1928.0,3.06,21.42,95.85,Minority,Low_poverty,LPM,25.9460199,-80.2093362
120860095033,473.0,0.0,18.18,100.0,Minority,Low_poverty,LPM,25.9378432,-80.2330906
120860094001,2179.0,0.0,16.15,100.0,Minority,Low_poverty,LPM,25.9371992,-80.258264
120860093082,2139.0,6.12,13.88,93.88,Minority,Low_poverty,LPM,25.8870206,-80.3019759
120860093063,1838.0,2.99,10.52,96.31,Minority,Low_poverty,LPM,25.8949273,-80.3124688
120860086022,1618.0,1.79,19.53,98.21,Minority,Low_poverty,LPM,25.7100764,-80.3687268
120860025012,1877.0,12.47,37.03,87.54,Minority,High_poverty,HPM,25.8058964,-80.2196484
120860077024,2147.0,4.05,18.77,95.95,Minority,Low_poverty,LPM,25.7287865,-80.3314681
120860148002,1949.0,9.03,8.41,88.09,Minority,Low_poverty,LPM,25.74763,-80.403244
120860145001,1829.0,4.59,7.0,95.4,Minority,Low_poverty,LPM,25.763156,-80.4129108
120860154002,2292.0,1.79,14.57,98.21,Minority,Low_poverty,LPM,25.7404633,-80.413605
120860055022,1130.0,1.59,38.04,97.17,Minority,High_poverty,HPM,25.7669878,-80.2468366
120860138002,4053.0,1.28,29.98,98.72,Minority,Low_poverty,LPM,25.8764936,-80.3387974
120860085012,902.0,4.99,3.55,95.01,Minority,Low_poverty,LPM,25.7205644,-80.3391456
120860059013,2395.0,6.81,12.82,92.61,Minority,Low_poverty,LPM,25.7595411,-80.3007971
120860170003,1261.0,2.93,16.26,97.07,Minority,Low_poverty,LPM,25.7032143,-80.410726
120860170002,2580.0,12.09,13.86,87.4,Minority,Low_poverty,LPM,25.7069458,-80.4115954
120860161002,3462.0,4.59,8.41,90.61,Minority,Low_poverty,LPM,25.7184899,-80.4270422
120860116001,2249.0,2.53,13.29,94.84,Minority,Low_poverty,LPM,25.9293823,-80.2998376
120860122003,1174.0,18.74,2.98,81.26,Minority,Low_poverty,LPM,25.93892,-80.3405946
120860077014,1653.0,8.05,40.57,88.87,Minority,High_poverty,HPM,25.7349908,-80.3271146
120860047013,909.0,21.34,12.87,73.6,Minority,Low_poverty,LPM,25.8234852,-80.3016707
120860007082,2226.0,0.18,31.18,99.82,Minority,High_poverty,HPM,25.8604827,-80.2942004
120860008042,3240.0,2.35,22.48,97.65,Minority,Low_poverty,LPM,25.8332796,-80.2757205
120860089011,1004.0,12.75,4.18,84.56,Minority,Low_poverty,LPM,25.7582141,-80.3251149
120860086012,1838.0,5.33,7.29,92.11,Minority,Low_poverty,LPM,25.7195764,-80.3550767
120860084152,796.0,33.79,0.0,66.21,Minority,Low_poverty,LPM,25.6575773,-80.3523346
120860084162,1734.0,12.05,10.84,85.01,Minority,Low_poverty,LPM,25.6846465,-80.3572612
120860084103,1233.0,20.44,14.11,79.56,Minority,Low_poverty,LPM,25.6833389,-80.3804207
120860084092,629.0,40.06,0.0,58.03,Minority,Low_poverty,LPM,25.6621389,-80.3428576
120860083071,1881.0,11.11,23.76,79.0,Minority,Low_poverty,LPM,25.625173,-80.3658206
120860083092,1745.0,2.35,32.38,93.81,Minority,High_poverty,HPM,25.6019234,-80.3586652
120860080005,1323.0,48.37,1.28,49.28,Other,Low_poverty,LPO,25.7065114,-80.2510427
120860079013,631.0,37.4,2.06,60.06,Minority,Low_poverty,LPM,25.7014947,-80.2659951
120860076012,1341.0,27.67,16.26,71.51,Minority,Low_poverty,LPM,25.7224674,-80.2900762
120860020014,1147.0,0.0,33.22,100.0,Minority,High_poverty,HPM,25.8342687,-80.2032531
120860019031,736.0,0.0,42.8,98.78,Minority,High_poverty,HPM,25.8300888,-80.2185867
120860015023,1080.0,0.0,35.65,100.0,Minority,High_poverty,HPM,25.8359177,-80.23778
120860013025,381.0,13.12,21.26,77.69,Minority,Low_poverty,LPM,25.8382579,-80.1862963
120860013022,1071.0,36.13,0.47,56.4,Minority,Low_poverty,LPM,25.8403371,-80.1766328
120860012032,1378.0,7.11,25.4,92.89,Minority,Low_poverty,LPM,25.8760455,-80.1730941
120860053042,1787.0,2.13,23.67,97.87,Minority,Low_poverty,LPM,25.7676495,-80.2178562
120860043041,874.0,15.45,13.62,81.69,Minority,Low_poverty,LPM,25.7864221,-80.1347036
120860040003,825.0,94.18,2.91,5.82,White,Low_poverty,LPW,25.8165141,-80.1288609
120860063022,1290.0,20.39,5.19,77.36,Minority,Low_poverty,LPM,25.7520732,-80.2423941
120860063014,3128.0,4.41,11.51,94.92,Minority,Low_poverty,LPM,25.7629881,-80.2525435
120860006072,1574.0,1.78,21.1,98.22,Minority,Low_poverty,LPM,25.8543985,-80.2825685
120860007051,2313.0,0.73,21.18,99.27,Minority,Low_poverty,LPM,25.8663965,-80.3181587
120860093112,1419.0,6.55,14.8,93.38,Minority,Low_poverty,LPM,25.8736227,-80.3030733
120860008041,1510.0,2.58,21.13,97.42,Minority,Low_poverty,LPM,25.8390388,-80.275932
120860057043,3100.0,3.55,27.19,96.45,Minority,Low_poverty,LPM,25.7745134,-80.285151
120860058023,1777.0,0.0,22.62,100.0,Minority,Low_poverty,LPM,25.7668454,-80.3020395
120860057014,1864.0,6.6,31.55,93.4,Minority,High_poverty,HPM,25.7742838,-80.292257
120860024041,3186.0,0.72,52.81,99.28,Minority,High_poverty,HPM,25.8038815,-80.2277476
120860056002,1018.0,7.47,16.02,92.54,Minority,Low_poverty,LPM,25.7680628,-80.2654606
120860051031,2993.0,1.27,30.65,98.4,Minority,High_poverty,HPM,25.7813636,-80.2353122
120860065011,2267.0,3.18,13.5,96.52,Minority,Low_poverty,LPM,25.7560813,-80.2344145
120860054102,1614.0,1.8,22.8,98.2,Minority,Low_poverty,LPM,25.7672486,-80.2287166
120860030012,954.0,5.56,18.66,94.44,Minority,Low_poverty,LPM,25.7858497,-80.2106276
120860028001,545.0,2.2,52.84,97.8,Minority,High_poverty,HPM,25.7998224,-80.2021847
120860034003,613.0,0.0,16.31,100.0,Minority,Low_poverty,LPM,25.7802371,-80.1995411
120860039112,1277.0,9.63,26.63,83.16,Minority,Low_poverty,LPM,25.8631504,-80.122471
120860038043,2624.0,45.81,9.95,52.97,Minority,Low_poverty,LPM,25.8738219,-80.1260807
120860031001,1009.0,3.37,51.34,96.63,Minority,High_poverty,HPM,25.7922047,-80.1971349
120860027021,2599.0,11.04,16.01,83.14,Minority,Low_poverty,LPM,25.8024968,-80.1912552
120860026001,2640.0,30.19,29.32,67.43,Minority,Low_poverty,LPM,25.8075325,-80.1945268
120860022023,1772.0,3.39,17.16,90.58,Minority,Low_poverty,LPM,25.8142095,-80.1985033
120860022012,1053.0,16.33,9.88,83.66,Minority,Low_poverty,LPM,25.8162991,-80.1925698
120860021003,921.0,47.01,9.77,52.99,Minority,Low_poverty,LPM,25.8294071,-80.180373
120860020032,1256.0,4.94,38.93,95.06,Minority,High_poverty,HPM,25.8286085,-80.2033056
120860001132,2446.0,48.36,8.75,50.66,Minority,Low_poverty,LPM,25.9532808,-80.1349326
120860011032,1857.0,6.14,38.34,93.54,Minority,High_poverty,HPM,25.863855,-80.2036448
120860010063,1988.0,1.01,31.74,97.59,Minority,High_poverty,HPM,25.8491922,-80.2002511
120860010021,857.0,0.0,0.0,100.0,Minority,Low_poverty,LPM,25.8556126,-80.2298089
120860009021,937.0,0.0,18.95,100.0,Minority,Low_poverty,LPM,25.8637896,-80.2464837
120860009011,1352.0,12.94,30.77,87.06,Minority,High_poverty,HPM,25.8693258,-80.2462982
120860006054,1579.0,2.41,22.94,97.59,Minority,Low_poverty,LPM,25.8534338,-80.2695752
120860006043,796.0,3.64,32.16,96.36,Minority,High_poverty,HPM,25.8580456,-80.2696337
120860005032,2152.0,0.09,32.76,99.91,Minority,High_poverty,HPM,25.8994024,-80.248888
120860005043,1333.0,3.38,60.32,96.62,Minority,High_poverty,HPM,25.9026431,-80.2548795
120860052023,1273.0,0.0,26.71,100.0,Minority,Low_poverty,LPM,25.7768644,-80.213908
120860051023,1011.0,12.56,42.63,87.44,Minority,High_poverty,HPM,25.7809044,-80.2268781
120860094003,1411.0,14.03,25.33,85.96,Minority,Low_poverty,LPM,25.9295108,-80.2568033
120860126002,3949.0,0.81,16.99,96.89,Minority,Low_poverty,LPM,25.8950942,-80.3537137
120860022011,3002.0,20.02,23.05,79.28,Minority,Low_poverty,LPM,25.8221403,-80.192092
120860070014,598.0,33.11,8.36,66.89,Minority,Low_poverty,LPM,25.7481254,-80.2507849
120860083072,1515.0,10.96,4.03,88.05,Minority,Low_poverty,LPM,25.617321,-80.3715265
120860112012,1150.0,16.7,18.52,71.21,Minority,Low_poverty,LPM,25.4733362,-80.501706
120860128001,2113.0,0.0,8.42,100.0,Minority,Low_poverty,LPM,25.9082838,-80.3427801
120860067052,1230.0,37.32,3.01,58.94,Minority,Low_poverty,LPM,25.7532915,-80.1979665
120860114043,1417.0,20.4,55.58,78.19,Minority,High_poverty,HPM,25.2631631,-80.6685705
120860107033,801.0,11.99,25.84,85.27,Minority,Low_poverty,LPM,25.5240916,-80.4025341
120860007062,1143.0,1.49,46.46,94.75,Minority,High_poverty,HPM,25.8652493,-80.3108114
120860095032,724.0,4.28,3.07,95.72,Minority,Low_poverty,LPM,25.9298828,-80.2320299
120860047011,886.0,28.33,1.35,70.32,Minority,Low_poverty,LPM,25.828484,-80.2927192
120860106142,2251.0,8.31,10.04,85.65,Minority,Low_poverty,LPM,25.5493929,-80.3650726
120860014022,1541.0,0.0,18.7,99.09,Minority,Low_poverty,LPM,25.8439065,-80.1906014
120860001153,670.0,65.37,10.0,34.63,White,Low_poverty,LPW,25.956001,-80.1236553
120860044031,701.0,24.54,23.11,65.05,Minority,Low_poverty,LPM,25.7800585,-80.1340196
120860011022,836.0,27.03,22.18,63.28,Minority,Low_poverty,LPM,25.8750001,-80.2000447
120860090261,2269.0,2.47,19.74,94.23,Minority,Low_poverty,LPM,25.7752349,-80.3373383
120860039143,1554.0,30.63,14.17,64.73,Minority,Low_poverty,LPM,25.8487225,-80.1217919
120860018011,939.0,1.28,44.09,97.97,Minority,High_poverty,HPM,25.8297667,-80.2288716
120860038033,716.0,74.58,9.5,18.16,White,Low_poverty,LPW,25.8967032,-80.1221233
120860078042,1408.0,42.61,2.8,53.41,Minority,Low_poverty,LPM,25.6786537,-80.320982
120860093123,1361.0,9.99,14.25,90.01,Minority,Low_poverty,LPM,25.9122297,-80.3113615
120860077011,1610.0,16.96,4.1,83.04,Minority,Low_poverty,LPM,25.7393926,-80.3315731
120860055023,1944.0,6.43,11.47,93.57,Minority,Low_poverty,LPM,25.7704002,-80.2478879
120860053041,1449.0,3.8,45.34,96.2,Minority,High_poverty,HPM,25.7677061,-80.2153421
120860159001,2336.0,6.21,12.57,91.82,Minority,Low_poverty,LPM,25.7231967,-80.4109168
120860044034,1688.0,26.84,26.64,70.67,Minority,Low_poverty,LPM,25.7782734,-80.1341718
120860128002,2477.0,2.22,0.89,97.78,Minority,Low_poverty,LPM,25.9042033,-80.346328
120860084056,571.0,9.28,1.05,81.79,Minority,Low_poverty,LPM,25.6702423,-80.3573662
120860015011,1405.0,0.64,12.1,92.31,Minority,Low_poverty,LPM,25.8366363,-80.221705
120860193003,1587.0,17.2,5.23,63.27,Minority,Low_poverty,LPM,25.6306825,-80.3943297
120860090102,2220.0,24.86,1.4,74.68,Minority,Low_poverty,LPM,25.8081522,-80.3636116
120860053022,2109.0,0.43,31.77,99.57,Minority,High_poverty,HPM,25.7678615,-80.2093967
120860008053,1493.0,4.42,16.41,95.58,Minority,Low_poverty,LPM,25.8367396,-80.2688297
120860007092,2261.0,0.62,16.41,99.38,Minority,Low_poverty,LPM,25.8516282,-80.3044089
120860014013,2283.0,1.05,39.16,98.95,Minority,High_poverty,HPM,25.8454542,-80.2020662
120860047021,552.0,21.2,13.41,78.8,Minority,Low_poverty,LPM,25.8090474,-80.3024018
120860003072,1847.0,8.99,14.96,89.66,Minority,Low_poverty,LPM,25.9003423,-80.2066223
120860038044,1465.0,53.65,3.69,46.35,White,Low_poverty,LPW,25.8769791,-80.1256425
120860039214,552.0,15.04,8.33,62.86,Minority,Low_poverty,LPM,25.8445749,-80.1197142
120860128003,4434.0,13.71,2.41,85.57,Minority,Low_poverty,LPM,25.9049789,-80.3347276
120860102054,900.0,7.22,4.67,92.78,Minority,Low_poverty,LPM,25.5815408,-80.3845533
120860012042,764.0,27.62,17.41,72.38,Minority,Low_poverty,LPM,25.8766979,-80.1664758
120860001072,2201.0,38.44,12.86,57.61,Minority,Low_poverty,LPM,25.9234858,-80.1239565
120860105001,733.0,0.0,25.92,100.0,Minority,Low_poverty,LPM,25.5707351,-80.3748017
120860084153,1031.0,35.79,0.0,62.17,Minority,Low_poverty,LPM,25.6471697,-80.3626335
120860082024,1136.0,43.4,10.65,52.29,Minority,Low_poverty,LPM,25.6108482,-80.3218712
120860001201,1262.0,27.18,10.62,68.39,Minority,Low_poverty,LPM,25.8995172,-80.1552759
120860002162,1189.0,0.93,44.49,89.32,Minority,High_poverty,HPM,25.9253152,-80.1780487
120860002133,1995.0,28.12,16.69,65.66,Minority,Low_poverty,LPM,25.9306251,-80.1846866
120860093073,2302.0,1.13,10.08,98.87,Minority,Low_poverty,LPM,25.8961679,-80.3047866
120860047022,1759.0,13.47,13.47,81.81,Minority,Low_poverty,LPM,25.8097593,-80.2948919
120860006082,3254.0,0.98,43.05,99.02,Minority,High_poverty,HPM,25.8504908,-80.285688
120860176002,2273.0,8.32,15.11,85.66,Minority,Low_poverty,LPM,25.6860933,-80.4387782
120860076041,1081.0,18.41,9.81,63.92,Minority,Low_poverty,LPM,25.7005835,-80.2892678
120860111012,1594.0,10.66,19.57,89.34,Minority,Low_poverty,LPM,25.4819169,-80.4680098
120860055014,2302.0,4.47,21.85,95.53,Minority,Low_poverty,LPM,25.7772594,-80.2523781
120860106041,1901.0,40.4,3.34,57.02,Minority,Low_poverty,LPM,25.5928217,-80.3370649
120860004053,591.0,4.23,7.45,95.77,Minority,Low_poverty,LPM,25.8923409,-80.2231117
120860093113,648.0,1.23,13.06,98.77,Minority,Low_poverty,LPM,25.8752437,-80.3111342
120860093052,3281.0,14.42,2.44,82.66,Minority,Low_poverty,LPM,25.9045926,-80.3180651
120860199001,1130.0,3.72,5.13,96.28,Minority,Low_poverty,LPM,25.6087622,-80.4214507
120860116003,2466.0,5.76,25.87,94.24,Minority,Low_poverty,LPM,25.9358297,-80.3003304
120860088062,1314.0,8.68,12.18,91.32,Minority,Low_poverty,LPM,25.7436888,-80.3476762
120860075013,834.0,29.14,1.08,65.11,Minority,Low_poverty,LPM,25.7200569,-80.2837483
120860047023,547.0,33.09,11.33,59.05,Minority,Low_poverty,LPM,25.8141087,-80.3019136
120860065042,1469.0,9.33,11.84,89.79,Minority,Low_poverty,LPM,25.752803,-80.2181471
120860059022,939.0,2.77,15.12,97.23,Minority,Low_poverty,LPM,25.7592708,-80.3095726
120860093092,1415.0,4.88,30.25,95.12,Minority,High_poverty,HPM,25.8818013,-80.3184685
120860090141,3075.0,3.74,9.92,90.21,Minority,Low_poverty,LPM,25.7757871,-80.3335278
120860158001,2512.0,7.76,8.92,91.96,Minority,Low_poverty,LPM,25.7263409,-80.4047366
120860090065,1489.0,0.0,17.26,95.63,Minority,Low_poverty,LPM,25.762752,-80.3401843
120860007074,2691.0,2.08,20.1,97.92,Minority,Low_poverty,LPM,25.8564018,-80.3046098
120860083042,2128.0,5.64,11.94,93.0,Minority,Low_poverty,LPM,25.6312215,-80.3671555
120860158002,2216.0,12.36,6.32,86.38,Minority,Low_poverty,LPM,25.7197409,-80.4025725
120860030032,3319.0,11.75,47.42,87.26,Minority,High_poverty,HPM,25.789798,-80.2289057
120860093081,2854.0,3.43,29.22,90.12,Minority,Low_poverty,LPM,25.8894726,-80.2939911
120860040001,1515.0,49.77,10.03,50.23,Minority,Low_poverty,LPM,25.8205497,-80.125785
120860006011,993.0,1.71,26.89,98.29,Minority,Low_poverty,LPM,25.8786858,-80.2698465
120860001302,201.0,49.75,0.0,50.25,Minority,Low_poverty,LPM,25.9099893,-80.1219014
120860089024,933.0,3.0,8.79,97.0,Minority,Low_poverty,LPM,25.7570488,-80.3436261
120860003083,848.0,10.38,4.83,86.56,Minority,Low_poverty,LPM,25.896984,-80.199321
120860127002,3921.0,7.27,0.0,91.43,Minority,Low_poverty,LPM,25.9208998,-80.3303173
120860002192,3171.0,4.23,41.44,91.52,Minority,High_poverty,HPM,25.8909035,-80.1746513
120860017032,1512.0,4.37,45.77,93.52,Minority,High_poverty,HPM,25.8000031,-80.2428063
120860034004,595.0,9.75,46.55,88.58,Minority,High_poverty,HPM,25.7853379,-80.2028129
120860181001,1385.0,19.28,7.94,80.72,Minority,Low_poverty,LPM,25.6803427,-80.4380829
120860025021,1496.0,1.67,31.08,98.33,Minority,High_poverty,HPM,25.8110029,-80.2198697
120860017014,1232.0,9.9,36.62,86.69,Minority,High_poverty,HPM,25.8198117,-80.2538108
120860106093,1509.0,6.96,17.5,90.72,Minority,Low_poverty,LPM,25.5682309,-80.3589455
120860183003,644.0,15.99,31.83,84.0,Minority,High_poverty,HPM,25.6714937,-80.4451594
120860009033,1796.0,0.0,24.44,99.55,Minority,Low_poverty,LPM,25.8346438,-80.2502494
120860043032,908.0,20.7,12.89,66.85,Minority,Low_poverty,LPM,25.7831617,-80.1339903
120860093094,2021.0,3.02,21.52,96.98,Minority,Low_poverty,LPM,25.8808134,-80.3094718
120860001262,2134.0,53.09,19.21,40.34,White,Low_poverty,LPW,25.9390948,-80.1236799
120860072003,599.0,9.85,17.7,87.48,Minority,Low_poverty,LPM,25.7257194,-80.2576693
120860002025,1662.0,9.75,20.38,90.26,Minority,Low_poverty,LPM,25.941479,-80.1689098
120860093084,590.0,0.0,87.97,100.0,Minority,High_poverty,HPM,25.8907252,-80.3060699
120860045001,408.0,85.78,10.29,14.22,White,Low_poverty,LPW,25.7611844,-80.1307768
120860084074,1680.0,12.44,23.93,86.37,Minority,Low_poverty,LPM,25.6977431,-80.3453966
120860088041,1069.0,17.59,25.82,82.41,Minority,Low_poverty,LPM,25.7414494,-80.3623654
120860077021,1799.0,19.12,4.56,77.99,Minority,Low_poverty,LPM,25.724976,-80.3226335
120860001133,850.0,56.35,27.53,29.88,White,Low_poverty,LPW,25.9531826,-80.1278163
120860199003,1315.0,7.76,11.41,92.24,Minority,Low_poverty,LPM,25.6018341,-80.4247987
120860083091,2430.0,1.52,52.76,98.14,Minority,High_poverty,HPM,25.6098487,-80.3548927
120860063021,2374.0,6.57,14.07,92.51,Minority,Low_poverty,LPM,25.7560513,-80.2423782
120860080002,303.0,32.67,0.0,67.33,Minority,Low_poverty,LPM,25.6915546,-80.2588069
120860053021,1976.0,3.09,37.2,96.92,Minority,High_poverty,HPM,25.7717275,-80.2095308
120860082083,1237.0,43.9,1.7,46.72,Other,Low_poverty,LPO,25.6012753,-80.3386718
120860036024,739.0,5.68,13.8,94.32,Minority,Low_poverty,LPM,25.7708359,-80.2067808
120860084104,1946.0,40.7,9.1,57.56,Minority,Low_poverty,LPM,25.679068,-80.3866608
120860171001,3040.0,9.34,14.11,90.66,Minority,Low_poverty,LPM,25.7025628,-80.4046818
120860089062,2033.0,1.67,8.85,96.61,Minority,Low_poverty,LPM,25.7487564,-80.3633905
120860090063,2008.0,20.12,4.28,76.6,Minority,Low_poverty,LPM,25.7676136,-80.3403613
120860143001,3445.0,6.18,4.16,92.63,Minority,Low_poverty,LPM,25.7758186,-80.4047272
120860099013,2190.0,3.33,15.62,92.74,Minority,Low_poverty,LPM,25.9706161,-80.216989
120860042063,542.0,16.97,29.51,83.03,Minority,Low_poverty,LPM,25.7964954,-80.1304706
120860039144,600.0,12.5,66.0,87.5,Minority,High_poverty,HPM,25.8551944,-80.1224449
120860106127,649.0,36.67,23.57,63.32,Minority,Low_poverty,LPM,25.5608868,-80.3347937
120860001341,869.0,31.19,28.33,68.82,Minority,Low_poverty,LPM,25.9624248,-80.1434223
120860090471,3395.0,6.75,10.87,91.46,Minority,Low_poverty,LPM,25.8508716,-80.3754433
120860004143,621.0,0.0,21.42,92.91,Minority,Low_poverty,LPM,25.9220801,-80.2292247
120860003063,2322.0,4.91,36.5,94.06,Minority,High_poverty,HPM,25.8905209,-80.1895419
120860093051,2434.0,12.41,5.14,86.65,Minority,Low_poverty,LPM,25.9046419,-80.3020804
120860030042,5377.0,3.81,35.69,95.35,Minority,High_poverty,HPM,25.7878214,-80.2197794
120860073001,1162.0,34.94,21.86,59.38,Minority,Low_poverty,LPM,25.7171508,-80.2571538
120860067023,2274.0,17.06,28.58,82.94,Minority,Low_poverty,LPM,25.7577485,-80.202005
120860100091,1120.0,1.07,8.13,98.93,Minority,Low_poverty,LPM,25.9512053,-80.2661269
120860095034,1795.0,0.17,16.32,99.84,Minority,Low_poverty,LPM,25.937507,-80.241108
120860087024,962.0,0.94,11.02,99.06,Minority,Low_poverty,LPM,25.7303144,-80.3722025
120860007101,3554.0,3.21,27.94,96.79,Minority,Low_poverty,LPM,25.8458158,-80.3091021
120860042031,3170.0,49.81,4.76,44.7,Other,Low_poverty,LPO,25.787473,-80.1436971
120860027032,601.0,8.32,13.64,91.68,Minority,Low_poverty,LPM,25.79011,-80.1862692
120860037026,341.0,52.79,0.0,47.22,White,Low_poverty,LPW,25.7858593,-80.1944853
120860044062,822.0,10.34,0.97,83.21,Minority,Low_poverty,LPM,25.7799574,-80.1385587
120860038012,1666.0,30.97,27.37,69.02,Minority,Low_poverty,LPM,25.8845712,-80.1309118
120860022022,1055.0,14.41,24.74,81.43,Minority,Low_poverty,LPM,25.8191936,-80.1987158
120860011021,1257.0,30.79,1.59,64.6,Minority,Low_poverty,LPM,25.875164,-80.195974
120860006081,1041.0,4.51,11.14,95.49,Minority,Low_poverty,LPM,25.8592653,-80.2756832
120860005041,1587.0,4.54,28.67,93.0,Minority,Low_poverty,LPM,25.9097539,-80.2520579
120860004102,1337.0,0.45,16.6,99.56,Minority,Low_poverty,LPM,25.8887115,-80.2229519
120860184003,784.0,11.99,13.27,80.36,Minority,Low_poverty,LPM,25.6677393,-80.4481981
120860121004,3422.0,2.86,13.5,92.98,Minority,Low_poverty,LPM,25.931176,-80.3198863
120860110033,1310.0,11.6,25.27,87.79,Minority,Low_poverty,LPM,25.4819908,-80.4417325
120860112011,2698.0,1.93,59.68,98.07,Minority,High_poverty,HPM,25.4660378,-80.4975677
120860062055,887.0,12.63,12.51,82.86,Minority,Low_poverty,LPM,25.7568908,-80.257456
120860078051,975.0,33.23,9.13,64.3,Minority,Low_poverty,LPM,25.6900162,-80.327269
120860163003,1164.0,6.36,12.46,90.46,Minority,Low_poverty,LPM,25.7162026,-80.451263
120860083054,1548.0,35.47,0.58,63.95,Minority,Low_poverty,LPM,25.6397752,-80.3652099
120860106065,1056.0,23.96,1.14,76.04,Minority,Low_poverty,LPM,25.5856127,-80.3592474
120860192003,1605.0,37.63,10.08,57.57,Minority,Low_poverty,LPM,25.6691016,-80.396098
120860200002,767.0,6.13,8.21,93.87,Minority,Low_poverty,LPM,25.6052698,-80.4275995
120860097051,633.0,42.65,30.96,57.34,Minority,High_poverty,HPM,25.9495917,-80.170972
120860042042,923.0,28.49,15.06,53.63,Minority,Low_poverty,LPM,25.7928761,-80.139459
120860003071,1436.0,3.62,11.56,93.45,Minority,Low_poverty,LPM,25.8921167,-80.2062227
120860002151,1230.0,3.5,4.06,90.16,Minority,Low_poverty,LPM,25.9249902,-80.1860828
120860029003,1964.0,3.21,13.34,96.79,Minority,Low_poverty,LPM,25.7985484,-80.2203524
120860024031,2738.0,4.02,26.88,95.98,Minority,Low_poverty,LPM,25.8088082,-80.2361992
120860059042,1544.0,3.04,6.69,96.96,Minority,Low_poverty,LPM,25.7521082,-80.2935939
120860016024,2163.0,5.04,11.88,94.96,Minority,Low_poverty,LPM,25.819372,-80.2680843
120860007111,709.0,3.39,33.29,96.61,Minority,High_poverty,HPM,25.8516249,-80.3013976
120860036012,2630.0,1.03,44.68,98.74,Minority,High_poverty,HPM,25.7815425,-80.2048448
120860087021,1736.0,7.6,9.39,87.38,Minority,Low_poverty,LPM,25.7280918,-80.3630014
120860002172,3147.0,1.46,27.04,96.89,Minority,Low_poverty,LPM,25.9115275,-80.1710003
120860090293,1362.0,0.81,13.8,95.67,Minority,Low_poverty,LPM,25.7702074,-80.3657025
120860112014,1143.0,45.84,5.77,40.33,Other,Low_poverty,LPO,25.500754,-80.4969614
120860085011,1084.0,11.81,4.52,87.45,Minority,Low_poverty,LPM,25.7197188,-80.3483911
120860084052,425.0,56.47,0.0,43.53,White,Low_poverty,LPW,25.6686275,-80.342036
120860079021,1730.0,49.36,6.53,50.29,Minority,Low_poverty,LPM,25.7008968,-80.2811547
120860076063,1042.0,38.58,12.0,50.67,Minority,Low_poverty,LPM,25.708482,-80.2980563
120860013014,967.0,15.62,26.47,84.39,Minority,Low_poverty,LPM,25.8534563,-80.1811041
120860036021,1721.0,4.47,35.97,95.53,Minority,High_poverty,HPM,25.7752645,-80.2052874
120860047012,1205.0,24.98,5.39,75.02,Minority,Low_poverty,LPM,25.8230377,-80.2925675
120860049022,1727.0,6.77,24.09,93.23,Minority,Low_poverty,LPM,25.7753203,-80.2588862
120860031002,2923.0,3.08,46.79,96.54,Minority,High_poverty,HPM,25.7903844,-80.2022152
120860105002,582.0,2.23,15.46,97.77,Minority,Low_poverty,LPM,25.5406481,-80.3983939
120860049013,1414.0,1.06,42.72,98.94,Minority,High_poverty,HPM,25.7807803,-80.2659448
120860090212,2853.0,1.44,27.83,95.3,Minority,Low_poverty,LPM,25.7650195,-80.3747289
120860036022,2311.0,10.47,19.0,89.18,Minority,Low_poverty,LPM,25.7714702,-80.2017793
120860078041,3408.0,6.16,11.77,77.08,Minority,Low_poverty,LPM,25.6906363,-80.312267
120860039132,1460.0,34.66,8.36,61.02,Minority,Low_poverty,LPM,25.8593888,-80.1269818
120860002094,2027.0,14.11,15.19,79.33,Minority,Low_poverty,LPM,25.903763,-80.1642008
120860071012,1008.0,8.93,13.19,83.53,Minority,Low_poverty,LPM,25.729897,-80.249063
120860084175,1004.0,3.78,16.04,80.58,Minority,Low_poverty,LPM,25.6694188,-80.3694121
120860057031,939.0,0.0,7.14,100.0,Minority,Low_poverty,LPM,25.7797933,-80.2707432
120860114031,867.0,0.35,38.75,99.65,Minority,High_poverty,HPM,25.4513903,-80.482093
120860078063,1518.0,45.06,5.01,45.52,Other,Low_poverty,LPO,25.6637689,-80.2928289
120860106094,929.0,14.42,32.0,83.85,Minority,High_poverty,HPM,25.5670289,-80.3549486
120860020013,1164.0,0.86,14.52,73.37,Minority,Low_poverty,LPM,25.833489,-80.1983394
120860100054,1889.0,11.81,1.83,88.19,Minority,Low_poverty,LPM,25.9327185,-80.2876705
120860023001,1580.0,0.0,30.63,100.0,Minority,High_poverty,HPM,25.8178736,-80.2201509
120860110052,3436.0,4.16,24.91,94.45,Minority,Low_poverty,LPM,25.4856553,-80.4328803
120860195002,1602.0,33.77,17.48,58.93,Minority,Low_poverty,LPM,25.6312212,-80.42412
120860093114,2536.0,2.05,31.25,96.25,Minority,High_poverty,HPM,25.8710773,-80.3108959
120860084051,872.0,27.98,10.78,69.72,Minority,Low_poverty,LPM,25.6851437,-80.3478281
120860036011,1978.0,8.85,43.02,87.62,Minority,High_poverty,HPM,25.7753522,-80.1993572
120860047025,2436.0,29.23,12.81,70.77,Minority,Low_poverty,LPM,25.8147956,-80.2919872
120860001071,498.0,80.72,2.21,19.28,White,Low_poverty,LPW,25.9268122,-80.1268493
120860088031,1639.0,3.48,14.28,96.52,Minority,Low_poverty,LPM,25.7358762,-80.3717517
120860061014,1422.0,16.67,3.94,83.33,Minority,Low_poverty,LPM,25.7612877,-80.2834604
120860106043,1264.0,39.95,13.78,55.22,Minority,Low_poverty,LPM,25.5972437,-80.3428445
120860074004,1741.0,37.68,5.51,62.32,Minority,Low_poverty,LPM,25.7388666,-80.2614528
120860099014,1294.0,2.09,20.02,87.64,Minority,Low_poverty,LPM,25.968378,-80.209712
120860086013,2568.0,12.81,7.47,86.72,Minority,Low_poverty,LPM,25.7279157,-80.3555056
120860100131,2689.0,5.28,21.64,86.06,Minority,Low_poverty,LPM,25.9436055,-80.2885328
120860192001,2333.0,22.89,23.32,71.07,Minority,Low_poverty,LPM,25.6601975,-80.397682
120860046081,1980.0,33.18,7.22,66.82,Minority,Low_poverty,LPM,25.6883345,-80.1613335
120860017012,1016.0,0.0,45.96,99.12,Minority,High_poverty,HPM,25.8256405,-80.2449353
120860084161,760.0,17.89,0.0,81.32,Minority,Low_poverty,LPM,25.6829185,-80.362797
120860084122,1561.0,3.07,1.73,90.45,Minority,Low_poverty,LPM,25.6886612,-80.3678849
120860164002,4977.0,6.17,8.24,91.64,Minority,Low_poverty,LPM,25.7224583,-80.455416
120860138003,3255.0,0.0,20.65,100.0,Minority,Low_poverty,LPM,25.8712416,-80.3324578
120860101982,1092.0,20.33,1.01,76.65,Minority,Low_poverty,LPM,25.6268343,-80.4327677
120860106125,749.0,2.67,13.9,93.06,Minority,Low_poverty,LPM,25.5771579,-80.3368671
120860067061,573.0,4.19,0.0,95.81,Minority,Low_poverty,LPM,25.7459487,-80.1945364
120860082082,1343.0,31.87,10.87,63.21,Minority,Low_poverty,LPM,25.6026924,-80.3475047
120860025014,2168.0,0.0,32.32,100.0,Minority,High_poverty,HPM,25.8057322,-80.2138262
120860075011,1192.0,37.58,5.45,60.82,Minority,Low_poverty,LPM,25.7326365,-80.2812815
120860195004,3604.0,14.54,7.57,82.63,Minority,Low_poverty,LPM,25.6368481,-80.428836
120860010062,1761.0,2.33,20.19,91.82,Minority,Low_poverty,LPM,25.8508161,-80.2042395
120860129001,1942.0,1.54,11.69,98.46,Minority,Low_poverty,LPM,25.8870423,-80.3285005
120860198001,1974.0,9.78,1.98,90.22,Minority,Low_poverty,LPM,25.6070292,-80.4421999
120860002112,1377.0,18.37,12.78,75.6,Minority,Low_poverty,LPM,25.9429572,-80.1546743
120860047032,1600.0,13.06,22.04,80.94,Minority,Low_poverty,LPM,25.8193469,-80.2820881
120860001321,1459.0,28.92,28.72,71.08,Minority,Low_poverty,LPM,25.9408377,-80.1450666
120860106171,3598.0,8.48,19.79,89.55,Minority,Low_poverty,LPM,25.5453315,-80.3569852
120860011013,2574.0,3.07,15.2,86.87,Minority,Low_poverty,LPM,25.8823017,-80.2017281
120860090361,3705.0,13.74,7.02,80.97,Minority,Low_poverty,LPM,25.8346113,-80.3731738
120860006023,1694.0,4.78,15.9,95.22,Minority,Low_poverty,LPM,25.8736091,-80.2889273
120860142001,957.0,2.61,11.7,97.39,Minority,Low_poverty,LPM,25.7709177,-80.4131736
120860039152,530.0,14.15,22.83,85.85,Minority,Low_poverty,LPM,25.8513859,-80.138668
120860039123,630.0,24.92,16.51,75.08,Minority,Low_poverty,LPM,25.8688535,-80.1250926
120860061026,1217.0,28.84,7.72,64.26,Minority,Low_poverty,LPM,25.7475981,-80.2708034
120860165003,2563.0,5.97,10.42,91.81,Minority,Low_poverty,LPM,25.7093846,-80.4589748
120860081012,948.0,44.73,0.53,55.27,Minority,Low_poverty,LPM,25.6617954,-80.3064795
120860043042,194.0,86.6,4.64,13.4,White,Low_poverty,LPW,25.7862632,-80.1410876
120860109001,1029.0,16.23,15.16,81.73,Minority,Low_poverty,LPM,25.4963277,-80.4329099
120860065041,973.0,19.32,8.84,78.72,Minority,Low_poverty,LPM,25.756263,-80.2182825
120860102081,288.0,4.17,27.08,95.83,Minority,Low_poverty,LPM,25.5822526,-80.3716923
120860017011,992.0,1.81,28.83,98.19,Minority,Low_poverty,LPM,25.8135661,-80.2539838
120860016062,2109.0,2.61,9.72,94.4,Minority,Low_poverty,LPM,25.8273207,-80.2728052
120860103006,1138.0,19.24,17.4,78.12,Minority,Low_poverty,LPM,25.5254768,-80.448324
120860024032,2278.0,2.77,15.94,97.23,Minority,Low_poverty,LPM,25.803645,-80.2359527
120860050016,1483.0,8.36,14.83,91.64,Minority,Low_poverty,LPM,25.7924159,-80.2520213
120860054092,1724.0,2.09,30.22,97.91,Minority,High_poverty,HPM,25.7708339,-80.2288622
120860071011,1757.0,32.27,13.38,66.19,Minority,Low_poverty,LPM,25.7335647,-80.2491593
120860111022,3066.0,14.87,3.57,84.41,Minority,Low_poverty,LPM,25.4884273,-80.4673534
120860102051,816.0,14.58,17.16,80.64,Minority,Low_poverty,LPM,25.5939342,-80.3829
120860090202,1709.0,2.81,23.23,96.08,Minority,Low_poverty,LPM,25.7666312,-80.3708392
120860074003,1387.0,29.78,1.3,70.22,Minority,Low_poverty,LPM,25.7176302,-80.264631
120860064032,1211.0,4.79,27.83,90.59,Minority,Low_poverty,LPM,25.7598971,-80.2172057
120860095012,2742.0,1.13,39.13,97.01,Minority,High_poverty,HPM,25.9353541,-80.2101881
120860084144,2259.0,19.88,4.07,74.68,Minority,Low_poverty,LPM,25.6464713,-80.3705964
120860078062,907.0,36.6,17.86,51.49,Minority,Low_poverty,LPM,25.6723175,-80.293919
120860038041,552.0,67.75,24.09,28.62,White,Low_poverty,LPW,25.885336,-80.1216504
120860010034,585.0,0.85,24.79,97.61,Minority,Low_poverty,LPM,25.8553741,-80.2379853
120860004043,1204.0,11.88,21.51,88.13,Minority,Low_poverty,LPM,25.8889556,-80.2316671
120860003014,622.0,3.54,9.8,93.57,Minority,Low_poverty,LPM,25.9249024,-80.2001836
120860049023,1327.0,4.45,13.92,95.55,Minority,Low_poverty,LPM,25.775186,-80.2640163
120860167001,2076.0,2.79,1.35,97.21,Minority,Low_poverty,LPM,25.7115534,-80.4343361
120860015021,1259.0,0.0,44.08,100.0,Minority,High_poverty,HPM,25.8362203,-80.2271104
120860006053,850.0,1.88,32.04,98.12,Minority,High_poverty,HPM,25.8477936,-80.2693694
120860054052,1638.0,2.14,31.14,97.86,Minority,High_poverty,HPM,25.7741947,-80.232504
120860078061,1749.0,49.17,1.89,47.23,Other,Low_poverty,LPO,25.6828356,-80.2937997
120860093142,2806.0,2.99,19.6,97.01,Minority,Low_poverty,LPM,25.8739018,-80.317148
120860093083,1857.0,1.13,43.3,98.87,Minority,High_poverty,HPM,25.8877853,-80.3063732
120860011043,1698.0,37.04,2.47,51.01,Minority,Low_poverty,LPM,25.8643016,-80.1914328
120860198003,4204.0,18.93,12.85,77.61,Minority,Low_poverty,LPM,25.6020724,-80.4601235
120860043043,1249.0,46.36,11.69,47.72,Other,Low_poverty,LPO,25.7835362,-80.138445
120860062051,954.0,29.25,22.43,68.13,Minority,Low_poverty,LPM,25.7597957,-80.2578008
120860160001,1399.0,8.58,10.09,90.78,Minority,Low_poverty,LPM,25.7245048,-80.4193788
120860089063,775.0,16.77,8.77,83.23,Minority,Low_poverty,LPM,25.7489108,-80.3543268
120860090171,2712.0,2.43,13.79,93.18,Minority,Low_poverty,LPM,25.7715084,-80.371121
120860200003,1347.0,12.03,29.7,86.78,Minority,Low_poverty,LPM,25.6148957,-80.4220199
120860067053,1235.0,42.59,15.55,55.38,Minority,Low_poverty,LPM,25.7567837,-80.1926753
120860077042,2988.0,19.48,18.54,75.0,Minority,Low_poverty,LPM,25.7019462,-80.3133479
120860046021,466.0,35.19,0.0,57.08,Minority,Low_poverty,LPM,25.6752683,-80.1616268
120860006021,2720.0,3.71,31.71,96.29,Minority,High_poverty,HPM,25.8787589,-80.2850077
120860173001,437.0,10.07,4.35,84.21,Minority,Low_poverty,LPM,25.6877309,-80.4153392
120860095011,2600.0,0.85,12.58,99.16,Minority,Low_poverty,LPM,25.9397586,-80.2131443
120860012043,1945.0,20.46,8.84,79.53,Minority,Low_poverty,LPM,25.882056,-80.1592005
120860183002,2345.0,9.72,5.54,85.37,Minority,Low_poverty,LPM,25.6807829,-80.4451752
120860123002,3005.0,9.45,6.98,90.28,Minority,Low_poverty,LPM,25.9499537,-80.3285688
120860011024,1268.0,4.97,35.41,83.44,Minority,High_poverty,HPM,25.8748154,-80.2075412
120860016032,1079.0,4.36,26.97,95.64,Minority,Low_poverty,LPM,25.8269508,-80.2622136
120860054072,1202.0,4.91,16.42,95.09,Minority,Low_poverty,LPM,25.76691,-80.2348097
120860102102,1587.0,0.0,18.89,90.61,Minority,Low_poverty,LPM,25.5712987,-80.3771573
120860058024,1498.0,12.88,5.66,76.37,Minority,Low_poverty,LPM,25.7662223,-80.3065291
120860002132,1812.0,14.18,7.51,70.86,Minority,Low_poverty,LPM,25.9421432,-80.1845722
120860179003,1275.0,3.45,0.0,93.96,Minority,Low_poverty,LPM,25.6953309,-80.4505264
120860090201,1130.0,2.12,29.73,97.88,Minority,Low_poverty,LPM,25.763025,-80.3695506
120860106144,1763.0,6.41,16.39,91.61,Minority,Low_poverty,LPM,25.5627649,-80.3681811
120860099031,1913.0,1.15,24.26,97.17,Minority,Low_poverty,LPM,25.9574818,-80.2385371
120860009022,1459.0,1.37,32.42,97.06,Minority,High_poverty,HPM,25.8592118,-80.2463037
120860098031,3353.0,5.73,1.73,93.11,Minority,Low_poverty,LPM,25.9703925,-80.1886851
120860174001,620.0,41.61,5.81,58.38,Minority,Low_poverty,LPM,25.6964424,-80.4261712
120860172001,1075.0,20.47,0.0,79.54,Minority,Low_poverty,LPM,25.6915959,-80.4028819
120860090064,2275.0,6.29,9.63,93.72,Minority,Low_poverty,LPM,25.7652751,-80.3301636
120860044063,1074.0,53.07,12.2,34.83,White,Low_poverty,LPW,25.7791735,-80.1420098
120860176001,1934.0,6.88,12.63,79.58,Minority,Low_poverty,LPM,25.6887365,-80.4318231
120860050021,2771.0,5.85,22.03,94.16,Minority,Low_poverty,LPM,25.7818236,-80.2526681
120860075012,728.0,21.98,15.25,78.02,Minority,Low_poverty,LPM,25.7257497,-80.2764921
120860172002,2821.0,11.06,7.45,88.45,Minority,Low_poverty,LPM,25.6972463,-80.4073741
120860051021,1459.0,4.18,58.67,95.82,Minority,High_poverty,HPM,25.7818297,-80.2177431
120860030033,1425.0,5.12,39.37,94.88,Minority,High_poverty,HPM,25.7927088,-80.2341783
120860043033,1545.0,17.35,18.12,67.12,Minority,Low_poverty,LPM,25.7840949,-80.1352194
120860106066,832.0,24.04,24.04,61.78,Minority,Low_poverty,LPM,25.5791904,-80.3634461
120860002041,2665.0,6.87,7.17,80.64,Minority,Low_poverty,LPM,25.9351643,-80.2000076
120860189004,1390.0,39.57,1.08,52.88,Minority,Low_poverty,LPM,25.6605935,-80.4110241
120860070022,1828.0,2.35,32.55,97.65,Minority,High_poverty,HPM,25.7398758,-80.2452791
120860140001,312.0,1.92,12.5,98.08,Minority,Low_poverty,LPM,25.8661108,-80.4309663
120860100012,1880.0,0.21,36.8,99.53,Minority,High_poverty,HPM,25.9663301,-80.2504642
120860063013,841.0,4.88,7.61,95.12,Minority,Low_poverty,LPM,25.7602605,-80.250246
120869803001,4755.0,67.36,66.0,21.38,White,High_poverty,HPW,25.7176601,-80.2785933
120860111023,1734.0,37.6,3.69,62.4,Minority,Low_poverty,LPM,25.5074509,-80.4629228
120860040005,423.0,85.34,9.69,14.66,White,Low_poverty,LPW,25.8107654,-80.1395803
120860044033,921.0,9.12,19.91,87.07,Minority,Low_poverty,LPM,25.7758266,-80.1344348
120860001191,1153.0,57.33,2.95,42.67,White,Low_poverty,LPW,25.9641382,-80.1328957
120860185003,986.0,8.42,21.7,82.86,Minority,Low_poverty,LPM,25.663797,-80.4386047
120860003051,1099.0,14.56,19.56,66.42,Minority,Low_poverty,LPM,25.9119939,-80.1939156
120860176003,3287.0,3.07,30.02,93.98,Minority,High_poverty,HPM,25.6905626,-80.4368618
120860084173,1469.0,11.91,22.46,82.78,Minority,Low_poverty,LPM,25.684785,-80.3707511
120860124003,3001.0,7.6,10.03,88.27,Minority,Low_poverty,LPM,25.9444419,-80.3381423
120860013011,1347.0,21.01,7.57,70.67,Minority,Low_poverty,LPM,25.854817,-80.1726158
120860084172,1238.0,4.12,29.32,95.88,Minority,Low_poverty,LPM,25.6679893,-80.3739429
120860002123,1780.0,9.44,24.16,89.21,Minority,Low_poverty,LPM,25.9313264,-80.1599192
120860039182,1812.0,38.58,5.79,59.33,Minority,Low_poverty,LPM,25.8527568,-80.1572885
120860105006,4728.0,9.69,12.83,89.39,Minority,Low_poverty,LPM,25.5445556,-80.3761825
120860097062,1702.0,32.55,12.4,64.63,Minority,Low_poverty,LPM,25.9459096,-80.1780104
120860107042,562.0,3.91,51.96,96.09,Minority,High_poverty,HPM,25.4760996,-80.3600631
120860110081,2164.0,16.08,19.92,80.31,Minority,Low_poverty,LPM,25.4952248,-80.4146466
120860058021,2095.0,1.38,7.4,98.62,Minority,Low_poverty,LPM,25.7664454,-80.2923519
120860127001,7291.0,5.62,6.72,94.21,Minority,Low_poverty,LPM,25.9183778,-80.3614082
120860013024,598.0,10.03,12.04,84.45,Minority,Low_poverty,LPM,25.8344631,-80.1860091
120860183004,957.0,2.93,12.23,72.41,Minority,Low_poverty,LPM,25.6757244,-80.4431262
120860100122,981.0,0.0,25.48,100.0,Minority,Low_poverty,LPM,25.9596492,-80.2517597
120860007113,2888.0,1.77,43.1,93.94,Minority,High_poverty,HPM,25.8448087,-80.2967352
120860014021,2151.0,6.93,34.54,93.07,Minority,High_poverty,HPM,25.8502691,-80.1934676
120860019013,1212.0,1.49,36.06,98.52,Minority,High_poverty,HPM,25.8304384,-80.2092948
120860182001,2914.0,9.2,11.02,86.24,Minority,Low_poverty,LPM,25.6653286,-80.4680732
120860103001,3076.0,15.28,15.9,75.85,Minority,Low_poverty,LPM,25.5905806,-80.4905593
120860090291,1454.0,5.23,6.88,94.77,Minority,Low_poverty,LPM,25.7716053,-80.3577644
120860001281,2634.0,24.3,6.49,75.7,Minority,Low_poverty,LPM,25.9290515,-80.141806
120860007081,962.0,4.47,17.46,93.87,Minority,Low_poverty,LPM,25.8527218,-80.2928961
120860040002,1050.0,48.95,3.83,48.48,Other,Low_poverty,LPO,25.8105959,-80.1488517
120860103004,710.0,45.21,17.75,52.68,Minority,Low_poverty,LPM,25.5319053,-80.4741919
120860004031,1783.0,0.79,20.47,99.21,Minority,Low_poverty,LPM,25.9142844,-80.2310757
120860131002,3320.0,3.86,10.94,95.42,Minority,Low_poverty,LPM,25.8939477,-80.3474539
120860043011,712.0,57.02,10.67,39.47,White,Low_poverty,LPW,25.7842063,-80.1421806
120860057044,1042.0,0.0,8.35,100.0,Minority,Low_poverty,LPM,25.7734054,-80.2738689
120860133001,4793.0,3.69,10.49,95.49,Minority,Low_poverty,LPM,25.8796474,-80.3498304
120860200001,807.0,20.45,19.7,79.55,Minority,Low_poverty,LPM,25.6219931,-80.4289909
120860002152,2967.0,3.77,20.01,91.91,Minority,Low_poverty,LPM,25.9151506,-80.1826074
120860126001,3344.0,2.24,6.61,97.76,Minority,Low_poverty,LPM,25.8886263,-80.3536108
120860061011,1339.0,21.58,7.24,70.58,Minority,Low_poverty,LPM,25.7606107,-80.2701903
120860201002,1380.0,8.41,6.16,90.43,Minority,Low_poverty,LPM,25.6172618,-80.4160758
120860014023,2717.0,0.0,42.55,100.0,Minority,High_poverty,HPM,25.843816,-80.19469
120860062053,747.0,17.8,24.36,80.99,Minority,Low_poverty,LPM,25.758331,-80.2581418
120860110092,3184.0,15.58,13.88,83.48,Minority,Low_poverty,LPM,25.4813058,-80.4279172
120860064021,991.0,12.92,28.03,85.27,Minority,Low_poverty,LPM,25.7634236,-80.228569
120860189002,1849.0,21.69,3.95,70.91,Minority,Low_poverty,LPM,25.6676452,-80.4044757
120860093131,1681.0,18.8,7.85,78.59,Minority,Low_poverty,LPM,25.9196902,-80.3162311
120860129002,2882.0,1.46,16.76,98.54,Minority,Low_poverty,LPM,25.8937686,-80.3300873
120860044054,1438.0,10.08,34.63,84.08,Minority,High_poverty,HPM,25.7763424,-80.1372291
120860001261,179.0,100.0,0.0,0.0,White,Low_poverty,LPW,25.9400331,-80.12046
120860067024,708.0,47.18,3.39,47.46,Other,Low_poverty,LPO,25.755627,-80.1993094
120860001152,659.0,61.61,12.9,36.57,White,Low_poverty,LPW,25.9663473,-80.1189968
120860020041,1671.0,2.93,36.27,97.07,Minority,High_poverty,HPM,25.8293036,-80.1899056
120860037024,1587.0,27.47,38.9,66.91,Minority,High_poverty,HPM,25.7819053,-80.1915806
120860090282,972.0,0.82,15.64,99.18,Minority,Low_poverty,LPM,25.7766686,-80.3608162
120860114012,1621.0,44.05,1.36,55.95,Minority,Low_poverty,LPM,25.4584154,-80.4553393
120860027039,687.0,55.9,13.25,41.63,White,Low_poverty,LPW,25.7938588,-80.1862593
120860007063,1595.0,2.63,16.68,97.37,Minority,Low_poverty,LPM,25.8588838,-80.3086286
120860001151,1384.0,33.38,2.75,66.04,Minority,Low_poverty,LPM,25.9548048,-80.1228231
120860042032,1795.0,33.54,23.06,57.44,Minority,Low_poverty,LPM,25.7910173,-80.1430453
120860177002,1695.0,3.95,10.5,95.04,Minority,Low_poverty,LPM,25.6882331,-80.4414607
120860002202,2601.0,6.69,13.15,90.92,Minority,Low_poverty,LPM,25.8973233,-80.1720895
120860059041,1183.0,11.41,18.26,88.59,Minority,Low_poverty,LPM,25.7523595,-80.2895402
120860058025,3551.0,0.51,8.02,99.49,Minority,Low_poverty,LPM,25.7657398,-80.3131831
120860162001,1510.0,2.58,13.68,91.92,Minority,Low_poverty,LPM,25.7245655,-80.4355325
120860006044,794.0,4.16,27.08,95.84,Minority,Low_poverty,LPM,25.8626558,-80.2696848
120860190001,1795.0,16.49,18.3,76.43,Minority,Low_poverty,LPM,25.6727692,-80.4109423
120860054031,1731.0,2.6,28.03,96.88,Minority,Low_poverty,LPM,25.7760853,-80.2375553
120860058011,1943.0,1.9,3.61,98.09,Minority,Low_poverty,LPM,25.7677192,-80.2736533
120860084121,3309.0,25.63,14.3,73.77,Minority,Low_poverty,LPM,25.6924218,-80.3751053
120860065012,1337.0,8.98,2.62,91.02,Minority,Low_poverty,LPM,25.7523411,-80.2342493
120860117002,2023.0,11.22,20.98,88.78,Minority,Low_poverty,LPM,25.9450926,-80.2967411
120860041021,575.0,64.0,9.57,32.0,White,Low_poverty,LPW,25.7910502,-80.1497564
120860157002,1039.0,10.59,13.79,78.15,Minority,Low_poverty,LPM,25.7169116,-80.3951178
120860055012,1496.0,0.47,17.4,99.53,Minority,Low_poverty,LPM,25.7740021,-80.2438881
120860016052,1591.0,3.58,32.06,96.42,Minority,High_poverty,HPM,25.8262937,-80.2804599
120860110053,586.0,12.46,15.36,87.54,Minority,Low_poverty,LPM,25.4973153,-80.426721
120860050012,1592.0,0.0,15.83,100.0,Minority,Low_poverty,LPM,25.788614,-80.2437197
120860095042,2454.0,7.66,18.95,90.54,Minority,Low_poverty,LPM,25.9368617,-80.2225193
120860193004,1071.0,15.87,0.0,70.21,Minority,Low_poverty,LPM,25.6324182,-80.3869244
120860066012,520.0,14.81,10.96,75.19,Minority,Low_poverty,LPM,25.7614362,-80.2033843
120860027053,1374.0,23.07,3.71,70.89,Minority,Low_poverty,LPM,25.8103508,-80.1673533
120860090353,2588.0,8.27,21.41,89.3,Minority,Low_poverty,LPM,25.8286644,-80.3258208
120860058012,1666.0,6.54,17.17,93.46,Minority,Low_poverty,LPM,25.7675856,-80.2777537
120860010024,912.0,4.5,23.25,95.5,Minority,Low_poverty,LPM,25.8592533,-80.2299242
120860018031,1110.0,12.52,57.03,87.48,Minority,High_poverty,HPM,25.8219933,-80.234503
120860041023,548.0,59.67,13.5,34.86,White,Low_poverty,LPW,25.7855847,-80.1526318
120860017023,761.0,4.47,44.68,95.53,Minority,High_poverty,HPM,25.815588,-80.245752
120860102083,990.0,2.63,10.69,92.53,Minority,Low_poverty,LPM,25.5827782,-80.378169
120860113004,1485.0,0.0,58.11,100.0,Minority,High_poverty,HPM,25.4588155,-80.4813012
120860001333,1145.0,63.41,4.72,26.29,White,Low_poverty,LPW,25.9689307,-80.1294749
120860026003,1394.0,2.15,14.42,97.85,Minority,Low_poverty,LPM,25.8091801,-80.2005404
120860097043,722.0,41.69,5.12,58.31,Minority,Low_poverty,LPM,25.9492184,-80.1498613
120860106103,2264.0,27.56,0.31,70.27,Minority,Low_poverty,LPM,25.58034,-80.320649
120860001193,1381.0,67.41,15.64,28.31,White,Low_poverty,LPW,25.9633225,-80.1363579
120860082054,1374.0,53.71,8.01,37.77,White,Low_poverty,LPW,25.6333824,-80.3049467
120860113001,2296.0,6.58,36.33,93.43,Minority,High_poverty,HPM,25.4733073,-80.4868915
120860186001,1676.0,10.02,2.04,89.98,Minority,Low_poverty,LPM,25.6798475,-80.428327
120860114034,723.0,0.0,38.31,100.0,Minority,High_poverty,HPM,25.4431454,-80.4903205
120860102043,1606.0,5.11,11.69,94.89,Minority,Low_poverty,LPM,25.583982,-80.3915795
120860098072,1149.0,3.66,11.92,96.34,Minority,Low_poverty,LPM,25.9690742,-80.2021514
120860112024,1003.0,3.29,26.92,80.36,Minority,Low_poverty,LPM,25.4802489,-80.4875156
120860130001,2090.0,1.77,13.4,97.32,Minority,Low_poverty,LPM,25.8860201,-80.3356774
120860124004,2102.0,14.37,7.23,85.63,Minority,Low_poverty,LPM,25.9496914,-80.387267
120860011012,1615.0,13.07,22.19,85.63,Minority,Low_poverty,LPM,25.8809248,-80.1909893
120860083062,3740.0,6.76,7.68,88.13,Minority,Low_poverty,LPM,25.6187321,-80.3615287
120860049011,333.0,20.12,43.24,79.88,Minority,High_poverty,HPM,25.7897195,-80.2598927
120860019014,1440.0,3.47,16.04,96.53,Minority,Low_poverty,LPM,25.8321368,-80.2146331
120860108021,2919.0,6.17,28.33,90.2,Minority,Low_poverty,LPM,25.5192994,-80.4214699
120860102044,991.0,3.83,5.47,96.17,Minority,Low_poverty,LPM,25.5856391,-80.3939909
120860090281,2445.0,5.6,10.59,87.12,Minority,Low_poverty,LPM,25.7787796,-80.3626893
120860173002,716.0,25.42,1.0,68.71,Minority,Low_poverty,LPM,25.690418,-80.4080005
120860001222,1569.0,40.98,10.01,57.43,Minority,Low_poverty,LPM,25.9665838,-80.1288469
120860001135,1050.0,50.0,4.1,47.9,White,Low_poverty,LPW,25.9516351,-80.1357889
120860121007,1115.0,6.91,12.38,93.09,Minority,Low_poverty,LPM,25.9358703,-80.3177461
120860005051,1944.0,1.85,26.03,97.69,Minority,Low_poverty,LPM,25.8828305,-80.2892703
120860093133,1712.0,16.41,14.49,83.59,Minority,Low_poverty,LPM,25.9113677,-80.3177929
120860044043,423.0,17.49,23.17,66.43,Minority,Low_poverty,LPM,25.7757319,-80.1322135
120860001091,2991.0,14.14,23.27,84.52,Minority,Low_poverty,LPM,25.91523,-80.1406163
120860041052,1813.0,40.15,8.64,56.04,Minority,Low_poverty,LPM,25.8008287,-80.1248129
120860039111,2166.0,11.73,17.04,81.3,Minority,Low_poverty,LPM,25.8649358,-80.1249885
120860076031,2622.0,24.75,34.73,69.07,Minority,High_poverty,HPM,25.707907,-80.2895467
120860082072,1286.0,47.2,13.37,51.17,Minority,Low_poverty,LPM,25.6210863,-80.301523
120860082091,908.0,32.93,0.0,64.43,Minority,Low_poverty,LPM,25.6049673,-80.3096048
120860002163,2301.0,2.61,2.69,94.44,Minority,Low_poverty,LPM,25.9228345,-80.1819484
120860081023,1241.0,50.44,4.87,41.74,White,Low_poverty,LPW,25.6537778,-80.313046
120860114014,1408.0,12.64,3.41,81.96,Minority,Low_poverty,LPM,25.4533799,-80.4653685
120860038011,1747.0,51.75,10.59,44.93,White,Low_poverty,LPW,25.8939321,-80.1325798
120860106132,1558.0,8.92,16.5,86.9,Minority,Low_poverty,LPM,25.5718827,-80.3121949
120860106133,1436.0,33.01,13.3,57.45,Minority,Low_poverty,LPM,25.5635935,-80.3225509
120860106172,4685.0,19.25,4.3,77.72,Minority,Low_poverty,LPM,25.5551558,-80.3382233
120860106091,1218.0,26.85,7.8,71.02,Minority,Low_poverty,LPM,25.573678,-80.3650744
120860082092,1284.0,36.21,4.67,49.45,Other,Low_poverty,LPO,25.6099052,-80.3282632
120860044041,561.0,60.78,6.95,39.22,White,Low_poverty,LPW,25.7769568,-80.1303999
120860001322,335.0,51.04,23.58,29.25,White,Low_poverty,LPW,25.9392668,-80.1440051
120860001271,1761.0,56.33,11.47,43.22,White,Low_poverty,LPW,25.9339045,-80.1365964
120860001293,1105.0,71.95,7.6,23.98,White,Low_poverty,LPW,25.943164,-80.1331548
120860001204,338.0,51.78,11.83,45.56,White,Low_poverty,LPW,25.9006963,-80.1448298
120860067026,367.0,26.98,40.33,32.7,Other,High_poverty,HPO,25.7610649,-80.1934675
120860067132,1755.0,44.1,5.53,46.1,Other,Low_poverty,LPO,25.7618895,-80.1904753
120860041051,628.0,57.48,12.58,38.22,White,Low_poverty,LPW,25.8068337,-80.1272358
120860039223,674.0,35.16,5.93,62.91,Minority,Low_poverty,LPM,25.8261802,-80.1208149
120860039141,983.0,44.96,12.0,49.24,Other,Low_poverty,LPO,25.8514568,-80.1195997
120860039142,1069.0,8.23,26.38,90.08,Minority,Low_poverty,LPM,25.8527053,-80.1215987
120860002024,2093.0,20.45,19.4,70.09,Minority,Low_poverty,LPM,25.9414974,-80.1756391
120860097053,1600.0,30.25,22.31,69.75,Minority,Low_poverty,LPM,25.9467085,-80.1692195
120860001331,1601.0,63.4,1.01,36.6,White,Low_poverty,LPW,25.9716085,-80.135127
120860001324,653.0,75.96,7.2,24.04,White,Low_poverty,LPW,25.9429248,-80.1462175
120860004141,2863.0,0.49,40.13,99.3,Minority,High_poverty,HPM,25.9231664,-80.2181637
120860117001,2174.0,0.37,23.14,99.63,Minority,Low_poverty,LPM,25.9421382,-80.3004443
120860038031,629.0,53.9,17.49,41.34,White,Low_poverty,LPW,25.8894679,-80.1224537
120860001252,1594.0,68.95,11.67,29.3,White,Low_poverty,LPW,25.9365087,-80.1275658
120860001131,2197.0,60.99,0.68,36.5,White,Low_poverty,LPW,25.9510133,-80.1408893
120860012064,771.0,63.68,2.72,30.48,White,Low_poverty,LPW,25.8702745,-80.1662154
120860090433,1389.0,5.62,7.85,89.49,Minority,Low_poverty,LPM,25.8462272,-80.3749054
120860090441,3111.0,7.88,26.71,90.58,Minority,Low_poverty,LPM,25.8518806,-80.383733
120860090391,4952.0,9.83,12.5,85.99,Minority,Low_poverty,LPM,25.8151611,-80.3797755
120860004131,2369.0,2.62,19.33,93.33,Minority,Low_poverty,LPM,25.9073157,-80.2172617
120860005052,4061.0,3.47,28.74,96.53,Minority,Low_poverty,LPM,25.8844078,-80.284518
120860004124,2482.0,0.0,14.95,99.28,Minority,Low_poverty,LPM,25.8740046,-80.2293852
120860005034,2493.0,0.0,43.88,99.72,Minority,High_poverty,HPM,25.8851189,-80.247216
120860041062,1765.0,53.2,3.0,43.29,White,Low_poverty,LPW,25.8033309,-80.1356632
120860016023,1719.0,3.26,15.47,96.34,Minority,Low_poverty,LPM,25.812475,-80.2628249
120860017033,1976.0,4.05,16.85,92.46,Minority,Low_poverty,LPM,25.8055037,-80.2513327
120860039113,1258.0,15.1,26.71,79.97,Minority,Low_poverty,LPM,25.8660123,-80.1224768
120860039062,2397.0,65.37,5.44,32.08,White,Low_poverty,LPW,25.8354268,-80.1276213
120860052011,1795.0,1.28,29.75,98.72,Minority,Low_poverty,LPM,25.7781539,-80.2187725
120860062031,2334.0,33.76,7.41,63.54,Minority,Low_poverty,LPM,25.7459667,-80.2606227
120860199005,3122.0,12.72,6.34,86.93,Minority,Low_poverty,LPM,25.6107667,-80.415901
120860157001,1541.0,19.53,9.41,77.87,Minority,Low_poverty,LPM,25.6896867,-80.3957689
120860145002,2750.0,4.73,15.35,95.27,Minority,Low_poverty,LPM,25.7640742,-80.3978475
120860163002,998.0,8.42,2.3,89.48,Minority,Low_poverty,LPM,25.7246693,-80.4448198
120860181002,2321.0,13.44,14.17,82.04,Minority,Low_poverty,LPM,25.6730962,-80.4407714
120860079012,1459.0,32.83,0.0,67.17,Minority,Low_poverty,LPM,25.7058178,-80.2726714
120860001241,1487.0,17.35,18.84,79.08,Minority,Low_poverty,LPM,25.8947964,-80.1631391
120860001203,1435.0,30.38,7.25,67.39,Minority,Low_poverty,LPM,25.8917346,-80.1596053
120860091002,4645.0,10.51,21.81,89.36,Minority,Low_poverty,LPM,25.8166098,-80.3144616
120860057012,1953.0,2.36,29.07,97.65,Minority,Low_poverty,LPM,25.7743876,-80.3007764
120860093132,2097.0,9.63,28.37,89.85,Minority,Low_poverty,LPM,25.9257933,-80.3177184
120860006073,1611.0,1.61,15.33,93.79,Minority,Low_poverty,LPM,25.8565529,-80.2884677
120860073003,913.0,65.39,0.99,31.21,White,Low_poverty,LPW,25.7206227,-80.2460737
120860042061,309.0,27.83,2.91,68.61,Minority,Low_poverty,LPM,25.7928435,-80.1322203
120860040006,128.0,75.0,17.19,25.0,White,Low_poverty,LPW,25.8144648,-80.1218324
120860001212,351.0,72.36,9.12,22.22,White,Low_poverty,LPW,25.956786,-80.129012
120860001234,1292.0,70.74,13.39,23.92,White,Low_poverty,LPW,25.9373842,-80.1276829
120860096001,3540.0,2.49,10.4,97.52,Minority,Low_poverty,LPM,25.9545217,-80.2008828
120860096003,1404.0,0.0,51.71,100.0,Minority,High_poverty,HPM,25.9467009,-80.1932388
120860003081,1785.0,5.88,15.37,93.67,Minority,Low_poverty,LPM,25.8870091,-80.1985485
120860004034,2314.0,0.22,42.13,98.74,Minority,High_poverty,HPM,25.9078663,-80.2313724
120860099011,4257.0,3.85,26.01,95.23,Minority,Low_poverty,LPM,25.9689151,-80.2216287
120860004142,1192.0,13.26,13.26,85.66,Minority,Low_poverty,LPM,25.9119495,-80.2142137
120860081024,1632.0,38.97,17.46,33.7,Other,Low_poverty,LPO,25.6514878,-80.3223319
120860012031,2616.0,8.68,23.39,89.48,Minority,Low_poverty,LPM,25.8841529,-80.1709375
120860012063,1667.0,38.75,20.94,57.53,Minority,Low_poverty,LPM,25.8728036,-80.1653851
120860110012,1705.0,1.88,18.53,95.31,Minority,Low_poverty,LPM,25.4852915,-80.4513873
120860108023,4314.0,3.48,19.27,87.81,Minority,Low_poverty,LPM,25.5111598,-80.4246933
120860107031,3644.0,13.45,6.94,82.41,Minority,Low_poverty,LPM,25.5339784,-80.3833785
120860111014,1468.0,2.32,24.86,96.87,Minority,Low_poverty,LPM,25.470016,-80.473195
120860112023,2300.0,3.39,18.3,96.61,Minority,Low_poverty,LPM,25.4798579,-80.4815367
120869807001,1054.0,9.87,91.67,88.05,Minority,High_poverty,HPM,25.4932801,-80.3902202
120860106122,1892.0,14.64,5.97,80.55,Minority,Low_poverty,LPM,25.5722081,-80.3354438
120860106083,949.0,15.81,12.64,82.82,Minority,Low_poverty,LPM,25.5744403,-80.3473772
120860110051,2321.0,4.27,13.87,94.23,Minority,Low_poverty,LPM,25.4918649,-80.424225
120860001292,553.0,64.74,10.13,35.26,White,Low_poverty,LPW,25.9401008,-80.1360923
120860001342,1965.0,45.39,14.55,47.28,Other,Low_poverty,LPO,25.9660273,-80.1398728
120860090292,1371.0,2.19,7.29,97.81,Minority,Low_poverty,LPM,25.7732048,-80.359084
120860173003,3444.0,7.52,21.49,92.04,Minority,Low_poverty,LPM,25.6892699,-80.4125923
120860190003,794.0,21.28,8.82,68.77,Minority,Low_poverty,LPM,25.6826983,-80.4127318
120860188003,2491.0,28.54,22.37,67.89,Minority,Low_poverty,LPM,25.6810315,-80.4191485
120860186004,1393.0,0.93,0.0,99.07,Minority,Low_poverty,LPM,25.6826341,-80.4316062
120860187002,1173.0,15.69,3.5,81.24,Minority,Low_poverty,LPM,25.6686747,-80.4287705
120860186006,1093.0,12.17,0.82,87.84,Minority,Low_poverty,LPM,25.6742996,-80.4272054
120860123001,3827.0,3.66,13.3,93.0,Minority,Low_poverty,LPM,25.9530895,-80.336997
120860120004,3296.0,6.16,26.21,93.63,Minority,Low_poverty,LPM,25.9363788,-80.3156015
120860171003,1020.0,6.08,17.25,82.94,Minority,Low_poverty,LPM,25.7111765,-80.40102
120860178002,1693.0,3.19,29.83,96.81,Minority,Low_poverty,LPM,25.6972817,-80.4413696
120860115006,930.0,1.18,11.51,98.81,Minority,Low_poverty,LPM,25.5701248,-80.5239642
120860195001,1588.0,9.38,5.54,85.64,Minority,Low_poverty,LPM,25.6285083,-80.4183362
120860197001,3415.0,17.83,2.08,73.82,Minority,Low_poverty,LPM,25.6199853,-80.438597
120860115005,2624.0,31.29,0.69,65.89,Minority,Low_poverty,LPM,25.4975662,-80.5513751
120860102091,5006.0,6.81,18.32,92.43,Minority,Low_poverty,LPM,25.5736218,-80.3926055
120860057032,1196.0,0.0,26.25,100.0,Minority,Low_poverty,LPM,25.7794705,-80.2747049
120860192002,1133.0,24.71,5.0,75.29,Minority,Low_poverty,LPM,25.666703,-80.390079
120860101931,4612.0,6.81,12.27,81.38,Minority,Low_poverty,LPM,25.6589277,-80.4418739
120860084191,1096.0,12.5,15.51,85.86,Minority,Low_poverty,LPM,25.6879993,-80.3628278
120860062012,1553.0,9.85,12.93,87.32,Minority,Low_poverty,LPM,25.761997,-80.2638077
120860070015,1102.0,20.96,5.76,78.23,Minority,Low_poverty,LPM,25.7482209,-80.2479359
120860151001,5527.0,18.06,15.27,81.29,Minority,Low_poverty,LPM,25.7470122,-80.4763669
120860165002,2475.0,10.99,12.61,76.52,Minority,Low_poverty,LPM,25.7054548,-80.4708347
120860179001,4895.0,9.36,6.18,87.56,Minority,Low_poverty,LPM,25.6910798,-80.4646342
120860166001,1648.0,6.43,15.92,92.11,Minority,Low_poverty,LPM,25.7098783,-80.4433123
120860067051,928.0,16.81,15.19,79.31,Minority,Low_poverty,LPM,25.7545701,-80.1959771
120860071031,585.0,53.33,10.94,45.64,White,Low_poverty,LPW,25.7285049,-80.2421669
120860083045,2853.0,3.68,8.29,94.89,Minority,Low_poverty,LPM,25.6348317,-80.3633484
120860078053,2120.0,24.48,4.06,70.24,Minority,Low_poverty,LPM,25.6719591,-80.33101
120860084053,531.0,27.31,9.23,72.69,Minority,Low_poverty,LPM,25.6856746,-80.3398196
120860088053,1847.0,4.76,29.24,94.86,Minority,Low_poverty,LPM,25.7366916,-80.3377578
120860105007,876.0,4.11,15.3,95.89,Minority,Low_poverty,LPM,25.5651534,-80.3778168
120860078054,834.0,41.37,2.64,53.72,Minority,Low_poverty,LPM,25.6828362,-80.3262943
120860084054,670.0,40.6,3.84,57.47,Minority,Low_poverty,LPM,25.6680081,-80.3653427
120860082094,992.0,57.06,3.63,41.02,White,Low_poverty,LPW,25.6069877,-80.3340181
120860106063,1744.0,35.38,19.16,60.15,Minority,Low_poverty,LPM,25.5919707,-80.3543409
120860083041,805.0,2.11,1.24,97.89,Minority,Low_poverty,LPM,25.6341208,-80.3759213
120860202003,2237.0,15.78,15.0,82.34,Minority,Low_poverty,LPM,25.6091058,-80.3975872
120860004032,1150.0,0.0,8.7,100.0,Minority,Low_poverty,LPM,25.9105796,-80.2387842
120860093122,1622.0,5.06,23.55,94.94,Minority,Low_poverty,LPM,25.9229992,-80.3019095
120860018013,2676.0,1.23,45.93,98.77,Minority,High_poverty,HPM,25.8276586,-80.2368903
120860029002,1865.0,7.72,25.76,92.28,Minority,Low_poverty,LPM,25.798688,-80.2152554
120860030013,956.0,32.64,15.59,56.91,Minority,Low_poverty,LPM,25.7820264,-80.209809
120860090192,1759.0,5.12,7.74,94.88,Minority,Low_poverty,LPM,25.7654013,-80.3645041
120860063012,2063.0,2.33,32.57,97.53,Minority,High_poverty,HPM,25.7613963,-80.2447628
120860060023,1053.0,10.73,9.76,89.27,Minority,Low_poverty,LPM,25.735364,-80.3039177
120860086023,2887.0,6.23,19.4,89.05,Minority,Low_poverty,LPM,25.7108673,-80.3779167
120860093151,2787.0,4.05,23.41,95.94,Minority,Low_poverty,LPM,25.8706034,-80.321138
120860007053,1363.0,1.25,32.06,98.75,Minority,High_poverty,HPM,25.8589399,-80.3166912
120860007084,2199.0,6.5,14.46,93.5,Minority,Low_poverty,LPM,25.8679696,-80.3051358
120860047014,1005.0,40.1,0.0,59.9,Minority,Low_poverty,LPM,25.8293869,-80.3027938
120860047024,864.0,6.13,12.5,93.87,Minority,Low_poverty,LPM,25.817905,-80.3028928
120860047031,879.0,32.88,8.15,64.5,Minority,Low_poverty,LPM,25.8135703,-80.2807122
120860057033,1289.0,2.64,36.48,97.36,Minority,High_poverty,HPM,25.7786752,-80.2858932
120860058022,2806.0,3.1,12.22,96.9,Minority,Low_poverty,LPM,25.7669509,-80.2975746
120860053031,508.0,0.0,36.02,100.0,Minority,High_poverty,HPM,25.771525,-80.2154443
120860052021,2620.0,4.5,24.19,95.5,Minority,Low_poverty,LPM,25.7780038,-80.210564
120860034002,630.0,1.27,13.49,98.73,Minority,Low_poverty,LPM,25.7831556,-80.197947
120860063011,1576.0,12.25,37.56,87.63,Minority,High_poverty,HPM,25.7617436,-80.2407042
120860115002,629.0,44.52,2.86,55.49,Minority,Low_poverty,LPM,25.5097219,-80.5224319
120860114032,1047.0,0.86,61.7,99.14,Minority,High_poverty,HPM,25.4447872,-80.4824679
120860114013,7054.0,8.79,27.94,87.91,Minority,Low_poverty,LPM,25.374486,-80.3848087
120860017021,2197.0,0.68,26.17,98.91,Minority,Low_poverty,LPM,25.8218277,-80.2445996
120860050015,1976.0,0.0,11.03,100.0,Minority,Low_poverty,LPM,25.7883832,-80.2518816
120860056003,1870.0,2.94,20.41,97.06,Minority,Low_poverty,LPM,25.7677948,-80.2694983
120860050013,1428.0,3.22,31.23,96.78,Minority,High_poverty,HPM,25.7922819,-80.2456193
120860055021,1448.0,0.83,34.39,96.55,Minority,High_poverty,HPM,25.7687882,-80.2411746
120860054071,1172.0,3.58,11.61,96.42,Minority,Low_poverty,LPM,25.7704903,-80.2349682
120860064012,844.0,5.21,6.28,93.36,Minority,Low_poverty,LPM,25.7596368,-80.2357403
120860015012,2475.0,0.36,82.3,99.63,Minority,High_poverty,HPM,25.8337469,-80.2199151
120860013023,637.0,44.9,3.45,55.1,Minority,Low_poverty,LPM,25.8359019,-80.1818881
120860013021,1078.0,57.61,3.53,40.54,White,Low_poverty,LPW,25.8444576,-80.1758105
120860012033,1002.0,4.19,23.67,91.51,Minority,Low_poverty,LPM,25.8797955,-80.170991
120860012062,970.0,61.86,4.33,30.82,White,Low_poverty,LPW,25.864528,-80.1708553
120860046023,2466.0,27.01,4.14,72.42,Minority,Low_poverty,LPM,25.6911146,-80.1687297
120860041061,1147.0,71.58,3.14,28.42,White,Low_poverty,LPW,25.801851,-80.1467017
120860039133,2207.0,17.81,24.38,76.53,Minority,Low_poverty,LPM,25.8583221,-80.1230097
120860086011,772.0,7.51,1.04,92.49,Minority,Low_poverty,LPM,25.7087181,-80.3545169
120860085015,1385.0,7.8,21.66,92.2,Minority,Low_poverty,LPM,25.7285052,-80.3488316
120860084151,1805.0,30.75,4.06,69.25,Minority,Low_poverty,LPM,25.6581237,-80.3633808
120860084143,1331.0,19.46,0.0,75.44,Minority,Low_poverty,LPM,25.652768,-80.3779885
120860084101,946.0,29.49,2.01,70.51,Minority,Low_poverty,LPM,25.6684201,-80.3812415
120860084094,1107.0,36.5,0.81,56.37,Minority,Low_poverty,LPM,25.6588646,-80.3308631
120860083073,3510.0,7.66,7.87,84.59,Minority,Low_poverty,LPM,25.6213911,-80.3753515
120860083061,2660.0,12.89,13.66,68.76,Minority,Low_poverty,LPM,25.6247166,-80.348398
120860083083,2494.0,9.7,9.9,87.28,Minority,Low_poverty,LPM,25.6019777,-80.3699522
120860082052,860.0,51.28,0.0,41.63,White,Low_poverty,LPW,25.6406452,-80.2922697
120860080001,1116.0,32.62,2.24,67.38,Minority,Low_poverty,LPM,25.6581856,-80.2765862
120860079022,511.0,59.3,0.0,38.36,White,Low_poverty,LPW,25.7012089,-80.2729757
120860076043,2076.0,28.85,1.21,66.96,Minority,Low_poverty,LPM,25.7002835,-80.3002001
120860076032,1425.0,26.74,28.49,68.35,Minority,Low_poverty,LPM,25.7147555,-80.2903545
120860076011,1364.0,13.78,7.65,80.79,Minority,Low_poverty,LPM,25.7301164,-80.290447
120860020031,2467.0,5.63,48.99,92.5,Minority,High_poverty,HPM,25.8288684,-80.1982213
120860020011,1085.0,2.03,32.72,97.97,Minority,High_poverty,HPM,25.8382942,-80.1923708
120860019011,1207.0,0.0,61.47,100.0,Minority,High_poverty,HPM,25.8377395,-80.2116515
120860039161,1609.0,38.41,3.79,61.59,Minority,Low_poverty,LPM,25.859784,-80.1431933
120860038042,1084.0,67.62,3.78,30.81,White,Low_poverty,LPW,25.8806622,-80.1243538
120860038034,999.0,53.55,6.51,42.04,White,Low_poverty,LPW,25.8927761,-80.1275438
120860027022,1461.0,14.1,48.87,85.9,Minority,High_poverty,HPM,25.7931288,-80.1918463
120860027062,2780.0,33.88,3.78,60.32,Minority,Low_poverty,LPM,25.7999628,-80.1857063
120860005013,996.0,0.9,31.43,97.69,Minority,High_poverty,HPM,25.9211969,-80.2466176
120860167002,2918.0,5.04,7.78,92.46,Minority,Low_poverty,LPM,25.7020031,-80.4377368
120860119001,3114.0,6.42,13.62,92.49,Minority,Low_poverty,LPM,25.9485847,-80.3176823
120860100102,3232.0,1.79,36.27,98.21,Minority,High_poverty,HPM,25.9434908,-80.2736036
120860100094,2868.0,1.12,21.06,98.88,Minority,Low_poverty,LPM,25.9606145,-80.2697782
120860008052,1096.0,4.29,18.43,95.71,Minority,Low_poverty,LPM,25.8370842,-80.2628908
120860007071,1196.0,0.0,5.43,100.0,Minority,Low_poverty,LPM,25.8644294,-80.3029443
120860090101,2481.0,13.34,1.85,85.85,Minority,Low_poverty,LPM,25.7930196,-80.3560623
120860016051,2185.0,1.56,40.09,98.44,Minority,High_poverty,HPM,25.8275679,-80.2843543
120860059012,1845.0,6.29,6.23,93.71,Minority,Low_poverty,LPM,25.7597088,-80.2947862
120860061021,1275.0,38.2,0.0,61.8,Minority,Low_poverty,LPM,25.753006,-80.2711195
120860026004,2475.0,0.36,26.63,99.64,Minority,Low_poverty,LPM,25.8074225,-80.2047049
120860023004,236.0,0.0,0.0,100.0,Minority,Low_poverty,LPM,25.8136057,-80.2199525
120860022025,1076.0,1.86,39.13,98.14,Minority,High_poverty,HPM,25.8233428,-80.1989055
120860021004,252.0,0.0,34.52,55.16,Minority,High_poverty,HPM,25.8302815,-80.1864023
120860021002,708.0,39.27,12.15,57.76,Minority,Low_poverty,LPM,25.8245933,-80.17943
120860020042,1580.0,1.71,28.35,98.29,Minority,Low_poverty,LPM,25.8290231,-80.1941456
120860001232,619.0,50.08,33.39,47.5,White,High_poverty,HPW,25.9508498,-80.1228722
120860011041,882.0,47.28,1.47,52.72,Minority,Low_poverty,LPM,25.87025,-80.1906576
120860011033,1162.0,1.98,34.42,98.02,Minority,High_poverty,HPM,25.8632519,-80.2070578
120860011031,821.0,11.69,3.67,57.73,Minority,Low_poverty,LPM,25.8639707,-80.1995637
120860010061,760.0,15.0,21.58,73.55,Minority,Low_poverty,LPM,25.8562647,-80.2023264
120860010051,2190.0,2.28,31.33,97.08,Minority,High_poverty,HPM,25.8595676,-80.2142738
120860009025,1043.0,3.16,1.73,96.83,Minority,Low_poverty,LPM,25.8496017,-80.2459591
120860009014,2269.0,11.81,16.57,79.37,Minority,Low_poverty,LPM,25.8628607,-80.2547855
120860149003,1344.0,10.04,15.48,89.96,Minority,Low_poverty,LPM,25.7531388,-80.408911
120860088032,2101.0,2.09,16.81,97.91,Minority,Low_poverty,LPM,25.7364811,-80.3802312
120860147003,896.0,1.23,21.32,98.77,Minority,Low_poverty,LPM,25.7547671,-80.3989425
120860018033,540.0,0.56,23.15,99.45,Minority,Low_poverty,LPM,25.8162312,-80.2384509
120860017022,871.0,3.79,45.81,92.88,Minority,High_poverty,HPM,25.8170512,-80.2426124
120860058013,2597.0,3.35,11.51,96.61,Minority,Low_poverty,LPM,25.7674133,-80.2818429
120860057013,1028.0,0.0,12.65,100.0,Minority,Low_poverty,LPM,25.7743734,-80.2891277
120860059011,1236.0,5.02,28.07,94.98,Minority,Low_poverty,LPM,25.7598601,-80.2897515
120860087012,980.0,6.22,19.29,93.78,Minority,Low_poverty,LPM,25.7277358,-80.3821255
120860155002,1760.0,12.22,9.38,87.78,Minority,Low_poverty,LPM,25.7401232,-80.3942611
120860147001,3080.0,2.31,5.23,91.2,Minority,Low_poverty,LPM,25.7557322,-80.3928156
120860088033,3265.0,5.24,4.2,94.42,Minority,Low_poverty,LPM,25.7424799,-80.376891
120860030031,1906.0,7.92,32.16,91.39,Minority,High_poverty,HPM,25.7912052,-80.2251907
120860090173,1989.0,1.86,28.26,98.14,Minority,Low_poverty,LPM,25.7718743,-80.3793119
120860066021,1523.0,30.53,10.05,65.92,Minority,Low_poverty,LPM,25.7667448,-80.1982913
120860051042,1441.0,0.49,44.55,99.52,Minority,High_poverty,HPM,25.7858476,-80.2352808
120860088043,965.0,4.66,9.64,95.34,Minority,Low_poverty,LPM,25.7439164,-80.3551749
120860064011,960.0,6.77,10.31,91.15,Minority,Low_poverty,LPM,25.7617185,-80.2316222
120860052022,1982.0,3.03,27.37,96.97,Minority,Low_poverty,LPM,25.7751129,-80.2103784
120860039131,804.0,40.8,16.67,55.97,Minority,Low_poverty,LPM,25.8613873,-80.1232636
120860039061,632.0,65.35,1.74,34.65,White,Low_poverty,LPW,25.8414498,-80.1322038
120860113006,1304.0,8.13,61.94,91.87,Minority,High_poverty,HPM,25.466088,-80.4894882
120860112021,1915.0,39.95,11.12,58.17,Minority,Low_poverty,LPM,25.4898875,-80.4856807
120860112013,2150.0,12.56,19.19,86.42,Minority,Low_poverty,LPM,25.4806648,-80.5017382
120860113002,1052.0,0.0,25.67,100.0,Minority,Low_poverty,LPM,25.4688877,-80.4814129
120860109003,2768.0,0.54,40.79,98.12,Minority,High_poverty,HPM,25.5025805,-80.4409914
120860107044,5747.0,3.97,30.21,93.2,Minority,High_poverty,HPM,25.508019,-80.4053258
120860106081,786.0,29.52,20.87,67.69,Minority,Low_poverty,LPM,25.5769741,-80.3517648
120860106062,1729.0,16.48,1.62,78.89,Minority,Low_poverty,LPM,25.5863374,-80.3464894
120860102052,1626.0,6.64,10.27,92.06,Minority,Low_poverty,LPM,25.5926646,-80.3866286
120860102092,998.0,15.43,4.71,72.14,Minority,Low_poverty,LPM,25.578737,-80.3978883
120860102012,3829.0,12.27,8.72,86.55,Minority,Low_poverty,LPM,25.5764105,-80.4065961
120860191002,1398.0,24.03,18.1,75.97,Minority,Low_poverty,LPM,25.6802321,-80.3959228
120860054051,2677.0,0.93,25.04,99.03,Minority,Low_poverty,LPM,25.7777776,-80.2319646
120860024022,4366.0,4.6,25.01,94.55,Minority,Low_poverty,LPM,25.7980932,-80.2357764
120860066023,920.0,5.65,17.17,91.74,Minority,Low_poverty,LPM,25.7666235,-80.2024452
120860004083,733.0,2.86,59.21,97.13,Minority,High_poverty,HPM,25.864491,-80.2283027
120860004082,1944.0,0.82,11.12,98.25,Minority,Low_poverty,LPM,25.8654791,-80.2230064
120860004101,1177.0,0.0,12.49,97.79,Minority,Low_poverty,LPM,25.888644,-80.2136745
120860004041,4352.0,0.78,12.39,99.22,Minority,Low_poverty,LPM,25.8898805,-80.2380231
120860004033,2582.0,0.46,38.25,99.49,Minority,High_poverty,HPM,25.9016781,-80.2400471
120860004133,1064.0,3.48,31.39,96.52,Minority,High_poverty,HPM,25.899971,-80.230611
120860003061,2455.0,6.11,19.17,92.43,Minority,Low_poverty,LPM,25.896483,-80.1906831
120860003053,3844.0,3.77,15.25,96.22,Minority,Low_poverty,LPM,25.9024809,-80.1899996
120860003015,1257.0,7.96,5.15,91.72,Minority,Low_poverty,LPM,25.9213919,-80.2071525
120860003013,806.0,25.31,22.21,65.14,Minority,Low_poverty,LPM,25.9178085,-80.2002083
120860002201,2073.0,4.49,34.0,94.17,Minority,High_poverty,HPM,25.8968402,-80.182695
120860002063,2270.0,5.07,12.51,90.97,Minority,Low_poverty,LPM,25.919935,-80.1737676
120860002042,2208.0,7.56,16.88,91.84,Minority,Low_poverty,LPM,25.933616,-80.1913308
120860002131,1198.0,56.68,15.03,38.9,White,Low_poverty,LPW,25.9351654,-80.1842602
120860064023,862.0,15.89,22.74,84.11,Minority,Low_poverty,LPM,25.7599006,-80.2243752
120860100093,873.0,0.0,5.61,100.0,Minority,Low_poverty,LPM,25.9563925,-80.2744675
120860100092,1947.0,5.7,21.78,94.29,Minority,Low_poverty,LPM,25.9502563,-80.2730009
120860100062,3002.0,7.96,34.26,92.04,Minority,High_poverty,HPM,25.9361342,-80.262929
120860099041,1104.0,0.0,12.32,98.91,Minority,Low_poverty,LPM,25.9631961,-80.2409405
120860099051,1186.0,3.71,26.56,72.18,Minority,Low_poverty,LPM,25.9547685,-80.2176777
120860053043,1665.0,2.4,18.2,97.6,Minority,Low_poverty,LPM,25.767554,-80.2210598
120860052012,2612.0,0.0,40.08,100.0,Minority,High_poverty,HPM,25.7747807,-80.2204964
120860099052,2618.0,5.16,12.71,94.3,Minority,Low_poverty,LPM,25.9474867,-80.2174986
120860099061,2481.0,1.29,14.79,97.91,Minority,Low_poverty,LPM,25.958317,-80.2184772
120860095041,2477.0,2.62,3.19,97.37,Minority,Low_poverty,LPM,25.9320469,-80.2210931
120860093093,673.0,5.05,26.15,94.95,Minority,Low_poverty,LPM,25.878082,-80.3182195
120860093072,2220.0,0.81,45.5,99.19,Minority,High_poverty,HPM,25.8940743,-80.3024595
120860093062,2755.0,3.99,18.73,94.01,Minority,Low_poverty,LPM,25.8911141,-80.3082651
120860087011,1822.0,18.28,16.58,81.28,Minority,Low_poverty,LPM,25.7175946,-80.3705524
120860054061,1515.0,3.7,19.8,96.3,Minority,Low_poverty,LPM,25.7781105,-80.2253816
120860031003,1183.0,0.0,50.13,100.0,Minority,High_poverty,HPM,25.794837,-80.2042844
120860074002,1901.0,36.3,14.68,59.44,Minority,Low_poverty,LPM,25.7276709,-80.2631268
120860072004,1127.0,3.82,17.39,95.65,Minority,Low_poverty,LPM,25.7290924,-80.2549992
120860071041,1939.0,46.42,5.0,50.8,Minority,Low_poverty,LPM,25.7355226,-80.2396488
120860070024,2147.0,7.08,25.2,92.92,Minority,Low_poverty,LPM,25.7408932,-80.2518267
120860069003,912.0,27.85,20.07,72.15,Minority,Low_poverty,LPM,25.749134,-80.2259893
120860068011,1476.0,72.43,12.13,27.58,White,Low_poverty,LPW,25.7319153,-80.2340652
120860066015,863.0,19.24,19.81,75.9,Minority,Low_poverty,LPM,25.7609403,-80.2115558
120860066014,2032.0,4.28,24.34,95.72,Minority,Low_poverty,LPM,25.7644212,-80.2103052
120860065032,1153.0,12.32,10.75,84.91,Minority,Low_poverty,LPM,25.7525972,-80.2261454
120860064031,1187.0,4.47,27.8,95.53,Minority,Low_poverty,LPM,25.763845,-80.2174263
120860006071,1324.0,5.14,8.84,94.86,Minority,Low_poverty,LPM,25.8590243,-80.2826878
120860006051,1160.0,1.55,36.03,96.12,Minority,High_poverty,HPM,25.8541867,-80.2626217
120860006014,1414.0,9.05,30.34,90.95,Minority,High_poverty,HPM,25.8788963,-80.276018
120860006012,839.0,6.32,4.29,93.68,Minority,Low_poverty,LPM,25.8731488,-80.2698895
120860005031,2065.0,1.16,54.38,92.01,Minority,High_poverty,HPM,25.9060059,-80.2482133
120860005014,3355.0,7.24,21.76,91.59,Minority,Low_poverty,LPM,25.9205893,-80.2795836
120860086021,1520.0,9.08,11.94,84.54,Minority,Low_poverty,LPM,25.7084614,-80.3625137
120860087014,1821.0,14.61,10.36,85.39,Minority,Low_poverty,LPM,25.7191309,-80.3793799
120860088052,1313.0,9.52,8.96,89.79,Minority,Low_poverty,LPM,25.7439048,-80.3396961
120860059021,862.0,9.16,16.71,90.84,Minority,Low_poverty,LPM,25.7593995,-80.3055887
120860060022,2796.0,8.44,17.17,90.56,Minority,Low_poverty,LPM,25.741095,-80.3133541
120860059024,753.0,12.75,20.91,87.25,Minority,Low_poverty,LPM,25.7603472,-80.3186272
120860180003,7213.0,7.33,4.99,87.84,Minority,Low_poverty,LPM,25.685488,-80.4751593
120860174004,1129.0,16.47,16.92,81.76,Minority,Low_poverty,LPM,25.6878583,-80.4262685
120860174003,3226.0,9.61,22.72,86.58,Minority,Low_poverty,LPM,25.687558,-80.4202771
120860178001,2423.0,2.48,18.94,97.52,Minority,Low_poverty,LPM,25.6959434,-80.4443058
120860078071,1032.0,27.23,11.53,48.45,Other,Low_poverty,LPO,25.6860615,-80.3061216
120860067141,1668.0,38.49,12.05,59.23,Minority,Low_poverty,LPM,25.758574,-80.1908154
120860001233,482.0,14.73,4.77,76.97,Minority,Low_poverty,LPM,25.9418396,-80.1253791
120860082062,742.0,47.44,0.4,44.74,Other,Low_poverty,LPO,25.6417715,-80.3245296
120860083055,1735.0,21.61,15.1,73.89,Minority,Low_poverty,LPM,25.641612,-80.339201
120860046053,1207.0,34.8,5.47,65.2,Minority,Low_poverty,LPM,25.6979204,-80.1585329
120860136003,2892.0,1.63,13.14,98.37,Minority,Low_poverty,LPM,25.8705985,-80.3252602
120860008071,2113.0,1.37,21.86,98.63,Minority,Low_poverty,LPM,25.8344232,-80.2827866
120860043013,878.0,36.79,7.52,55.58,Minority,Low_poverty,LPM,25.7833761,-80.1428654
120860039154,2158.0,19.79,12.09,79.56,Minority,Low_poverty,LPM,25.8559507,-80.1314171
120860012053,914.0,54.49,2.19,39.17,White,Low_poverty,LPW,25.861329,-80.1812743
120860012044,1766.0,47.0,8.21,44.0,Other,Low_poverty,LPO,25.8815386,-80.1635677
120860039171,2029.0,19.17,18.43,79.65,Minority,Low_poverty,LPM,25.8448836,-80.1456499
120860027038,572.0,55.42,0.0,44.58,White,Low_poverty,LPW,25.7912563,-80.1862321
120860067091,1283.0,39.75,10.37,49.42,Other,Low_poverty,LPO,25.7670382,-80.1892956
120860039172,973.0,13.77,5.45,81.71,Minority,Low_poverty,LPM,25.8491293,-80.1510286
120860037023,799.0,12.39,8.64,85.23,Minority,Low_poverty,LPM,25.7877383,-80.1915586
120860027035,1400.0,41.71,8.14,48.71,Other,Low_poverty,LPO,25.792908,-80.1878218
120860027051,943.0,18.66,28.25,81.33,Minority,Low_poverty,LPM,25.8056371,-80.1869978
120860025011,1547.0,2.84,26.7,97.16,Minority,Low_poverty,LPM,25.8083948,-80.2198071
120860066026,1469.0,0.82,27.64,88.76,Minority,Low_poverty,LPM,25.7644003,-80.1964335
120860037021,796.0,50.38,5.78,40.33,White,Low_poverty,LPW,25.7839147,-80.1922979
120860060024,443.0,12.19,18.51,86.46,Minority,Low_poverty,LPM,25.7354592,-80.2978462
120860007102,1840.0,0.71,20.04,99.08,Minority,Low_poverty,LPM,25.8442761,-80.3041836
120860007091,2170.0,2.53,38.34,97.46,Minority,High_poverty,HPM,25.8522034,-80.3154112
120860142002,3966.0,6.68,0.83,93.04,Minority,Low_poverty,LPM,25.7774137,-80.4125615
120860007064,3228.0,0.0,37.05,100.0,Minority,High_poverty,HPM,25.8588872,-80.3126438
120860042053,608.0,54.28,17.43,40.29,White,Low_poverty,LPW,25.7890351,-80.1353814
120860044051,502.0,42.03,15.94,54.38,Minority,Low_poverty,LPM,25.778786,-80.1385204
120860044053,644.0,56.52,11.65,43.48,White,Low_poverty,LPW,25.7734041,-80.1380669
120860062061,1079.0,15.76,6.86,84.24,Minority,Low_poverty,LPM,25.7547841,-80.2576714
120860062011,1280.0,18.36,8.67,81.64,Minority,Low_poverty,LPM,25.7577067,-80.264124
120860191004,735.0,34.01,16.19,65.99,Minority,Low_poverty,LPM,25.6820309,-80.3909618
120860191001,733.0,29.88,13.92,54.71,Minority,Low_poverty,LPM,25.6733158,-80.3952025
120860100121,2585.0,1.28,9.01,97.6,Minority,Low_poverty,LPM,25.958319,-80.2583876
120860100112,4816.0,0.31,41.49,95.16,Minority,High_poverty,HPM,25.942353,-80.2560978
120860100152,1483.0,0.74,45.05,99.26,Minority,High_poverty,HPM,25.9601095,-80.284699
120860201001,1662.0,26.41,15.34,71.3,Minority,Low_poverty,LPM,25.6225257,-80.4165559
120860077051,1829.0,22.47,11.1,73.32,Minority,Low_poverty,LPM,25.6983204,-80.3266216
120860085021,2526.0,13.82,10.85,82.38,Minority,Low_poverty,LPM,25.7071776,-80.3378522
120860190004,936.0,35.68,6.2,61.75,Minority,Low_poverty,LPM,25.6786512,-80.4059756
120860146001,2414.0,1.82,2.2,98.18,Minority,Low_poverty,LPM,25.7570655,-80.3885897
120860144002,3459.0,3.27,13.59,95.35,Minority,Low_poverty,LPM,25.7788668,-80.3913253
120860089072,2507.0,2.59,18.56,79.78,Minority,Low_poverty,LPM,25.7580422,-80.3646008
120860090152,755.0,0.79,0.0,99.21,Minority,Low_poverty,LPM,25.773342,-80.3518663
120860090241,1966.0,9.16,14.65,89.93,Minority,Low_poverty,LPM,25.7768771,-80.3479695
120860163001,2753.0,7.59,4.98,91.93,Minority,Low_poverty,LPM,25.71654,-80.4396028
120860090103,2015.0,7.74,33.6,84.92,Minority,High_poverty,HPM,25.8012085,-80.3458273
120860090342,2148.0,3.54,9.82,94.04,Minority,Low_poverty,LPM,25.8151765,-80.3579892
120860090311,1291.0,1.78,13.25,98.22,Minority,Low_poverty,LPM,25.7773978,-80.3324257
120860090272,697.0,5.88,14.35,92.97,Minority,Low_poverty,LPM,25.7793482,-80.3419099
120860150003,2727.0,6.12,10.85,93.88,Minority,Low_poverty,LPM,25.7520845,-80.4225591
120860132001,6095.0,2.02,15.69,96.37,Minority,Low_poverty,LPM,25.8863514,-80.3454905
120860135001,2170.0,2.35,12.48,97.65,Minority,Low_poverty,LPM,25.8797513,-80.3252178
120860134001,2793.0,0.82,21.91,99.17,Minority,Low_poverty,LPM,25.8810252,-80.3380663
120860136002,1308.0,5.5,31.65,94.5,Minority,High_poverty,HPM,25.8752055,-80.3275013
120860098062,1038.0,18.79,22.45,81.21,Minority,Low_poverty,LPM,25.9603514,-80.1854913
120860156002,1844.0,20.17,3.99,78.85,Minority,Low_poverty,LPM,25.702493,-80.3757275
120860156001,2855.0,16.85,16.99,81.55,Minority,Low_poverty,LPM,25.706839,-80.3806875
120860090341,1792.0,2.73,11.55,96.38,Minority,Low_poverty,LPM,25.8347841,-80.3616598
120860106124,1064.0,12.97,5.8,75.1,Minority,Low_poverty,LPM,25.5622244,-80.3421294
120860198004,1911.0,11.67,1.05,88.33,Minority,Low_poverty,LPM,25.6072808,-80.4339862
120860198002,1766.0,29.84,0.0,70.16,Minority,Low_poverty,LPM,25.5996797,-80.4338325
120860199002,3799.0,8.42,10.4,79.36,Minority,Low_poverty,LPM,25.59821,-80.421631
120860180001,1249.0,11.05,0.0,81.99,Minority,Low_poverty,LPM,25.6732676,-80.4533798
120860078045,1599.0,7.07,37.84,83.74,Minority,High_poverty,HPM,25.6847951,-80.3184723
120860039091,1693.0,25.4,21.09,63.5,Minority,Low_poverty,LPM,25.8676167,-80.1194402
120860002141,1578.0,63.18,4.5,20.09,White,Low_poverty,LPW,25.9327049,-80.1764233
120860100111,2084.0,0.0,28.41,99.0,Minority,Low_poverty,LPM,25.950567,-80.251126
120860002181,3873.0,1.65,22.36,95.82,Minority,Low_poverty,LPM,25.9037355,-80.1808299
120860012051,1258.0,52.94,6.36,45.78,White,Low_poverty,LPW,25.8807408,-80.1830138
120860102071,2610.0,8.58,28.31,91.42,Minority,Low_poverty,LPM,25.5909115,-80.3672061
120860102084,2692.0,4.72,13.03,81.73,Minority,Low_poverty,LPM,25.5911911,-80.3791613
120860069002,2503.0,4.87,13.91,95.13,Minority,Low_poverty,LPM,25.7442699,-80.234253
120860162002,1808.0,11.56,7.52,86.12,Minority,Low_poverty,LPM,25.7204346,-80.4418419
120860090153,2690.0,2.86,9.59,96.95,Minority,Low_poverty,LPM,25.7714905,-80.3413494
120860111021,967.0,44.98,5.38,44.15,Other,Low_poverty,LPO,25.4948119,-80.4728597
120860090345,2796.0,12.7,13.38,83.51,Minority,Low_poverty,LPM,25.8221495,-80.3600863
120860082061,979.0,45.86,0.0,48.52,Other,Low_poverty,LPO,25.6388472,-80.3299126
120860106141,2919.0,5.69,22.47,86.47,Minority,Low_poverty,LPM,25.5588792,-80.36747
120860016022,1714.0,8.69,9.8,88.92,Minority,Low_poverty,LPM,25.8203411,-80.27437
120860007052,1425.0,0.77,22.67,99.22,Minority,Low_poverty,LPM,25.8604934,-80.3208817
120860092001,1634.0,7.34,13.79,92.65,Minority,Low_poverty,LPM,25.8812597,-80.2953777
120860184001,1435.0,15.54,13.59,82.86,Minority,Low_poverty,LPM,25.6639463,-80.4442358
120860107045,2536.0,11.12,18.97,88.88,Minority,Low_poverty,LPM,25.522805,-80.3925489
120860039213,1157.0,12.71,4.75,86.08,Minority,Low_poverty,LPM,25.8370343,-80.1199978
120860008072,1780.0,6.91,46.18,92.93,Minority,High_poverty,HPM,25.8312435,-80.2826665
120860002023,501.0,8.78,20.16,81.24,Minority,Low_poverty,LPM,25.9335512,-80.1693384
120860106061,1108.0,27.89,2.17,67.69,Minority,Low_poverty,LPM,25.5789599,-80.3566571
120860090381,8427.0,8.24,8.2,86.36,Minority,Low_poverty,LPM,25.822472,-80.3808743
120860055024,1772.0,8.92,23.33,90.18,Minority,Low_poverty,LPM,25.7683132,-80.253259
120860018032,1111.0,0.0,44.1,99.01,Minority,High_poverty,HPM,25.8159968,-80.2344381
120860110072,6727.0,18.8,6.62,80.33,Minority,Low_poverty,LPM,25.4703107,-80.4252153
120860081021,937.0,50.27,9.18,44.18,White,Low_poverty,LPW,25.6459759,-80.3235154
120860088044,1004.0,6.08,0.0,93.92,Minority,Low_poverty,LPM,25.745074,-80.3636974
120860092002,1214.0,3.62,8.98,96.37,Minority,Low_poverty,LPM,25.8738467,-80.2927437
120860059032,1407.0,7.6,2.91,92.4,Minority,Low_poverty,LPM,25.7497762,-80.3147508
120860059043,1615.0,7.0,39.2,85.88,Minority,High_poverty,HPM,25.7520707,-80.2975694
120860110091,2470.0,13.36,15.75,82.47,Minority,Low_poverty,LPM,25.4844489,-80.4184627
120860196001,6611.0,11.95,9.09,83.75,Minority,Low_poverty,LPM,25.6381055,-80.4748378
120860116002,2335.0,9.76,16.32,87.5,Minority,Low_poverty,LPM,25.9343163,-80.3051921
120860013026,1287.0,11.58,16.16,87.17,Minority,Low_poverty,LPM,25.8435724,-80.1855292
120860194002,5345.0,22.81,22.82,71.58,Minority,Low_poverty,LPM,25.6505374,-80.4070121
120860090232,3423.0,0.85,13.58,99.15,Minority,Low_poverty,LPM,25.7706205,-80.3836505
120860001272,962.0,48.65,15.49,46.99,Other,Low_poverty,LPO,25.9360103,-80.1359885
120860002122,2376.0,9.85,16.92,84.85,Minority,Low_poverty,LPM,25.9325811,-80.1557721
120860093071,2360.0,0.0,6.1,93.18,Minority,Low_poverty,LPM,25.8943979,-80.2935501
120860057042,2562.0,6.67,34.82,92.24,Minority,High_poverty,HPM,25.773864,-80.2792378
120860085013,808.0,18.07,9.16,80.94,Minority,Low_poverty,LPM,25.7200924,-80.3435191
120860013012,1127.0,9.94,10.47,88.29,Minority,Low_poverty,LPM,25.8477167,-80.1667341
120860147002,2157.0,2.32,3.34,97.36,Minority,Low_poverty,LPM,25.7499288,-80.3928408
120860018022,1553.0,5.15,39.86,93.82,Minority,High_poverty,HPM,25.820674,-80.2264479
120860067021,5643.0,42.67,9.76,52.3,Minority,Low_poverty,LPM,25.7668622,-80.1943153
120860124002,3623.0,6.98,0.0,92.52,Minority,Low_poverty,LPM,25.9354147,-80.3471077
120860076051,872.0,16.4,19.38,83.6,Minority,Low_poverty,LPM,25.7314082,-80.3061193
120860001251,1169.0,33.45,11.12,64.93,Minority,Low_poverty,LPM,25.9358328,-80.1237398
120860084181,2998.0,11.44,6.17,79.92,Minority,Low_poverty,LPM,25.6990808,-80.3740058
120860038013,642.0,53.43,1.87,32.09,White,Low_poverty,LPW,25.8830942,-80.1326274
120860013013,985.0,36.75,2.98,53.1,Minority,Low_poverty,LPM,25.8498169,-80.1805915
120860059023,1587.0,3.28,13.3,96.72,Minority,Low_poverty,LPM,25.7591245,-80.3137635
120860001181,977.0,70.83,12.08,22.62,White,Low_poverty,LPW,25.9340831,-80.1209383
120860027061,1055.0,29.38,7.74,66.06,Minority,Low_poverty,LPM,25.8023077,-80.1863594
120860062052,614.0,6.51,14.01,93.49,Minority,Low_poverty,LPM,25.763774,-80.2579552
120860041022,803.0,58.28,20.92,41.1,White,Low_poverty,LPW,25.7793905,-80.1515663
120860070021,1547.0,4.72,22.11,94.05,Minority,Low_poverty,LPM,25.7416026,-80.2411422
120860098033,2180.0,12.02,10.09,87.99,Minority,Low_poverty,LPM,25.9694473,-80.1733463
120860084171,1557.0,8.29,13.81,91.71,Minority,Low_poverty,LPM,25.6708562,-80.3728446
120860184002,1691.0,9.88,9.46,88.58,Minority,Low_poverty,LPM,25.6678458,-80.4446405
120860027036,889.0,51.74,3.82,37.23,White,Low_poverty,LPW,25.7906114,-80.1755611
120860046022,928.0,14.66,0.0,85.34,Minority,Low_poverty,LPM,25.6953648,-80.164804
120860097032,2149.0,59.1,2.28,36.76,White,Low_poverty,LPW,25.9655434,-80.1537082
120860047015,764.0,20.68,1.31,78.4,Minority,Low_poverty,LPM,25.8357334,-80.3009455
120860005011,1585.0,6.44,26.88,93.06,Minority,Low_poverty,LPM,25.9210263,-80.2504923
120860087023,1827.0,4.11,15.71,88.4,Minority,Low_poverty,LPM,25.7189084,-80.3625747
120860098061,1801.0,26.87,8.38,72.52,Minority,Low_poverty,LPM,25.9578524,-80.1853725
120860046052,1615.0,23.9,3.34,76.1,Minority,Low_poverty,LPM,25.6971547,-80.1605969
120860090362,4326.0,11.65,23.28,88.03,Minority,Low_poverty,LPM,25.8329992,-80.3816357
120860164001,2465.0,4.42,4.3,93.79,Minority,Low_poverty,LPM,25.7198977,-80.4715015
120860186005,981.0,9.17,0.0,84.3,Minority,Low_poverty,LPM,25.6731907,-80.4307768
120860029001,2677.0,2.47,27.36,94.88,Minority,Low_poverty,LPM,25.7989899,-80.2095986
120860108022,3047.0,5.12,35.05,94.88,Minority,High_poverty,HPM,25.5260688,-80.4171326
120860203003,784.0,9.31,18.37,89.28,Minority,Low_poverty,LPM,25.6086455,-80.3836568
120860155001,1705.0,4.63,18.53,95.36,Minority,Low_poverty,LPM,25.7389303,-80.3876078
120860005033,838.0,0.0,49.28,100.0,Minority,High_poverty,HPM,25.8812847,-80.2547016
120860170001,1928.0,4.51,12.45,94.97,Minority,Low_poverty,LPM,25.7120541,-80.4099792
120860008061,2392.0,0.67,26.55,99.08,Minority,Low_poverty,LPM,25.8435032,-80.2666955
120860039192,1692.0,44.62,2.42,54.67,Minority,Low_poverty,LPM,25.8376204,-80.1213875
120860010032,941.0,6.91,36.88,91.71,Minority,High_poverty,HPM,25.8482491,-80.229555
120860139002,2130.0,2.39,11.08,97.61,Minority,Low_poverty,LPM,25.8773103,-80.3426154
120860001202,1296.0,54.24,4.01,43.98,White,Low_poverty,LPW,25.8994829,-80.1448803
120860051022,1484.0,12.53,15.5,83.9,Minority,Low_poverty,LPM,25.7850088,-80.2252041
120860159002,1408.0,8.66,12.54,89.56,Minority,Low_poverty,LPM,25.7180865,-80.4112231
120860011044,695.0,36.55,5.18,61.01,Minority,Low_poverty,LPM,25.856531,-80.1881444
120860076061,1271.0,27.85,5.98,63.81,Minority,Low_poverty,LPM,25.7231738,-80.2977093
120860090431,562.0,1.25,15.84,98.75,Minority,Low_poverty,LPM,25.8428427,-80.372502
120860077052,2690.0,21.26,8.36,76.88,Minority,Low_poverty,LPM,25.6938988,-80.3200153
120860122002,1829.0,19.25,5.75,80.75,Minority,Low_poverty,LPM,25.9372565,-80.3320341
120860076042,1252.0,36.34,0.0,63.66,Minority,Low_poverty,LPM,25.6936689,-80.2899999
120860115001,898.0,23.39,18.82,60.58,Minority,Low_poverty,LPM,25.4732297,-80.5273647
120860010041,901.0,2.33,40.4,93.67,Minority,High_poverty,HPM,25.8440011,-80.2094282
120860089023,3141.0,2.01,14.77,97.77,Minority,Low_poverty,LPM,25.7509754,-80.3467726
120860004042,1663.0,3.07,30.61,96.94,Minority,High_poverty,HPM,25.8903063,-80.2290664
120860049012,2078.0,2.65,14.03,97.35,Minority,Low_poverty,LPM,25.779792,-80.2687768
120860013015,803.0,1.49,35.37,98.51,Minority,High_poverty,HPM,25.8495418,-80.1862736
120860106101,1359.0,36.94,28.79,63.06,Minority,Low_poverty,LPM,25.5920319,-80.3249029
120860090434,2549.0,12.08,8.03,85.88,Minority,Low_poverty,LPM,25.8448058,-80.3828658
120860004113,3393.0,1.15,28.5,97.12,Minority,Low_poverty,LPM,25.872823,-80.2211655
120860130002,2743.0,3.83,16.77,96.17,Minority,Low_poverty,LPM,25.8897008,-80.3358568
120860073004,1107.0,44.17,24.39,53.3,Minority,Low_poverty,LPM,25.7222813,-80.2543342
120860049021,3881.0,0.75,45.63,99.25,Minority,High_poverty,HPM,25.7751179,-80.2688364
120860114041,4944.0,11.63,68.03,86.53,Minority,High_poverty,HPM,25.4118989,-80.5066477
120860190002,1517.0,10.15,13.12,85.3,Minority,Low_poverty,LPM,25.684273,-80.4040967
120860106123,761.0,37.45,4.47,62.54,Minority,Low_poverty,LPM,25.5684382,-80.3447355
120860046071,1788.0,37.3,8.0,60.74,Minority,Low_poverty,LPM,25.6919529,-80.1592334
120860001211,1046.0,63.58,7.55,28.59,White,Low_poverty,LPW,25.95761,-80.1262258
120860010045,1178.0,1.19,35.74,97.03,Minority,High_poverty,HPM,25.8435797,-80.2294001
120860060014,1908.0,9.22,6.52,90.78,Minority,Low_poverty,LPM,25.7437605,-80.3002671
120860137002,3230.0,0.9,20.22,98.02,Minority,Low_poverty,LPM,25.8604723,-80.3281228
120860057011,2145.0,2.14,12.91,97.86,Minority,Low_poverty,LPM,25.7736199,-80.2967023
120860024021,2402.0,3.91,41.92,95.67,Minority,High_poverty,HPM,25.7983305,-80.2275235
120860064013,2254.0,5.32,22.54,94.67,Minority,Low_poverty,LPM,25.7633412,-80.2356399
120860034001,918.0,0.98,36.96,99.02,Minority,High_poverty,HPM,25.7863952,-80.1980532
120860114033,2065.0,5.13,31.48,94.87,Minority,High_poverty,HPM,25.4541486,-80.4974827
120860008062,2383.0,2.01,39.27,97.98,Minority,High_poverty,HPM,25.8479117,-80.2813949
120860067073,1206.0,17.99,3.81,75.7,Minority,Low_poverty,LPM,25.7670527,-80.1859228
120860084091,1387.0,36.7,6.78,60.2,Minority,Low_poverty,LPM,25.647688,-80.343156
120860115003,1283.0,8.73,6.0,91.27,Minority,Low_poverty,LPM,25.7136906,-80.7200816
120860005012,1157.0,18.76,31.91,79.77,Minority,High_poverty,HPM,25.9204158,-80.2585178
120860121006,3612.0,7.42,19.19,92.58,Minority,Low_poverty,LPM,25.9413008,-80.3240649
120860139001,2475.0,3.6,7.27,96.41,Minority,Low_poverty,LPM,25.8718816,-80.3413505
120860102053,1728.0,11.23,23.67,87.5,Minority,Low_poverty,LPM,25.5866848,-80.384451
120860025023,947.0,3.38,34.64,96.62,Minority,High_poverty,HPM,25.8090437,-80.2101785
120860012041,1229.0,24.82,2.77,59.81,Minority,Low_poverty,LPM,25.8867442,-80.1538432
120860098073,2476.0,9.98,0.53,87.23,Minority,Low_poverty,LPM,25.9680233,-80.1953525
120860097031,1008.0,71.83,0.0,27.58,White,Low_poverty,LPW,25.9694731,-80.1630886
120860106131,1336.0,33.98,12.95,61.3,Minority,Low_poverty,LPM,25.5856681,-80.3084594
120860080004,1590.0,25.35,3.96,74.65,Minority,Low_poverty,LPM,25.6706729,-80.2709056
120860038015,861.0,24.16,21.14,74.68,Minority,Low_poverty,LPM,25.8896891,-80.1318862
120860037071,1632.0,31.62,12.75,65.69,Minority,Low_poverty,LPM,25.7780194,-80.1900767
120860090243,2667.0,6.6,21.63,89.46,Minority,Low_poverty,LPM,25.7800164,-80.3474731
120860078043,916.0,24.34,18.34,62.01,Minority,Low_poverty,LPM,25.6857413,-80.3213372
120860193001,2452.0,28.02,9.22,71.17,Minority,Low_poverty,LPM,25.6373314,-80.3884505
120860152001,7723.0,6.91,5.52,92.55,Minority,Low_poverty,LPM,25.7362301,-80.4685332
120860067072,1751.0,39.75,9.42,56.42,Minority,Low_poverty,LPM,25.7663566,-80.1843283
120860088051,2110.0,5.26,24.5,94.74,Minority,Low_poverty,LPM,25.7365899,-80.3417262
120860089071,1863.0,6.55,4.62,93.34,Minority,Low_poverty,LPM,25.756134,-80.3581527
120860090351,697.0,0.0,10.64,83.64,Minority,Low_poverty,LPM,25.8140399,-80.3236109
120860090154,1548.0,3.29,10.06,95.16,Minority,Low_poverty,LPM,25.7726162,-80.3484924
120860133002,1516.0,0.33,6.93,97.56,Minority,Low_poverty,LPM,25.8812496,-80.3425605
120860120002,3152.0,1.59,10.6,98.41,Minority,Low_poverty,LPM,25.9390151,-80.3097313
120860110013,2850.0,10.11,27.72,89.89,Minority,Low_poverty,LPM,25.4806228,-80.4595954
120860102041,3155.0,6.75,11.82,91.47,Minority,Low_poverty,LPM,25.589987,-80.403393
120860188002,3720.0,29.33,17.55,59.87,Minority,Low_poverty,LPM,25.6633949,-80.4200809
120860076064,1243.0,14.48,3.14,81.82,Minority,Low_poverty,LPM,25.7282006,-80.2970423
120860055013,1358.0,1.62,30.93,82.7,Minority,High_poverty,HPM,25.7736949,-80.2522634
120860070013,2929.0,8.74,9.45,91.26,Minority,Low_poverty,LPM,25.7446893,-80.2502945
120860065031,1265.0,9.17,11.94,89.72,Minority,Low_poverty,LPM,25.7563082,-80.2262896
120860064024,968.0,12.71,30.48,87.29,Minority,High_poverty,HPM,25.7635898,-80.2245013
120860099032,3345.0,0.0,6.91,97.91,Minority,Low_poverty,LPM,25.9471636,-80.2377091
120860093111,1652.0,4.18,30.51,95.82,Minority,High_poverty,HPM,25.8810394,-80.3033953
120860190005,927.0,26.86,16.67,73.14,Minority,Low_poverty,LPM,25.6764616,-80.4126276
120860148001,420.0,0.0,17.38,100.0,Minority,Low_poverty,LPM,25.7597107,-80.4064733
120860169001,1722.0,3.72,10.53,95.59,Minority,Low_poverty,LPM,25.707282,-80.4162143
120860197002,485.0,22.89,30.72,63.92,Minority,High_poverty,HPM,25.6168896,-80.4602664
120860108011,5272.0,4.89,29.37,92.79,Minority,Low_poverty,LPM,25.5051793,-80.4214417
120860110082,1953.0,21.71,2.56,68.72,Minority,Low_poverty,LPM,25.481305,-80.4146133
120860067112,1735.0,38.04,20.46,52.39,Minority,Low_poverty,LPM,25.7642428,-80.1891435
120860120001,2344.0,2.47,23.89,95.39,Minority,Low_poverty,LPM,25.9404654,-80.3165956
120860084142,1989.0,25.84,5.73,56.05,Minority,Low_poverty,LPM,25.6607612,-80.3756262
120860083043,1681.0,0.0,21.71,100.0,Minority,Low_poverty,LPM,25.6381131,-80.3819853
120860020012,934.0,2.25,47.33,97.75,Minority,High_poverty,HPM,25.8346776,-80.1923175
120860015022,1541.0,2.66,39.2,97.34,Minority,High_poverty,HPM,25.8360889,-80.2311557
120860053023,1943.0,4.68,38.5,94.13,Minority,High_poverty,HPM,25.7677893,-80.2128937
120860041031,534.0,37.45,30.9,60.49,Minority,High_poverty,HPM,25.8078279,-80.1225667
120860004022,1624.0,3.45,29.43,96.56,Minority,Low_poverty,LPM,25.9227168,-80.2401756
120860006032,1759.0,2.16,21.63,97.84,Minority,Low_poverty,LPM,25.8642922,-80.2778095
120860039122,2603.0,7.07,6.34,80.64,Minority,Low_poverty,LPM,25.867268,-80.1270996
120860026002,516.0,6.01,26.74,93.99,Minority,Low_poverty,LPM,25.8047311,-80.2002589
120860021001,657.0,54.95,7.0,45.06,White,Low_poverty,LPW,25.810905,-80.1673945
120860011042,1231.0,26.0,6.66,65.72,Minority,Low_poverty,LPM,25.8572256,-80.1941914
120860009031,1217.0,0.0,27.36,99.01,Minority,Low_poverty,LPM,25.8422084,-80.2456877
120860045005,918.0,50.98,11.14,41.18,White,Low_poverty,LPW,25.7670401,-80.1333716
120860001253,167.0,18.56,0.0,53.89,Minority,Low_poverty,LPM,25.9312882,-80.1277794
120860118002,1175.0,3.49,5.28,91.92,Minority,Low_poverty,LPM,25.9451798,-80.3025993
120860018021,1854.0,0.43,35.92,99.57,Minority,High_poverty,HPM,25.8181651,-80.2304062
120860054091,2399.0,0.0,33.08,100.0,Minority,High_poverty,HPM,25.7709514,-80.224763
120860090273,913.0,0.55,5.15,98.03,Minority,Low_poverty,LPM,25.7788492,-80.3371798
120860098082,1615.0,17.21,10.34,81.86,Minority,Low_poverty,LPM,25.9589898,-80.1978548
120860068022,1234.0,56.97,8.27,42.22,White,Low_poverty,LPW,25.7405295,-80.2182613
120860097041,2915.0,55.23,3.77,37.53,White,Low_poverty,LPW,25.9554012,-80.1624294
120860171002,2460.0,4.84,23.54,95.16,Minority,Low_poverty,LPM,25.7067183,-80.407047
120860168002,1997.0,8.41,8.76,83.32,Minority,Low_poverty,LPM,25.709883,-80.4260118
120860119002,659.0,16.24,5.46,76.18,Minority,Low_poverty,LPM,25.9498714,-80.3231763
120860060015,1218.0,9.36,2.3,89.74,Minority,Low_poverty,LPM,25.7432849,-80.3059896
120860017031,922.0,0.43,32.83,94.57,Minority,High_poverty,HPM,25.8086356,-80.2437962
120860018034,414.0,17.15,52.9,82.85,Minority,High_poverty,HPM,25.8221346,-80.2386868
120860057041,2603.0,0.0,10.45,100.0,Minority,Low_poverty,LPM,25.7771348,-80.2760978
120860039181,1080.0,32.13,2.59,51.85,Minority,Low_poverty,LPM,25.8468322,-80.1585194
120860003011,2609.0,18.74,7.4,72.94,Minority,Low_poverty,LPM,25.9254896,-80.1921457
120860002061,1753.0,4.45,29.26,90.99,Minority,Low_poverty,LPM,25.9203319,-80.1598781
120860001332,2263.0,70.08,8.09,29.12,White,Low_poverty,LPW,25.9709833,-80.1298824
120860004122,1456.0,12.71,26.92,83.45,Minority,Low_poverty,LPM,25.8663894,-80.238368
120860007073,1878.0,6.5,30.19,91.38,Minority,High_poverty,HPM,25.8596358,-80.301391
120860169002,2860.0,9.16,11.96,90.84,Minority,Low_poverty,LPM,25.7063866,-80.4230462
120860104001,960.0,2.4,25.63,97.09,Minority,Low_poverty,LPM,25.5617188,-80.389682
120860125001,4312.0,2.41,8.76,97.59,Minority,Low_poverty,LPM,25.9177333,-80.3844554
120860003052,3314.0,2.99,28.24,89.59,Minority,Low_poverty,LPM,25.910846,-80.1886455
120860106121,3375.0,8.74,12.71,82.58,Minority,Low_poverty,LPM,25.5637268,-80.353331
120860066016,1120.0,19.11,15.36,80.89,Minority,Low_poverty,LPM,25.7583898,-80.2080504
120860104002,3634.0,16.79,16.03,81.86,Minority,Low_poverty,LPM,25.5475827,-80.4172049
120860006083,2383.0,1.22,19.18,98.78,Minority,Low_poverty,LPM,25.8546385,-80.2756388
120860098071,3622.0,13.42,16.15,83.66,Minority,Low_poverty,LPM,25.9655207,-80.1945803
120860001303,1274.0,56.75,8.35,40.9,White,Low_poverty,LPW,25.9103467,-80.1238839
120860090283,2559.0,8.09,12.23,90.93,Minority,Low_poverty,LPM,25.7794285,-80.3571908
120860001223,616.0,82.79,2.6,17.21,White,Low_poverty,LPW,25.9634457,-80.125379
120860107043,1825.0,5.1,11.73,94.91,Minority,Low_poverty,LPM,25.5131702,-80.3505416
120860083081,925.0,8.11,21.84,86.05,Minority,Low_poverty,LPM,25.6069877,-80.3758234
120860025013,786.0,0.0,52.04,100.0,Minority,High_poverty,HPM,25.8034688,-80.2194545
120860001334,1562.0,62.1,0.58,34.31,White,Low_poverty,LPW,25.971756,-80.1254347
120860090352,1041.0,22.29,5.57,77.72,Minority,Low_poverty,LPM,25.8308055,-80.3482381
120860200004,1660.0,1.63,7.29,98.37,Minority,Low_poverty,LPM,25.609468,-80.4260829
120860183001,1764.0,12.02,2.44,86.62,Minority,Low_poverty,LPM,25.6751661,-80.4464431
120860061023,687.0,27.37,9.02,72.63,Minority,Low_poverty,LPM,25.7400799,-80.2796685
120860107034,4243.0,2.31,10.13,97.01,Minority,Low_poverty,LPM,25.5318049,-80.4014196
120860092003,743.0,11.57,5.11,88.43,Minority,Low_poverty,LPM,25.8736288,-80.2974361
120860090401,3175.0,11.24,14.72,86.29,Minority,Low_poverty,LPM,25.8569978,-80.3519332
120860002171,3398.0,6.0,21.36,89.09,Minority,Low_poverty,LPM,25.9096278,-80.1813278
120860100061,2030.0,0.0,11.87,100.0,Minority,Low_poverty,LPM,25.9292459,-80.2648487
120860151002,3088.0,14.57,3.66,83.51,Minority,Low_poverty,LPM,25.7576933,-80.4642446
120860084192,1927.0,25.58,5.18,71.51,Minority,Low_poverty,LPM,25.6979583,-80.3609288
120860039153,775.0,46.84,19.61,51.49,Minority,Low_poverty,LPM,25.8528536,-80.1279555
120860100151,2449.0,13.27,17.72,86.73,Minority,Low_poverty,LPM,25.9604046,-80.2898066
120860114015,7146.0,16.19,13.59,81.9,Minority,Low_poverty,LPM,25.4519713,-80.3937055
120860001311,3789.0,52.23,7.89,45.34,White,Low_poverty,LPW,25.9476654,-80.1416299
120860025022,1224.0,1.63,29.41,98.37,Minority,Low_poverty,LPM,25.8044524,-80.2086549
120860076053,2092.0,23.09,9.32,72.42,Minority,Low_poverty,LPM,25.7246408,-80.3053882
120860078072,1644.0,50.61,1.64,36.13,White,Low_poverty,LPW,25.6790989,-80.3099847
120860144001,1405.0,2.56,0.74,96.51,Minority,Low_poverty,LPM,25.7714333,-80.3940252
120860150004,1894.0,6.71,6.34,92.29,Minority,Low_poverty,LPM,25.7535333,-80.4296336
120860200006,1468.0,24.18,10.69,75.81,Minority,Low_poverty,LPM,25.6212416,-80.4253484
120860185002,2030.0,20.64,2.12,74.59,Minority,Low_poverty,LPM,25.6645039,-80.4344808
120860121005,2887.0,6.06,7.1,93.94,Minority,Low_poverty,LPM,25.9323595,-80.3127555
120860102103,2925.0,2.8,15.08,97.2,Minority,Low_poverty,LPM,25.5773125,-80.3834237
120860149001,1739.0,2.99,8.34,97.01,Minority,Low_poverty,LPM,25.7472115,-80.412343
120860022024,1152.0,5.3,35.7,93.14,Minority,High_poverty,HPM,25.8157192,-80.2045505
120860001235,860.0,40.35,25.12,50.7,Minority,Low_poverty,LPM,25.9430733,-80.1230965
120860006041,1227.0,1.63,5.13,93.97,Minority,Low_poverty,LPM,25.8677018,-80.2697378
120860089012,2162.0,11.98,11.79,88.02,Minority,Low_poverty,LPM,25.7534952,-80.3234875
120860016021,1055.0,1.71,16.68,95.55,Minority,Low_poverty,LPM,25.8195682,-80.2619332
120860083044,1904.0,3.05,4.73,96.95,Minority,Low_poverty,LPM,25.6308614,-80.3786387
120860001192,1548.0,48.58,4.52,45.93,Other,Low_poverty,LPO,25.9601425,-80.1330984
120860002144,717.0,43.38,2.09,51.6,Minority,Low_poverty,LPM,25.9390548,-80.1784518
120860078044,191.0,24.08,31.94,75.92,Minority,High_poverty,HPM,25.6838192,-80.316771
120860060012,1558.0,8.6,11.1,91.4,Minority,Low_poverty,LPM,25.7441742,-80.2942117
120860052013,2241.0,6.78,28.88,93.22,Minority,Low_poverty,LPM,25.7749108,-80.2163771
120860008082,1887.0,5.35,20.33,91.95,Minority,Low_poverty,LPM,25.8385207,-80.2829494
120860050014,857.0,0.35,16.11,99.65,Minority,Low_poverty,LPM,25.7860207,-80.245017
120860053033,1894.0,0.21,39.11,99.79,Minority,High_poverty,HPM,25.7713794,-80.2211808
120860069005,1797.0,11.52,7.79,88.48,Minority,Low_poverty,LPM,25.7458193,-80.2264262
120860099042,1891.0,0.0,17.81,89.0,Minority,Low_poverty,LPM,25.965427,-80.2350545
120860083063,2334.0,9.43,3.44,90.57,Minority,Low_poverty,LPM,25.6173194,-80.3521404
120860018012,1411.0,0.0,45.5,94.75,Minority,High_poverty,HPM,25.826132,-80.2286992
120860012052,842.0,53.8,0.71,46.2,White,Low_poverty,LPW,25.8692265,-80.1777672
120860011011,1877.0,16.04,14.17,74.37,Minority,Low_poverty,LPM,25.8753993,-80.1899821
120860040004,896.0,92.63,5.02,7.37,White,Low_poverty,LPW,25.8179465,-80.1331778
120860019012,804.0,0.0,3.86,100.0,Minority,Low_poverty,LPM,25.8340993,-80.2093508
120860082021,1298.0,35.36,7.32,61.25,Minority,Low_poverty,LPM,25.6248887,-80.3384602
120860102104,937.0,5.02,22.41,88.15,Minority,Low_poverty,LPM,25.5793491,-80.3731706
120860155004,746.0,22.52,4.96,77.48,Minority,Low_poverty,LPM,25.7332705,-80.3885677
120860146003,2590.0,2.63,9.63,97.38,Minority,Low_poverty,LPM,25.7534894,-80.387837
120860122001,2522.0,18.04,12.37,81.96,Minority,Low_poverty,LPM,25.9304176,-80.3323276
120860039222,829.0,39.2,7.84,57.9,Minority,Low_poverty,LPM,25.8305481,-80.1206954
120860166002,2052.0,2.1,9.02,97.9,Minority,Low_poverty,LPM,25.7029173,-80.4449338
120860001282,387.0,72.61,6.46,27.39,White,Low_poverty,LPW,25.9313784,-80.1337781
120860002022,1475.0,13.22,14.61,84.74,Minority,Low_poverty,LPM,25.9327999,-80.1643015
