origin_geoid,Tot_Population_ACS_15_19,pct_NH_White_alone_ACS_15_19,pct_Prs_Blw_Pov_Lev_ACS_15_19,pct_Minority,Race,Poverty,origin_geoid_type,latitude,longitude
360850207001,1668.0,12.95,19.42,85.25,Minority,Low_poverty,LPM,40.6390101,-74.1378562
360470336001,1011.0,62.02,9.38,26.61,White,Low_poverty,LPW,40.5769715,-74.0056138
360810361001,816.0,5.39,16.36,86.88,Minority,Low_poverty,LPM,40.7629203,-73.8729393
360610136002,1232.0,92.94,4.22,7.06,White,Low_poverty,LPW,40.7734997,-73.9503675
360470030002,725.0,51.72,10.62,28.41,White,Low_poverty,LPW,40.637753,-74.0296355
360050179023,1515.0,0.2,28.91,99.8,Minority,Low_poverty,LPM,40.8379269,-73.9137337
360050429021,2143.0,3.13,27.67,90.11,Minority,Low_poverty,LPM,40.877118,-73.8733682
360050411001,1457.0,7.89,11.68,85.38,Minority,Low_poverty,LPM,40.8772746,-73.8860964
360050153002,1072.0,0.0,59.56,100.0,Minority,High_poverty,HPM,40.8326223,-73.8953369
360050297003,1033.0,59.44,9.94,32.24,White,Low_poverty,LPW,40.8843517,-73.9133971
360470203002,812.0,33.0,10.59,52.83,Minority,Low_poverty,LPM,40.6802857,-73.9663685
360050127012,824.0,1.21,23.3,90.54,Minority,Low_poverty,LPM,40.8253679,-73.8933822
360050064004,1301.0,10.3,31.82,79.86,Minority,High_poverty,HPM,40.835148,-73.8725912
360810181011,973.0,26.0,7.81,43.47,Other,Low_poverty,LPO,40.7463797,-73.9237492
360050370003,676.0,1.78,18.79,96.15,Minority,Low_poverty,LPM,40.8741152,-73.8597875
360610153007,1701.0,85.83,5.29,5.47,White,Low_poverty,LPW,40.7736324,-73.9796988
360050200001,1423.0,5.2,15.53,85.66,Minority,Low_poverty,LPM,40.8419004,-73.8452652
360610175003,2099.0,90.09,6.05,3.33,White,Low_poverty,LPW,40.789748,-73.9788582
360810972043,957.0,4.91,0.0,87.15,Minority,Low_poverty,LPM,40.5934335,-73.7873843
360850277053,2018.0,58.13,4.62,15.81,White,Low_poverty,LPW,40.5857017,-74.1594826
360470267004,966.0,22.98,16.77,70.08,Minority,Low_poverty,LPM,40.6828739,-73.9438194
360470598002,1379.0,73.1,6.16,8.12,White,Low_poverty,LPW,40.5870644,-73.935179
360471012002,798.0,1.63,24.94,88.97,Minority,Low_poverty,LPM,40.6389103,-73.8927591
360470305001,868.0,58.99,30.07,37.44,White,High_poverty,HPW,40.6786379,-73.9585932
360470478001,861.0,57.96,29.38,10.34,White,Low_poverty,LPW,40.6327976,-73.9773273
360050338002,563.0,22.2,23.98,77.8,Minority,Low_poverty,LPM,40.8701718,-73.8647668
360470810002,894.0,8.17,10.96,72.7,Minority,Low_poverty,LPM,40.6585916,-73.9449582
360810407002,1578.0,3.93,21.86,90.62,Minority,Low_poverty,LPM,40.7510655,-73.8661355
360470227003,492.0,47.97,1.63,39.43,Other,Low_poverty,LPO,40.681092,-73.9599204
360810047001,1361.0,60.84,5.29,9.55,White,Low_poverty,LPW,40.7597041,-73.9319208
360811403001,995.0,29.05,4.02,5.93,Other,Low_poverty,LPO,40.7487685,-73.7681073
360610059003,2127.0,65.82,6.0,17.91,White,Low_poverty,LPW,40.7302178,-73.9949184
360811157003,651.0,7.37,25.5,18.43,Other,Low_poverty,LPO,40.7644331,-73.8151266
360470198001,781.0,32.14,8.34,3.97,Other,Low_poverty,LPO,40.620499,-74.0054318
360470419002,881.0,11.24,28.6,88.77,Minority,Low_poverty,LPM,40.6955319,-73.9214087
360810384002,961.0,0.52,5.78,99.48,Minority,Low_poverty,LPM,40.692397,-73.7491062
360810664007,2572.0,0.62,3.3,97.59,Minority,Low_poverty,LPM,40.6517203,-73.7293173
360470439003,791.0,14.54,43.99,74.46,Minority,High_poverty,HPM,40.699214,-73.9115926
360050119001,2136.0,1.4,21.68,96.96,Minority,Low_poverty,LPM,40.8227984,-73.891059
360810085001,798.0,36.47,38.72,45.37,Other,High_poverty,HPO,40.7622998,-73.9392235
360470261001,709.0,14.39,21.86,75.88,Minority,Low_poverty,LPM,40.6936609,-73.9445151
360810697012,1011.0,29.87,42.33,38.78,Other,High_poverty,HPO,40.726982,-73.8603718
360050337001,509.0,53.24,1.18,42.83,White,Low_poverty,LPW,40.9115844,-73.9021204
360470360012,946.0,86.89,40.17,0.95,White,High_poverty,HPW,40.5756774,-73.9657115
360050255001,2988.0,1.1,27.9,91.1,Minority,Low_poverty,LPM,40.8602854,-73.9077601
360470184002,1440.0,50.83,16.84,8.4,White,Low_poverty,LPW,40.6143509,-74.0082418
360470333002,1963.0,85.12,23.08,14.88,White,Low_poverty,LPW,40.6653166,-73.9411812
360811029001,2009.0,75.76,1.49,14.39,White,Low_poverty,LPW,40.7847919,-73.8080214
360850189012,2007.0,73.59,6.89,10.26,White,Low_poverty,LPW,40.6122966,-74.1434021
360050027022,766.0,0.0,25.38,100.0,Minority,Low_poverty,LPM,40.8051914,-73.9134345
360811129002,599.0,62.94,3.01,0.33,White,Low_poverty,LPW,40.7655021,-73.7788395
360050293023,1973.0,61.07,16.07,32.44,White,Low_poverty,LPW,40.8788821,-73.9146787
360470588002,1680.0,73.75,11.07,4.58,White,Low_poverty,LPW,40.5887149,-73.9573876
360050398001,1862.0,0.59,3.7,99.41,Minority,Low_poverty,LPM,40.8822716,-73.8521655
360610210003,2190.0,0.0,47.99,93.75,Minority,High_poverty,HPM,40.8114628,-73.9375233
360810105004,984.0,45.22,12.8,22.05,Other,Low_poverty,LPO,40.781003,-73.9104401
360470529002,1581.0,96.77,60.78,3.23,White,High_poverty,HPW,40.7057451,-73.9538584
360470866001,1453.0,5.92,9.78,89.33,Minority,Low_poverty,LPM,40.6582326,-73.9267174
360811621005,1277.0,7.67,8.07,40.96,Other,Low_poverty,LPO,40.7251226,-73.7280772
360810113003,816.0,73.65,8.82,21.94,White,Low_poverty,LPW,40.7750312,-73.9067288
360050042002,1819.0,16.55,53.33,83.46,Minority,High_poverty,HPM,40.8223202,-73.8650394
360610235014,1826.0,18.89,31.26,74.48,Minority,High_poverty,HPM,40.830159,-73.9427654
360810889015,1121.0,24.62,0.0,6.07,Other,Low_poverty,LPO,40.7693839,-73.8298781
360810713062,2740.0,42.88,8.1,23.87,Other,Low_poverty,LPO,40.725305,-73.8561777
360610173003,1695.0,48.97,1.59,18.94,Other,Low_poverty,LPO,40.7890192,-73.9721822
360810549003,1994.0,8.43,8.12,76.28,Minority,Low_poverty,LPM,40.7020275,-73.9078963
360470153001,170.0,49.41,5.41,37.65,Other,Low_poverty,LPO,40.6681382,-73.9788903
360810566001,621.0,7.57,7.25,46.06,Other,Low_poverty,LPO,40.7202468,-73.7371915
360050375042,1033.0,0.0,62.83,100.0,Minority,High_poverty,HPM,40.8497198,-73.8929469
360850138004,1641.0,72.52,18.28,27.48,White,Low_poverty,LPW,40.5716696,-74.1264393
360470287001,1248.0,26.2,23.48,62.1,Minority,Low_poverty,LPM,40.6965325,-73.9362369
360610065001,1839.0,76.18,3.06,12.62,White,Low_poverty,LPW,40.7310157,-73.9986169
360610205001,2640.0,66.33,2.8,14.36,White,Low_poverty,LPW,40.8105786,-73.9651393
360470313001,1181.0,11.18,14.84,87.47,Minority,Low_poverty,LPM,40.6773296,-73.9428373
360470508011,1399.0,10.79,10.29,86.28,Minority,Low_poverty,LPM,40.6509508,-73.9619198
360471058013,1576.0,34.33,29.7,64.53,Minority,Low_poverty,LPM,40.6463609,-73.8780153
360610126006,1538.0,90.31,2.86,3.71,White,Low_poverty,LPW,40.7693023,-73.9564521
360470155002,1301.0,78.4,4.92,16.3,White,Low_poverty,LPW,40.6708131,-73.9783102
360050418004,532.0,0.0,16.73,78.01,Minority,Low_poverty,LPM,40.8949803,-73.8581995
360050141003,2206.0,4.4,36.4,93.42,Minority,High_poverty,HPM,40.823395,-73.9134916
360050365022,1274.0,0.63,23.72,97.96,Minority,Low_poverty,LPM,40.8429416,-73.8886942
360470389001,1220.0,24.34,11.54,57.29,Minority,Low_poverty,LPM,40.7004922,-73.9385638
360610170003,1286.0,25.51,16.5,68.74,Minority,Low_poverty,LPM,40.7894699,-73.9417304
360050016002,788.0,10.15,34.4,81.72,Minority,High_poverty,HPM,40.8163332,-73.8598809
360050213021,2218.0,0.0,42.79,98.51,Minority,High_poverty,HPM,40.842708,-73.9190807
360610152005,1172.0,78.33,5.97,7.59,White,Low_poverty,LPW,40.7786484,-73.946612
360470485002,1393.0,62.53,13.93,32.95,White,Low_poverty,LPW,40.7042412,-73.9357347
360470894002,639.0,0.0,28.64,91.71,Minority,Low_poverty,LPM,40.6615977,-73.9170789
360050227012,2003.0,2.1,47.73,93.01,Minority,High_poverty,HPM,40.8474072,-73.9092141
360471168001,1270.0,1.42,21.02,97.87,Minority,Low_poverty,LPM,40.6789419,-73.8817457
360470065005,557.0,97.31,6.28,2.69,White,Low_poverty,LPW,40.6788091,-73.9997902
360471134001,1106.0,3.71,55.24,95.03,Minority,High_poverty,HPM,40.668673,-73.8996196
360050414001,1121.0,0.54,9.39,91.08,Minority,Low_poverty,LPM,40.9007812,-73.8542204
360811157002,1535.0,11.07,22.74,11.6,Other,Low_poverty,LPO,40.7663639,-73.8151943
360470438002,1507.0,73.86,27.48,8.3,White,Low_poverty,LPW,40.610203,-73.972245
360470276002,1004.0,40.04,16.14,13.55,Other,Low_poverty,LPO,40.6109221,-73.9987906
360850187023,1005.0,54.63,3.88,9.25,White,Low_poverty,LPW,40.6015128,-74.1238416
360810183002,822.0,25.55,5.84,43.67,Other,Low_poverty,LPO,40.7459501,-73.9200369
360810721003,990.0,53.43,35.35,14.24,White,High_poverty,HPW,40.7312876,-73.853869
360470410002,1005.0,70.35,26.37,3.78,White,Low_poverty,LPW,40.6017125,-73.9766867
360610159002,1294.0,78.36,4.17,14.91,White,Low_poverty,LPW,40.7800753,-73.9861807
360470258003,1601.0,54.28,6.87,16.86,White,Low_poverty,LPW,40.6146264,-73.9896246
360470732002,1176.0,2.21,9.35,91.41,Minority,Low_poverty,LPM,40.6289815,-73.9337691
360470628002,1199.0,74.73,23.44,8.26,White,Low_poverty,LPW,40.5951284,-73.9313419
360810363002,769.0,0.0,23.8,96.75,Minority,Low_poverty,LPM,40.7582115,-73.8691063
360610082003,1007.0,64.45,7.94,12.71,White,Low_poverty,LPW,40.7487375,-73.9822414
360470506002,810.0,23.21,12.59,57.41,Minority,Low_poverty,LPM,40.6495157,-73.9655074
360610215002,2965.0,5.8,26.76,92.41,Minority,Low_poverty,LPM,40.8145684,-73.9486749
360610056001,1867.0,64.06,27.34,21.96,White,Low_poverty,LPW,40.7425523,-73.9862884
360470039001,1166.0,46.83,4.37,30.96,Other,Low_poverty,LPO,40.6859283,-73.9803032
360470449001,218.0,3.21,80.2,91.75,Minority,High_poverty,HPM,40.7162931,-73.9379766
360470954001,1547.0,0.97,4.91,96.58,Minority,Low_poverty,LPM,40.6405458,-73.9164074
360470894001,890.0,1.01,2.7,98.99,Minority,Low_poverty,LPM,40.6636733,-73.9174853
360810283004,1032.0,13.66,5.72,80.62,Minority,Low_poverty,LPM,40.7496648,-73.8847713
360810555001,1013.0,35.24,19.15,61.01,Minority,Low_poverty,LPM,40.6985887,-73.9020852
360050338001,1085.0,1.38,0.55,84.8,Minority,Low_poverty,LPM,40.8704586,-73.8661642
360470152001,900.0,67.78,9.44,13.78,White,Low_poverty,LPW,40.612921,-74.0252284
360810664005,1230.0,9.02,16.76,90.98,Minority,Low_poverty,LPM,40.654426,-73.7347313
360470067001,696.0,79.17,3.74,12.21,White,Low_poverty,LPW,40.6848991,-73.9958145
360610199003,1205.0,57.43,48.46,15.35,White,High_poverty,HPW,40.8057958,-73.9636597
360050411002,814.0,15.36,24.57,81.45,Minority,Low_poverty,LPM,40.8758466,-73.887399
360470317012,991.0,33.6,13.71,60.64,Minority,Low_poverty,LPM,40.6738669,-73.9501244
360050389002,1126.0,27.0,55.37,70.07,Minority,High_poverty,HPM,40.8565475,-73.8852459
360050213022,629.0,0.0,41.18,98.25,Minority,High_poverty,HPM,40.8442973,-73.9195885
360810159003,445.0,38.2,27.19,52.81,Minority,Low_poverty,LPM,40.7544063,-73.9184476
360810281003,872.0,49.89,2.18,12.61,Other,Low_poverty,LPO,40.7499532,-73.8819799
360850134001,1542.0,65.11,17.19,33.72,White,Low_poverty,LPW,40.5724027,-74.1159577
360050251007,805.0,0.12,16.65,82.36,Minority,Low_poverty,LPM,40.8545933,-73.9088891
360470930001,1206.0,0.08,6.63,94.61,Minority,Low_poverty,LPM,40.6512823,-73.9157721
360610295004,1765.0,33.26,4.19,61.02,Minority,Low_poverty,LPM,40.8682239,-73.9226716
360810285004,1103.0,11.06,22.94,73.89,Minority,Low_poverty,LPM,40.748398,-73.8869076
360470215003,1003.0,26.22,27.62,42.67,Other,Low_poverty,LPO,40.6736111,-73.9649652
360470142003,1073.0,60.95,2.42,31.31,White,Low_poverty,LPW,40.6228775,-74.0238674
360050368001,1033.0,0.0,26.52,95.06,Minority,Low_poverty,LPM,40.8751347,-73.8545185
360610063003,977.0,81.88,6.45,6.03,White,Low_poverty,LPW,40.7338168,-73.9973162
360050041004,2711.0,0.0,67.47,100.0,Minority,High_poverty,HPM,40.8124251,-73.9219206
360610134005,1249.0,78.78,4.56,0.0,White,Low_poverty,LPW,40.7712048,-73.9550628
360810625002,1225.0,60.57,5.47,38.28,White,Low_poverty,LPW,40.7031123,-73.8818503
360810539002,1295.0,37.68,3.89,54.29,Minority,Low_poverty,LPM,40.7108018,-73.9134848
360470484001,2405.0,73.35,21.91,8.98,White,Low_poverty,LPW,40.6348846,-73.9719667
360610157007,1304.0,56.29,7.59,25.92,White,Low_poverty,LPW,40.7776699,-73.9804598
360470557001,830.0,61.45,15.06,35.3,White,Low_poverty,LPW,40.7205243,-73.9611564
360810053003,773.0,61.71,0.0,7.76,White,Low_poverty,LPW,40.7596509,-73.9294757
360610182005,2351.0,0.0,51.21,91.53,Minority,High_poverty,HPM,40.7973477,-73.9436081
360810260002,1624.0,0.25,7.76,71.0,Minority,Low_poverty,LPM,40.691683,-73.795259
360470273003,1736.0,3.8,14.57,89.45,Minority,Low_poverty,LPM,40.6803577,-73.9370804
360810437012,1423.0,16.94,20.58,73.79,Minority,Low_poverty,LPM,40.7385123,-73.8515618
360810919001,1989.0,24.59,13.43,49.02,Other,Low_poverty,LPO,40.774365,-73.8467274
360050042007,632.0,13.61,47.63,84.18,Minority,High_poverty,HPM,40.8242606,-73.8647744
360050358004,753.0,2.39,2.92,92.16,Minority,Low_poverty,LPM,40.8729628,-73.8419555
360610166003,1587.0,29.93,29.73,59.79,Minority,Low_poverty,LPM,40.7880897,-73.9482622
360050027023,1625.0,2.22,40.46,96.55,Minority,High_poverty,HPM,40.8068577,-73.9155773
360610184001,2513.0,32.15,18.9,63.23,Minority,Low_poverty,LPM,40.8007079,-73.943951
360810118001,1431.0,2.52,10.97,53.04,Minority,Low_poverty,LPM,40.6910881,-73.8327427
360850303012,1942.0,48.35,12.4,34.91,Other,Low_poverty,LPO,40.6186932,-74.1522749
360610154008,978.0,70.25,10.94,29.76,White,Low_poverty,LPW,40.7805973,-73.9512297
360810253011,917.0,55.94,6.65,17.56,White,Low_poverty,LPW,40.7456267,-73.9172535
360610097004,1112.0,38.04,22.5,16.46,Other,Low_poverty,LPO,40.7499733,-73.9969554
360810439001,1615.0,2.97,36.14,83.28,Minority,High_poverty,HPM,40.742803,-73.8571289
360050386001,1351.0,0.22,8.1,99.78,Minority,Low_poverty,LPM,40.8820899,-73.8474473
360811471001,2050.0,39.07,14.2,8.14,Other,Low_poverty,LPO,40.7625142,-73.7632017
360470049002,952.0,61.45,8.09,28.89,White,Low_poverty,LPW,40.6875997,-73.9986284
360050179021,2101.0,0.24,44.98,99.48,Minority,High_poverty,HPM,40.8367922,-73.9129954
360810306004,722.0,1.39,4.8,97.51,Minority,Low_poverty,LPM,40.6649156,-73.7863643
360610002011,637.0,18.21,20.41,9.26,Other,Low_poverty,LPO,40.7136823,-73.9861175
360610273003,2442.0,67.4,0.74,26.25,White,Low_poverty,LPW,40.8527647,-73.9387429
360610078006,1479.0,28.6,5.61,22.44,Other,Low_poverty,LPO,40.7461842,-73.9733052
360610010022,1222.0,0.0,22.75,74.3,Minority,Low_poverty,LPM,40.7165924,-73.9790721
360610220003,950.0,12.21,17.37,84.74,Minority,Low_poverty,LPM,40.8058946,-73.951852
360470802002,931.0,11.92,17.29,82.6,Minority,Low_poverty,LPM,40.6567461,-73.9528548
360470426003,1333.0,42.91,21.42,12.75,Other,Low_poverty,LPO,40.605512,-73.981651
360810525002,1218.0,30.46,17.82,55.17,Minority,Low_poverty,LPM,40.71902,-73.9082841
360610144024,2154.0,81.85,5.94,9.15,White,Low_poverty,LPW,40.7755364,-73.944285
360470236003,1656.0,97.58,65.04,1.09,White,High_poverty,HPW,40.6328571,-73.9907916
360810111002,1357.0,78.41,1.58,14.22,White,Low_poverty,LPW,40.7779594,-73.9061295
360610006002,2142.0,1.07,45.8,58.17,Minority,High_poverty,HPM,40.7111115,-73.9908457
360810592001,1516.0,0.0,2.19,98.22,Minority,Low_poverty,LPM,40.701235,-73.7297322
360470197002,643.0,59.72,0.0,33.59,White,Low_poverty,LPW,40.687649,-73.9641833
360610247004,1509.0,26.57,4.04,73.42,Minority,Low_poverty,LPM,40.8378579,-73.9452171
360470236004,1010.0,100.0,47.82,0.0,White,High_poverty,HPW,40.633415,-73.9902049
360610225005,2922.0,16.02,21.7,80.6,Minority,Low_poverty,LPM,40.821775,-73.9512823
360050059022,1885.0,4.51,44.03,92.94,Minority,High_poverty,HPM,40.8232922,-73.923912
360850020011,1014.0,46.35,21.4,32.64,Other,Low_poverty,LPO,40.6088112,-74.0731582
360470243003,989.0,20.12,31.65,79.87,Minority,High_poverty,HPM,40.6859897,-73.9525644
360470085003,2528.0,0.83,43.16,95.57,Minority,High_poverty,HPM,40.6745374,-74.0048697
360470489003,1500.0,6.27,43.33,91.67,Minority,High_poverty,HPM,40.7021276,-73.9393277
360470165004,794.0,71.41,4.53,15.24,White,Low_poverty,LPW,40.6675946,-73.9760224
360610236002,1447.0,8.29,29.65,90.05,Minority,Low_poverty,LPM,40.8263031,-73.9368497
360810079001,2036.0,45.68,23.58,23.77,Other,Low_poverty,LPO,40.7695512,-73.9296062
360050025002,1302.0,0.84,41.17,96.78,Minority,High_poverty,HPM,40.8058868,-73.9192848
360610073001,1040.0,72.88,7.21,12.21,White,Low_poverty,LPW,40.7347712,-74.0054776
360610096001,177.0,66.67,0.0,4.52,White,Low_poverty,LPW,40.7563748,-73.9808861
360610064001,2036.0,59.48,8.03,3.2,White,Low_poverty,LPW,40.7383588,-73.9820264
360050395003,1148.0,0.0,47.3,94.86,Minority,High_poverty,HPM,40.8482808,-73.8975131
360470248001,1521.0,34.12,14.99,20.97,Other,Low_poverty,LPO,40.6201414,-73.9883602
360470277001,1366.0,3.95,29.18,95.39,Minority,Low_poverty,LPM,40.6877253,-73.9374879
360610211004,969.0,0.0,62.64,100.0,Minority,High_poverty,HPM,40.8145401,-73.9586342
360470421002,917.0,35.77,24.43,63.25,Minority,Low_poverty,LPM,40.6968148,-73.9236632
360470297002,1347.0,14.85,31.7,82.03,Minority,High_poverty,HPM,40.6801765,-73.9312463
360811161001,1521.0,12.36,29.31,2.37,Other,Low_poverty,LPO,40.7682903,-73.8256007
360050398003,1129.0,0.0,7.44,100.0,Minority,Low_poverty,LPM,40.8841418,-73.854149
360810103004,643.0,43.08,5.91,22.24,Other,Low_poverty,LPO,40.7789604,-73.9122954
360470868003,1317.0,5.54,22.4,88.16,Minority,Low_poverty,LPM,40.6528997,-73.9296317
360471010002,941.0,4.36,9.73,82.47,Minority,Low_poverty,LPM,40.6352099,-73.8941821
360470499002,1070.0,79.25,8.6,13.18,White,Low_poverty,LPW,40.7202395,-73.946861
360610273002,949.0,60.17,5.48,28.56,White,Low_poverty,LPW,40.8534469,-73.9369072
360470796021,2647.0,11.56,12.99,78.84,Minority,Low_poverty,LPM,40.6539064,-73.9577561
360050374002,1298.0,3.39,37.23,94.15,Minority,High_poverty,HPM,40.8745614,-73.8671105
360810665013,1638.0,77.17,7.64,15.33,White,Low_poverty,LPW,40.720194,-73.8870202
360810515001,1188.0,73.65,1.35,15.74,White,Low_poverty,LPW,40.7320202,-73.8996302
360050312001,941.0,21.04,5.31,71.09,Minority,Low_poverty,LPM,40.8639744,-73.8425951
360610159007,1277.0,67.19,10.42,7.83,White,Low_poverty,LPW,40.7782105,-73.9837905
360810174002,1485.0,0.47,8.62,58.99,Minority,Low_poverty,LPM,40.6799006,-73.8129426
360470375001,686.0,30.17,4.52,65.6,Minority,Low_poverty,LPM,40.6862882,-73.9206244
360470325001,1046.0,22.56,7.36,62.81,Minority,Low_poverty,LPM,40.6695104,-73.9569388
360470417001,773.0,0.78,8.8,92.88,Minority,Low_poverty,LPM,40.6941862,-73.9162852
360470377001,871.0,11.94,45.24,77.27,Minority,High_poverty,HPM,40.6855562,-73.9204762
360470090002,1075.0,10.98,4.68,40.84,Other,Low_poverty,LPO,40.6465865,-73.9962083
360610225004,1462.0,3.21,23.6,95.48,Minority,Low_poverty,LPM,40.8228484,-73.9500485
360610090001,1495.0,59.13,18.46,19.46,White,Low_poverty,LPW,40.7517698,-73.9711945
360050152001,980.0,26.22,15.41,71.02,Minority,Low_poverty,LPM,40.8267175,-73.8272098
360050166002,733.0,17.74,10.1,77.49,Minority,Low_poverty,LPM,40.8285043,-73.832057
360470258001,1478.0,43.98,22.13,16.85,Other,Low_poverty,LPO,40.6119586,-73.9852083
360471166003,1246.0,3.77,11.48,96.22,Minority,Low_poverty,LPM,40.6733063,-73.8818885
360050449022,943.0,73.91,15.19,19.2,White,Low_poverty,LPW,40.8975667,-73.8688112
360810279001,1371.0,25.46,2.25,56.82,Minority,Low_poverty,LPM,40.7541649,-73.8803759
360470313002,1002.0,30.24,3.19,63.87,Minority,Low_poverty,LPM,40.6756618,-73.9429971
360470474001,1443.0,97.99,48.23,0.97,White,High_poverty,HPW,40.6278018,-73.9807969
360810981001,1131.0,73.92,7.4,9.37,White,Low_poverty,LPW,40.7970858,-73.8168829
360810814003,1127.0,0.0,15.97,67.88,Minority,Low_poverty,LPM,40.6689227,-73.8051878
360470054001,1588.0,74.69,10.42,7.05,White,Low_poverty,LPW,40.6170658,-74.0382121
360610163003,499.0,83.17,10.22,12.02,White,Low_poverty,LPW,40.7827177,-73.9814735
360050386003,1165.0,0.0,36.91,100.0,Minority,High_poverty,HPM,40.8767266,-73.850997
360811399002,1174.0,37.05,2.74,3.15,Other,Low_poverty,LPO,40.7507747,-73.7631554
360810654002,1633.0,1.22,3.67,94.98,Minority,Low_poverty,LPM,40.661247,-73.7404424
360050228004,1451.0,19.5,31.98,60.37,Minority,High_poverty,HPM,40.8533889,-73.8643733
360810536011,1237.0,0.4,7.36,89.49,Minority,Low_poverty,LPM,40.7077363,-73.7462481
360470295004,1005.0,35.22,7.56,63.08,Minority,Low_poverty,LPM,40.6851301,-73.9339833
360470832002,1117.0,0.18,13.54,90.69,Minority,Low_poverty,LPM,40.641681,-73.9426272
360810170001,1596.0,0.94,15.6,37.65,Other,Low_poverty,LPO,40.6851189,-73.8096279
360050064003,418.0,0.0,14.35,100.0,Minority,Low_poverty,LPM,40.8331471,-73.8731746
360470321002,947.0,3.7,4.3,92.5,Minority,Low_poverty,LPM,40.6672561,-73.9521369
360470043002,1042.0,52.4,16.03,21.4,White,Low_poverty,LPW,40.6890458,-73.9880169
360470936001,1042.0,1.25,7.49,98.46,Minority,Low_poverty,LPM,40.6509902,-73.9219585
360050153001,2348.0,0.6,38.76,97.4,Minority,High_poverty,HPM,40.8345173,-73.8936611
360471192001,1147.0,1.83,18.48,93.28,Minority,Low_poverty,LPM,40.6780248,-73.876989
360811017006,515.0,36.12,4.66,12.82,Other,Low_poverty,LPO,40.7843074,-73.7970385
360470218003,1196.0,83.36,51.51,4.6,White,High_poverty,HPW,40.6356617,-74.0000491
360610283004,2362.0,7.07,25.83,91.75,Minority,Low_poverty,LPM,40.8598195,-73.927547
360470516011,1863.0,6.44,7.78,91.41,Minority,Low_poverty,LPM,40.6380451,-73.9582002
360470564003,518.0,56.76,0.0,5.6,White,Low_poverty,LPW,40.608417,-73.9439784
360610110004,640.0,86.56,17.19,0.0,White,Low_poverty,LPW,40.7629251,-73.961105
360050197001,2217.0,2.39,46.19,94.4,Minority,High_poverty,HPM,40.8354716,-73.9179964
360810697023,918.0,43.03,12.09,23.97,Other,Low_poverty,LPO,40.7234738,-73.8645009
360050215012,1298.0,2.77,31.36,96.76,Minority,High_poverty,HPM,40.8506286,-73.9176014
360610060002,2169.0,79.25,3.27,11.85,White,Low_poverty,LPW,40.7349474,-73.9782761
360050462025,2389.0,3.64,11.31,95.65,Minority,Low_poverty,LPM,40.8741271,-73.8369246
360610303002,1227.0,27.95,14.51,59.9,Minority,Low_poverty,LPM,40.8692241,-73.9197748
360810054004,1858.0,8.83,21.37,61.57,Minority,Low_poverty,LPM,40.6801679,-73.8494193
360610049003,1409.0,82.97,21.08,5.11,White,Low_poverty,LPW,40.7269046,-74.0015198
360810230001,1188.0,19.11,12.56,49.91,Other,Low_poverty,LPO,40.7140279,-73.8087046
360810853001,1793.0,0.0,31.31,4.91,Other,High_poverty,HPO,40.7587976,-73.8275062
360610257002,1308.0,31.42,8.26,63.15,Minority,Low_poverty,LPM,40.8082069,-73.9544615
360470612001,1065.0,94.84,3.0,5.16,White,Low_poverty,LPW,40.5808755,-73.9493716
360050162002,923.0,24.38,12.24,65.11,Minority,Low_poverty,LPM,40.8297103,-73.8225673
360470591003,1049.0,76.84,3.74,17.54,White,Low_poverty,LPW,40.7218726,-73.9433491
360470229001,1314.0,42.01,7.53,54.34,Minority,Low_poverty,LPM,40.6863876,-73.9556179
360810053002,1304.0,22.55,13.8,23.77,Other,Low_poverty,LPO,40.7620406,-73.9293279
360810381003,2257.0,0.0,28.88,94.02,Minority,Low_poverty,LPM,40.755962,-73.8557799
360470894003,991.0,11.0,52.51,83.15,Minority,High_poverty,HPM,40.6608083,-73.9152817
360470359004,1074.0,0.0,51.77,96.46,Minority,High_poverty,HPM,40.6676409,-73.923892
360471156004,1198.0,0.0,15.53,99.08,Minority,Low_poverty,LPM,40.6694136,-73.896402
360811167001,1676.0,1.79,32.13,19.09,Other,High_poverty,HPO,40.7621734,-73.8124434
360850273021,2201.0,73.19,12.27,10.36,White,Low_poverty,LPW,40.6001286,-74.1365448
360810182002,1183.0,0.68,13.17,70.5,Minority,Low_poverty,LPM,40.6772073,-73.8003766
360811227021,2201.0,5.04,36.03,71.92,Minority,High_poverty,HPM,40.7312033,-73.8128367
360811617003,649.0,56.7,1.56,16.33,White,Low_poverty,LPW,40.7296248,-73.714112
360470436003,1968.0,48.22,17.84,29.57,Other,Low_poverty,LPO,40.6143319,-73.9791058
360050285001,1341.0,52.05,22.45,25.43,White,Low_poverty,LPW,40.8847362,-73.9060418
360470183002,600.0,80.67,13.42,14.5,White,Low_poverty,LPW,40.6906294,-73.9723414
360811483001,804.0,35.57,2.11,9.45,Other,Low_poverty,LPO,40.7773581,-73.7456485
360050138002,997.0,33.8,9.03,66.2,Minority,Low_poverty,LPM,40.8197515,-73.8064591
360470790003,683.0,0.15,7.13,96.34,Minority,Low_poverty,LPM,40.6417968,-73.9534509
360470213002,1787.0,15.89,7.22,83.26,Minority,Low_poverty,LPM,40.6684023,-73.9604665
360610223014,1960.0,13.62,25.71,86.37,Minority,Low_poverty,LPM,40.8209087,-73.9559594
360810929003,1130.0,29.38,7.26,26.37,Other,Low_poverty,LPO,40.7867846,-73.8481
360610081004,1521.0,69.82,3.68,24.59,White,Low_poverty,LPW,40.7383007,-73.9980129
360610180001,3191.0,1.1,49.58,95.36,Minority,High_poverty,HPM,40.7952508,-73.9381863
360470253001,1551.0,42.17,18.63,48.62,Other,Low_poverty,LPO,40.6944532,-73.9507019
360050033002,1190.0,1.26,50.04,81.93,Minority,High_poverty,HPM,40.8084742,-73.9129376
360610040004,974.0,70.33,23.1,22.59,White,Low_poverty,LPW,40.7289865,-73.9858435
360810273003,2417.0,0.54,11.58,87.59,Minority,Low_poverty,LPM,40.7521067,-73.8723162
360470116002,1578.0,6.08,23.51,1.27,Other,Low_poverty,LPO,40.6354844,-74.0041347
360810062023,551.0,27.22,6.17,25.23,Other,Low_poverty,LPO,40.6682258,-73.8537753
360470342001,1484.0,14.08,39.96,83.89,Minority,High_poverty,HPM,40.5743721,-73.9935733
360810134002,483.0,34.37,5.18,59.63,Minority,Low_poverty,LPM,40.7056574,-73.8368349
360050297002,1209.0,60.38,0.83,31.18,White,Low_poverty,LPW,40.8833573,-73.9117384
360050235013,1150.0,0.0,41.22,99.13,Minority,High_poverty,HPM,40.8531577,-73.903731
360610195004,1113.0,42.95,29.92,41.69,Other,Low_poverty,LPO,40.8020008,-73.9663336
360470423002,1499.0,50.1,11.27,41.76,White,Low_poverty,LPW,40.7000366,-73.9278349
360050078002,3446.0,5.19,20.34,78.49,Minority,Low_poverty,LPM,40.8281654,-73.8512011
360050175003,1572.0,7.0,28.23,86.39,Minority,Low_poverty,LPM,40.831337,-73.9143433
360810857001,1964.0,3.56,21.97,4.64,Other,Low_poverty,LPO,40.7566569,-73.825156
360610239002,1494.0,6.36,31.39,85.07,Minority,High_poverty,HPM,40.8324237,-73.9415588
360610098004,926.0,87.04,3.35,6.59,White,Low_poverty,LPW,40.7540611,-73.9675648
360471018001,2295.0,1.92,7.02,87.58,Minority,Low_poverty,LPM,40.643853,-73.886645
360470060002,1022.0,46.18,14.97,24.46,Other,Low_poverty,LPO,40.6211497,-74.0314615
360850040001,2186.0,17.93,26.83,52.98,Minority,Low_poverty,LPM,40.608649,-74.0857781
360810091002,1403.0,49.75,3.85,33.36,Other,Low_poverty,LPO,40.7750171,-73.9265953
360470918001,1475.0,0.27,50.83,99.72,Minority,High_poverty,HPM,40.661434,-73.9064805
360610139002,1324.0,48.11,2.2,32.93,Other,Low_poverty,LPO,40.7681791,-73.987383
360050442001,853.0,1.29,36.54,98.6,Minority,High_poverty,HPM,40.9059698,-73.8481991
360810627001,1453.0,46.39,3.99,52.44,Minority,Low_poverty,LPM,40.7046792,-73.8868689
360470484002,1859.0,58.36,24.53,21.09,White,Low_poverty,LPW,40.6341493,-73.9744101
360470188001,1197.0,60.15,6.43,14.53,White,Low_poverty,LPW,40.6180554,-74.002182
360471130003,720.0,0.0,14.86,100.0,Minority,Low_poverty,LPM,40.6619663,-73.8967109
360610048003,487.0,85.42,0.0,0.0,White,Low_poverty,LPW,40.7342882,-73.9855131
360050161003,1182.0,0.85,37.82,99.16,Minority,High_poverty,HPM,40.8357875,-73.8860357
360471058042,950.0,59.47,37.26,35.05,White,High_poverty,HPW,40.6509839,-73.8872913
360610261002,1754.0,4.79,18.36,95.21,Minority,Low_poverty,LPM,40.8464369,-73.934927
360811551024,1993.0,37.48,4.87,20.57,Other,Low_poverty,LPO,40.7475586,-73.71459
360470472001,727.0,95.74,30.48,4.26,White,High_poverty,HPW,40.6268261,-73.9823138
360810142011,1975.0,8.61,28.41,46.98,Other,Low_poverty,LPO,40.7021214,-73.824924
360470141002,769.0,55.53,3.77,14.43,White,Low_poverty,LPW,40.6644698,-73.9900074
360610152004,1187.0,71.69,2.44,7.58,White,Low_poverty,LPW,40.7792793,-73.9461374
360050043002,1714.0,1.11,44.11,98.89,Minority,High_poverty,HPM,40.8140948,-73.9179183
360050462024,905.0,0.0,0.81,89.84,Minority,Low_poverty,LPM,40.8801913,-73.8356768
360050423003,1671.0,10.41,40.45,77.38,Minority,High_poverty,HPM,40.8749164,-73.8782579
360470870002,1183.0,0.0,35.16,100.0,Minority,High_poverty,HPM,40.653381,-73.9334845
360470880002,739.0,0.0,15.43,100.0,Minority,Low_poverty,LPM,40.6608737,-73.9328192
360810928003,1503.0,93.68,5.85,4.79,White,Low_poverty,LPW,40.5746831,-73.8544553
360810516002,1155.0,1.04,6.32,98.61,Minority,Low_poverty,LPM,40.7018894,-73.7467834
360610279001,1282.0,56.55,35.18,37.29,White,High_poverty,HPW,40.8554956,-73.9337303
360610025001,3478.0,1.21,40.14,41.95,Other,High_poverty,HPO,40.7105606,-73.9993328
360470429002,1867.0,13.34,44.88,80.39,Minority,High_poverty,HPM,40.7018002,-73.923454
360470470001,1474.0,95.73,21.23,4.27,White,Low_poverty,LPW,40.624913,-73.9853627
360850251003,2235.0,67.43,2.28,23.04,White,Low_poverty,LPW,40.6137433,-74.1496808
360610183006,610.0,90.82,5.08,9.18,White,Low_poverty,LPW,40.7950068,-73.9706019
360470129012,1180.0,66.78,15.02,20.6,White,Low_poverty,LPW,40.6813529,-73.9787435
360050393003,1197.0,8.6,31.16,84.8,Minority,High_poverty,HPM,40.8529202,-73.8824272
360811571016,1452.0,32.09,5.72,17.08,Other,Low_poverty,LPO,40.73702,-73.7178755
360610126007,716.0,72.07,19.97,0.0,White,Low_poverty,LPW,40.7673062,-73.9579076
360810196002,1363.0,0.88,8.49,61.04,Minority,Low_poverty,LPM,40.6892487,-73.8019099
360850020021,2674.0,67.31,12.52,11.33,White,Low_poverty,LPW,40.6012569,-74.0689863
360810443022,545.0,1.83,48.26,24.04,Other,High_poverty,HPO,40.7397492,-73.863901
360610037001,947.0,87.43,2.64,3.06,White,Low_poverty,LPW,40.7276373,-74.0101556
360470784002,1262.0,8.4,21.08,86.05,Minority,Low_poverty,LPM,40.6331273,-73.942834
360050399011,1376.0,2.98,42.29,96.95,Minority,High_poverty,HPM,40.8630312,-73.8952843
360470337003,1681.0,45.45,8.55,49.79,Other,Low_poverty,LPO,40.6697448,-73.9454075
360810110001,1110.0,6.4,10.0,65.76,Minority,Low_poverty,LPM,40.6883599,-73.8358277
360810280001,1670.0,0.84,2.34,94.37,Minority,Low_poverty,LPM,40.6883158,-73.7797191
360610214001,1711.0,5.44,7.48,87.2,Minority,Low_poverty,LPM,40.8180116,-73.9357037
360470221002,1367.0,40.89,13.97,44.11,Other,Low_poverty,LPO,40.6756613,-73.954585
360811579022,845.0,27.46,0.0,8.05,Other,Low_poverty,LPO,40.7434447,-73.712975
360810505001,1529.0,44.02,7.72,17.72,Other,Low_poverty,LPO,40.7290799,-73.8747522
360610154002,1407.0,68.66,0.0,24.38,White,Low_poverty,LPW,40.7821299,-73.947084
360810377002,1679.0,0.83,7.67,98.15,Minority,Low_poverty,LPM,40.754735,-73.8686246
360470828002,959.0,4.8,7.08,86.65,Minority,Low_poverty,LPM,40.6395679,-73.9499782
360050230002,1447.0,31.58,18.04,53.83,Minority,Low_poverty,LPM,40.8490806,-73.8644332
360610149003,1292.0,74.15,12.07,14.86,White,Low_poverty,LPW,40.7720776,-73.9808822
360050350001,839.0,2.98,14.63,90.35,Minority,Low_poverty,LPM,40.869109,-73.847697
360811008023,2362.0,35.82,3.6,53.51,Minority,Low_poverty,LPM,40.6022638,-73.7640003
360470201004,1027.0,63.58,4.19,31.45,White,Low_poverty,LPW,40.685762,-73.9642972
360810972032,2335.0,0.9,45.01,85.53,Minority,High_poverty,HPM,40.6031164,-73.780598
360470257003,1014.0,26.53,15.98,65.48,Minority,Low_poverty,LPM,40.6993745,-73.9470983
360850156015,1087.0,98.07,0.0,1.93,White,Low_poverty,LPW,40.5397914,-74.1570699
360810472003,1451.0,15.58,7.92,50.87,Minority,Low_poverty,LPM,40.7145359,-73.7785082
360850170103,3637.0,62.28,11.93,26.17,White,Low_poverty,LPW,40.549643,-74.1952013
360811551011,1759.0,96.13,13.47,1.48,White,Low_poverty,LPW,40.7566376,-73.7142225
360470936002,650.0,0.0,1.54,100.0,Minority,Low_poverty,LPM,40.6474888,-73.9213604
360050415006,1869.0,11.24,25.79,79.35,Minority,Low_poverty,LPM,40.8686644,-73.882658
360810285003,1752.0,34.65,20.66,44.46,Other,Low_poverty,LPO,40.7504739,-73.8872852
360610179007,1127.0,71.52,11.89,17.48,White,Low_poverty,LPW,40.79117,-73.9733994
360610088006,1046.0,67.88,1.34,2.87,White,Low_poverty,LPW,40.749017,-73.9713326
360810261001,1454.0,4.4,8.59,49.86,Other,Low_poverty,LPO,40.7495599,-73.899702
360470022003,1945.0,28.74,13.83,56.71,Minority,Low_poverty,LPM,40.6408593,-74.0236846
360470303001,2252.0,3.2,13.9,94.93,Minority,Low_poverty,LPM,40.6749437,-73.9152354
360471098002,870.0,4.37,36.0,86.09,Minority,High_poverty,HPM,40.6518154,-73.9034919
360470582002,669.0,33.63,19.43,46.49,Other,Low_poverty,LPO,40.5973308,-73.960042
360050344002,881.0,3.41,7.15,82.41,Minority,Low_poverty,LPM,40.869483,-73.8570945
360470406001,1570.0,36.24,21.15,25.86,Other,Low_poverty,LPO,40.6018455,-73.9828481
360470788001,1702.0,0.0,29.4,94.42,Minority,Low_poverty,LPM,40.6375277,-73.9466942
360810500001,1193.0,9.56,8.06,70.83,Minority,Low_poverty,LPM,40.7124353,-73.760849
360610018002,707.0,23.2,34.23,2.26,Other,High_poverty,HPO,40.7183611,-73.9891651
360810713042,1531.0,55.19,11.89,23.97,White,Low_poverty,LPW,40.7287943,-73.8507295
360610122002,514.0,94.75,2.33,4.47,White,Low_poverty,LPW,40.7666907,-73.9680961
360050289004,904.0,25.55,8.19,67.7,Minority,Low_poverty,LPM,40.8801888,-73.9056392
360470092003,1690.0,15.74,35.8,44.91,Other,High_poverty,HPO,40.6447565,-73.9999203
360610082002,1245.0,54.7,3.45,16.06,White,Low_poverty,LPW,40.749672,-73.9819072
360810928002,1092.0,97.34,0.0,0.92,White,Low_poverty,LPW,40.5786136,-73.8533893
360610257003,2565.0,34.85,6.12,52.87,Minority,Low_poverty,LPM,40.8069507,-73.9553814
360050363003,1631.0,0.0,29.0,91.36,Minority,Low_poverty,LPM,40.8441709,-73.8818838
360050269003,575.0,0.17,23.65,77.22,Minority,Low_poverty,LPM,40.8710661,-73.9050801
360050263003,1918.0,4.64,31.65,95.36,Minority,High_poverty,HPM,40.8643909,-73.9052787
360810123013,615.0,68.78,0.98,28.61,White,Low_poverty,LPW,40.7736004,-73.8969565
360610026012,1609.0,22.68,29.52,49.22,Other,Low_poverty,LPO,40.7230867,-73.9811222
360811571012,732.0,23.22,8.33,15.03,Other,Low_poverty,LPO,40.7438685,-73.7202698
360050444001,1604.0,4.49,2.74,94.76,Minority,Low_poverty,LPM,40.8985025,-73.8467086
360850170122,1660.0,88.07,6.08,6.99,White,Low_poverty,LPW,40.5522395,-74.1716832
360470381002,2356.0,0.76,30.69,97.96,Minority,High_poverty,HPM,40.6803639,-73.9238326
360810972033,1575.0,3.87,36.44,96.12,Minority,High_poverty,HPM,40.5976643,-73.7734249
360810271001,1689.0,2.43,1.48,93.6,Minority,Low_poverty,LPM,40.7477602,-73.8775368
360810188001,1449.0,1.24,14.49,78.61,Minority,Low_poverty,LPM,40.6816256,-73.7998473
360050359001,2053.0,0.54,40.0,96.93,Minority,High_poverty,HPM,40.8402093,-73.8833847
360470257001,877.0,38.65,38.35,59.06,Minority,High_poverty,HPM,40.6970074,-73.9480719
360810018001,1709.0,13.98,2.9,68.11,Minority,Low_poverty,LPM,40.6916356,-73.8524455
360810938001,1392.0,63.0,30.6,37.0,White,High_poverty,HPW,40.5818803,-73.8276178
360050028003,834.0,0.0,1.44,100.0,Minority,Low_poverty,LPM,40.8203304,-73.8791061
360610008002,1018.0,11.79,17.49,5.4,Other,Low_poverty,LPO,40.712551,-73.9957274
360470854002,1133.0,1.24,21.27,98.23,Minority,Low_poverty,LPM,40.6441934,-73.9417387
360850170091,1588.0,86.21,1.01,9.89,White,Low_poverty,LPW,40.5435461,-74.1927977
360470235002,1872.0,61.49,39.16,36.65,White,High_poverty,HPW,40.6935548,-73.9579929
360470066001,734.0,55.18,15.55,27.11,White,Low_poverty,LPW,40.6321659,-74.0260131
360470331002,1974.0,51.11,11.98,48.89,White,Low_poverty,LPW,40.6639019,-73.9413632
360810002002,1741.0,11.03,14.24,66.51,Minority,Low_poverty,LPM,40.6929107,-73.8668063
360610182002,731.0,0.14,38.71,94.26,Minority,High_poverty,HPM,40.8002703,-73.9414757
360471196004,803.0,0.0,20.61,66.88,Minority,Low_poverty,LPM,40.6733928,-73.8721987
360470454001,1190.0,73.7,20.34,8.32,White,Low_poverty,LPW,40.6187351,-73.9645397
360810150002,1687.0,0.59,16.06,18.32,Other,Low_poverty,LPO,40.6926233,-73.8239116
360050123002,1384.0,2.17,17.49,97.33,Minority,Low_poverty,LPM,40.8307987,-73.8890242
360610271004,1796.0,34.97,13.92,62.47,Minority,Low_poverty,LPM,40.8523271,-73.935179
360811467002,684.0,66.67,7.46,13.16,White,Low_poverty,LPW,40.7609331,-73.7733063
360610036012,1157.0,23.08,11.41,53.68,Minority,Low_poverty,LPM,40.7220988,-73.9904512
360470190002,1620.0,21.91,26.54,36.91,Other,Low_poverty,LPO,40.6210541,-74.0001881
360050216014,901.0,7.66,20.75,89.78,Minority,Low_poverty,LPM,40.8403102,-73.8651541
360050415004,649.0,1.23,23.57,80.59,Minority,Low_poverty,LPM,40.8718061,-73.8832118
360471078003,1256.0,0.0,3.58,78.66,Minority,Low_poverty,LPM,40.6561299,-73.880489
360610184003,1417.0,0.0,33.59,83.98,Minority,High_poverty,HPM,40.7980287,-73.9452221
360810230002,866.0,40.42,12.12,17.78,Other,Low_poverty,LPO,40.7111274,-73.8075339
360050418003,1099.0,2.18,24.48,93.99,Minority,Low_poverty,LPM,40.8957716,-73.8585616
360610309003,2743.0,4.45,19.13,89.97,Minority,Low_poverty,LPM,40.8764541,-73.9104601
360810580003,1488.0,0.13,2.32,85.22,Minority,Low_poverty,LPM,40.7101092,-73.7332799
360470848001,1027.0,0.0,4.22,93.47,Minority,Low_poverty,LPM,40.6473704,-73.9279611
360610044003,2621.0,50.29,9.27,12.44,White,Low_poverty,LPW,40.731911,-73.9750222
360610269006,1330.0,2.41,26.98,85.41,Minority,Low_poverty,LPM,40.8527394,-73.9303207
360470249003,1165.0,30.04,11.93,66.0,Minority,Low_poverty,LPM,40.6819936,-73.9482221
360470140001,974.0,61.09,18.99,22.48,White,Low_poverty,LPW,40.6219165,-74.0185106
360610159001,1855.0,80.27,9.6,5.44,White,Low_poverty,LPW,40.7807871,-73.9846703
360471022001,2171.0,7.97,8.84,78.85,Minority,Low_poverty,LPM,40.6364413,-73.8900106
360470163003,1736.0,69.82,9.79,21.37,White,Low_poverty,LPW,40.6771347,-73.9706945
360810679001,413.0,52.78,3.16,33.9,White,Low_poverty,LPW,40.7272891,-73.8726116
360811551023,1930.0,45.96,5.75,23.22,Other,Low_poverty,LPO,40.7521618,-73.7079477
360610068001,950.0,55.68,8.63,35.27,White,Low_poverty,LPW,40.741749,-73.9841699
360050462014,5646.0,10.13,7.98,87.76,Minority,Low_poverty,LPM,40.8770554,-73.8261071
360850277062,1240.0,59.92,12.8,7.9,White,Low_poverty,LPW,40.5903433,-74.1624112
360470179002,2234.0,29.19,13.55,47.67,Other,Low_poverty,LPO,40.6841122,-73.9724932
360050279006,1332.0,8.33,7.88,85.06,Minority,Low_poverty,LPM,40.8839233,-73.8969829
360810264002,1449.0,0.0,11.46,89.51,Minority,Low_poverty,LPM,40.690694,-73.7862729
360050444004,903.0,2.33,4.85,80.4,Minority,Low_poverty,LPM,40.9000355,-73.8417297
360610150011,1241.0,83.4,3.14,6.77,White,Low_poverty,LPW,40.7798598,-73.9584881
360050125001,2512.0,1.59,34.46,96.81,Minority,High_poverty,HPM,40.828105,-73.8926521
360810105002,944.0,34.32,31.57,40.26,Other,High_poverty,HPO,40.7836552,-73.9142017
360810446011,1786.0,0.67,11.99,73.13,Minority,Low_poverty,LPM,40.7045118,-73.7993961
360470062003,527.0,79.32,3.23,14.42,White,Low_poverty,LPW,40.6256701,-74.0316292
360470792003,1241.0,22.56,19.42,74.38,Minority,Low_poverty,LPM,40.6446151,-73.956409
360610126001,3787.0,81.94,8.0,4.22,White,Low_poverty,LPW,40.7694785,-73.958272
360610061002,1369.0,66.03,7.82,11.61,White,Low_poverty,LPW,40.7328628,-73.9923109
360810743001,640.0,37.97,13.91,9.84,Other,Low_poverty,LPO,40.7336222,-73.8486557
360610144013,869.0,89.76,7.71,6.44,White,Low_poverty,LPW,40.7744333,-73.9466768
360810840005,1438.0,0.21,9.75,45.55,Other,Low_poverty,LPO,40.6728563,-73.8177486
360050215011,1471.0,0.0,43.44,100.0,Minority,High_poverty,HPM,40.8495401,-73.9175159
360610018006,1218.0,12.15,8.29,0.0,Other,Low_poverty,LPO,40.7181336,-73.9920296
360470023001,1670.0,1.92,59.9,78.08,Minority,High_poverty,HPM,40.7004917,-73.9844599
360471104004,945.0,0.42,9.21,99.47,Minority,Low_poverty,LPM,40.66178,-73.8839772
360810934011,1573.0,85.44,0.0,11.7,White,Low_poverty,LPW,40.5801866,-73.848274
360050098003,1252.0,3.99,19.65,95.37,Minority,Low_poverty,LPM,40.8263471,-73.8457608
360810809005,819.0,50.18,18.93,19.29,White,Low_poverty,LPW,40.7326383,-73.8210322
360810427001,1381.0,8.4,17.12,78.57,Minority,Low_poverty,LPM,40.7447799,-73.8552165
360810713043,532.0,77.07,13.16,16.35,White,Low_poverty,LPW,40.7286359,-73.8560512
360471214002,2210.0,0.0,53.67,100.0,Minority,High_poverty,HPM,40.6666267,-73.8649631
360470157001,1456.0,66.96,9.0,15.11,White,Low_poverty,LPW,40.6741457,-73.9756724
360050413003,1089.0,3.21,13.13,96.79,Minority,Low_poverty,LPM,40.8754718,-73.8846684
360050254002,926.0,62.63,5.18,25.71,White,Low_poverty,LPW,40.8473139,-73.8513176
360470362002,1025.0,28.39,26.95,23.22,Other,Low_poverty,LPO,40.5781032,-73.9640934
360470678001,1488.0,9.07,2.69,90.32,Minority,Low_poverty,LPM,40.6272863,-73.9228889
360470934001,1107.0,1.17,4.79,98.19,Minority,Low_poverty,LPM,40.6506221,-73.9188988
360470252002,1352.0,57.99,24.33,27.07,White,Low_poverty,LPW,40.6191568,-73.9920186
360050076005,736.0,3.4,47.28,88.86,Minority,High_poverty,HPM,40.8333285,-73.8650859
360470174001,1317.0,50.04,5.39,3.87,White,Low_poverty,LPW,40.6030057,-74.012195
360811059003,685.0,65.11,4.09,4.09,White,Low_poverty,LPW,40.7728731,-73.8069972
360470171002,885.0,89.94,6.74,7.23,White,Low_poverty,LPW,40.6570581,-73.9761418
360050364002,907.0,0.11,8.82,96.03,Minority,Low_poverty,LPM,40.8750256,-73.8484071
360470131003,998.0,63.73,8.0,20.24,White,Low_poverty,LPW,40.6765595,-73.9787811
360610128003,998.0,97.19,10.12,2.81,White,Low_poverty,LPW,40.7704496,-73.9632448
360050289001,1112.0,8.45,17.45,91.55,Minority,Low_poverty,LPM,40.8783437,-73.9060847
360470396002,1389.0,74.73,9.5,1.08,White,Low_poverty,LPW,40.5971704,-73.9706077
360471176012,2018.0,7.98,24.48,90.73,Minority,Low_poverty,LPM,40.6835195,-73.8762474
360470069003,1075.0,80.28,5.3,9.21,White,Low_poverty,LPW,40.6849896,-73.9931832
360470082001,1264.0,20.81,18.12,64.4,Minority,Low_poverty,LPM,40.6508281,-74.0062041
360610146012,939.0,66.13,8.63,12.89,White,Low_poverty,LPW,40.7770353,-73.9508073
360470660002,1091.0,72.59,1.01,8.15,White,Low_poverty,LPW,40.6082301,-73.9271691
360050394003,1082.0,3.51,13.79,96.49,Minority,Low_poverty,LPM,40.8856983,-73.8655029
360610002021,1027.0,8.37,17.23,42.75,Other,Low_poverty,LPO,40.7139196,-73.9829324
360470066003,1814.0,65.44,15.44,14.22,White,Low_poverty,LPW,40.6328079,-74.0287127
360610122003,301.0,90.03,0.0,0.0,White,Low_poverty,LPW,40.7676823,-73.9694743
360610036022,1941.0,48.79,37.01,32.56,Other,High_poverty,HPO,40.7246623,-73.9909826
360470062001,1277.0,54.03,6.92,20.51,White,Low_poverty,LPW,40.6250281,-74.0289294
360610263005,1321.0,11.13,13.85,86.37,Minority,Low_poverty,LPM,40.847461,-73.9379402
360610154009,1596.0,43.48,7.21,9.71,Other,Low_poverty,LPO,40.7831032,-73.9493905
360470986001,1546.0,3.82,15.65,92.89,Minority,Low_poverty,LPM,40.6457528,-73.8952282
360470003014,839.0,80.81,5.48,3.82,White,Low_poverty,LPW,40.6946647,-73.9985468
360610285003,1050.0,14.76,22.01,82.0,Minority,Low_poverty,LPM,40.8605959,-73.9298964
360810263002,2696.0,9.46,15.47,28.6,Other,Low_poverty,LPO,40.7448503,-73.8963836
360470155003,1062.0,74.01,1.88,22.23,White,Low_poverty,LPW,40.6702122,-73.9788136
360610231001,3015.0,9.65,17.96,83.12,Minority,Low_poverty,LPM,40.8252383,-73.9426679
360470211002,1681.0,22.37,20.65,70.26,Minority,Low_poverty,LPM,40.6970873,-73.973096
360470179001,1227.0,0.0,19.15,97.47,Minority,Low_poverty,LPM,40.6834178,-73.9699298
360050411003,1239.0,7.83,44.47,86.36,Minority,High_poverty,HPM,40.8738076,-73.8879762
360810929004,956.0,10.88,2.63,46.13,Other,Low_poverty,LPO,40.7852675,-73.8485798
360470866002,892.0,0.0,20.54,95.18,Minority,Low_poverty,LPM,40.6546551,-73.9263178
360470088002,1238.0,47.82,10.18,27.3,Other,Low_poverty,LPO,40.6490512,-74.0008188
360050079001,1879.0,0.0,57.32,98.3,Minority,High_poverty,HPM,40.8178886,-73.9038355
360470231003,759.0,43.08,4.61,51.65,Minority,Low_poverty,LPM,40.6839002,-73.960946
360470121001,1216.0,56.41,3.7,29.93,White,Low_poverty,LPW,40.6720783,-73.9905473
360050370002,471.0,2.76,14.01,86.62,Minority,Low_poverty,LPM,40.8722018,-73.8599067
360050210015,1304.0,1.38,15.95,85.74,Minority,Low_poverty,LPM,40.8405524,-73.8568173
360470101001,1327.0,23.89,3.23,52.45,Minority,Low_poverty,LPM,40.6586712,-73.9980479
360470964001,1087.0,2.48,10.75,86.48,Minority,Low_poverty,LPM,40.6426974,-73.9080951
360810353001,1395.0,8.24,12.19,86.03,Minority,Low_poverty,LPM,40.7607726,-73.8740893
360610163005,2172.0,84.07,7.23,4.51,White,Low_poverty,LPW,40.7816113,-73.9803222
360610073002,773.0,93.01,2.46,6.99,White,Low_poverty,LPW,40.7335399,-74.0053841
360850125003,866.0,68.24,10.71,23.44,White,Low_poverty,LPW,40.6259721,-74.116618
360850064001,729.0,79.01,0.41,3.29,White,Low_poverty,LPW,40.5996253,-74.0774561
360610269002,1024.0,33.3,22.07,66.7,Minority,Low_poverty,LPM,40.8505579,-73.9300779
360810942034,1318.0,63.05,23.14,36.95,White,Low_poverty,LPW,40.5873127,-73.8055194
360470210003,1313.0,36.63,33.13,22.77,Other,High_poverty,HPO,40.6289288,-74.0103949
360810178001,1012.0,3.75,5.18,53.26,Minority,Low_poverty,LPM,40.6764264,-73.8110639
360050125002,1348.0,0.96,30.49,92.88,Minority,High_poverty,HPM,40.8294217,-73.8947551
360470388004,1200.0,73.75,23.26,9.17,White,Low_poverty,LPW,40.5938319,-73.9708545
360810659002,768.0,76.17,4.43,14.71,White,Low_poverty,LPW,40.7151124,-73.8849113
360470355002,1848.0,1.03,4.92,95.84,Minority,Low_poverty,LPM,40.6639503,-73.9324106
360050358007,781.0,2.69,32.65,95.39,Minority,High_poverty,HPM,40.8710905,-73.8447583
360050020006,1291.0,0.0,70.3,100.0,Minority,High_poverty,HPM,40.8197887,-73.8660915
360050391004,1233.0,10.62,8.19,87.76,Minority,Low_poverty,LPM,40.8535817,-73.8879449
360470535004,1195.0,82.68,51.72,15.65,White,High_poverty,HPW,40.7070379,-73.9623879
360810079002,649.0,51.31,8.17,24.5,White,Low_poverty,LPW,40.7682286,-73.9306
360810849004,379.0,6.07,40.63,4.75,Other,High_poverty,HPO,40.7538234,-73.8347891
360810260001,1133.0,3.0,26.04,95.06,Minority,Low_poverty,LPM,40.6938862,-73.7912392
360050210012,1531.0,2.55,12.41,83.81,Minority,Low_poverty,LPM,40.840159,-73.8587217
360810019001,4358.0,40.0,10.46,14.02,Other,Low_poverty,LPO,40.7485604,-73.9450314
360810473001,1559.0,7.44,8.3,10.07,Other,Low_poverty,LPO,40.7374747,-73.8744241
360470299001,1527.0,6.94,22.79,86.77,Minority,Low_poverty,LPM,40.6779561,-73.9238566
360471176011,1185.0,2.03,6.84,95.53,Minority,Low_poverty,LPM,40.6859208,-73.8774512
360810181013,1382.0,30.97,16.64,47.04,Other,Low_poverty,LPO,40.7428774,-73.9244476
360470527007,1224.0,1.23,49.51,83.74,Minority,High_poverty,HPM,40.7098273,-73.9539204
360470445001,1292.0,11.53,26.08,67.18,Minority,Low_poverty,LPM,40.705407,-73.9181113
360811215003,2031.0,16.3,20.32,28.02,Other,Low_poverty,LPO,40.7396621,-73.8112152
360471104003,1249.0,1.84,29.73,95.19,Minority,Low_poverty,LPM,40.6598478,-73.8873
360470508012,2676.0,10.65,31.28,86.7,Minority,High_poverty,HPM,40.6513925,-73.9600816
360810376005,1369.0,0.0,2.7,100.0,Minority,Low_poverty,LPM,40.6841138,-73.7576738
360610269004,2113.0,1.28,16.04,98.72,Minority,Low_poverty,LPM,40.8492723,-73.932855
360050033003,1516.0,4.49,56.99,95.52,Minority,High_poverty,HPM,40.8092877,-73.9146862
360050039004,765.0,0.0,39.57,100.0,Minority,High_poverty,HPM,40.8099857,-73.9199846
360610148023,1792.0,64.51,2.68,25.45,White,Low_poverty,LPW,40.7811414,-73.9554418
360050199005,1568.0,0.0,22.26,100.0,Minority,Low_poverty,LPM,40.8370745,-73.9240631
360810377001,1941.0,0.15,16.32,92.89,Minority,Low_poverty,LPM,40.7563715,-73.8687817
360850132012,847.0,90.67,8.97,7.08,White,Low_poverty,LPW,40.5635893,-74.1221239
360050067002,2184.0,0.82,22.16,97.06,Minority,Low_poverty,LPM,40.8190238,-73.9196379
360471162002,1198.0,0.0,39.4,87.98,Minority,High_poverty,HPM,40.6700791,-73.8850707
360810530001,1079.0,0.0,0.46,100.0,Minority,Low_poverty,LPM,40.6968181,-73.7507514
360610265002,1823.0,34.28,18.05,65.72,Minority,Low_poverty,LPM,40.848712,-73.9405439
360610167001,937.0,91.78,5.98,5.98,White,Low_poverty,LPW,40.7862962,-73.9825232
360470313004,911.0,24.7,10.43,68.94,Minority,Low_poverty,LPM,40.6774811,-73.9456086
360810680004,816.0,0.0,12.01,100.0,Minority,Low_poverty,LPM,40.6647837,-73.7559529
360811617002,758.0,49.74,2.24,28.23,Other,Low_poverty,LPO,40.7312176,-73.7156689
360470786001,1077.0,2.79,19.5,84.77,Minority,Low_poverty,LPM,40.6352425,-73.949034
360470764002,1280.0,28.67,28.75,60.31,Minority,Low_poverty,LPM,40.6315899,-73.9585987
360470286002,1120.0,65.0,11.25,14.91,White,Low_poverty,LPW,40.5989564,-74.003218
360610293002,1440.0,0.0,4.24,100.0,Minority,Low_poverty,LPM,40.8638661,-73.9201051
360470421004,1688.0,10.01,19.19,86.25,Minority,Low_poverty,LPM,40.6972442,-73.924414
360050462017,2875.0,8.52,14.5,78.58,Minority,Low_poverty,LPM,40.8720315,-73.8296145
360810051001,1261.0,19.27,17.21,20.7,Other,Low_poverty,LPO,40.7561622,-73.9311555
360470135002,1588.0,74.31,1.45,7.18,White,Low_poverty,LPW,40.6722076,-73.9838143
360610089005,993.0,67.27,11.88,25.18,White,Low_poverty,LPW,40.7449179,-74.0006176
360470169005,841.0,76.81,13.2,15.58,White,Low_poverty,LPW,40.6579927,-73.9825723
360470464002,1524.0,88.58,36.55,10.17,White,High_poverty,HPW,40.6242688,-73.9795906
360810269013,1059.0,3.4,5.95,75.17,Minority,Low_poverty,LPM,40.7467462,-73.8814139
360610201021,1336.0,15.64,20.13,77.92,Minority,Low_poverty,LPM,40.8053778,-73.9556181
360610091003,993.0,72.41,24.97,20.54,White,Low_poverty,LPW,40.745026,-73.9968228
360050373002,2170.0,0.0,31.32,100.0,Minority,High_poverty,HPM,40.8483098,-73.8898123
360470205003,1024.0,54.1,7.81,17.29,White,Low_poverty,LPW,40.6765969,-73.9660229
360471106002,2292.0,0.0,37.83,93.68,Minority,High_poverty,HPM,40.6565784,-73.8837488
360050335003,1092.0,62.82,5.21,30.96,White,Low_poverty,LPW,40.8883328,-73.9043928
360470045002,710.0,67.46,4.37,12.4,White,Low_poverty,LPW,40.6883882,-73.9955832
360050241004,809.0,4.08,16.44,95.92,Minority,Low_poverty,LPM,40.8522945,-73.9058014
360610081001,1543.0,68.37,4.41,15.75,White,Low_poverty,LPW,40.7398708,-73.9968664
360470267003,852.0,39.79,11.85,56.57,Minority,Low_poverty,LPM,40.6836066,-73.9439647
360610078007,1455.0,54.98,1.37,19.66,White,Low_poverty,LPW,40.7471109,-73.9726351
360470351001,1198.0,7.35,21.12,90.48,Minority,Low_poverty,LPM,40.6706824,-73.9323337
360050449011,761.0,64.52,9.33,30.62,White,Low_poverty,LPW,40.898525,-73.8727937
360050379004,512.0,1.17,37.11,94.53,Minority,High_poverty,HPM,40.853773,-73.8990676
360470998001,1966.0,8.29,6.41,87.58,Minority,Low_poverty,LPM,40.6317373,-73.9145006
360810156002,1599.0,4.88,6.82,28.33,Other,Low_poverty,LPO,40.6897981,-73.8225256
360050225005,947.0,0.0,23.55,100.0,Minority,Low_poverty,LPM,40.8402077,-73.9123482
360050070002,785.0,0.0,15.03,90.31,Minority,Low_poverty,LPM,40.830721,-73.8670236
360050253002,1549.0,0.32,35.11,87.8,Minority,High_poverty,HPM,40.8596369,-73.9053768
360610118008,275.0,48.36,0.0,11.64,Other,Low_poverty,LPO,40.7645228,-73.9629518
360470386002,1554.0,23.42,22.78,29.6,Other,Low_poverty,LPO,40.5927046,-73.9770631
360810739001,637.0,53.85,5.65,13.34,White,Low_poverty,LPW,40.7257751,-73.8459615
360050302001,891.0,11.45,3.25,88.56,Minority,Low_poverty,LPM,40.8606492,-73.8227805
360470170002,1175.0,46.72,18.72,10.81,Other,Low_poverty,LPO,40.6106078,-74.0127387
360610175004,1228.0,74.76,2.85,15.15,White,Low_poverty,LPW,40.7905133,-73.9757359
360810145001,1030.0,76.12,10.58,12.03,White,Low_poverty,LPW,40.7639106,-73.9067113
360610160013,439.0,80.87,13.67,9.57,White,Low_poverty,LPW,40.7853217,-73.9566033
360050425004,969.0,1.96,2.68,68.21,Minority,Low_poverty,LPM,40.8728647,-73.8770243
360810558001,640.0,6.72,7.81,47.5,Other,Low_poverty,LPO,40.7233408,-73.7426716
360810151002,1583.0,63.61,12.23,25.21,White,Low_poverty,LPW,40.7605401,-73.9116421
360610021001,3236.0,72.44,1.89,19.68,White,Low_poverty,LPW,40.7136992,-74.0087099
360470059002,471.0,54.35,14.69,38.85,White,Low_poverty,LPW,40.6793835,-74.005007
360810797013,2301.0,11.47,23.34,9.08,Other,Low_poverty,LPO,40.7528911,-73.8234535
360811571015,1390.0,31.29,1.08,3.17,Other,Low_poverty,LPO,40.7391433,-73.7203835
360050064002,279.0,0.0,15.41,100.0,Minority,Low_poverty,LPM,40.833343,-73.8720272
360810437022,2890.0,1.66,26.55,96.33,Minority,Low_poverty,LPM,40.7392854,-73.8552388
360470566002,1083.0,51.15,7.57,8.49,White,Low_poverty,LPW,40.6016578,-73.9411786
360810008001,1357.0,9.51,8.47,55.86,Minority,Low_poverty,LPM,40.6877403,-73.8568381
360810581002,1818.0,52.53,15.18,46.2,White,Low_poverty,LPW,40.7033248,-73.8945074
360050210024,1729.0,0.0,28.8,86.93,Minority,Low_poverty,LPM,40.8391715,-73.8554354
360610201011,1854.0,59.87,10.76,18.5,White,Low_poverty,LPW,40.8064355,-73.9602048
360810779052,743.0,17.9,8.21,49.53,Other,Low_poverty,LPO,40.7187539,-73.8103712
360470373003,1072.0,14.55,26.11,80.79,Minority,Low_poverty,LPM,40.6827203,-73.9157938
360811175004,1665.0,39.88,6.58,8.35,Other,Low_poverty,LPO,40.7586048,-73.7923615
360470566001,1666.0,52.94,5.4,22.75,White,Low_poverty,LPW,40.6039802,-73.9416158
360470393002,1615.0,21.18,13.95,67.06,Minority,Low_poverty,LPM,40.6962021,-73.9322252
360850033002,2094.0,49.67,5.4,42.41,Other,Low_poverty,LPO,40.6242459,-74.0870548
360610062002,2516.0,47.3,11.29,19.32,Other,Low_poverty,LPO,40.7381548,-73.9729309
360470510022,1403.0,9.76,11.94,82.68,Minority,Low_poverty,LPM,40.6491714,-73.9618736
360810134003,2198.0,38.67,16.13,50.46,Minority,Low_poverty,LPM,40.7055522,-73.8352393
360810922001,1054.0,88.9,0.57,7.59,White,Low_poverty,LPW,40.5765638,-73.8584123
360050062001,1092.0,1.19,25.55,98.72,Minority,Low_poverty,LPM,40.833474,-73.8749518
360610150023,716.0,89.11,5.45,8.94,White,Low_poverty,LPW,40.7818461,-73.9591403
360470220002,1102.0,49.82,56.72,27.23,Other,High_poverty,HPO,40.6349198,-73.995214
360470053004,358.0,48.32,8.66,31.56,Other,Low_poverty,LPO,40.6739346,-74.0101586
360610138003,1047.0,67.14,0.0,16.81,White,Low_poverty,LPW,40.7748107,-73.9554445
360470600001,833.0,87.88,3.96,4.32,White,Low_poverty,LPW,40.5876412,-73.9404395
360470172001,1851.0,24.26,7.4,15.93,Other,Low_poverty,LPO,40.6100452,-74.0089338
360050367002,1283.0,2.73,42.05,91.9,Minority,High_poverty,HPM,40.8404151,-73.8901737
360810613013,1424.0,40.66,2.81,47.82,Other,Low_poverty,LPO,40.7097819,-73.8973876
360471502001,943.0,81.23,3.08,3.82,White,Low_poverty,LPW,40.6513233,-73.9788688
360810889012,1708.0,13.41,18.09,14.23,Other,Low_poverty,LPO,40.7741509,-73.8281154
360470336004,657.0,87.21,3.43,3.65,White,Low_poverty,LPW,40.5777214,-74.0109057
360810291004,1642.0,15.71,11.57,24.06,Other,Low_poverty,LPO,40.7489853,-73.8949158
360050422001,1528.0,2.23,14.79,95.81,Minority,Low_poverty,LPM,40.8910118,-73.854271
360050241003,1126.0,10.48,21.76,89.52,Minority,Low_poverty,LPM,40.8535891,-73.9057745
360470393003,1409.0,27.75,31.16,61.67,Minority,High_poverty,HPM,40.6943933,-73.9288189
360050044001,1007.0,0.0,60.28,95.83,Minority,High_poverty,HPM,40.8264888,-73.8666443
360470429001,1085.0,18.71,25.99,80.46,Minority,Low_poverty,LPM,40.7024398,-73.9245825
360610066009,1922.0,54.94,15.98,11.18,White,Low_poverty,LPW,40.7408289,-73.9772113
360610111003,1575.0,55.62,13.52,20.0,White,Low_poverty,LPW,40.7558905,-73.9963426
360470551003,1235.0,73.6,9.07,14.01,White,Low_poverty,LPW,40.7138062,-73.9626785
360811181002,717.0,36.4,12.69,14.92,Other,Low_poverty,LPO,40.7594748,-73.7891728
360850112022,2168.0,48.94,31.46,29.11,Other,High_poverty,HPO,40.5736034,-74.0961302
360810547002,1951.0,22.96,9.38,71.29,Minority,Low_poverty,LPM,40.7033431,-73.9101201
360810671001,1388.0,64.19,4.41,8.07,White,Low_poverty,LPW,40.7236959,-73.8802802
360050406001,1977.0,0.1,21.14,99.9,Minority,Low_poverty,LPM,40.8874921,-73.8555661
360050019002,216.0,5.09,15.28,90.74,Minority,Low_poverty,LPM,40.8032157,-73.9177762
360050199004,2096.0,0.67,15.79,97.23,Minority,Low_poverty,LPM,40.8369262,-73.9274773
360470782002,3572.0,1.2,17.25,95.97,Minority,Low_poverty,LPM,40.6377056,-73.9438119
360810481001,1033.0,0.0,5.91,27.69,Other,Low_poverty,LPO,40.7424264,-73.8868569
360050025003,1253.0,1.2,44.13,98.81,Minority,High_poverty,HPM,40.8081701,-73.9217115
360610171004,855.0,86.2,16.02,10.53,White,Low_poverty,LPW,40.7883891,-73.9797711
360470550003,1666.0,69.33,8.4,13.39,White,Low_poverty,LPW,40.6086454,-73.9537473
360470319001,1490.0,51.34,6.3,46.04,White,Low_poverty,LPW,40.6688888,-73.9491998
360470150001,800.0,61.0,10.8,7.63,White,Low_poverty,LPW,40.6165198,-74.0095705
360470152003,821.0,46.65,12.79,11.57,Other,Low_poverty,LPO,40.6178225,-74.0227729
360850147003,957.0,89.55,4.08,10.45,White,Low_poverty,LPW,40.6151394,-74.1200312
360610180004,1444.0,4.92,37.12,95.09,Minority,High_poverty,HPM,40.7955773,-73.9402907
360050415003,217.0,11.06,0.0,88.94,Minority,Low_poverty,LPM,40.8704554,-73.8843414
360610191002,2235.0,74.54,5.23,10.2,White,Low_poverty,LPW,40.8000183,-73.9707138
360050068002,687.0,0.0,29.26,98.54,Minority,Low_poverty,LPM,40.8287375,-73.8719584
360850040003,2314.0,0.0,54.71,100.0,Minority,High_poverty,HPM,40.6154497,-74.0827729
360470143001,1274.0,43.64,7.61,32.58,Other,Low_poverty,LPO,40.6645244,-73.9924729
360610061001,2095.0,65.44,1.27,22.44,White,Low_poverty,LPW,40.7343714,-73.9936313
360610088007,553.0,74.32,4.34,13.2,White,Low_poverty,LPW,40.7479753,-73.9708622
360610140003,586.0,94.71,0.0,2.73,White,Low_poverty,LPW,40.7739629,-73.9585758
360610152003,1668.0,44.96,0.0,23.98,Other,Low_poverty,LPO,40.7799176,-73.9457005
360610218003,1727.0,22.76,41.72,77.24,Minority,High_poverty,HPM,40.8031684,-73.9544224
360470249002,1288.0,34.24,15.3,61.95,Minority,Low_poverty,LPM,40.683458,-73.9485132
360810277002,1442.0,6.87,24.97,84.95,Minority,Low_poverty,LPM,40.7546569,-73.8787359
360050251001,1785.0,0.0,45.66,97.2,Minority,High_poverty,HPM,40.8584682,-73.9060197
360850170083,2809.0,94.98,3.52,5.02,White,Low_poverty,LPW,40.5514381,-74.1827359
360050371003,1429.0,0.0,41.92,95.95,Minority,High_poverty,HPM,40.8469394,-73.8883332
360610136004,2957.0,77.38,0.14,1.69,White,Low_poverty,LPW,40.7717083,-73.9501316
360811347005,2465.0,12.33,6.57,14.04,Other,Low_poverty,LPO,40.7387196,-73.7834874
360470772002,1416.0,68.71,14.5,25.63,White,Low_poverty,LPW,40.6305802,-73.9527256
360050072002,2204.0,4.63,39.79,28.13,Other,High_poverty,HPO,40.8303232,-73.8623409
360050264001,1249.0,24.74,6.24,62.21,Minority,Low_poverty,LPM,40.8428962,-73.828079
360610261005,2129.0,1.5,24.71,91.83,Minority,Low_poverty,LPM,40.8458365,-73.9335049
360470005013,890.0,86.63,4.49,9.21,White,Low_poverty,LPW,40.6941517,-73.995497
360470551002,1343.0,25.76,7.82,72.15,Minority,Low_poverty,LPM,40.7132245,-73.9611752
360470333001,954.0,45.7,10.9,48.95,Other,Low_poverty,LPO,40.6661322,-73.9397153
360810112002,986.0,35.9,15.82,13.79,Other,Low_poverty,LPO,40.6831805,-73.8396205
360810997044,2386.0,64.29,15.25,16.3,White,Low_poverty,LPW,40.7792916,-73.7788811
360470302002,1590.0,55.6,7.36,3.58,White,Low_poverty,LPW,40.5954933,-73.9903059
360050266025,703.0,40.26,9.53,53.06,Minority,Low_poverty,LPM,40.8481622,-73.829007
360470342002,1382.0,33.94,34.37,63.03,Minority,High_poverty,HPM,40.5740672,-73.9961965
360610157004,679.0,88.51,7.07,0.0,White,Low_poverty,LPW,40.7758195,-73.9781004
360050177013,1620.0,2.47,64.04,97.53,Minority,High_poverty,HPM,40.8322831,-73.910796
360470417004,860.0,14.53,38.14,79.76,Minority,High_poverty,HPM,40.6943211,-73.9190866
360470274002,2199.0,38.65,11.2,16.55,Other,Low_poverty,LPO,40.6119431,-73.9958347
360610066003,786.0,90.71,14.5,0.0,White,Low_poverty,LPW,40.7405664,-73.9804198
360470074004,1659.0,2.53,42.86,87.4,Minority,High_poverty,HPM,40.6431188,-74.0175531
360470574001,1492.0,42.16,11.66,4.02,Other,Low_poverty,LPO,40.6025386,-73.944255
360610116002,1415.0,80.42,3.53,5.72,White,Low_poverty,LPW,40.7632038,-73.9578823
360050336005,1116.0,1.88,14.87,98.12,Minority,Low_poverty,LPM,40.8672756,-73.869838
360470790004,1506.0,5.98,11.82,93.3,Minority,Low_poverty,LPM,40.6418159,-73.9556278
360050173003,1315.0,0.38,43.78,95.97,Minority,High_poverty,HPM,40.8260903,-73.9167441
360470082002,1098.0,19.67,27.5,56.29,Minority,Low_poverty,LPM,40.6499782,-74.0080349
360811193001,1025.0,26.73,7.51,3.02,Other,Low_poverty,LPO,40.7570675,-73.7982237
360470367002,249.0,0.0,4.82,100.0,Minority,Low_poverty,LPM,40.6785437,-73.9046656
360810654001,1339.0,0.97,5.77,98.43,Minority,Low_poverty,LPM,40.6602653,-73.7376628
360470525001,1841.0,58.12,38.62,38.29,White,High_poverty,HPW,40.7089987,-73.959517
360810071001,531.0,46.52,14.88,20.34,Other,Low_poverty,LPO,40.7707002,-73.9262581
360810462003,1900.0,2.53,6.58,25.05,Other,Low_poverty,LPO,40.7093952,-73.789911
360050067004,1559.0,0.0,40.6,98.78,Minority,High_poverty,HPM,40.8206218,-73.9188638
360050173002,636.0,0.0,89.94,100.0,Minority,High_poverty,HPM,40.8274427,-73.9161495
360470160001,1533.0,53.69,4.04,19.57,White,Low_poverty,LPW,40.6182182,-74.0251649
360470418002,1698.0,86.93,26.1,8.18,White,Low_poverty,LPW,40.6043499,-73.9654297
360810181023,1337.0,42.63,9.42,26.7,Other,Low_poverty,LPO,40.7453167,-73.9215881
360470139003,962.0,74.12,2.81,15.39,White,Low_poverty,LPW,40.6685607,-73.9885123
360470495002,1102.0,48.09,16.25,43.92,Other,Low_poverty,LPO,40.7124277,-73.9431857
360470208001,702.0,9.83,16.81,8.69,Other,Low_poverty,LPO,40.6251377,-74.0077787
360470912003,2557.0,0.35,57.92,96.72,Minority,High_poverty,HPM,40.6636049,-73.9072419
360610122004,963.0,85.88,0.0,14.12,White,Low_poverty,LPW,40.7698716,-73.9678751
360810168001,1736.0,1.9,17.2,37.73,Other,Low_poverty,LPO,40.6813752,-73.8182518
360050141002,2417.0,0.33,16.49,97.72,Minority,Low_poverty,LPM,40.823423,-73.9094386
360810997043,1831.0,62.86,8.14,6.88,White,Low_poverty,LPW,40.7796607,-73.7832705
360050241001,1209.0,0.0,19.07,87.35,Minority,Low_poverty,LPM,40.8515457,-73.9076255
360470493001,2084.0,0.43,33.16,97.22,Minority,High_poverty,HPM,40.710001,-73.9419334
360811367003,421.0,80.76,4.28,0.0,White,Low_poverty,LPW,40.7406862,-73.7613369
360610192003,1771.0,1.98,42.01,83.57,Minority,High_poverty,HPM,40.798297,-73.9305112
360050209003,1511.0,0.0,19.79,100.0,Minority,Low_poverty,LPM,40.8428015,-73.9141622
360470392002,1677.0,86.88,10.44,6.56,White,Low_poverty,LPW,40.5947509,-73.9628953
360810124002,1886.0,5.2,9.03,65.21,Minority,Low_poverty,LPM,40.694712,-73.8349756
360610030011,1037.0,64.32,18.84,28.26,White,Low_poverty,LPW,40.7219568,-73.9877758
360850146082,2041.0,76.83,4.07,18.32,White,Low_poverty,LPW,40.5566429,-74.1557675
360811032011,2389.0,3.73,13.77,91.29,Minority,Low_poverty,LPM,40.6077014,-73.758707
360610081006,570.0,73.51,11.62,1.23,White,Low_poverty,LPW,40.7394982,-74.0008533
360810713032,1078.0,57.42,11.87,4.54,White,Low_poverty,LPW,40.7259865,-73.8497321
360470137003,1347.0,57.24,18.11,30.07,White,Low_poverty,LPW,40.6697937,-73.9858295
360050239001,1067.0,0.0,8.22,92.88,Minority,Low_poverty,LPM,40.861366,-73.9010493
360810403001,3352.0,0.0,15.93,77.89,Minority,Low_poverty,LPM,40.7524438,-73.861381
360810455001,2556.0,15.49,15.65,70.66,Minority,Low_poverty,LPM,40.736243,-73.8646119
360050052002,1223.0,0.0,28.13,98.94,Minority,Low_poverty,LPM,40.8270556,-73.8812028
360810117001,842.0,66.03,4.87,19.36,White,Low_poverty,LPW,40.7739748,-73.9099861
360470222002,878.0,90.43,24.83,6.72,White,Low_poverty,LPW,40.6374759,-73.9939151
360810440003,1806.0,2.16,11.0,92.3,Minority,Low_poverty,LPM,40.7036398,-73.7816236
360810934022,1107.0,81.84,15.99,17.62,White,Low_poverty,LPW,40.5767153,-73.8409346
360470119002,398.0,70.1,23.12,15.83,White,Low_poverty,LPW,40.6790428,-73.9861965
360470009002,1733.0,68.72,2.79,21.52,White,Low_poverty,LPW,40.6903314,-73.992061
360810376001,978.0,0.0,9.41,98.46,Minority,Low_poverty,LPM,40.6927864,-73.7527487
360810043001,2202.0,1.23,38.42,84.34,Minority,High_poverty,HPM,40.7620282,-73.9366694
360610101001,1373.0,40.93,16.02,25.34,Other,Low_poverty,LPO,40.7497314,-73.9915412
360811291041,200.0,17.5,2.5,0.0,Other,Low_poverty,LPO,40.7393751,-73.7464974
360050233012,1708.0,0.0,12.7,95.85,Minority,Low_poverty,LPM,40.8487752,-73.9074836
360810204002,1294.0,3.94,9.97,71.17,Minority,Low_poverty,LPM,40.6928117,-73.8063513
360610044007,3098.0,80.54,10.85,11.01,White,Low_poverty,LPW,40.7315636,-73.9804218
360610138001,1065.0,66.38,15.02,1.5,White,Low_poverty,LPW,40.7767138,-73.9540558
360850105003,686.0,75.22,7.43,15.45,White,Low_poverty,LPW,40.6316515,-74.1116378
360470100001,1272.0,3.77,33.96,21.85,Other,High_poverty,HPO,40.6414307,-74.0087626
360470279002,1290.0,14.19,12.95,81.94,Minority,Low_poverty,LPM,40.6901253,-73.9394177
360470041003,868.0,81.22,11.44,7.72,White,Low_poverty,LPW,40.6855556,-73.9843904
360050310003,2134.0,29.01,6.23,62.09,Minority,Low_poverty,LPM,40.8623822,-73.8391904
360470527006,1240.0,43.87,4.52,54.68,Minority,Low_poverty,LPM,40.7086277,-73.9539729
360470071003,2144.0,0.0,36.19,97.62,Minority,High_poverty,HPM,40.6829093,-73.9889227
360050213011,275.0,4.36,15.64,95.64,Minority,Low_poverty,LPM,40.8457041,-73.918136
360050020005,1005.0,0.0,16.72,94.73,Minority,Low_poverty,LPM,40.8196205,-73.8678724
360470356011,2834.0,87.9,21.56,9.6,White,Low_poverty,LPW,40.5808797,-73.9697024
360050193003,1146.0,0.0,36.47,97.39,Minority,High_poverty,HPM,40.8372266,-73.9305734
360050031001,1689.0,1.42,19.89,93.79,Minority,Low_poverty,LPM,40.8098988,-73.9056901
360610072006,465.0,89.46,0.0,10.54,White,Low_poverty,LPW,40.74573,-73.9791652
360810111001,1759.0,41.56,15.24,37.69,Other,Low_poverty,LPO,40.7796824,-73.9085691
360810275002,2323.0,2.45,21.43,89.67,Minority,Low_poverty,LPM,40.7530677,-73.8752775
360810564001,1178.0,14.09,4.67,38.88,Other,Low_poverty,LPO,40.7215544,-73.7334063
360810095001,921.0,68.62,17.81,15.85,White,Low_poverty,LPW,40.7731327,-73.9188531
360470374021,1824.0,44.63,3.78,28.29,Other,Low_poverty,LPO,40.5881491,-73.9727393
360050274023,1280.0,57.66,5.23,39.3,White,Low_poverty,LPW,40.8448944,-73.8176659
360810034001,1094.0,12.61,30.26,65.99,Minority,High_poverty,HPM,40.6855728,-73.8553782
360470698002,695.0,56.55,0.0,17.12,White,Low_poverty,LPW,40.6112503,-73.9170851
360850122002,1075.0,75.81,6.14,24.19,White,Low_poverty,LPW,40.5734622,-74.1114828
360050345003,727.0,73.59,16.53,16.64,White,Low_poverty,LPW,40.9025026,-73.9005358
360470068001,1581.0,33.33,32.4,32.32,Other,High_poverty,HPO,40.635896,-74.0244718
360470523003,972.0,53.5,13.27,43.72,White,Low_poverty,LPW,40.7113292,-73.9605378
360811215002,1150.0,24.61,12.61,7.83,Other,Low_poverty,LPO,40.7415438,-73.8112768
360470493003,520.0,71.35,14.04,20.77,White,Low_poverty,LPW,40.707634,-73.9400869
360850181001,488.0,66.8,55.56,18.86,White,High_poverty,HPW,40.5916717,-74.1309682
360850064002,604.0,89.24,5.57,0.66,White,Low_poverty,LPW,40.596856,-74.074644
360850170051,2634.0,85.42,2.89,8.62,White,Low_poverty,LPW,40.5363512,-74.1888369
360471058011,1282.0,9.05,29.87,90.95,Minority,Low_poverty,LPM,40.6526247,-73.8838356
360470003012,1086.0,89.87,30.85,4.42,White,High_poverty,HPW,40.6973313,-73.9953526
360470561003,788.0,60.15,12.22,27.03,White,Low_poverty,LPW,40.7267852,-73.9525047
360470390001,1433.0,90.58,17.1,5.02,White,Low_poverty,LPW,40.5924147,-73.9628231
360850128062,572.0,96.85,9.79,3.15,White,Low_poverty,LPW,40.5619826,-74.1152939
360050199002,1486.0,3.3,49.46,96.7,Minority,High_poverty,HPM,40.8356378,-73.9241356
360811159002,1619.0,8.28,22.11,13.59,Other,Low_poverty,LPO,40.7682844,-73.8202073
360610128002,718.0,93.31,4.18,4.04,White,Low_poverty,LPW,40.7694304,-73.9618814
360610091001,2133.0,69.95,14.16,13.45,White,Low_poverty,LPW,40.7441176,-73.9937751
360050330001,1225.0,8.33,34.69,91.67,Minority,High_poverty,HPM,40.8643238,-73.8659321
360810065022,633.0,56.4,17.54,33.65,White,Low_poverty,LPW,40.7680945,-73.9154327
360050195003,2334.0,0.0,44.94,98.42,Minority,High_poverty,HPM,40.8325863,-73.9214409
360810697022,908.0,63.99,0.0,0.0,White,Low_poverty,LPW,40.7224498,-73.8618701
360610126002,608.0,71.38,0.16,15.13,White,Low_poverty,LPW,40.7689335,-73.9597334
360810087003,2123.0,3.82,46.16,92.08,Minority,High_poverty,HPM,40.7741346,-73.9344053
360050401002,875.0,1.37,25.6,98.63,Minority,Low_poverty,LPM,40.8654361,-73.8974829
360050086003,1047.0,0.0,60.31,96.09,Minority,High_poverty,HPM,40.8198282,-73.8497891
360470476002,827.0,97.22,55.05,0.48,White,High_poverty,HPW,40.6303246,-73.9804374
360050436002,1124.0,7.74,17.35,80.69,Minority,Low_poverty,LPM,40.8966328,-73.8507221
360850213002,857.0,19.49,24.5,75.37,Minority,Low_poverty,LPM,40.6338666,-74.1386609
360470938002,1318.0,0.3,2.81,97.12,Minority,Low_poverty,LPM,40.6495038,-73.9243192
360470460002,1551.0,45.97,24.56,6.13,Other,Low_poverty,LPO,40.6306642,-73.9672731
360850114011,589.0,78.44,8.83,19.35,White,Low_poverty,LPW,40.585741,-74.0960501
360470486002,1063.0,33.96,15.24,42.05,Other,Low_poverty,LPO,40.6368689,-73.9772608
360050267024,354.0,8.47,67.8,87.85,Minority,High_poverty,HPM,40.8714611,-73.9017934
360610230005,1310.0,5.95,16.56,77.48,Minority,Low_poverty,LPM,40.8181889,-73.9397401
360470149001,673.0,78.9,1.78,9.51,White,Low_poverty,LPW,40.6641871,-73.9838369
360470924003,704.0,0.0,7.81,100.0,Minority,Low_poverty,LPM,40.6630435,-73.9109879
360810278002,1701.0,0.0,35.57,92.24,Minority,High_poverty,HPM,40.6852324,-73.7839396
360610317044,3518.0,64.75,1.73,8.78,White,Low_poverty,LPW,40.7065329,-74.0181411
360470450001,566.0,91.7,35.34,5.48,White,High_poverty,HPW,40.6216296,-73.9728811
360470130001,1058.0,19.75,8.98,26.65,Other,Low_poverty,LPO,40.6338263,-74.0208852
360610253005,1681.0,36.64,14.87,52.82,Minority,Low_poverty,LPM,40.8443063,-73.9399148
360810471002,2121.0,3.39,17.63,30.13,Other,Low_poverty,LPO,40.7401547,-73.8761719
360470142002,954.0,59.96,8.81,12.37,White,Low_poverty,LPW,40.6215694,-74.0246956
360610086033,768.0,90.63,13.02,0.0,White,Low_poverty,LPW,40.7543232,-73.9643028
360050385003,1177.0,0.0,25.57,100.0,Minority,Low_poverty,LPM,40.8553363,-73.8915741
360470218001,930.0,81.29,32.69,18.71,White,High_poverty,HPW,40.6331713,-73.9958405
360811341003,707.0,28.15,10.47,8.77,Other,Low_poverty,LPO,40.7369359,-73.7932026
360811377002,2623.0,30.65,8.27,13.15,Other,Low_poverty,LPO,40.7461338,-73.750247
360811399001,492.0,25.61,8.74,8.33,Other,Low_poverty,LPO,40.7486863,-73.7615899
360811409022,1417.0,17.01,4.16,9.6,Other,Low_poverty,LPO,40.7456605,-73.7794596
360811441004,1040.0,21.35,3.4,16.54,Other,Low_poverty,LPO,40.7537045,-73.7630356
360810947002,1216.0,35.2,20.64,50.16,Minority,Low_poverty,LPM,40.7866584,-73.8434321
360810987002,851.0,70.74,10.22,12.22,White,Low_poverty,LPW,40.7895888,-73.8097676
360810991005,1568.0,51.91,1.91,2.36,White,Low_poverty,LPW,40.7914475,-73.8030048
360810997012,896.0,74.78,8.37,4.35,White,Low_poverty,LPW,40.7760795,-73.789727
360811029002,1589.0,52.74,3.52,24.67,White,Low_poverty,LPW,40.781466,-73.8056509
360470343001,3643.0,0.47,45.43,97.23,Minority,High_poverty,HPM,40.6740845,-73.9375821
360470349003,2418.0,8.44,28.04,88.46,Minority,Low_poverty,LPM,40.6668983,-73.9299103
360470351002,1792.0,23.55,24.0,72.6,Minority,Low_poverty,LPM,40.6688573,-73.9325061
360470353003,1982.0,34.96,21.09,57.32,Minority,Low_poverty,LPM,40.6667548,-73.9354849
360470354002,1864.0,83.64,7.03,10.62,White,Low_poverty,LPW,40.5782059,-73.9744038
360470400001,1230.0,53.66,12.52,19.92,White,Low_poverty,LPW,40.5980721,-73.9737478
360470401003,1322.0,15.89,27.23,75.34,Minority,Low_poverty,LPM,40.6873505,-73.9133245
360470403001,825.0,19.27,46.02,80.73,Minority,High_poverty,HPM,40.6845146,-73.906626
360470406002,1117.0,15.22,32.14,7.16,Other,High_poverty,HPO,40.5994379,-73.9828658
360470409001,1511.0,11.52,18.8,86.57,Minority,Low_poverty,LPM,40.691165,-73.9035853
360470411002,1013.0,17.28,25.96,76.31,Minority,Low_poverty,LPM,40.6869399,-73.9075881
360470413003,1462.0,11.22,21.41,85.02,Minority,Low_poverty,LPM,40.6902817,-73.9121134
360810116002,1234.0,10.78,17.5,42.3,Other,Low_poverty,LPO,40.6877082,-73.8390986
360810120001,1011.0,5.84,4.06,43.92,Other,Low_poverty,LPO,40.6927154,-73.8292462
360810123011,1286.0,54.9,4.04,38.34,White,Low_poverty,LPW,40.7773292,-73.9013688
360810126021,1186.0,7.42,14.84,71.67,Minority,Low_poverty,LPM,40.6943936,-73.8408237
360810130001,629.0,69.63,16.85,8.91,White,Low_poverty,LPW,40.7018704,-73.8385082
360810135001,1306.0,84.46,6.36,11.1,White,Low_poverty,LPW,40.7706488,-73.898977
360810138002,1883.0,22.41,11.22,29.69,Other,Low_poverty,LPO,40.7056799,-73.8241786
360810141001,717.0,52.02,10.46,38.78,White,Low_poverty,LPW,40.7681207,-73.9103731
360810143001,1371.0,67.98,6.71,15.76,White,Low_poverty,LPW,40.765591,-73.9102973
360810147003,1088.0,57.63,2.39,18.48,White,Low_poverty,LPW,40.7641228,-73.9131491
360810149002,819.0,64.1,5.62,31.75,White,Low_poverty,LPW,40.7621332,-73.9152305
360810151001,1030.0,66.41,9.61,21.84,White,Low_poverty,LPW,40.7596032,-73.9096389
360810154001,910.0,2.97,18.58,32.19,Other,Low_poverty,LPO,40.6930432,-73.8175806
360810004001,1801.0,5.33,9.83,69.24,Minority,Low_poverty,LPM,40.6907374,-73.8640847
360810006003,1598.0,1.5,10.73,73.72,Minority,Low_poverty,LPM,40.6853931,-73.8654464
360810002001,1278.0,16.04,25.3,72.3,Minority,Low_poverty,LPM,40.6939433,-73.8650514
360810012003,1291.0,23.93,6.12,61.27,Minority,Low_poverty,LPM,40.6939252,-73.8627703
360810016001,1394.0,9.33,5.68,51.72,Minority,Low_poverty,LPM,40.6914095,-73.8555198
360810024001,1035.0,8.89,17.49,65.79,Minority,Low_poverty,LPM,40.6977748,-73.8453973
360810030001,1524.0,25.59,14.48,52.37,Minority,Low_poverty,LPM,40.6916415,-73.8472679
360470554001,1831.0,74.11,27.15,14.31,White,Low_poverty,LPW,40.60765,-73.9588811
360470558001,1070.0,74.86,15.41,7.76,White,Low_poverty,LPW,40.6033796,-73.9542022
360470563004,1197.0,56.31,8.02,28.99,White,Low_poverty,LPW,40.7328746,-73.956393
360470565001,938.0,74.52,6.72,22.07,White,Low_poverty,LPW,40.7298976,-73.9588349
360050300003,668.0,23.95,13.62,73.8,Minority,Low_poverty,LPM,40.853213,-73.8292419
360050263002,964.0,0.0,27.28,100.0,Minority,Low_poverty,LPM,40.8645225,-73.9029633
360050265002,2075.0,1.54,18.23,86.65,Minority,Low_poverty,LPM,40.8657999,-73.9019716
360050283001,1203.0,4.74,61.76,95.26,Minority,High_poverty,HPM,40.877381,-73.9049387
360050316001,1002.0,34.33,16.67,42.52,Other,Low_poverty,LPO,40.863325,-73.8488317
360050330002,1418.0,50.71,0.71,48.09,White,Low_poverty,LPW,40.8587372,-73.8656055
360050328001,894.0,21.14,24.75,75.06,Minority,Low_poverty,LPM,40.8643267,-73.8630387
360050374001,1028.0,0.97,43.39,97.67,Minority,High_poverty,HPM,40.8721925,-73.8662685
360050421002,1161.0,9.13,19.64,84.5,Minority,Low_poverty,LPM,40.8818775,-73.8828582
360050379003,1151.0,0.0,15.99,94.62,Minority,Low_poverty,LPM,40.8515599,-73.899494
360050250002,997.0,51.86,0.1,21.76,White,Low_poverty,LPW,40.8513843,-73.8577537
360050263001,731.0,0.0,55.68,100.0,Minority,High_poverty,HPM,40.8633373,-73.9053413
360050132004,1317.0,38.57,7.37,57.18,Minority,Low_poverty,LPM,40.8184882,-73.818598
360050229011,945.0,1.06,15.45,76.72,Minority,Low_poverty,LPM,40.845689,-73.9092544
360050201002,1432.0,5.87,44.83,94.13,Minority,High_poverty,HPM,40.8420052,-73.9249072
360050121012,1867.0,3.64,25.36,95.72,Minority,Low_poverty,LPM,40.8285069,-73.8897484
360050381001,871.0,0.0,18.14,91.84,Minority,Low_poverty,LPM,40.8548495,-73.899511
360050344001,1291.0,2.48,21.9,91.4,Minority,Low_poverty,LPM,40.866587,-73.8571908
360050243001,1354.0,0.0,33.09,98.01,Minority,High_poverty,HPM,40.8529214,-73.9092344
360470588001,1589.0,66.77,4.17,12.21,White,Low_poverty,LPW,40.5899355,-73.9589495
360470591002,890.0,76.97,12.25,18.31,White,Low_poverty,LPW,40.7239012,-73.9418546
360470593002,893.0,81.52,12.54,7.95,White,Low_poverty,LPW,40.7254724,-73.9401806
360470594014,1100.0,52.64,4.4,0.18,White,Low_poverty,LPW,40.5908487,-73.9477886
360470594023,1442.0,64.49,8.81,0.0,White,Low_poverty,LPW,40.594544,-73.9437028
360470596002,1067.0,84.72,11.53,15.28,White,Low_poverty,LPW,40.5908337,-73.9381088
360470527005,450.0,28.22,12.0,62.0,Minority,Low_poverty,LPM,40.7093152,-73.9559081
360470527001,1136.0,16.37,8.01,79.75,Minority,Low_poverty,LPM,40.708668,-73.951497
360470530003,1383.0,74.04,39.99,13.52,White,High_poverty,HPW,40.6272622,-73.9646617
360470531003,792.0,90.4,65.53,9.6,White,High_poverty,HPW,40.7010257,-73.9563666
360470533003,1451.0,100.0,70.43,0.0,White,High_poverty,HPW,40.7030869,-73.958477
360470534004,646.0,52.17,22.96,16.71,White,Low_poverty,LPW,40.6224307,-73.9642204
360470535003,426.0,69.72,50.94,30.28,White,High_poverty,HPW,40.7058943,-73.961615
360470538002,2164.0,50.69,15.29,24.54,White,Low_poverty,LPW,40.6172461,-73.9558864
360470539001,526.0,100.0,59.51,0.0,White,High_poverty,HPW,40.7018551,-73.963125
360471182022,1873.0,2.14,19.06,88.68,Minority,Low_poverty,LPM,40.6879088,-73.8693087
360471184002,1187.0,5.73,28.64,89.05,Minority,Low_poverty,LPM,40.6842556,-73.8694421
360471188001,1291.0,6.74,9.84,38.03,Other,Low_poverty,LPO,40.6792032,-73.864061
360471194003,1601.0,2.19,26.05,95.06,Minority,Low_poverty,LPM,40.6712978,-73.8767352
360471200001,1397.0,1.36,37.22,60.84,Minority,High_poverty,HPM,40.675607,-73.8682569
360470067004,762.0,81.63,5.75,10.89,White,Low_poverty,LPW,40.6838871,-73.9984758
360470069002,814.0,67.57,2.7,19.78,White,Low_poverty,LPW,40.684069,-73.9908755
360470071001,551.0,67.33,4.4,24.86,White,Low_poverty,LPW,40.684705,-73.9863355
360470075002,1052.0,84.32,2.47,0.0,White,Low_poverty,LPW,40.6819531,-73.9916282
360470076001,2031.0,10.04,23.73,76.62,Minority,Low_poverty,LPM,40.6445242,-74.0136735
360470077001,1230.0,73.41,15.93,13.66,White,Low_poverty,LPW,40.6785403,-73.9920041
360470080001,1565.0,24.09,13.74,66.71,Minority,Low_poverty,LPM,40.6490219,-74.0090388
360470085001,3365.0,1.34,52.3,84.28,Minority,High_poverty,HPM,40.6766988,-74.008612
360470094001,1584.0,13.51,14.58,23.43,Other,Low_poverty,LPO,40.6429725,-73.9999856
360470096003,963.0,43.09,23.78,37.8,Other,Low_poverty,LPO,40.6461213,-74.0074689
360470098004,1204.0,2.24,30.24,53.9,Minority,High_poverty,HPM,40.6438817,-74.0098003
360470100004,1398.0,11.87,26.18,68.17,Minority,Low_poverty,LPM,40.6427607,-74.0109648
360470101002,1430.0,34.06,10.16,56.51,Minority,Low_poverty,LPM,40.6564729,-74.0014711
360470104003,1681.0,5.95,26.96,7.74,Other,Low_poverty,LPO,40.6375797,-74.0091802
360470106001,1526.0,7.54,39.65,3.28,Other,High_poverty,HPO,40.6384903,-74.0046472
360470108001,898.0,7.13,29.96,18.6,Other,Low_poverty,LPO,40.6419911,-74.0033981
360470112001,2223.0,42.91,28.48,37.83,Other,Low_poverty,LPO,40.6425791,-73.9943524
360470114001,2038.0,56.77,38.82,18.25,White,High_poverty,HPW,40.6398539,-73.9977347
360470117002,746.0,38.07,18.9,39.41,Other,Low_poverty,LPO,40.6683791,-73.9930876
360470121002,746.0,46.78,24.26,44.5,Other,Low_poverty,LPO,40.6708739,-73.9915555
360471208001,3048.0,0.0,17.94,95.31,Minority,Low_poverty,LPM,40.6724399,-73.868795
360470546002,2054.0,66.94,24.73,7.93,White,Low_poverty,LPW,40.6122186,-73.9539246
360470610022,3593.0,99.55,13.47,0.0,White,Low_poverty,LPW,40.5768348,-73.9573754
360470570002,576.0,53.13,3.65,38.54,White,Low_poverty,LPW,40.5979158,-73.9345923
360470571003,1305.0,71.19,1.38,18.7,White,Low_poverty,LPW,40.723601,-73.9481121
360470573001,803.0,71.86,7.1,23.78,White,Low_poverty,LPW,40.7286866,-73.9474297
360470575003,952.0,84.77,11.25,8.72,White,Low_poverty,LPW,40.7313723,-73.9531644
360470578001,1657.0,44.78,30.3,21.18,Other,High_poverty,HPO,40.5995576,-73.9504401
360470580001,2557.0,32.73,15.92,27.03,Other,Low_poverty,LPO,40.5991088,-73.954527
360810034002,1518.0,10.61,17.51,66.93,Minority,Low_poverty,LPM,40.6833149,-73.8633085
360810039001,1439.0,31.83,16.19,55.53,Minority,Low_poverty,LPM,40.7627994,-73.9409316
360810040021,1459.0,11.17,16.55,49.22,Other,Low_poverty,LPO,40.6815361,-73.8429949
360810297002,1054.0,13.09,6.45,58.64,Minority,Low_poverty,LPM,40.7556253,-73.9022733
360810317001,1872.0,52.19,0.7,38.09,White,Low_poverty,LPW,40.7740958,-73.8923123
360810327002,1529.0,7.0,28.06,64.82,Minority,Low_poverty,LPM,40.7566691,-73.8850971
360810328001,1343.0,1.56,4.47,94.79,Minority,Low_poverty,LPM,40.6733985,-73.7558907
360810330004,1308.0,0.0,15.01,97.71,Minority,Low_poverty,LPM,40.6699909,-73.7679898
360810337001,1708.0,6.38,11.94,77.46,Minority,Low_poverty,LPM,40.7597914,-73.8828209
360810339002,798.0,25.44,14.41,46.74,Other,Low_poverty,LPO,40.7573048,-73.8790521
360050364001,873.0,0.0,4.47,99.2,Minority,Low_poverty,LPM,40.8725386,-73.8481535
360050286001,480.0,35.42,10.42,42.71,Other,Low_poverty,LPO,40.8497874,-73.8474776
360050351002,1171.0,32.88,12.3,64.65,Minority,Low_poverty,LPM,40.8941703,-73.8984755
360050277001,1570.0,18.79,32.04,70.51,Minority,High_poverty,HPM,40.8771812,-73.9021387
360050288001,1177.0,42.14,40.44,29.65,Other,High_poverty,HPO,40.8542975,-73.8513795
360050373004,1697.0,0.71,56.04,99.29,Minority,High_poverty,HPM,40.8489556,-73.8911515
360050407021,896.0,3.24,21.99,96.77,Minority,Low_poverty,LPM,40.8674894,-73.8847474
360050430001,1468.0,1.63,9.81,76.71,Minority,Low_poverty,LPM,40.8927531,-73.8497178
360050391005,671.0,0.0,48.44,88.52,Minority,High_poverty,HPM,40.8547705,-73.8888708
360050424002,1321.0,0.83,11.96,95.0,Minority,Low_poverty,LPM,40.8897402,-73.8509488
360470542003,1249.0,91.75,12.89,6.72,White,Low_poverty,LPW,40.6140851,-73.9611838
360470539002,1957.0,72.36,47.78,27.64,White,High_poverty,HPW,40.7032983,-73.9620938
360470545003,1487.0,43.44,28.38,56.56,Minority,Low_poverty,LPM,40.7063411,-73.9659854
360470548002,1005.0,95.02,12.44,0.0,White,Low_poverty,LPW,40.6081543,-73.9477165
360470550001,940.0,79.57,14.36,13.3,White,Low_poverty,LPW,40.6100029,-73.9519182
360470606001,1796.0,84.58,10.14,4.68,White,Low_poverty,LPW,40.5865602,-73.9544061
360470628004,1174.0,66.87,0.0,12.95,White,Low_poverty,LPW,40.5881745,-73.9252528
360470638002,1204.0,63.37,6.64,14.29,White,Low_poverty,LPW,40.6052493,-73.9382908
360470648001,1513.0,54.46,1.65,44.22,White,Low_poverty,LPW,40.618506,-73.9373688
360470652001,1094.0,84.46,2.29,12.34,White,Low_poverty,LPW,40.614762,-73.9300726
360470662001,1501.0,67.36,7.73,12.6,White,Low_poverty,LPW,40.6093052,-73.924372
360470676001,870.0,8.85,3.24,91.15,Minority,Low_poverty,LPM,40.6255575,-73.9255724
360470680002,1189.0,2.35,1.43,90.66,Minority,Low_poverty,LPM,40.6202755,-73.9250709
360470688002,771.0,31.0,5.71,62.13,Minority,Low_poverty,LPM,40.6159862,-73.9191537
360470690002,1028.0,19.16,14.11,70.14,Minority,Low_poverty,LPM,40.6192852,-73.9220573
360470776002,1553.0,5.6,5.99,76.76,Minority,Low_poverty,LPM,40.6303647,-73.9432572
360470780002,1242.0,0.64,3.71,98.87,Minority,Low_poverty,LPM,40.6333629,-73.939026
360470792002,999.0,6.31,17.62,89.19,Minority,Low_poverty,LPM,40.643613,-73.9531697
360470800002,1223.0,37.29,6.46,54.46,Minority,Low_poverty,LPM,40.6607274,-73.9542639
360050420002,1788.0,0.0,32.27,94.07,Minority,High_poverty,HPM,40.8931805,-73.8591895
360050233011,593.0,0.0,18.38,100.0,Minority,Low_poverty,LPM,40.8504406,-73.908477
360050075002,3488.0,0.0,23.28,99.6,Minority,Low_poverty,LPM,40.8202395,-73.9080678
360050380002,1062.0,2.73,26.77,97.27,Minority,Low_poverty,LPM,40.878766,-73.8602399
360050420003,1308.0,0.0,29.89,95.64,Minority,Low_poverty,LPM,40.8917976,-73.8599573
360050390002,1321.0,0.68,25.66,92.05,Minority,Low_poverty,LPM,40.8816544,-73.8621893
360050351001,1454.0,79.02,0.23,12.04,White,Low_poverty,LPW,40.8910151,-73.900538
360050075001,1667.0,2.64,42.27,88.9,Minority,High_poverty,HPM,40.8174824,-73.9103256
360050406002,689.0,0.0,10.74,94.19,Minority,Low_poverty,LPM,40.8894676,-73.8578568
360050460002,785.0,0.0,20.51,100.0,Minority,Low_poverty,LPM,40.8805835,-73.8442815
360470129013,556.0,62.41,17.99,26.62,White,Low_poverty,LPW,40.680102,-73.9796108
360470130004,1154.0,45.06,24.89,36.83,Other,Low_poverty,LPO,40.6331566,-74.0226241
360470131004,1004.0,57.37,8.86,32.37,White,Low_poverty,LPW,40.6775492,-73.9813212
360470132002,1203.0,34.91,14.26,8.06,Other,Low_poverty,LPO,40.6275683,-74.0160095
360470135001,1122.0,89.93,14.35,0.0,White,Low_poverty,LPW,40.6728273,-73.9815997
360470136001,1203.0,74.06,8.73,10.47,White,Low_poverty,LPW,40.626452,-74.0206343
360470139002,1157.0,63.96,13.9,26.36,White,Low_poverty,LPW,40.6670871,-73.9880875
360470141003,852.0,57.75,5.99,21.36,White,Low_poverty,LPW,40.6664519,-73.9902727
360470143003,1231.0,38.83,20.06,52.23,Minority,Low_poverty,LPM,40.6627659,-73.9935042
360470145004,949.0,59.11,16.75,29.4,White,Low_poverty,LPW,40.6624727,-73.9950638
360470148002,677.0,64.4,14.33,24.52,White,Low_poverty,LPW,40.6158686,-74.0138336
360470149003,1039.0,57.27,1.06,29.84,White,Low_poverty,LPW,40.6614405,-73.9844374
360470149004,636.0,74.21,6.29,23.58,White,Low_poverty,LPW,40.6608169,-73.9863405
360470804001,1201.0,16.24,13.82,80.52,Minority,Low_poverty,LPM,40.6613254,-73.9492424
360810249001,2443.0,17.23,23.44,21.0,Other,Low_poverty,LPO,40.7426956,-73.9026307
360810249002,1331.0,21.71,5.41,36.66,Other,Low_poverty,LPO,40.7422553,-73.9059169
360810251001,2364.0,52.28,2.66,31.09,White,Low_poverty,LPW,40.7467547,-73.9100249
360810258001,1204.0,0.5,6.15,76.99,Minority,Low_poverty,LPM,40.696347,-73.7864373
360810261004,945.0,20.42,26.14,27.72,Other,Low_poverty,LPO,40.7455315,-73.9013016
360810263003,2053.0,18.9,8.09,34.0,Other,Low_poverty,LPO,40.7445605,-73.8986659
360810265001,1171.0,11.36,9.74,26.13,Other,Low_poverty,LPO,40.7464486,-73.8935591
360810267001,2146.0,4.99,22.83,71.86,Minority,Low_poverty,LPM,40.7464715,-73.8870769
360810272001,732.0,0.82,3.42,72.95,Minority,Low_poverty,LPM,40.6848399,-73.7918651
360810273004,1125.0,0.0,7.82,77.78,Minority,Low_poverty,LPM,40.7500388,-73.8714676
360810275001,1378.0,17.56,1.38,59.94,Minority,Low_poverty,LPM,40.7556223,-73.8759036
360810277001,642.0,17.76,12.72,35.2,Other,Low_poverty,LPO,40.7554757,-73.8772985
360810277004,901.0,1.44,11.76,94.23,Minority,Low_poverty,LPM,40.7504398,-73.87733
360810281002,1386.0,35.64,2.96,44.52,Other,Low_poverty,LPO,40.7530036,-73.8825343
360810283005,2517.0,18.83,8.14,62.34,Minority,Low_poverty,LPM,40.7495638,-73.8856985
360810287003,2262.0,27.85,10.08,32.0,Other,Low_poverty,LPO,40.749126,-73.8899337
360810287001,1682.0,37.75,13.14,47.8,Other,Low_poverty,LPO,40.7535821,-73.8889624
360470001003,1398.0,67.38,1.88,9.23,White,Low_poverty,LPW,40.699952,-73.9927412
360470011001,1468.0,58.92,7.15,20.7,White,Low_poverty,LPW,40.6932903,-73.9877087
360470020001,380.0,2.37,14.74,88.95,Minority,Low_poverty,LPM,40.6488772,-74.015054
360810351002,1823.0,19.31,7.57,58.25,Minority,Low_poverty,LPM,40.7580042,-73.8771572
360810184021,1083.0,8.86,19.22,78.49,Minority,Low_poverty,LPM,40.6798798,-73.7944838
360810189001,864.0,34.84,7.41,14.7,Other,Low_poverty,LPO,40.7409878,-73.9257908
360810196001,1687.0,1.07,9.44,70.54,Minority,Low_poverty,LPM,40.6896333,-73.7984226
360810198001,970.0,0.0,10.65,72.06,Minority,Low_poverty,LPM,40.6933617,-73.8018676
360810206001,1855.0,9.11,9.65,60.86,Minority,Low_poverty,LPM,40.6943396,-73.8092386
360810220022,1939.0,28.16,8.82,53.07,Minority,Low_poverty,LPM,40.7133634,-73.8131611
360470038001,1371.0,66.67,8.32,4.74,White,Low_poverty,LPW,40.6344225,-74.0357544
360470041002,1062.0,64.22,0.75,24.76,White,Low_poverty,LPW,40.6863989,-73.9865589
360470045003,681.0,67.4,3.52,6.32,White,Low_poverty,LPW,40.6871904,-73.9946915
360470049001,1009.0,47.37,8.06,39.25,Other,Low_poverty,LPO,40.6896113,-73.9976569
360470051002,1417.0,67.4,1.51,6.57,White,Low_poverty,LPW,40.683781,-74.0035518
360470056021,1687.0,63.43,6.88,22.82,White,Low_poverty,LPW,40.6127383,-74.0357394
360470058003,476.0,61.76,12.18,23.95,White,Low_poverty,LPW,40.6203217,-74.0338162
360470063002,995.0,79.4,4.02,6.13,White,Low_poverty,LPW,40.6809423,-74.0018041
360470065003,894.0,86.69,7.94,13.31,White,Low_poverty,LPW,40.6804446,-73.999008
360050369011,1280.0,0.23,60.95,99.76,Minority,High_poverty,HPM,40.8439951,-73.8915252
360470810001,1428.0,24.23,18.98,71.57,Minority,Low_poverty,LPM,40.6601825,-73.9437094
360470816002,1621.0,5.06,18.67,94.94,Minority,Low_poverty,LPM,40.6520335,-73.9438835
360470818003,1036.0,2.22,21.33,89.1,Minority,Low_poverty,LPM,40.6520107,-73.94848
360470824003,1180.0,0.0,9.15,100.0,Minority,Low_poverty,LPM,40.6482777,-73.9507581
360470826004,1122.0,1.6,8.82,98.4,Minority,Low_poverty,LPM,40.6459355,-73.9505136
360470830001,1253.0,5.11,7.18,90.34,Minority,Low_poverty,LPM,40.6417352,-73.9466559
360470834002,891.0,0.0,10.25,93.27,Minority,Low_poverty,LPM,40.6404009,-73.9383524
360470836001,836.0,0.0,22.01,95.69,Minority,Low_poverty,LPM,40.637192,-73.9336907
360810236001,1392.0,19.97,20.06,32.91,Other,Low_poverty,LPO,40.7083548,-73.8055856
360810243004,1897.0,25.14,4.63,36.95,Other,Low_poverty,LPO,40.7387414,-73.897857
360050399022,835.0,0.0,71.02,100.0,Minority,High_poverty,HPM,40.8596215,-73.893942
360050307011,616.0,69.81,2.92,20.62,White,Low_poverty,LPW,40.8962696,-73.909904
360050073001,1345.0,2.53,53.2,97.25,Minority,High_poverty,HPM,40.8144456,-73.9076597
360050223002,956.0,11.51,46.09,88.49,Minority,High_poverty,HPM,40.8407534,-73.9156269
360050197002,1985.0,0.0,49.77,96.07,Minority,High_poverty,HPM,40.8355747,-73.9200416
360050069004,1403.0,0.0,44.69,97.01,Minority,High_poverty,HPM,40.8226454,-73.9179791
360050043004,1068.0,1.87,43.16,93.26,Minority,High_poverty,HPM,40.8128799,-73.9168738
360050133002,1995.0,2.56,20.35,77.84,Minority,Low_poverty,LPM,40.8222876,-73.90219
360050157001,1012.0,2.17,49.75,97.82,Minority,High_poverty,HPM,40.8335733,-73.8837721
360050020003,2921.0,0.72,65.31,99.28,Minority,High_poverty,HPM,40.8180928,-73.8683304
360050151001,881.0,2.84,39.75,97.16,Minority,High_poverty,HPM,40.8337055,-73.8979344
360050318002,1204.0,42.11,19.75,50.25,Minority,Low_poverty,LPM,40.8606489,-73.8516221
360050227011,1129.0,2.04,20.37,97.96,Minority,Low_poverty,LPM,40.8478758,-73.9110657
360050046001,1961.0,4.84,40.6,95.15,Minority,High_poverty,HPM,40.8224189,-73.8691775
360050201001,1432.0,3.35,24.1,96.09,Minority,Low_poverty,LPM,40.842565,-73.9273545
360050027011,1031.0,0.0,63.53,100.0,Minority,High_poverty,HPM,40.8044882,-73.9157266
360050421004,2170.0,0.78,42.95,87.97,Minority,High_poverty,HPM,40.8824491,-73.8834885
360050215024,858.0,0.0,36.25,96.97,Minority,High_poverty,HPM,40.8487792,-73.9170875
360470022001,1391.0,7.33,47.79,89.94,Minority,High_poverty,HPM,40.6460706,-74.0204459
360470838002,1295.0,0.15,1.85,93.28,Minority,Low_poverty,LPM,40.6406081,-73.9350123
360470848002,674.0,0.74,9.67,99.11,Minority,Low_poverty,LPM,40.6454966,-73.9277624
360470860003,1728.0,0.12,8.76,97.63,Minority,Low_poverty,LPM,40.6501257,-73.9350684
360470862002,1066.0,9.29,24.77,90.71,Minority,Low_poverty,LPM,40.6492351,-73.9286477
360470866003,800.0,1.63,9.13,92.75,Minority,Low_poverty,LPM,40.654593,-73.92727
360470868002,977.0,0.0,4.99,98.77,Minority,Low_poverty,LPM,40.6546285,-73.9297321
360470698001,754.0,62.2,0.53,5.7,White,Low_poverty,LPW,40.6183033,-73.914921
360470700002,761.0,94.09,7.62,3.28,White,Low_poverty,LPW,40.6195203,-73.9077489
360470720001,2019.0,6.09,11.79,86.13,Minority,Low_poverty,LPM,40.6288503,-73.9200467
360470722001,1589.0,3.46,2.27,95.97,Minority,Low_poverty,LPM,40.6322092,-73.9219725
360470734001,697.0,2.01,2.3,91.68,Minority,Low_poverty,LPM,40.6287446,-73.937577
360470738003,942.0,8.28,9.34,76.22,Minority,Low_poverty,LPM,40.6211323,-73.9379841
360470742002,1208.0,36.92,11.67,57.53,Minority,Low_poverty,LPM,40.6264861,-73.9459988
360470036001,1109.0,42.02,8.22,22.36,Other,Low_poverty,LPO,40.6360587,-74.0303524
360470241002,1230.0,39.59,22.26,50.57,Minority,Low_poverty,LPM,40.6903864,-73.9534381
360470242002,1782.0,85.52,17.45,6.62,White,Low_poverty,LPW,40.6271236,-73.99447
360470243002,1523.0,42.74,13.7,52.13,Minority,Low_poverty,LPM,40.6874556,-73.9528556
360470245001,1062.0,37.38,8.76,58.85,Minority,Low_poverty,LPM,40.684524,-73.9522729
360470245004,738.0,15.99,15.04,63.55,Minority,Low_poverty,LPM,40.681053,-73.9513869
360470249001,1011.0,23.74,9.4,66.87,Minority,Low_poverty,LPM,40.6849234,-73.9488046
360470251002,1486.0,18.91,26.18,75.5,Minority,Low_poverty,LPM,40.687855,-73.9493885
360470252001,774.0,33.33,7.36,12.53,Other,Low_poverty,LPO,40.6184925,-73.9891205
360470252003,1793.0,22.31,12.21,17.06,Other,Low_poverty,LPO,40.6205647,-73.9944233
360470254003,1582.0,33.38,22.19,8.98,Other,Low_poverty,LPO,40.6180453,-73.9860673
360470414021,1000.0,84.1,17.2,15.9,White,Low_poverty,LPW,40.6026766,-73.96708
360470416002,894.0,61.41,26.96,27.18,White,Low_poverty,LPW,40.6014196,-73.9649071
360470417002,723.0,22.13,12.45,75.1,Minority,Low_poverty,LPM,40.6926344,-73.9178295
360470419001,1629.0,11.54,30.26,86.12,Minority,High_poverty,HPM,40.6948987,-73.9202771
360470421001,573.0,16.06,40.14,83.94,Minority,High_poverty,HPM,40.6963885,-73.9229099
360470424003,1473.0,35.57,20.1,36.86,Other,Low_poverty,LPO,40.6059369,-73.9777997
360470452001,1267.0,92.34,5.15,4.97,White,Low_poverty,LPW,40.6196611,-73.9671915
360470454002,491.0,98.17,11.81,1.83,White,Low_poverty,LPW,40.618626,-73.965501
360470151001,1061.0,81.34,5.49,4.9,White,Low_poverty,LPW,40.6657204,-73.9809023
360470151004,781.0,80.03,8.71,5.89,White,Low_poverty,LPW,40.6668613,-73.9832623
360470153004,774.0,77.39,1.03,19.9,White,Low_poverty,LPW,40.6692766,-73.9812467
360470155004,961.0,76.8,0.83,11.97,White,Low_poverty,LPW,40.6696115,-73.9793164
360470157003,1110.0,75.68,3.69,11.26,White,Low_poverty,LPW,40.6726898,-73.9765325
360470160004,573.0,64.05,6.75,21.29,White,Low_poverty,LPW,40.6207742,-74.0273235
360470162001,1107.0,56.64,11.38,35.32,White,Low_poverty,LPW,40.6152304,-74.0292218
360470165002,1833.0,78.18,3.93,4.91,White,Low_poverty,LPW,40.6708577,-73.9732689
360470167002,875.0,72.91,0.0,2.86,White,Low_poverty,LPW,40.665186,-73.9780283
360470168001,1905.0,52.02,6.72,7.77,White,Low_poverty,LPW,40.6042108,-74.0157828
360470170003,1173.0,32.4,4.18,20.29,Other,Low_poverty,LPO,40.608181,-74.0143746
360470200001,1181.0,37.85,12.87,19.48,Other,Low_poverty,LPO,40.6218292,-74.0076331
360470201003,949.0,55.22,10.54,21.18,White,Low_poverty,LPW,40.6837336,-73.9638212
360470203001,1014.0,40.63,8.09,45.96,Other,Low_poverty,LPO,40.6796496,-73.963359
360470206002,1332.0,61.26,1.5,0.6,White,Low_poverty,LPW,40.6239459,-74.016617
360470208003,1037.0,34.43,1.74,12.63,Other,Low_poverty,LPO,40.6273089,-74.0111079
360470212002,1073.0,36.63,7.88,24.04,Other,Low_poverty,LPO,40.6282574,-74.0045345
360470215002,843.0,28.94,21.59,59.55,Minority,Low_poverty,LPM,40.6725072,-73.9618914
360470217001,1404.0,18.09,18.66,61.61,Minority,Low_poverty,LPM,40.6736458,-73.9587069
360810042002,992.0,16.43,21.36,39.92,Other,Low_poverty,LPO,40.6813435,-73.8596323
360810047002,2304.0,5.6,27.04,83.07,Minority,Low_poverty,LPM,40.7607606,-73.9341593
360850138001,723.0,94.19,6.64,4.56,White,Low_poverty,LPW,40.5701605,-74.1398248
360850277042,2576.0,71.78,5.88,15.8,White,Low_poverty,LPW,40.5870321,-74.1496054
360850151004,893.0,79.96,0.0,20.04,White,Low_poverty,LPW,40.617088,-74.1274389
360850156011,1308.0,96.02,6.42,3.83,White,Low_poverty,LPW,40.5461303,-74.1546276
360850156013,1468.0,93.87,1.09,0.0,White,Low_poverty,LPW,40.5407561,-74.1497185
360850156024,945.0,90.69,8.15,9.31,White,Low_poverty,LPW,40.5341045,-74.163497
360850176001,1187.0,90.23,3.37,4.72,White,Low_poverty,LPW,40.5316725,-74.1821357
360850187011,840.0,52.98,23.13,26.67,White,Low_poverty,LPW,40.6104438,-74.1301901
360850187022,3032.0,72.99,7.59,19.23,White,Low_poverty,LPW,40.6064505,-74.123678
360850189022,2165.0,73.3,7.76,6.05,White,Low_poverty,LPW,40.6056721,-74.137414
360850201001,1530.0,27.91,12.29,50.92,Minority,Low_poverty,LPM,40.6270702,-74.1336153
360850207002,1021.0,5.58,20.76,94.41,Minority,Low_poverty,LPM,40.6359205,-74.1376052
360850239002,1868.0,23.77,16.11,66.87,Minority,Low_poverty,LPM,40.6268204,-74.1493988
360850248001,1319.0,74.45,4.3,18.2,White,Low_poverty,LPW,40.5103758,-74.250519
360850273022,1859.0,74.56,14.98,0.65,White,Low_poverty,LPW,40.5934035,-74.1397212
360850303011,3030.0,30.46,2.85,43.9,Other,Low_poverty,LPO,40.6191684,-74.1603439
360470219003,1555.0,27.97,10.8,65.6,Minority,Low_poverty,LPM,40.6710733,-73.9557752
360050251002,1192.0,1.26,60.65,98.74,Minority,High_poverty,HPM,40.8567379,-73.9059991
360050119003,556.0,22.3,19.71,77.7,Minority,Low_poverty,LPM,40.8241376,-73.8900273
360850319022,1667.0,16.14,24.84,78.11,Minority,Low_poverty,LPM,40.6385202,-74.1670421
360850208031,2531.0,89.69,23.47,3.56,White,Low_poverty,LPW,40.5349388,-74.214773
360470748002,951.0,92.95,14.41,0.0,White,Low_poverty,LPW,40.6217832,-73.9478941
360470750001,1376.0,88.37,10.98,4.43,White,Low_poverty,LPW,40.6277627,-73.9489918
360470754002,661.0,100.0,0.91,0.0,White,Low_poverty,LPW,40.6202787,-73.9504856
360470760001,895.0,100.0,13.18,0.0,White,Low_poverty,LPW,40.6211651,-73.9535294
360470764003,1154.0,30.94,19.44,52.17,Minority,Low_poverty,LPM,40.6291947,-73.9581448
360470908001,4748.0,2.32,73.36,94.0,Minority,High_poverty,HPM,40.6725997,-73.905054
360470922001,870.0,0.0,10.46,100.0,Minority,Low_poverty,LPM,40.6559997,-73.9042864
360470930002,1862.0,0.91,15.84,98.6,Minority,Low_poverty,LPM,40.6490444,-73.9151691
360470944011,817.0,0.0,7.22,100.0,Minority,Low_poverty,LPM,40.6405994,-73.9246586
360470950001,1544.0,1.75,2.72,97.28,Minority,Low_poverty,LPM,40.635236,-73.9169505
360470964002,891.0,4.83,6.62,71.26,Minority,Low_poverty,LPM,40.6412076,-73.9064477
360470968002,790.0,0.63,4.81,95.57,Minority,Low_poverty,LPM,40.6436009,-73.9047146
360470986002,1310.0,0.38,2.75,97.18,Minority,Low_poverty,LPM,40.6441097,-73.8933994
360471006002,1468.0,2.38,5.88,96.39,Minority,Low_poverty,LPM,40.6314367,-73.8999806
360471008001,1245.0,8.19,6.07,87.39,Minority,Low_poverty,LPM,40.6349603,-73.898871
360471016001,1715.0,4.37,1.65,94.87,Minority,Low_poverty,LPM,40.643303,-73.8881409
360471078002,1293.0,1.47,10.98,97.68,Minority,Low_poverty,LPM,40.6592469,-73.8732525
360471118002,1927.0,6.95,43.73,93.05,Minority,High_poverty,HPM,40.6679552,-73.8760251
360471122002,1242.0,0.0,28.26,87.36,Minority,Low_poverty,LPM,40.662761,-73.8884056
360471126001,1527.0,1.18,29.07,98.82,Minority,Low_poverty,LPM,40.6651793,-73.8912167
360811033002,1299.0,35.87,5.08,19.09,Other,Low_poverty,LPO,40.7794213,-73.8098
360811047003,1434.0,35.29,10.95,6.9,Other,Low_poverty,LPO,40.7725285,-73.823149
360811097002,506.0,50.4,1.63,13.44,White,Low_poverty,LPW,40.7698135,-73.7745991
360811097003,555.0,41.8,1.08,14.23,Other,Low_poverty,LPO,40.7692397,-73.781099
360811099001,1178.0,33.87,11.29,7.05,Other,Low_poverty,LPO,40.7691552,-73.7853019
360811133001,658.0,68.39,1.67,20.06,White,Low_poverty,LPW,40.7652433,-73.7843662
360811141002,944.0,50.42,5.54,4.03,White,Low_poverty,LPW,40.7668694,-73.7964918
360811147001,907.0,48.62,1.54,0.0,Other,Low_poverty,LPO,40.7702254,-73.8016731
360811159003,1804.0,8.15,15.13,9.09,Other,Low_poverty,LPO,40.7667477,-73.8206022
360811163001,2207.0,4.8,46.58,47.75,Other,High_poverty,HPO,40.7658549,-73.8184739
360811175002,1476.0,34.42,12.13,21.21,Other,Low_poverty,LPO,40.7622105,-73.7988367
360811185002,751.0,12.78,23.83,37.28,Other,Low_poverty,LPO,40.7599443,-73.8073803
360811191001,1993.0,9.63,20.63,21.73,Other,Low_poverty,LPO,40.757794,-73.8071644
360811203002,1003.0,9.07,22.13,6.97,Other,Low_poverty,LPO,40.7480145,-73.8140798
360811207001,1407.0,40.65,4.01,13.93,Other,Low_poverty,LPO,40.750526,-73.7991092
360811223003,1053.0,45.87,4.27,14.34,Other,Low_poverty,LPO,40.7333137,-73.799876
360811241002,838.0,50.6,7.04,6.92,White,Low_poverty,LPW,40.7250906,-73.8011775
360811257002,1036.0,24.71,19.11,29.34,Other,Low_poverty,LPO,40.7237002,-73.8075192
360811447002,2040.0,11.52,8.62,24.36,Other,Low_poverty,LPO,40.7558434,-73.7718768
360470462022,822.0,81.75,17.27,15.69,White,Low_poverty,LPW,40.6240005,-73.9756903
360050248002,1179.0,48.52,11.96,47.07,Other,Low_poverty,LPO,40.8549739,-73.8598008
360050127011,1104.0,2.36,42.41,93.21,Minority,High_poverty,HPM,40.8260946,-73.890548
360050048001,1955.0,0.0,31.71,98.98,Minority,High_poverty,HPM,40.8281617,-73.8740228
360050043001,1374.0,1.82,32.37,97.6,Minority,High_poverty,HPM,40.814337,-73.9150351
360050425001,560.0,0.0,27.68,100.0,Minority,Low_poverty,LPM,40.8707351,-73.8785036
360050087001,1383.0,3.9,47.65,92.55,Minority,High_poverty,HPM,40.8193389,-73.8986016
360050451011,573.0,82.37,2.79,8.9,White,Low_poverty,LPW,40.8984683,-73.8650962
360470255001,2993.0,2.17,43.03,93.75,Minority,High_poverty,HPM,40.6984933,-73.9515061
360470256001,1385.0,16.25,20.79,13.07,Other,Low_poverty,LPO,40.6140646,-73.9844557
360470259011,2257.0,28.18,25.74,67.7,Minority,Low_poverty,LPM,40.6949675,-73.946224
360470260002,598.0,23.58,12.21,0.0,Other,Low_poverty,LPO,40.6156372,-73.9920472
360470261002,538.0,21.0,2.61,71.93,Minority,Low_poverty,LPM,40.6921951,-73.9442239
360470264001,547.0,34.73,25.78,0.0,Other,Low_poverty,LPO,40.6158398,-73.9954046
360470285021,3205.0,0.0,44.74,94.23,Minority,High_poverty,HPM,40.6974508,-73.9408852
360470288001,960.0,36.77,19.27,1.04,Other,Low_poverty,LPO,40.6059413,-73.9950742
360470289001,782.0,2.94,23.91,95.65,Minority,Low_poverty,LPM,40.6932298,-73.9299575
360470291002,574.0,4.36,24.43,95.64,Minority,Low_poverty,LPM,40.6900597,-73.9334719
360470293002,1373.0,3.57,34.6,90.53,Minority,High_poverty,HPM,40.6878632,-73.9330306
360470295003,1401.0,20.91,15.2,60.02,Minority,Low_poverty,LPM,40.6836643,-73.9336928
360470296001,1425.0,55.86,26.18,10.67,White,Low_poverty,LPW,40.6032563,-73.9906315
360470299002,1414.0,6.01,27.61,92.86,Minority,Low_poverty,LPM,40.6783314,-73.9277172
360470300001,1771.0,36.08,14.68,33.65,Other,Low_poverty,LPO,40.5988432,-73.9910093
360470301001,943.0,6.15,23.44,91.94,Minority,Low_poverty,LPM,40.6773852,-73.9122295
360470304002,1468.0,50.75,30.45,26.22,White,High_poverty,HPW,40.5951215,-73.9946955
360470309002,1222.0,3.36,10.2,83.31,Minority,Low_poverty,LPM,40.6752492,-73.932793
360810054002,1178.0,22.92,10.36,38.71,Other,Low_poverty,LPO,40.6774504,-73.8466131
360810055001,952.0,24.79,13.97,48.64,Other,Low_poverty,LPO,40.7537948,-73.9277888
360810059002,1291.0,46.71,5.34,36.72,Other,Low_poverty,LPO,40.7600743,-73.9247231
360810061001,1209.0,47.81,11.17,27.96,Other,Low_poverty,LPO,40.7631607,-73.9244236
360810061004,869.0,59.95,11.74,10.47,White,Low_poverty,LPW,40.7608985,-73.9196418
360470472003,663.0,100.0,21.72,0.0,White,Low_poverty,LPW,40.6280059,-73.9860369
360470476001,989.0,96.66,4.8,3.34,White,Low_poverty,LPW,40.6289871,-73.9782011
360470481003,1763.0,55.98,10.1,32.28,White,Low_poverty,LPW,40.7138473,-73.9396458
360470481001,635.0,48.35,9.61,37.95,Other,Low_poverty,LPO,40.7146419,-73.9373019
360470482001,1332.0,23.27,29.05,25.53,Other,Low_poverty,LPO,40.6352176,-73.9688961
360470488003,1509.0,41.75,6.03,19.21,Other,Low_poverty,LPO,40.6395744,-73.9747091
360470488002,1475.0,55.19,38.44,14.92,White,High_poverty,HPW,40.6393622,-73.9766431
360470491002,758.0,38.79,10.95,35.22,Other,Low_poverty,LPO,40.7027128,-73.9415793
360470492003,910.0,72.53,39.01,16.48,White,High_poverty,HPW,40.6376951,-73.9694419
360470494002,1401.0,38.4,9.94,44.9,Other,Low_poverty,LPO,40.6422261,-73.9727887
360470495003,720.0,50.42,20.83,31.66,White,Low_poverty,LPW,40.7122686,-73.9448697
360470497002,613.0,70.8,9.46,11.26,White,Low_poverty,LPW,40.7155424,-73.9435926
360470500003,1771.0,50.71,2.77,23.66,White,Low_poverty,LPW,40.6465962,-73.9764973
360470426002,1701.0,41.62,28.57,8.52,Other,Low_poverty,LPO,40.6060063,-73.9803945
360470427001,1607.0,34.1,38.71,49.85,Other,High_poverty,HPO,40.7030797,-73.9257109
360470428001,1525.0,45.25,17.57,2.69,Other,Low_poverty,LPO,40.6054124,-73.9825778
360470431003,1337.0,18.32,44.73,77.11,Minority,High_poverty,HPM,40.7000883,-73.9204495
360470432002,1878.0,36.21,8.84,18.74,Other,Low_poverty,LPO,40.6108331,-73.9807336
360470434003,1135.0,43.79,35.77,22.03,Other,High_poverty,HPO,40.6104768,-73.9784903
360050391002,1649.0,13.22,19.71,81.08,Minority,Low_poverty,LPM,40.8526701,-73.8861874
360050449021,1098.0,68.85,12.75,26.04,White,Low_poverty,LPW,40.9000703,-73.8691643
360050175002,656.0,0.0,27.74,100.0,Minority,Low_poverty,LPM,40.8296335,-73.9152037
360050253001,2232.0,0.0,32.57,91.93,Minority,High_poverty,HPM,40.8615789,-73.9030742
360050068001,1336.0,0.0,16.02,71.26,Minority,Low_poverty,LPM,40.8302416,-73.869289
360050247001,751.0,0.93,19.44,99.07,Minority,Low_poverty,LPM,40.8572785,-73.9164396
360050358001,1244.0,0.0,8.68,98.16,Minority,Low_poverty,LPM,40.8768048,-73.8436214
360050342001,715.0,10.35,23.5,84.9,Minority,Low_poverty,LPM,40.8704435,-73.8599602
360050218003,1951.0,0.67,22.76,87.49,Minority,Low_poverty,LPM,40.8378347,-73.868132
360050232001,1031.0,41.32,24.44,46.46,Other,Low_poverty,LPO,40.8472371,-73.8619625
360050083005,1019.0,2.45,31.6,97.55,Minority,High_poverty,HPM,40.8121847,-73.9025451
360050195001,1934.0,3.1,45.07,94.99,Minority,High_poverty,HPM,40.831911,-73.9226729
360050381002,1519.0,0.0,35.94,100.0,Minority,High_poverty,HPM,40.8551506,-73.9004993
360470221003,887.0,34.05,24.13,57.94,Minority,Low_poverty,LPM,40.6743628,-73.9544883
360470224004,1110.0,76.22,32.97,17.66,White,High_poverty,HPW,40.6417571,-73.990499
360470226002,991.0,25.73,25.63,54.79,Minority,Low_poverty,LPM,40.6432954,-73.9885647
360470229004,1017.0,41.1,29.11,50.15,Minority,Low_poverty,LPM,40.6842746,-73.9576942
360470230003,1424.0,65.59,21.98,26.19,White,Low_poverty,LPW,40.639937,-73.986409
360470232003,1026.0,85.96,44.15,5.56,White,High_poverty,HPW,40.6371608,-73.9881037
360470234001,2032.0,98.77,56.69,0.0,White,High_poverty,HPW,40.6344313,-73.9873584
360470236002,1916.0,82.31,57.78,2.51,White,High_poverty,HPW,40.6322954,-73.9913721
360470238002,1961.0,91.28,44.42,4.33,White,High_poverty,HPW,40.6305106,-73.9914376
360470176002,1425.0,64.14,24.63,15.65,White,Low_poverty,LPW,40.6033589,-74.0090207
360470178002,1787.0,21.94,5.82,39.68,Other,Low_poverty,LPO,40.60598,-74.0055397
360470311003,577.0,16.64,26.34,72.27,Minority,Low_poverty,LPM,40.6771905,-73.9400651
360470363001,597.0,2.51,42.71,92.97,Minority,High_poverty,HPM,40.6723609,-73.912488
360470365012,823.0,0.0,25.03,100.0,Minority,Low_poverty,LPM,40.6754778,-73.909598
360470369003,1609.0,8.45,39.36,90.93,Minority,High_poverty,HPM,40.6792983,-73.9096235
360470371002,1160.0,15.86,27.93,84.14,Minority,Low_poverty,LPM,40.6810419,-73.9141015
360470371004,1043.0,1.53,17.74,98.46,Minority,Low_poverty,LPM,40.6795732,-73.9138137
360470373004,1663.0,10.52,19.56,88.57,Minority,Low_poverty,LPM,40.6841865,-73.9160851
360470377003,1193.0,8.38,24.56,90.87,Minority,Low_poverty,LPM,40.6826225,-73.9199064
360470379003,1563.0,3.71,17.7,93.22,Minority,Low_poverty,LPM,40.6794061,-73.9189358
360470383001,1430.0,11.61,13.36,84.13,Minority,Low_poverty,LPM,40.6856241,-73.9264217
360470385002,459.0,9.15,10.46,86.49,Minority,Low_poverty,LPM,40.6878219,-73.9268638
360470387003,885.0,17.97,33.1,79.21,Minority,High_poverty,HPM,40.6901978,-73.9290083
360470389003,773.0,38.94,13.07,52.65,Minority,Low_poverty,LPM,40.6978471,-73.934804
360470392001,1203.0,85.87,17.71,6.73,White,Low_poverty,LPW,40.5970162,-73.9631927
360470393001,866.0,33.37,29.56,61.54,Minority,Low_poverty,LPM,40.696352,-73.9290905
360470395003,967.0,20.99,47.16,75.8,Minority,High_poverty,HPM,40.6941599,-73.926152
360470397001,974.0,28.95,12.22,67.66,Minority,Low_poverty,LPM,40.6874303,-73.91647
360470330001,2200.0,33.45,50.82,54.63,Minority,High_poverty,HPM,40.5785765,-74.0016453
360470336003,928.0,94.5,21.88,5.5,White,Low_poverty,LPW,40.5758172,-74.0096086
360470340001,1389.0,17.78,40.54,72.64,Minority,High_poverty,HPM,40.5723014,-73.9984384
360470342003,2098.0,30.65,36.84,62.44,Minority,High_poverty,HPM,40.5739257,-73.9988129
360810071003,1238.0,48.55,11.07,26.82,Other,Low_poverty,LPO,40.7694715,-73.9238668
360810159002,849.0,63.37,15.08,22.14,White,Low_poverty,LPW,40.754794,-73.9200684
360810164002,2112.0,2.98,11.11,32.24,Other,Low_poverty,LPO,40.6844879,-73.8185538
360810168002,1521.0,3.16,7.35,49.57,Other,Low_poverty,LPO,40.6776298,-73.8163522
360810169002,1494.0,44.44,6.43,46.58,Other,Low_poverty,LPO,40.7478015,-73.9163433
360810179002,600.0,13.5,24.33,37.33,Other,Low_poverty,LPO,40.7436212,-73.9312334
360810182001,1316.0,3.04,19.98,70.21,Minority,Low_poverty,LPM,40.6752625,-73.7981185
360810088002,1793.0,43.28,13.66,43.56,Other,Low_poverty,LPO,40.6707363,-73.8404441
360810096002,1726.0,11.24,9.33,24.91,Other,Low_poverty,LPO,40.6808431,-73.8333411
360810097004,1305.0,59.16,5.13,14.02,White,Low_poverty,LPW,40.7749973,-73.916501
360810098002,1136.0,2.02,5.9,26.14,Other,Low_poverty,LPO,40.684652,-73.8335899
360810101002,848.0,80.19,4.25,16.04,White,Low_poverty,LPW,40.7774037,-73.9148389
360810103003,1201.0,60.87,8.08,13.32,White,Low_poverty,LPW,40.7801762,-73.9140161
360810106001,1640.0,3.9,11.83,15.0,Other,Low_poverty,LPO,40.6879852,-73.826286
360810110002,2124.0,14.83,10.36,28.9,Other,Low_poverty,LPO,40.6864439,-73.8343372
360470180002,1526.0,24.64,7.54,42.4,Other,Low_poverty,LPO,40.6071018,-74.0080699
360470184001,1177.0,35.68,4.76,4.08,Other,Low_poverty,LPO,40.6130472,-74.0060263
360470190001,1498.0,27.77,12.56,32.04,Other,Low_poverty,LPO,40.6228403,-73.9991836
360470191001,1327.0,55.99,30.9,24.41,White,High_poverty,HPW,40.6957375,-73.9622918
360470193004,923.0,24.59,6.61,66.63,Minority,Low_poverty,LPM,40.6928592,-73.9639022
360470195001,579.0,86.18,5.18,6.39,White,Low_poverty,LPW,40.6915649,-73.9660316
360470196003,1358.0,39.99,33.21,42.27,Other,High_poverty,HPO,40.6246471,-74.0047035
360470067002,762.0,81.5,1.71,16.41,White,Low_poverty,LPW,40.6833478,-73.9965532
360471130001,531.0,1.69,41.81,86.26,Minority,High_poverty,HPM,40.6650401,-73.8974984
360470874011,1487.0,18.43,9.68,79.69,Minority,Low_poverty,LPM,40.6616308,-73.9385752
360470878003,1575.0,0.0,20.32,100.0,Minority,Low_poverty,LPM,40.6575487,-73.9295397
360470882001,2666.0,0.0,21.12,100.0,Minority,Low_poverty,LPM,40.6631387,-73.9283628
360470886001,907.0,2.54,30.21,87.54,Minority,High_poverty,HPM,40.659077,-73.9214514
360470888003,1122.0,0.0,9.18,91.63,Minority,Low_poverty,LPM,40.653735,-73.919526
360470890003,577.0,0.0,13.69,93.41,Minority,Low_poverty,LPM,40.6573101,-73.9151207
360470892001,364.0,4.4,15.38,95.6,Minority,Low_poverty,LPM,40.6651613,-73.9245826
360470896002,1324.0,0.53,27.57,96.22,Minority,Low_poverty,LPM,40.6573134,-73.9114691
360470900001,296.0,0.0,10.81,84.46,Minority,Low_poverty,LPM,40.6668922,-73.9173313
360470900005,503.0,1.79,22.31,93.24,Minority,Low_poverty,LPM,40.6658415,-73.9209725
360470900006,733.0,0.0,43.25,98.5,Minority,High_poverty,HPM,40.6655964,-73.9218792
360471130004,1210.0,0.83,3.14,96.77,Minority,Low_poverty,LPM,40.659801,-73.8953414
360811463001,1643.0,40.17,6.21,9.37,Other,Low_poverty,LPO,40.7600461,-73.780111
360811479003,1512.0,33.4,0.0,22.23,Other,Low_poverty,LPO,40.7702454,-73.740704
360811507011,1318.0,42.34,1.37,21.32,Other,Low_poverty,LPO,40.7633078,-73.736463
360811507022,590.0,40.51,1.69,5.76,Other,Low_poverty,LPO,40.7633719,-73.7311742
360811529024,2353.0,45.47,6.25,7.99,Other,Low_poverty,LPO,40.7579406,-73.7261388
360811571014,1231.0,3.82,2.76,34.2,Other,Low_poverty,LPO,40.7408077,-73.721534
360811579025,1002.0,25.85,0.0,10.58,Other,Low_poverty,LPO,40.7378395,-73.7105488
360811579031,842.0,32.07,0.0,0.0,Other,Low_poverty,LPO,40.7364376,-73.7038138
360811617004,2000.0,23.1,9.5,48.85,Other,Low_poverty,LPO,40.7275348,-73.7169107
360810769011,2236.0,42.71,3.13,16.28,Other,Low_poverty,LPO,40.7153747,-73.8373703
360810803011,1664.0,15.63,6.85,35.94,Other,Low_poverty,LPO,40.7466339,-73.8327741
360810809003,381.0,100.0,0.0,0.0,White,Low_poverty,LPW,40.7312094,-73.8252561
360810837002,2023.0,5.29,7.37,4.75,Other,Low_poverty,LPO,40.7427784,-73.8217618
360810840002,1156.0,3.55,13.24,60.04,Minority,Low_poverty,LPM,40.6747731,-73.8170591
360810840001,1751.0,12.05,8.08,43.06,Other,Low_poverty,LPO,40.6731495,-73.812297
360810855002,2337.0,5.78,13.61,31.41,Other,Low_poverty,LPO,40.7600006,-73.8226398
360810859001,1640.0,9.76,18.29,16.89,Other,Low_poverty,LPO,40.7561646,-73.821313
360811291022,576.0,52.08,0.0,4.17,White,Low_poverty,LPW,40.7296206,-73.7536766
360811333001,912.0,29.5,4.39,16.66,Other,Low_poverty,LPO,40.7340047,-73.7749044
360471142021,1803.0,4.49,22.74,93.06,Minority,Low_poverty,LPM,40.6827955,-73.8914442
360471152001,1165.0,8.67,17.42,83.95,Minority,Low_poverty,LPM,40.6745371,-73.8912522
360471156002,932.0,0.0,37.88,96.99,Minority,High_poverty,HPM,40.6668575,-73.896035
360471162003,855.0,0.0,25.83,82.34,Minority,Low_poverty,LPM,40.668542,-73.8846784
360471168002,758.0,1.45,20.71,94.86,Minority,Low_poverty,LPM,40.679052,-73.8834798
360471172011,1538.0,1.76,23.67,91.81,Minority,Low_poverty,LPM,40.6815313,-73.8877363
360471172022,2339.0,0.3,11.38,93.71,Minority,Low_poverty,LPM,40.681974,-73.8837333
360470436001,1801.0,53.08,5.66,13.04,White,Low_poverty,LPW,40.6125697,-73.9763022
360470437004,1177.0,22.85,30.03,70.27,Minority,High_poverty,HPM,40.6941962,-73.9080748
360470439001,1469.0,4.08,32.47,95.91,Minority,High_poverty,HPM,40.6959835,-73.9069087
360470441001,1748.0,19.28,22.68,60.52,Minority,Low_poverty,LPM,40.7005991,-73.9134967
360470441002,1493.0,13.86,40.25,67.65,Minority,High_poverty,HPM,40.7013162,-73.9153051
360470444003,1167.0,58.01,21.59,31.62,White,Low_poverty,LPW,40.6154546,-73.9721569
360470503001,915.0,55.63,5.25,16.07,White,Low_poverty,LPW,40.7128482,-73.9466575
360470504002,1391.0,56.65,4.31,23.51,White,Low_poverty,LPW,40.6491199,-73.973418
360470507001,3063.0,76.46,46.88,21.52,White,High_poverty,HPW,40.7014096,-73.9470079
360470511001,1508.0,18.3,22.15,33.29,Other,Low_poverty,LPO,40.7061223,-73.9483422
360470514001,667.0,14.24,25.94,47.83,Other,Low_poverty,LPO,40.6433663,-73.9625178
360470517002,1660.0,74.82,7.77,13.79,White,Low_poverty,LPW,40.720862,-73.9554568
360470518001,652.0,10.89,13.8,73.47,Minority,Low_poverty,LPM,40.63863,-73.9594509
360470523004,680.0,17.65,21.03,69.26,Minority,Low_poverty,LPM,40.7130197,-73.9594487
360470523005,528.0,58.14,26.7,21.78,White,Low_poverty,LPW,40.7124589,-73.957937
360470552001,1533.0,79.19,7.63,5.68,White,Low_poverty,LPW,40.6084656,-73.9548325
360470360022,1825.0,95.45,55.77,0.1,White,High_poverty,HPW,40.5762275,-73.9621355
360470315004,1340.0,23.96,15.22,69.03,Minority,Low_poverty,LPM,40.6778261,-73.951302
360470317011,1585.0,38.93,13.88,53.88,Minority,Low_poverty,LPM,40.6747581,-73.950041
360470317022,923.0,22.97,5.96,75.08,Minority,Low_poverty,LPM,40.6703018,-73.9504579
360470321003,1365.0,27.99,12.01,67.98,Minority,Low_poverty,LPM,40.6659192,-73.952263
360470323002,1246.0,19.82,11.96,79.37,Minority,Low_poverty,LPM,40.666498,-73.9550785
360470326005,1621.0,20.97,21.53,39.18,Other,Low_poverty,LPO,40.5774312,-73.9881724
360470327001,789.0,17.74,17.87,82.25,Minority,Low_poverty,LPM,40.6628466,-73.9554525
360470329001,1682.0,59.99,50.48,34.6,White,High_poverty,HPW,40.6634476,-73.9442063
360470329003,1426.0,20.13,22.65,77.35,Minority,Low_poverty,LPM,40.6632155,-73.9494546
360470266003,1265.0,14.39,4.82,8.62,Other,Low_poverty,LPO,40.6142308,-73.9934892
360470268001,733.0,42.43,10.16,30.02,Other,Low_poverty,LPO,40.6094211,-73.9878471
360470269003,1308.0,17.81,18.43,74.7,Minority,Low_poverty,LPM,40.6812356,-73.9448939
360470272001,688.0,36.19,9.88,7.99,Other,Low_poverty,LPO,40.6086204,-73.9904664
360470273002,564.0,22.7,0.0,65.6,Minority,Low_poverty,LPM,40.6813333,-73.93767
360470277002,970.0,11.55,15.98,75.78,Minority,Low_poverty,LPM,40.6862595,-73.9371977
360470279003,1043.0,13.71,7.59,69.03,Minority,Low_poverty,LPM,40.6893938,-73.9392685
360470281001,1667.0,8.16,39.71,90.22,Minority,High_poverty,HPM,40.6935843,-73.9386568
360470283001,1076.0,16.45,69.82,75.28,Minority,High_poverty,HPM,40.69599,-73.9405844
360470285011,454.0,22.47,29.86,66.3,Minority,Low_poverty,LPM,40.6994266,-73.9420913
360470359002,1362.0,2.94,32.15,96.84,Minority,High_poverty,HPM,40.6710894,-73.9238561
360810594001,673.0,0.89,1.49,94.8,Minority,Low_poverty,LPM,40.699251,-73.7306841
360810598002,1354.0,0.22,4.36,94.83,Minority,Low_poverty,LPM,40.6985976,-73.7415208
360810599001,621.0,85.35,9.02,11.28,White,Low_poverty,LPW,40.7177165,-73.8998503
360810610001,1551.0,0.58,1.87,99.42,Minority,Low_poverty,LPM,40.6901782,-73.7432503
360810612001,1107.0,0.0,1.17,99.82,Minority,Low_poverty,LPM,40.6891761,-73.7361567
360810612002,915.0,0.0,0.87,99.13,Minority,Low_poverty,LPM,40.6874989,-73.7372346
360810616011,669.0,0.9,0.0,97.16,Minority,Low_poverty,LPM,40.6836668,-73.7311967
360810616012,737.0,0.0,9.36,99.86,Minority,Low_poverty,LPM,40.6817704,-73.7321581
360810619001,1887.0,75.04,4.29,23.74,White,Low_poverty,LPW,40.7087934,-73.8762949
360810626003,674.0,0.0,12.28,97.33,Minority,Low_poverty,LPM,40.6838578,-73.7487052
360810626001,666.0,2.7,27.48,93.09,Minority,Low_poverty,LPM,40.6809757,-73.7502918
360810629001,1130.0,61.5,0.0,29.47,White,Low_poverty,LPW,40.7013521,-73.879252
360810632001,949.0,0.0,2.32,98.21,Minority,Low_poverty,LPM,40.6790704,-73.7408941
360810633021,576.0,90.8,0.0,8.33,White,Low_poverty,LPW,40.7052618,-73.8725331
360810645002,1165.0,53.56,20.43,31.93,White,Low_poverty,LPW,40.7090905,-73.8543061
360810650001,1289.0,4.97,5.59,92.94,Minority,Low_poverty,LPM,40.6703655,-73.7442398
360810656002,1183.0,9.72,4.82,86.14,Minority,Low_poverty,LPM,40.6621982,-73.7300301
360810660002,1841.0,2.34,9.02,94.41,Minority,Low_poverty,LPM,40.6583235,-73.7346392
360810664004,924.0,0.0,0.0,93.08,Minority,Low_poverty,LPM,40.6560135,-73.736782
360810669001,724.0,85.77,4.46,8.43,White,Low_poverty,LPW,40.723781,-73.8845715
360810549001,1666.0,27.97,25.99,57.92,Minority,Low_poverty,LPM,40.7040628,-73.9058159
360810549004,1336.0,22.9,4.13,51.64,Minority,Low_poverty,LPM,40.7006327,-73.9095589
360810553002,1618.0,21.45,20.15,49.2,Other,Low_poverty,LPO,40.6991916,-73.9082291
360810557001,1566.0,27.39,4.79,68.58,Minority,Low_poverty,LPM,40.6990269,-73.8992216
360810560002,776.0,16.11,0.77,33.51,Other,Low_poverty,LPO,40.7242168,-73.7381429
360810565001,1569.0,21.8,8.86,73.36,Minority,Low_poverty,LPM,40.6942629,-73.8968742
360810568004,1034.0,0.97,0.0,76.69,Minority,Low_poverty,LPM,40.7159062,-73.7387932
360810577001,1180.0,54.66,11.19,37.37,White,Low_poverty,LPW,40.7019011,-73.8896593
360810580002,971.0,0.93,8.96,74.36,Minority,Low_poverty,LPM,40.7047652,-73.7296124
360810583003,604.0,72.35,0.0,10.6,White,Low_poverty,LPW,40.7015701,-73.8997223
360810585002,1403.0,50.89,5.35,28.3,White,Low_poverty,LPW,40.7044598,-73.8992417
360810587003,1213.0,54.41,3.63,42.29,White,Low_poverty,LPW,40.7061412,-73.899752
360810863001,1234.0,5.83,26.18,1.3,Other,Low_poverty,LPO,40.7624821,-73.8212582
360810884004,988.0,82.49,0.0,10.53,White,Low_poverty,LPW,40.653792,-73.8351315
360810892002,796.0,73.37,0.0,15.33,White,Low_poverty,LPW,40.6496649,-73.848588
360810919003,1354.0,13.07,6.87,42.24,Other,Low_poverty,LPO,40.777168,-73.8462487
360850009002,647.0,8.04,39.88,87.18,Minority,High_poverty,HPM,40.6414954,-74.0849646
360850008002,2038.0,60.21,3.04,16.15,White,Low_poverty,LPW,40.6112236,-74.0673717
360850008003,1872.0,47.44,3.9,22.87,Other,Low_poverty,LPO,40.6074793,-74.064372
360850029003,771.0,5.45,5.71,94.55,Minority,Low_poverty,LPM,40.6192002,-74.0813885
360850036001,1795.0,47.58,6.24,41.06,Other,Low_poverty,LPO,40.6112126,-74.0767955
360850050002,1063.0,57.1,20.25,23.05,White,Low_poverty,LPW,40.6062745,-74.0878098
360850070002,1539.0,59.19,10.01,26.06,White,Low_poverty,LPW,40.5877349,-74.0884531
360850074001,1784.0,59.25,5.83,10.71,White,Low_poverty,LPW,40.5951265,-74.0676656
360850096022,898.0,66.04,6.12,14.14,White,Low_poverty,LPW,40.588706,-74.0959217
360850096021,1129.0,66.16,8.59,16.3,White,Low_poverty,LPW,40.5906055,-74.0922177
360850105001,645.0,55.04,14.42,35.19,White,Low_poverty,LPW,40.6363864,-74.1090833
360850114022,1342.0,61.03,7.23,29.06,White,Low_poverty,LPW,40.5788901,-74.1051251
360850128041,2737.0,72.6,11.03,16.99,White,Low_poverty,LPW,40.5660638,-74.1072902
360850146061,1514.0,87.19,6.54,9.18,White,Low_poverty,LPW,40.563048,-74.1476608
360810922003,318.0,95.91,0.0,2.2,White,Low_poverty,LPW,40.5697878,-73.8609789
360810677002,949.0,81.77,4.32,8.11,White,Low_poverty,LPW,40.7186181,-73.8743611
360810680003,1416.0,0.14,6.02,99.78,Minority,Low_poverty,LPM,40.6633975,-73.7520122
360810680002,1516.0,0.79,0.79,95.12,Minority,Low_poverty,LPM,40.6615058,-73.748797
360810687002,1346.0,41.68,2.15,16.2,Other,Low_poverty,LPO,40.7302818,-73.8674578
360810693002,1057.0,21.1,23.65,19.11,Other,Low_poverty,LPO,40.7280889,-73.8637881
360810695002,800.0,40.88,13.38,5.63,Other,Low_poverty,LPO,40.7268576,-73.8685522
360810697021,394.0,21.32,0.0,22.59,Other,Low_poverty,LPO,40.7239813,-73.8612311
360810719001,1207.0,51.12,9.36,35.13,White,Low_poverty,LPW,40.7356953,-73.8561905
360810721002,1090.0,52.94,5.89,11.38,White,Low_poverty,LPW,40.7319525,-73.8542086
360810729002,588.0,41.16,3.6,13.43,Other,Low_poverty,LPO,40.7118239,-73.8531969
360810739004,1115.0,55.96,8.7,17.76,White,Low_poverty,LPW,40.7224958,-73.8435884
360810741004,708.0,58.19,4.1,16.67,White,Low_poverty,LPW,40.7270022,-73.8463938
360810743004,916.0,56.99,6.77,17.25,White,Low_poverty,LPW,40.7329546,-73.8508887
360810747001,2367.0,23.02,17.28,40.51,Other,Low_poverty,LPO,40.7354279,-73.8467825
360810889011,1016.0,4.13,3.66,60.33,Minority,Low_poverty,LPM,40.7787567,-73.8253006
360810779031,701.0,36.66,5.58,53.64,Minority,Low_poverty,LPM,40.7201556,-73.8195105
360810788001,1066.0,7.97,5.44,67.17,Minority,Low_poverty,LPM,40.671676,-73.7902518
360810792002,1287.0,0.54,8.9,51.51,Minority,Low_poverty,LPM,40.6690739,-73.7989403
360810508001,1423.0,1.12,6.41,85.03,Minority,Low_poverty,LPM,40.707913,-73.7558535
360810512003,486.0,0.0,0.82,87.04,Minority,Low_poverty,LPM,40.7061772,-73.7490795
360810516001,1028.0,0.0,20.88,90.57,Minority,Low_poverty,LPM,40.7042704,-73.7481479
360810518002,1173.0,0.09,10.32,97.1,Minority,Low_poverty,LPM,40.7004823,-73.7513987
360810524001,1101.0,0.0,9.99,96.27,Minority,Low_poverty,LPM,40.7020886,-73.7626535
360810528001,1434.0,0.0,4.46,87.66,Minority,Low_poverty,LPM,40.6940352,-73.7587303
360810535001,1432.0,29.61,12.57,69.76,Minority,Low_poverty,LPM,40.7159321,-73.9189517
360810539001,1039.0,30.7,18.67,54.67,Minority,Low_poverty,LPM,40.7117762,-73.9193554
360810542003,1179.0,0.85,17.98,66.32,Minority,Low_poverty,LPM,40.7178665,-73.7434029
360810545003,1815.0,15.32,21.98,79.94,Minority,Low_poverty,LPM,40.7046567,-73.9123429
360810358001,653.0,1.68,1.99,98.32,Minority,Low_poverty,LPM,40.6782833,-73.7498002
360810366002,1066.0,1.59,14.35,97.56,Minority,Low_poverty,LPM,40.6824755,-73.7633591
360810367001,651.0,0.0,15.36,85.1,Minority,Low_poverty,LPM,40.764321,-73.8682807
360810376004,1606.0,0.0,2.24,98.5,Minority,Low_poverty,LPM,40.6874666,-73.7508757
360810379002,2887.0,1.49,24.11,90.92,Minority,Low_poverty,LPM,40.7541648,-73.865022
360810381001,1747.0,1.6,17.63,92.62,Minority,Low_poverty,LPM,40.7572816,-73.8587343
360810400001,1020.0,1.18,0.5,94.31,Minority,Low_poverty,LPM,40.6991703,-73.7644717
360810402001,768.0,1.17,5.6,86.72,Minority,Low_poverty,LPM,40.701032,-73.7678368
360810407001,1950.0,0.97,21.15,96.21,Minority,Low_poverty,LPM,40.7526925,-73.867482
360810411002,2188.0,1.28,9.67,76.32,Minority,Low_poverty,LPM,40.7435013,-73.864468
360810414002,549.0,1.82,27.14,98.18,Minority,Low_poverty,LPM,40.6971991,-73.782499
360810427002,3574.0,2.13,23.7,92.39,Minority,Low_poverty,LPM,40.742908,-73.8527472
360810446021,2223.0,3.24,21.86,51.28,Minority,Low_poverty,LPM,40.7084055,-73.800645
360810450002,1278.0,17.61,7.98,31.77,Other,Low_poverty,LPO,40.7132569,-73.8042088
360810664003,933.0,1.61,0.0,96.68,Minority,Low_poverty,LPM,40.6583284,-73.7415845
360810459001,2366.0,2.11,9.64,41.84,Other,Low_poverty,LPO,40.7402219,-73.8708019
360810465002,2331.0,0.56,17.27,70.61,Minority,Low_poverty,LPM,40.7465691,-73.8710515
360810467002,1846.0,3.25,27.2,67.06,Minority,Low_poverty,LPM,40.7462065,-73.8738731
360810469001,3071.0,0.0,15.96,74.73,Minority,Low_poverty,LPM,40.7475478,-73.8753896
360810475002,2357.0,7.34,13.96,34.46,Other,Low_poverty,LPO,40.7328829,-73.8754577
360810478001,1967.0,12.25,6.81,40.92,Other,Low_poverty,LPO,40.7214693,-73.7631111
360810480002,812.0,1.11,14.16,56.9,Minority,Low_poverty,LPM,40.7116455,-73.7718833
360810484002,990.0,2.32,19.49,70.61,Minority,Low_poverty,LPM,40.7145421,-73.762097
360810485002,1790.0,2.29,5.2,31.06,Other,Low_poverty,LPO,40.7389849,-73.8797979
360810492002,867.0,7.27,10.47,42.79,Other,Low_poverty,LPO,40.7220226,-73.7576135
360810496001,1418.0,2.96,5.71,37.94,Other,Low_poverty,LPO,40.7182828,-73.754315
360810500002,3086.0,0.91,15.69,87.72,Minority,Low_poverty,LPM,40.7112203,-73.7677032
360810506001,507.0,0.0,5.52,96.25,Minority,Low_poverty,LPM,40.7073997,-73.7598785
360810590001,1466.0,1.5,3.0,86.15,Minority,Low_poverty,LPM,40.7012577,-73.7369979
360810591004,1344.0,42.93,4.17,57.07,Minority,Low_poverty,LPM,40.7083255,-73.9115676
360610146014,1481.0,69.89,1.08,17.83,White,Low_poverty,LPW,40.7763788,-73.951289
360610146026,1589.0,95.97,0.0,1.38,White,Low_poverty,LPW,40.7777136,-73.950311
360610150012,1044.0,86.78,10.92,2.97,White,Low_poverty,LPW,40.7805421,-73.9600891
360610151002,1555.0,0.0,55.82,94.27,Minority,High_poverty,HPM,40.7728892,-73.9876677
360610153002,1525.0,84.92,5.44,4.39,White,Low_poverty,LPW,40.7757672,-73.9818537
360610153005,989.0,74.12,2.43,15.06,White,Low_poverty,LPW,40.7751936,-73.9785573
360610155005,495.0,70.71,5.45,5.45,White,Low_poverty,LPW,40.7765758,-73.9876419
360610156012,665.0,66.02,3.16,9.93,White,Low_poverty,LPW,40.7827583,-73.9466274
360610157006,587.0,100.0,8.52,0.0,White,Low_poverty,LPW,40.7783505,-73.9799594
360610158022,2235.0,52.35,17.31,25.82,White,Low_poverty,LPW,40.786866,-73.9502254
360610161005,1315.0,57.72,5.48,23.42,White,Low_poverty,LPW,40.7796453,-73.9790214
360610162001,1700.0,6.35,13.88,88.53,Minority,Low_poverty,LPM,40.7917248,-73.9370901
360610164004,1962.0,6.27,51.27,67.08,Minority,High_poverty,HPM,40.7891543,-73.9449776
360610169005,689.0,97.53,4.06,0.0,White,Low_poverty,LPW,40.7842555,-73.9719473
360610173005,1319.0,77.48,14.48,10.76,White,Low_poverty,LPW,40.7875083,-73.9695745
360610177005,1382.0,58.76,1.66,29.23,White,Low_poverty,LPW,40.7891929,-73.9680813
360610179001,1145.0,60.7,3.67,20.17,White,Low_poverty,LPW,40.7938983,-73.9775554
360610181005,1087.0,57.77,8.65,25.03,White,Low_poverty,LPW,40.7919238,-73.96635
360610211006,1770.0,51.24,2.54,18.36,White,Low_poverty,LPW,40.8125251,-73.958737
360610213033,2474.0,11.48,12.0,76.68,Minority,Low_poverty,LPM,40.8139799,-73.9521697
360050004003,3425.0,4.09,3.42,92.65,Minority,Low_poverty,LPM,40.8069355,-73.8520946
360050025005,630.0,14.13,48.1,85.88,Minority,High_poverty,HPM,40.8067281,-73.9218886
360050028004,675.0,2.67,5.19,94.97,Minority,Low_poverty,LPM,40.8206401,-73.8773004
360050042003,2392.0,0.92,13.33,99.08,Minority,Low_poverty,LPM,40.8250219,-73.863245
360050020001,897.0,0.0,38.35,100.0,Minority,High_poverty,HPM,40.8179416,-73.8640915
360050039002,714.0,29.41,19.89,70.58,Minority,Low_poverty,LPM,40.8105426,-73.9233134
360050051003,2478.0,0.0,64.07,98.63,Minority,High_poverty,HPM,40.8150494,-73.9224892
360050073002,1549.0,0.97,54.67,98.45,Minority,High_poverty,HPM,40.8147091,-73.909044
360050079003,1083.0,0.0,72.3,100.0,Minority,High_poverty,HPM,40.8137782,-73.9044411
360050089002,1703.0,2.0,25.22,98.01,Minority,Low_poverty,LPM,40.8173441,-73.8951833
360050117001,1443.0,1.11,47.33,98.89,Minority,High_poverty,HPM,40.815985,-73.8850646
360050135001,656.0,0.0,22.71,86.13,Minority,Low_poverty,LPM,40.8274077,-73.9028059
360050149002,1130.0,1.15,31.42,90.71,Minority,High_poverty,HPM,40.8327549,-73.9004475
360050177023,1145.0,4.37,37.12,95.63,Minority,High_poverty,HPM,40.835939,-73.9105046
360050181022,1916.0,0.94,50.8,96.34,Minority,High_poverty,HPM,40.8309956,-73.9189502
360050185003,3028.0,1.02,59.7,97.42,Minority,High_poverty,HPM,40.8274886,-73.906218
360050195002,1812.0,3.64,23.68,85.65,Minority,Low_poverty,LPM,40.8290033,-73.9232201
360850291044,1897.0,45.02,7.7,25.78,Other,Low_poverty,LPO,40.6105604,-74.1565962
360850128051,2605.0,79.62,8.24,14.89,White,Low_poverty,LPW,40.5552163,-74.1174952
360850007003,569.0,23.02,1.41,71.18,Minority,Low_poverty,LPM,40.6472879,-74.0840694
360850040002,3176.0,1.98,52.69,96.66,Minority,High_poverty,HPM,40.6120733,-74.0840468
360850067002,805.0,82.24,6.34,10.31,White,Low_poverty,LPW,40.6312844,-74.1045547
360850112023,1520.0,38.49,1.97,52.3,Minority,Low_poverty,LPM,40.5709919,-74.0910363
360850128063,1504.0,41.82,27.59,47.74,Other,Low_poverty,LPO,40.564023,-74.1131618
360850146044,1314.0,72.45,0.0,17.05,White,Low_poverty,LPW,40.5466726,-74.1628623
360850146071,3192.0,80.73,10.06,5.7,White,Low_poverty,LPW,40.5567985,-74.1653019
360850170082,2232.0,92.56,4.61,5.82,White,Low_poverty,LPW,40.5559753,-74.1787191
360850170121,1662.0,72.02,12.45,20.46,White,Low_poverty,LPW,40.5572473,-74.1721692
360850187024,2146.0,49.16,2.25,10.77,Other,Low_poverty,LPO,40.6009544,-74.1286415
360850208042,1935.0,88.42,4.91,5.48,White,Low_poverty,LPW,40.5380395,-74.1979248
360850244022,2439.0,94.38,1.6,5.62,White,Low_poverty,LPW,40.500094,-74.245612
360850277052,1415.0,61.77,21.34,0.78,White,Low_poverty,LPW,40.5876136,-74.1575842
360850277061,1405.0,62.35,9.54,29.4,White,Low_poverty,LPW,40.5929258,-74.1599144
360810797014,206.0,13.11,7.35,11.65,Other,Low_poverty,LPO,40.7520548,-73.8255738
360810803013,953.0,5.77,15.53,13.96,Other,Low_poverty,LPO,40.7438682,-73.8273365
360810855003,1507.0,3.05,17.47,19.77,Other,Low_poverty,LPO,40.7589356,-73.8221725
360810863002,706.0,5.95,20.11,2.41,Other,Low_poverty,LPO,40.7622501,-73.8199131
360810892006,660.0,83.48,19.09,0.0,White,Low_poverty,LPW,40.6514114,-73.8456849
360810972034,2657.0,5.34,42.68,89.38,Minority,High_poverty,HPM,40.596144,-73.7870318
360810972042,1920.0,15.89,19.52,74.95,Minority,Low_poverty,LPM,40.5940431,-73.7790624
360810997031,1185.0,39.83,2.87,4.47,Other,Low_poverty,LPO,40.7868284,-73.7785706
360810998013,2867.0,4.71,1.57,89.3,Minority,Low_poverty,LPM,40.598457,-73.7546982
360810998023,1360.0,69.12,31.25,22.64,White,High_poverty,HPW,40.59377,-73.7537346
360811017004,1270.0,44.09,9.06,28.11,Other,Low_poverty,LPO,40.7816678,-73.7976073
360811093001,1220.0,30.25,6.89,9.1,Other,Low_poverty,LPO,40.774476,-73.7816453
360811227015,2772.0,20.13,2.67,69.88,Minority,Low_poverty,LPM,40.7342758,-73.8094669
360811227025,964.0,13.38,28.11,82.05,Minority,Low_poverty,LPM,40.7360387,-73.8129706
360811291032,1156.0,58.22,10.73,17.47,White,Low_poverty,LPW,40.73708,-73.7591746
360811529023,1544.0,39.44,7.06,5.95,Other,Low_poverty,LPO,40.7611981,-73.7269911
360050221013,1931.0,0.0,45.63,90.57,Minority,High_poverty,HPM,40.8380623,-73.9182385
360050224031,672.0,24.7,28.27,75.29,Minority,Low_poverty,LPM,40.8569022,-73.8648442
360050241002,1322.0,3.4,29.12,94.02,Minority,Low_poverty,LPM,40.8540056,-73.9065695
360050251005,1738.0,0.17,38.94,90.74,Minority,High_poverty,HPM,40.8578964,-73.9078601
360050266023,975.0,57.13,11.38,42.87,White,Low_poverty,LPW,40.8447326,-73.8331372
360050293011,916.0,83.3,4.69,15.5,White,Low_poverty,LPW,40.8829351,-73.9216676
360050300002,1162.0,22.98,15.06,65.83,Minority,Low_poverty,LPM,40.853193,-73.8319678
360050332011,1953.0,19.25,15.21,79.11,Minority,Low_poverty,LPM,40.8582175,-73.8694903
360050348003,1165.0,4.72,3.04,95.28,Minority,Low_poverty,LPM,40.8687977,-73.8531609
360050361002,1304.0,0.0,47.55,100.0,Minority,High_poverty,HPM,40.8416949,-73.8809789
360050363006,2313.0,3.59,45.91,96.41,Minority,High_poverty,HPM,40.846423,-73.8827451
360050382002,1371.0,1.02,31.87,98.47,Minority,High_poverty,HPM,40.8773085,-73.8525675
360050389003,1133.0,56.58,47.8,34.77,White,High_poverty,HPW,40.8570117,-73.8864496
360050398002,851.0,0.0,14.81,96.36,Minority,Low_poverty,LPM,40.8824031,-73.8551795
360050405011,2393.0,1.09,37.6,95.99,Minority,High_poverty,HPM,40.8660527,-73.8919069
360050340004,983.0,0.92,9.89,96.84,Minority,Low_poverty,LPM,40.8666657,-73.8625109
360050358005,800.0,4.5,0.0,95.51,Minority,Low_poverty,LPM,40.8709069,-73.8413241
360050361005,1322.0,0.45,47.69,99.32,Minority,High_poverty,HPM,40.8437325,-73.8787982
360050374003,753.0,1.06,39.18,94.42,Minority,High_poverty,HPM,40.8759429,-73.8653431
360050379005,1822.0,0.0,47.69,97.15,Minority,High_poverty,HPM,40.853532,-73.8979553
360811551026,1210.0,42.98,2.89,16.03,Other,Low_poverty,LPO,40.7517835,-73.7157714
360811010022,1577.0,33.73,45.02,60.81,Minority,High_poverty,HPM,40.5970015,-73.7411105
360050456001,999.0,2.4,0.62,86.99,Minority,Low_poverty,LPM,40.8916223,-73.8353234
360050129012,3063.0,1.14,38.95,98.14,Minority,High_poverty,HPM,40.8222451,-73.9003164
360850067003,707.0,90.52,2.26,7.35,White,Low_poverty,LPW,40.6327471,-74.1003156
360850121003,1027.0,85.1,0.39,8.96,White,Low_poverty,LPW,40.6279861,-74.1081359
360850170104,1058.0,72.12,8.68,9.26,White,Low_poverty,LPW,40.5474612,-74.1934849
360850207003,906.0,6.62,33.66,86.97,Minority,High_poverty,HPM,40.6346285,-74.132041
360810220014,1774.0,17.25,8.17,56.59,Minority,Low_poverty,LPM,40.7132087,-73.821072
360810253013,1040.0,44.9,12.35,36.63,Other,Low_poverty,LPO,40.7438441,-73.917619
360810269021,2185.0,5.95,17.35,56.48,Minority,Low_poverty,LPM,40.7449382,-73.8836219
360810306002,1199.0,0.08,13.8,96.33,Minority,Low_poverty,LPM,40.6640635,-73.7737142
360810309032,1424.0,11.24,2.19,34.97,Other,Low_poverty,LPO,40.7597847,-73.8903981
360810357003,1445.0,25.26,24.71,63.81,Minority,Low_poverty,LPM,40.7675758,-73.8677805
360810499003,2397.0,15.44,7.51,23.07,Other,Low_poverty,LPO,40.7315665,-73.8800639
360810531003,655.0,53.28,4.65,46.71,White,Low_poverty,LPW,40.7241716,-73.9092796
360810613014,1583.0,64.94,14.02,33.48,White,Low_poverty,LPW,40.7082815,-73.8953824
360810626002,1465.0,0.89,1.5,93.72,Minority,Low_poverty,LPM,40.6812751,-73.7461527
360810657031,1350.0,82.0,4.0,13.26,White,Low_poverty,LPW,40.714158,-73.8772326
360810671002,1067.0,70.85,5.53,3.0,White,Low_poverty,LPW,40.7251553,-73.8762018
360810713033,1989.0,60.78,9.85,15.99,White,Low_poverty,LPW,40.7243809,-73.848208
360810713061,1278.0,58.45,10.02,21.36,White,Low_poverty,LPW,40.7267165,-73.8579399
360810723002,830.0,48.8,8.07,15.19,Other,Low_poverty,LPO,40.7165492,-73.8498505
360810779072,1796.0,92.32,49.82,4.95,White,High_poverty,HPW,40.7236328,-73.8177832
360810809004,826.0,96.49,3.75,0.0,White,Low_poverty,LPW,40.7324385,-73.8234618
360810849003,2543.0,1.1,47.58,12.26,Other,High_poverty,HPO,40.7543732,-73.831576
360810869001,1417.0,2.4,24.14,2.19,Other,Low_poverty,LPO,40.7628827,-73.8317754
360810100002,2376.0,12.5,2.06,35.86,Other,Low_poverty,LPO,40.6826594,-73.8296669
360811291024,1354.0,47.49,9.75,17.28,Other,Low_poverty,LPO,40.7345022,-73.7471484
360811417004,1262.0,24.72,12.52,4.75,Other,Low_poverty,LPO,40.7432311,-73.7899057
360811507024,557.0,53.14,2.69,5.39,White,Low_poverty,LPW,40.7703342,-73.731957
360811617001,1355.0,36.9,15.42,19.11,Other,Low_poverty,LPO,40.7282384,-73.7222091
360810025003,1300.0,2.62,41.69,71.08,Minority,High_poverty,HPM,40.7550248,-73.9426296
360810033003,651.0,19.35,36.77,22.74,Other,High_poverty,HPO,40.7553265,-73.9383349
360810062022,842.0,12.59,10.33,68.65,Minority,Low_poverty,LPM,40.6699419,-73.8510384
360810062027,1401.0,39.97,29.84,38.54,Other,Low_poverty,LPO,40.6588868,-73.8570617
360810075003,1275.0,82.82,3.68,9.49,White,Low_poverty,LPW,40.7637256,-73.9256214
360810125002,965.0,56.68,5.6,31.91,White,Low_poverty,LPW,40.7719403,-73.9175655
360810172001,1172.0,0.68,1.88,42.49,Other,Low_poverty,LPO,40.6816483,-73.8138033
360810216003,764.0,17.28,8.39,60.73,Minority,Low_poverty,LPM,40.7040482,-73.8188829
360810251004,1212.0,12.38,16.01,39.69,Other,Low_poverty,LPO,40.7454462,-73.910649
360810253014,1396.0,31.09,9.24,38.75,Other,Low_poverty,LPO,40.7454126,-73.9153981
360810294004,1203.0,0.0,2.49,100.0,Minority,Low_poverty,LPM,40.6688306,-73.7784618
360810309041,1490.0,24.97,7.45,53.36,Minority,Low_poverty,LPM,40.7642622,-73.8915262
360810334022,2069.0,0.0,10.78,98.94,Minority,Low_poverty,LPM,40.6765959,-73.7714177
360810399002,1031.0,1.94,2.8,93.4,Minority,Low_poverty,LPM,40.7513826,-73.8538746
360050288004,501.0,69.66,14.77,3.79,White,Low_poverty,LPW,40.8563193,-73.852301
360050300005,958.0,70.15,0.0,20.25,White,Low_poverty,LPW,40.8516108,-73.8346362
360050302005,4201.0,3.05,8.5,89.24,Minority,Low_poverty,LPM,40.8653155,-73.822855
360050309002,455.0,88.79,1.1,9.23,White,Low_poverty,LPW,40.8943557,-73.9141303
360050332012,2268.0,5.16,32.89,93.74,Minority,High_poverty,HPM,40.8601003,-73.8701067
360050332021,1260.0,9.21,15.95,89.61,Minority,Low_poverty,LPM,40.8633487,-73.8688955
360050336006,1236.0,0.0,36.41,100.0,Minority,High_poverty,HPM,40.8672576,-73.8682502
360050425007,1390.0,11.01,41.14,80.0,Minority,High_poverty,HPM,40.8727107,-73.8786359
360050426006,1119.0,0.0,6.7,94.37,Minority,Low_poverty,LPM,40.8920153,-73.8409439
360050429023,758.0,10.55,36.81,87.2,Minority,High_poverty,HPM,40.876172,-73.875455
360050431001,1012.0,2.37,33.2,97.63,Minority,High_poverty,HPM,40.884175,-73.8782365
360610080004,1418.0,78.84,1.82,2.54,White,Low_poverty,LPW,40.747965,-73.9775377
360610086032,987.0,69.4,3.34,21.78,White,Low_poverty,LPW,40.7548019,-73.9634783
360610087004,1189.0,79.98,4.88,14.72,White,Low_poverty,LPW,40.7437204,-73.9977759
360610088004,1074.0,69.74,0.0,2.7,White,Low_poverty,LPW,40.7477297,-73.9721841
360610091004,1112.0,83.0,18.08,9.72,White,Low_poverty,LPW,40.7443631,-73.9973072
360610093007,524.0,62.79,10.58,29.39,White,Low_poverty,LPW,40.7467579,-74.0029899
360610106014,876.0,80.48,0.0,0.0,White,Low_poverty,LPW,40.7568479,-73.9625152
360610106015,1337.0,93.34,2.54,0.0,White,Low_poverty,LPW,40.7562277,-73.9629819
360610110005,534.0,79.4,0.19,4.31,White,Low_poverty,LPW,40.7623003,-73.9615618
360610116003,769.0,75.55,1.17,18.86,White,Low_poverty,LPW,40.7625777,-73.958339
360610118006,1318.0,91.27,4.93,4.48,White,Low_poverty,LPW,40.7635527,-73.9606531
360050442004,982.0,0.0,28.51,91.96,Minority,Low_poverty,LPM,40.9029903,-73.8434677
360050462016,3508.0,3.45,3.02,87.66,Minority,Low_poverty,LPM,40.8717518,-73.8264156
360050462026,415.0,0.0,23.13,100.0,Minority,Low_poverty,LPM,40.8818581,-73.8343611
360470005011,2435.0,63.74,4.53,19.67,White,Low_poverty,LPW,40.6972203,-73.9940246
360470007002,1057.0,80.42,5.36,15.61,White,Low_poverty,LPW,40.692556,-73.9967077
360470015001,2499.0,48.14,9.6,24.89,Other,Low_poverty,LPO,40.696521,-73.9837444
360470039002,584.0,67.29,3.25,15.24,White,Low_poverty,LPW,40.6847522,-73.9823272
360810407005,1866.0,1.13,20.63,89.71,Minority,Low_poverty,LPM,40.7473308,-73.8640293
360810424002,1156.0,0.43,1.99,97.75,Minority,Low_poverty,LPM,40.6952267,-73.7724428
360810443012,2497.0,4.16,38.37,90.02,Minority,High_poverty,HPM,40.7398395,-73.8586674
360810446012,1575.0,0.89,18.92,77.97,Minority,Low_poverty,LPM,40.7052928,-73.7965546
360810455002,2892.0,10.93,26.63,67.84,Minority,Low_poverty,LPM,40.7367648,-73.8628381
360610124007,691.0,87.41,0.0,0.0,White,Low_poverty,LPW,40.7659821,-73.9527466
360610128005,1052.0,85.74,7.22,4.85,White,Low_poverty,LPW,40.7707439,-73.9609269
360610132006,1486.0,79.48,0.0,12.38,White,Low_poverty,LPW,40.7693083,-73.9499244
360610134007,2006.0,86.69,0.0,0.0,White,Low_poverty,LPW,40.7705713,-73.9555269
360610134009,472.0,63.35,0.0,36.65,White,Low_poverty,LPW,40.7718389,-73.9546016
360610136007,1048.0,69.94,0.0,20.61,White,Low_poverty,LPW,40.7725278,-73.9480644
360610138005,769.0,90.64,6.75,1.56,White,Low_poverty,LPW,40.7744741,-73.9526762
360610138008,1207.0,75.39,0.0,0.0,White,Low_poverty,LPW,40.7731796,-73.9536213
360610139006,1623.0,52.0,4.87,5.3,White,Low_poverty,LPW,40.7669806,-73.984542
360610213034,1719.0,22.28,34.81,68.7,Minority,High_poverty,HPM,40.8124181,-73.9523402
360610227003,2568.0,10.12,35.28,76.28,Minority,High_poverty,HPM,40.8224994,-73.9446285
360610242003,1264.0,9.1,17.13,86.47,Minority,Low_poverty,LPM,40.8039311,-73.9330105
360610259001,2557.0,16.74,16.03,72.98,Minority,Low_poverty,LPM,40.8246241,-73.9412582
360610044005,4185.0,78.52,10.73,11.06,White,Low_poverty,LPW,40.7291759,-73.9740717
360610151001,2062.0,4.12,7.52,90.88,Minority,Low_poverty,LPM,40.7738189,-73.986978
360610006003,710.0,16.62,57.32,3.38,Other,High_poverty,HPO,40.7138716,-73.9887252
360610081002,1720.0,82.67,11.92,13.83,White,Low_poverty,LPW,40.7410678,-73.9997084
360610133005,1148.0,30.14,10.19,38.76,Other,Low_poverty,LPO,40.7647653,-73.9861573
360610166004,1010.0,32.28,26.63,63.76,Minority,Low_poverty,LPM,40.7900267,-73.9489594
360610182001,1470.0,21.9,3.27,53.4,Minority,Low_poverty,LPM,40.7989613,-73.9424335
360610269001,1324.0,14.58,43.46,82.33,Minority,High_poverty,HPM,40.8521413,-73.9288989
360610205003,757.0,73.98,10.7,16.91,White,Low_poverty,LPW,40.8074666,-73.965684
360610211002,1046.0,49.24,13.86,15.49,Other,Low_poverty,LPO,40.8162517,-73.9596409
360610211007,603.0,66.33,9.86,8.62,White,Low_poverty,LPW,40.8115438,-73.9594576
360610219004,412.0,0.97,22.09,99.03,Minority,Low_poverty,LPM,40.8156656,-73.9561301
360610224004,2360.0,2.2,43.31,95.46,Minority,High_poverty,HPM,40.8114742,-73.9483414
360050386006,816.0,0.0,13.48,86.52,Minority,Low_poverty,LPM,40.8780863,-73.8474963
360050391006,1438.0,11.68,51.95,80.39,Minority,High_poverty,HPM,40.8546944,-73.88688
360050397002,607.0,0.0,21.42,100.0,Minority,Low_poverty,LPM,40.863287,-73.8898404
360050399014,1778.0,0.0,61.8,92.74,Minority,High_poverty,HPM,40.8646853,-73.8941959
360050401005,835.0,3.23,59.34,94.73,Minority,High_poverty,HPM,40.863475,-73.8970226
360050404003,1319.0,0.0,9.63,97.49,Minority,Low_poverty,LPM,40.8872853,-73.8523013
360050405025,624.0,0.0,39.26,77.89,Minority,High_poverty,HPM,40.8665103,-73.8893876
360050406003,881.0,0.0,22.47,98.41,Minority,Low_poverty,LPM,40.8877041,-73.8588316
360050407025,763.0,0.0,11.66,79.95,Minority,Low_poverty,LPM,40.8693544,-73.8876728
360050413002,661.0,0.3,19.12,94.25,Minority,Low_poverty,LPM,40.8734813,-73.8860661
360050414002,1297.0,7.09,6.73,90.28,Minority,Low_poverty,LPM,40.9037284,-73.851596
360050415002,657.0,28.61,12.79,71.39,Minority,Low_poverty,LPM,40.8710834,-73.8850046
360050050012,1541.0,0.0,64.98,100.0,Minority,High_poverty,HPM,40.8249919,-73.8778578
360050050024,1292.0,0.77,18.69,98.84,Minority,Low_poverty,LPM,40.8276003,-73.8765537
360050056002,601.0,0.83,36.11,99.17,Minority,High_poverty,HPM,40.8323581,-73.8795713
360050061002,3720.0,3.04,12.53,95.43,Minority,Low_poverty,LPM,40.8238108,-73.9211975
360050062005,276.0,0.0,4.35,46.38,Other,Low_poverty,LPO,40.8307916,-73.8741556
360050067006,692.0,0.0,22.69,100.0,Minority,Low_poverty,LPM,40.8197701,-73.9170951
360050072003,919.0,4.24,26.77,93.8,Minority,Low_poverty,LPM,40.8323378,-73.859774
360470053003,591.0,65.31,11.84,27.24,White,Low_poverty,LPW,40.6758236,-74.0146023
360470126002,1186.0,16.27,15.01,26.98,Other,Low_poverty,LPO,40.6349583,-74.0188228
360050074002,1501.0,4.73,40.04,95.27,Minority,High_poverty,HPM,40.8215735,-73.8533592
360050078003,1079.0,0.0,26.32,100.0,Minority,Low_poverty,LPM,40.8311656,-73.8557438
360470166002,748.0,83.02,2.14,2.14,White,Low_poverty,LPW,40.618037,-74.0151619
360470271002,1168.0,10.45,12.93,87.67,Minority,Low_poverty,LPM,40.6787035,-73.933484
360470282003,753.0,43.16,40.11,19.13,Other,High_poverty,HPO,40.6016201,-74.0019649
360470360013,1191.0,93.87,34.59,0.0,White,High_poverty,HPW,40.5759542,-73.9639801
360470374023,1010.0,68.12,15.45,0.0,White,Low_poverty,LPW,40.585085,-73.9701424
360470449003,536.0,75.75,8.77,20.34,White,Low_poverty,LPW,40.721189,-73.9386927
360470508042,1811.0,27.94,17.61,71.45,Minority,Low_poverty,LPM,40.6528558,-73.9636278
360470510012,2245.0,7.84,16.44,88.02,Minority,Low_poverty,LPM,40.6461985,-73.9591683
360470516013,2248.0,5.92,27.36,85.55,Minority,Low_poverty,LPM,40.6389667,-73.9557282
360470610042,1447.0,73.67,15.41,0.0,White,Low_poverty,LPW,40.5806481,-73.9557713
360470620001,1157.0,93.95,6.14,0.52,White,Low_poverty,LPW,40.5784372,-73.9498152
360470768002,1133.0,81.29,19.86,12.88,White,Low_poverty,LPW,40.6180055,-73.9630153
360470796012,1658.0,23.94,18.46,69.54,Minority,Low_poverty,LPM,40.6574002,-73.9584091
360470910004,548.0,0.0,67.15,96.9,Minority,High_poverty,HPM,40.6659518,-73.9020155
360810469005,1462.0,0.0,6.16,76.13,Minority,Low_poverty,LPM,40.7446206,-73.8775366
360810884007,948.0,63.19,0.0,36.81,White,Low_poverty,LPW,40.6592059,-73.8336146
360810954002,1868.0,8.99,13.59,84.0,Minority,Low_poverty,LPM,40.5928771,-73.7979303
360811008022,1445.0,5.88,38.96,91.35,Minority,High_poverty,HPM,40.6030952,-73.7597409
360811039003,806.0,49.01,12.16,8.56,Other,Low_poverty,LPO,40.7862282,-73.8162848
360811085003,859.0,44.94,5.12,10.59,Other,Low_poverty,LPO,40.773189,-73.7865615
360811267003,1101.0,15.99,25.98,15.07,Other,Low_poverty,LPO,40.7184103,-73.8004503
360810613011,1438.0,53.34,15.33,39.71,White,Low_poverty,LPW,40.7108421,-73.8922266
360810638004,870.0,3.56,0.57,95.06,Minority,Low_poverty,LPM,40.6692883,-73.7305449
360810665014,460.0,68.91,1.96,16.74,White,Low_poverty,LPW,40.7220386,-73.8831791
360810707001,786.0,43.89,4.72,12.47,Other,Low_poverty,LPO,40.7146348,-73.8558392
360810717022,2331.0,41.06,14.2,20.55,Other,Low_poverty,LPO,40.7342352,-73.8592329
360810773002,905.0,52.49,10.39,18.9,White,Low_poverty,LPW,40.7125578,-73.8316663
360610238021,2264.0,32.6,13.56,46.69,Other,Low_poverty,LPO,40.7690331,-73.9431474
360610241005,1217.0,1.48,25.8,88.74,Minority,Low_poverty,LPM,40.8337729,-73.9432282
360610247001,1212.0,21.86,6.52,76.48,Minority,Low_poverty,LPM,40.8385682,-73.9473733
360610261004,1616.0,2.91,4.33,97.09,Minority,Low_poverty,LPM,40.8477129,-73.933045
360610291007,663.0,16.29,35.14,76.92,Minority,High_poverty,HPM,40.8642575,-73.922509
360610299001,2913.0,2.4,47.27,96.98,Minority,High_poverty,HPM,40.8612644,-73.9225322
360050083006,635.0,0.0,11.97,100.0,Minority,Low_poverty,LPM,40.8118971,-73.9012242
360050085005,1414.0,0.57,48.25,98.87,Minority,High_poverty,HPM,40.8158704,-73.8973424
360050090005,1394.0,0.0,37.73,97.7,Minority,High_poverty,HPM,40.8181315,-73.8462433
360050092004,809.0,4.2,38.69,45.49,Other,High_poverty,HPO,40.8336111,-73.8498889
360050098005,1133.0,0.0,13.15,94.53,Minority,Low_poverty,LPM,40.8261913,-73.8536835
360050119005,962.0,4.68,57.38,95.32,Minority,High_poverty,HPM,40.8243123,-73.8877019
360050133003,958.0,0.0,33.61,100.0,Minority,High_poverty,HPM,40.8220403,-73.9040204
360050144004,1340.0,0.0,58.13,99.41,Minority,High_poverty,HPM,40.8221181,-73.8228059
360050147012,1645.0,1.76,54.69,98.17,Minority,High_poverty,HPM,40.8337965,-73.9039472
360050147022,2153.0,0.0,45.38,100.0,Minority,High_poverty,HPM,40.8359598,-73.9033644
360050147024,1632.0,2.82,51.59,97.18,Minority,High_poverty,HPM,40.837475,-73.9057087
360050161004,1080.0,0.0,65.0,100.0,Minority,High_poverty,HPM,40.8362414,-73.8873594
360050177024,946.0,0.0,26.74,95.03,Minority,Low_poverty,LPM,40.8364203,-73.9117379
360050181023,1134.0,3.09,56.0,96.92,Minority,High_poverty,HPM,40.8332179,-73.9167246
360050183013,1501.0,12.72,10.93,86.48,Minority,Low_poverty,LPM,40.8300026,-73.9200606
360050185005,844.0,0.0,14.69,100.0,Minority,Low_poverty,LPM,40.8240534,-73.9062597
360050197004,545.0,0.0,25.32,93.03,Minority,Low_poverty,LPM,40.8344478,-73.918856
360050204003,1370.0,5.18,9.95,82.7,Minority,Low_poverty,LPM,40.8410001,-73.8510484
360050205022,298.0,0.0,15.77,100.0,Minority,Low_poverty,LPM,40.8512002,-73.9196432
360050210016,799.0,0.0,0.0,100.0,Minority,Low_poverty,LPM,40.8413528,-73.8588458
360470924002,643.0,0.0,22.71,100.0,Minority,Low_poverty,LPM,40.6651077,-73.9108893
360470946002,583.0,1.37,9.61,96.23,Minority,Low_poverty,LPM,40.6457433,-73.9233885
360471208005,2033.0,13.58,22.47,81.31,Minority,Low_poverty,LPM,40.6716255,-73.8612353
360471237002,3611.0,94.35,40.07,4.4,White,High_poverty,HPW,40.6966491,-73.9575004
360470271001,1935.0,13.18,17.61,72.76,Minority,Low_poverty,LPM,40.6788853,-73.9403627
360470365011,2594.0,0.31,22.45,98.65,Minority,Low_poverty,LPM,40.6748087,-73.9124683
360470303002,901.0,0.22,25.47,98.23,Minority,Low_poverty,LPM,40.6752841,-73.9206781
360470052022,1409.0,84.32,25.73,12.42,White,Low_poverty,LPW,40.6188883,-74.0384036
360470185012,1288.0,0.78,46.66,91.85,Minority,High_poverty,HPM,40.6957118,-73.9748972
360470215004,3028.0,43.39,7.83,41.12,Other,Low_poverty,LPO,40.6727167,-73.9648811
360470286001,1102.0,71.51,29.85,10.07,White,Low_poverty,LPW,40.597563,-74.0037162
360470325003,4211.0,1.09,14.82,96.28,Minority,Low_poverty,LPM,40.6655416,-73.9584358
360470350002,1436.0,100.0,15.6,0.0,White,Low_poverty,LPW,40.577463,-73.9796584
360470360011,1018.0,93.32,12.18,5.8,White,Low_poverty,LPW,40.5756688,-73.9675627
360470374024,498.0,100.0,1.61,0.0,White,Low_poverty,LPW,40.5879861,-73.9705293
360470423003,798.0,21.43,22.18,65.91,Minority,Low_poverty,LPM,40.699318,-73.9253065
360470512003,1193.0,13.41,11.15,85.33,Minority,Low_poverty,LPM,40.6457589,-73.9628672
360470514003,2605.0,15.59,7.6,75.89,Minority,Low_poverty,LPM,40.6419368,-73.9605626
360470610032,1302.0,26.5,32.41,51.54,Minority,High_poverty,HPM,40.5821645,-73.9586325
360050210023,316.0,0.0,22.47,75.0,Minority,Low_poverty,LPM,40.8371793,-73.8562635
360050210028,1067.0,1.78,0.0,98.22,Minority,Low_poverty,LPM,40.8395742,-73.8566229
360050213024,2085.0,0.77,36.16,99.23,Minority,High_poverty,HPM,40.8421104,-73.9206233
360050215025,1600.0,0.69,33.82,97.69,Minority,High_poverty,HPM,40.8471323,-73.9192915
360050217002,1314.0,2.82,18.03,96.12,Minority,Low_poverty,LPM,40.84946,-73.912771
360050222003,603.0,0.83,30.24,48.43,Other,High_poverty,HPO,40.834732,-73.8557948
360050223004,1561.0,0.64,39.36,92.44,Minority,High_poverty,HPM,40.8399817,-73.913811
360050233013,981.0,0.0,63.93,96.84,Minority,High_poverty,HPM,40.8492014,-73.9103154
360050237041,1062.0,0.0,56.03,97.65,Minority,High_poverty,HPM,40.8569041,-73.9008566
360050237033,1121.0,0.0,44.07,100.0,Minority,High_poverty,HPM,40.8588674,-73.9008649
360050243003,1052.0,1.62,43.35,96.58,Minority,High_poverty,HPM,40.8508273,-73.9129551
360050245012,1370.0,4.96,50.15,93.87,Minority,High_poverty,HPM,40.8535546,-73.9169386
360050245022,326.0,0.0,73.31,100.0,Minority,High_poverty,HPM,40.8544416,-73.9125786
360050265003,2201.0,1.04,16.27,95.36,Minority,Low_poverty,LPM,40.863474,-73.9017574
360050267012,1609.0,3.73,39.84,96.27,Minority,High_poverty,HPM,40.8697487,-73.9025821
360050267022,1055.0,0.0,55.07,100.0,Minority,High_poverty,HPM,40.8705159,-73.8988611
360050273003,2267.0,2.87,30.84,97.13,Minority,High_poverty,HPM,40.8717353,-73.9029594
360050274022,523.0,88.53,24.09,11.47,White,Low_poverty,LPW,40.8472286,-73.8181856
360050277002,654.0,31.19,17.13,60.7,Minority,Low_poverty,LPM,40.8786769,-73.9027277
360050279005,654.0,35.02,12.08,56.27,Minority,Low_poverty,LPM,40.8846657,-73.8947453
360050287003,1049.0,22.69,10.1,67.11,Minority,Low_poverty,LPM,40.8812684,-73.9040898
360470696023,2136.0,72.33,14.09,16.25,White,Low_poverty,LPW,40.6225404,-73.9030254
360470798021,2402.0,29.85,13.99,63.61,Minority,Low_poverty,LPM,40.6581631,-73.9621142
360470820002,1375.0,8.22,25.89,82.04,Minority,Low_poverty,LPM,40.6533152,-73.9512935
360470822002,1705.0,8.62,13.72,89.27,Minority,Low_poverty,LPM,40.6545135,-73.9545618
360470830004,2350.0,0.55,16.47,99.44,Minority,Low_poverty,LPM,40.6393866,-73.946894
360470906001,555.0,0.0,60.72,98.74,Minority,High_poverty,HPM,40.6705968,-73.9090364
360470910003,1336.0,0.0,50.37,100.0,Minority,High_poverty,HPM,40.6640848,-73.9039827
360470920002,1210.0,0.91,45.21,98.27,Minority,High_poverty,HPM,40.6582904,-73.9049177
360470944013,1095.0,7.03,7.85,85.57,Minority,Low_poverty,LPM,40.6393337,-73.921578
360610172005,903.0,3.99,2.44,89.59,Minority,Low_poverty,LPM,40.7938414,-73.9440635
360610183007,840.0,89.29,1.9,3.93,White,Low_poverty,LPW,40.793702,-73.9715534
360610014012,1442.0,71.91,5.8,11.37,White,Low_poverty,LPW,40.7149891,-73.9855208
360610020003,699.0,1.14,26.9,93.99,Minority,Low_poverty,LPM,40.7197014,-73.9768382
360610025003,1150.0,1.22,23.65,76.95,Minority,Low_poverty,LPM,40.7091584,-73.9981615
360610032001,1756.0,82.35,11.56,14.98,White,Low_poverty,LPW,40.7271238,-73.9842047
360610038004,934.0,76.45,2.82,18.53,White,Low_poverty,LPW,40.7253876,-73.9884594
360610044001,2283.0,74.81,7.18,16.73,White,Low_poverty,LPW,40.7338548,-73.9791407
360610044004,612.0,66.5,22.06,7.03,White,Low_poverty,LPW,40.7307535,-73.975557
360610044008,1582.0,82.05,14.35,5.75,White,Low_poverty,LPW,40.7328136,-73.9799649
360610048004,1291.0,67.93,7.44,23.0,White,Low_poverty,LPW,40.7331627,-73.9858103
360610054003,1935.0,79.28,3.62,4.75,White,Low_poverty,LPW,40.7370251,-73.9949784
360610060003,1559.0,64.79,1.03,11.42,White,Low_poverty,LPW,40.7338033,-73.9756525
360610063004,1004.0,78.69,3.92,7.17,White,Low_poverty,LPW,40.7332245,-73.9977331
360610066006,900.0,95.33,5.56,1.44,White,Low_poverty,LPW,40.7383611,-73.9790102
360610068005,1685.0,54.78,10.92,22.55,White,Low_poverty,LPW,40.7404525,-73.9830118
360610070006,1171.0,78.65,0.0,7.61,White,Low_poverty,LPW,40.7439368,-73.9749351
360610074002,1312.0,80.41,2.65,10.14,White,Low_poverty,LPW,40.7464797,-73.9828409
360470998002,1622.0,6.41,1.29,93.59,Minority,Low_poverty,LPM,40.6273904,-73.904654
360471028002,612.0,1.8,3.76,92.65,Minority,Low_poverty,LPM,40.6319103,-73.8891548
360471058043,2458.0,16.03,11.07,80.23,Minority,Low_poverty,LPM,40.6488045,-73.8850205
360471078004,896.0,3.57,24.11,96.43,Minority,Low_poverty,LPM,40.6547869,-73.8837786
360471144003,434.0,0.0,8.99,100.0,Minority,Low_poverty,LPM,40.6725277,-73.8960102
360471208003,964.0,0.0,19.4,95.02,Minority,Low_poverty,LPM,40.6722845,-73.8649317
360470233002,3007.0,0.0,32.26,97.21,Minority,High_poverty,HPM,40.6897911,-73.9586571
360470345001,1454.0,10.73,30.37,88.45,Minority,High_poverty,HPM,40.6720764,-73.9336212
360810158021,1118.0,5.28,6.53,40.26,Other,Low_poverty,LPO,40.6881074,-73.8170557
360810158023,1521.0,5.06,1.91,41.09,Other,Low_poverty,LPO,40.688011,-73.8218528
360810176002,1034.0,7.64,19.25,68.95,Minority,Low_poverty,LPM,40.6795924,-73.807011
360610121006,1075.0,58.51,8.84,32.37,White,Low_poverty,LPW,40.761269,-73.9924172
360610002025,1942.0,51.24,22.45,29.25,White,Low_poverty,LPW,40.7120681,-73.9787981
360610016003,1407.0,13.86,29.21,0.0,Other,Low_poverty,LPO,40.7154737,-73.9933767
360610029003,1622.0,7.46,31.87,0.0,Other,High_poverty,HPO,40.7152483,-73.997667
360610070003,1466.0,62.01,5.66,12.96,White,Low_poverty,LPW,40.7419268,-73.9778697
360610073006,713.0,83.73,5.75,16.27,White,Low_poverty,LPW,40.7350148,-74.0023656
360610079004,1017.0,79.35,13.86,11.5,White,Low_poverty,LPW,40.738615,-74.0059421
360610134004,705.0,50.78,0.0,49.22,White,Low_poverty,LPW,40.7734685,-73.9564242
360610154001,3384.0,73.26,3.75,6.09,White,Low_poverty,LPW,40.7813487,-73.9491243
360610039004,1150.0,59.57,0.0,15.66,White,Low_poverty,LPW,40.7189487,-74.0095612
360610186001,2035.0,0.0,26.29,95.03,Minority,Low_poverty,LPM,40.799407,-73.9485219
360610189002,2403.0,31.71,13.57,62.05,Minority,Low_poverty,LPM,40.7954557,-73.962867
360610193003,1141.0,35.93,19.36,37.86,Other,Low_poverty,LPO,40.7995985,-73.9616975
360610208002,1543.0,12.25,7.47,72.91,Minority,Low_poverty,LPM,40.8096376,-73.9420157
360610187003,643.0,72.47,0.0,3.73,White,Low_poverty,LPW,40.7981445,-73.9701686
360610188004,1126.0,21.31,37.47,67.59,Minority,High_poverty,HPM,40.7987806,-73.9379415
360610040002,1624.0,68.72,12.57,11.33,White,Low_poverty,LPW,40.7311721,-73.9872626
360610145002,1411.0,41.18,6.13,32.75,Other,Low_poverty,LPO,40.7695049,-73.9864164
360610245003,1854.0,10.57,12.51,86.79,Minority,Low_poverty,LPM,40.8375073,-73.9432946
360610032002,785.0,85.86,9.68,2.29,White,Low_poverty,LPW,40.7262306,-73.9848553
360610121002,2536.0,55.32,20.94,35.45,White,Low_poverty,LPW,40.7593649,-73.9938072
360610012001,1770.0,16.44,30.22,58.48,Minority,High_poverty,HPM,40.7165794,-73.9835599
360610048005,1299.0,54.5,18.62,15.09,White,Low_poverty,LPW,40.7326191,-73.9828845
360610014021,1615.0,37.46,36.78,33.37,Other,High_poverty,HPO,40.7177685,-73.9867187
360610149002,1000.0,86.4,6.9,11.8,White,Low_poverty,LPW,40.7726959,-73.9803898
360610055022,1338.0,81.54,13.45,11.28,White,Low_poverty,LPW,40.726274,-73.9944905
360610013002,2599.0,64.02,2.65,14.58,White,Low_poverty,LPW,40.7067136,-74.0139962
360610083003,1529.0,26.03,37.87,47.88,Other,High_poverty,HPO,40.7427882,-74.0058718
360610220001,951.0,12.72,5.99,78.55,Minority,Low_poverty,LPM,40.8058127,-73.9487764
360610307001,815.0,43.68,8.96,49.2,Other,Low_poverty,LPO,40.870522,-73.9154203
360610026022,2296.0,69.51,23.26,11.06,White,Low_poverty,LPW,40.7248921,-73.9798066
360610072001,852.0,62.79,4.46,0.0,White,Low_poverty,LPW,40.7470863,-73.9802873
360610041001,1037.0,52.65,19.38,3.09,White,Low_poverty,LPW,40.7205637,-73.9949155
360610076001,1758.0,47.67,17.8,10.63,Other,Low_poverty,LPO,40.7484948,-73.9866201
360610097001,2111.0,75.23,7.3,13.69,White,Low_poverty,LPW,40.7479638,-73.996796
360610067004,1390.0,86.04,1.51,6.54,White,Low_poverty,LPW,40.7304218,-74.005637
360610021002,3430.0,71.72,2.53,11.89,White,Low_poverty,LPW,40.7150254,-74.0115155
360610261001,3212.0,1.74,25.5,96.26,Minority,Low_poverty,LPM,40.8448282,-73.9361028
360610177003,779.0,69.06,11.04,16.69,White,Low_poverty,LPW,40.7905519,-73.9713375
360610224002,1701.0,26.04,33.97,72.9,Minority,High_poverty,HPM,40.8099672,-73.9469983
360610234002,3096.0,10.14,28.2,86.91,Minority,Low_poverty,LPM,40.8230342,-73.9386879
360610216001,2145.0,25.69,22.28,61.26,Minority,Low_poverty,LPM,40.800711,-73.951799
360610228002,1252.0,8.63,39.54,85.55,Minority,High_poverty,HPM,40.8147054,-73.94228
360610235013,695.0,28.35,17.99,66.48,Minority,Low_poverty,LPM,40.8286999,-73.9439447
360610303001,1638.0,9.34,22.65,88.46,Minority,Low_poverty,LPM,40.8683789,-73.9171962
360610209012,1831.0,3.17,32.77,90.28,Minority,High_poverty,HPM,40.8115405,-73.9559229
360610223013,1734.0,29.18,9.34,63.96,Minority,Low_poverty,LPM,40.8222988,-73.9566391
360610153003,1623.0,76.22,1.05,0.0,White,Low_poverty,LPW,40.7751409,-73.9823156
360610169001,1451.0,88.01,10.2,4.2,White,Low_poverty,LPW,40.785549,-73.971004
360610177002,888.0,50.11,14.86,47.29,White,Low_poverty,LPW,40.7919118,-73.9702847
360610142003,779.0,93.71,4.11,0.0,White,Low_poverty,LPW,40.7753222,-73.9618007
360610193005,4042.0,22.88,14.03,76.17,Minority,Low_poverty,LPM,40.8017588,-73.962898
360610002012,2113.0,8.14,40.56,58.12,Minority,High_poverty,HPM,40.7111738,-73.9857474
360610185001,1269.0,70.45,8.67,8.35,White,Low_poverty,LPW,40.7941503,-73.9647403
360610132002,944.0,53.6,4.77,33.69,White,Low_poverty,LPW,40.7705588,-73.9515598
360610170001,1562.0,1.92,18.82,67.8,Minority,Low_poverty,LPM,40.7920565,-73.9428556
360610194001,2085.0,0.0,47.91,100.0,Minority,High_poverty,HPM,40.8002736,-73.933807
360610066001,1182.0,57.45,4.48,9.81,White,Low_poverty,LPW,40.7418066,-73.9795133
360610036013,976.0,38.11,27.66,27.46,Other,Low_poverty,LPO,40.7225851,-73.9919654
360610174013,881.0,40.86,15.89,49.49,Other,Low_poverty,LPO,40.7958865,-73.9489002
360610117001,4191.0,53.73,6.11,25.96,White,Low_poverty,LPW,40.7597105,-73.9994545
360610220005,1622.0,29.1,25.71,62.39,Minority,Low_poverty,LPM,40.8069993,-73.9515062
360610083001,1343.0,44.45,9.46,49.67,Other,Low_poverty,LPO,40.7422648,-74.0025523
360610056002,1066.0,78.33,3.47,4.6,White,Low_poverty,LPW,40.7414857,-73.9881423
360610072003,1394.0,91.1,2.48,8.25,White,Low_poverty,LPW,40.7439127,-73.9825939
360610073003,1084.0,89.3,11.53,8.67,White,Low_poverty,LPW,40.7324981,-74.0052587
360610137003,1361.0,80.82,4.41,7.64,White,Low_poverty,LPW,40.7650591,-73.9824268
360610110001,1408.0,70.38,3.27,1.63,White,Low_poverty,LPW,40.7638977,-73.9634094
360610063001,2064.0,87.65,2.71,8.48,White,Low_poverty,LPW,40.7360169,-73.9957102
360610038003,2390.0,18.87,18.16,62.51,Minority,Low_poverty,LPM,40.7266525,-73.9904765
360610230002,1611.0,12.79,31.59,85.42,Minority,High_poverty,HPM,40.8172504,-73.9404186
360610295003,2759.0,26.89,10.82,70.2,Minority,Low_poverty,LPM,40.8673993,-73.924516
360610032003,1657.0,54.56,13.16,26.62,White,Low_poverty,LPW,40.7253388,-73.9855062
360610030022,985.0,48.02,38.17,37.06,Other,High_poverty,HPO,40.7233628,-73.9869729
360610060001,2013.0,64.78,8.59,20.12,White,Low_poverty,LPW,40.7350152,-73.9760641
360610226002,936.0,25.43,27.39,55.45,Minority,Low_poverty,LPM,40.8121639,-73.9441418
360610114012,470.0,85.53,7.23,7.02,White,Low_poverty,LPW,40.7651804,-73.9712989
360610112031,778.0,69.28,6.56,4.24,White,Low_poverty,LPW,40.7609026,-73.9681051
360610028003,2007.0,40.86,34.17,45.89,Other,High_poverty,HPO,40.7263765,-73.9787169
360610115001,1522.0,39.75,7.16,19.06,Other,Low_poverty,LPO,40.7565692,-73.9921294
360610179004,1852.0,55.18,2.97,34.61,White,Low_poverty,LPW,40.793024,-73.9739067
360610171001,1576.0,73.54,20.21,23.35,White,Low_poverty,LPW,40.7873456,-73.9762769
360610127001,896.0,66.74,32.81,12.5,White,High_poverty,HPW,40.7619484,-73.9882117
360610084002,1746.0,52.58,13.8,10.02,White,Low_poverty,LPW,40.7513266,-73.9845618
360610219002,1247.0,11.71,34.4,88.29,Minority,High_poverty,HPM,40.8187983,-73.9558788
360610189001,1389.0,68.25,9.07,13.9,White,Low_poverty,LPW,40.7973826,-73.9614616
360610271005,1720.0,79.01,24.48,15.29,White,Low_poverty,LPW,40.8537042,-73.9357123
360610293003,2576.0,7.14,25.35,90.29,Minority,Low_poverty,LPM,40.866401,-73.9215513
360610232003,2155.0,0.0,40.46,100.0,Minority,High_poverty,HPM,40.820942,-73.9414443
360610225003,1347.0,24.87,20.22,55.01,Minority,Low_poverty,LPM,40.8231312,-73.9518302
360610226003,1834.0,14.83,16.17,77.7,Minority,Low_poverty,LPM,40.8142887,-73.9463043
360610203001,2154.0,44.34,35.71,24.51,Other,High_poverty,HPO,40.8105842,-73.9601656
360610179005,975.0,86.36,10.77,4.2,White,Low_poverty,LPW,40.7917683,-73.974821
360610171002,1463.0,86.88,9.71,12.1,White,Low_poverty,LPW,40.7861532,-73.9777057
360610182004,1621.0,1.23,75.57,87.17,Minority,High_poverty,HPM,40.7966715,-73.9419993
360610090002,1407.0,61.05,1.35,8.1,White,Low_poverty,LPW,40.7515679,-73.9693934
360610279005,1617.0,40.01,7.67,50.28,Minority,Low_poverty,LPM,40.8580332,-73.9324876
360610245006,1330.0,14.51,16.39,85.49,Minority,Low_poverty,LPM,40.8348752,-73.9419727
360610253001,3176.0,1.01,17.44,97.38,Minority,Low_poverty,LPM,40.8426331,-73.935849
360610233002,2199.0,34.97,17.23,59.43,Minority,Low_poverty,LPM,40.828376,-73.947171
360610087003,869.0,76.64,5.87,16.57,White,Low_poverty,LPW,40.7419477,-73.9990681
360610291001,1584.0,7.2,11.24,90.28,Minority,Low_poverty,LPM,40.8652332,-73.9231336
360610106022,2488.0,72.23,2.33,12.62,White,Low_poverty,LPW,40.7603924,-73.9599306
360610142001,742.0,91.51,6.74,2.29,White,Low_poverty,LPW,40.7785667,-73.9594325
360610055021,487.0,84.6,13.76,8.62,White,Low_poverty,LPW,40.7264845,-73.9929618
360610291002,2030.0,3.89,42.22,77.05,Minority,High_poverty,HPM,40.866194,-73.9237523
360610283001,985.0,14.42,20.81,83.66,Minority,Low_poverty,LPM,40.8573992,-73.931761
360610104001,811.0,63.01,8.53,10.48,White,Low_poverty,LPW,40.7607791,-73.9776729
360610134003,1326.0,68.55,14.71,23.23,White,Low_poverty,LPW,40.7724969,-73.9541201
360610106013,1576.0,89.09,3.36,1.14,White,Low_poverty,LPW,40.7574991,-73.9620407
360610205002,1720.0,54.94,4.44,26.11,White,Low_poverty,LPW,40.808097,-73.965167
360610188001,905.0,13.15,17.79,83.87,Minority,Low_poverty,LPM,40.7978074,-73.9356378
360610245001,2281.0,0.0,17.34,100.0,Minority,Low_poverty,LPM,40.8380662,-73.9408428
360610127004,1523.0,74.72,0.0,19.17,White,Low_poverty,LPW,40.7634586,-73.9908239
360610073004,1419.0,89.78,7.12,7.12,White,Low_poverty,LPW,40.7336583,-74.0035241
360610050001,939.0,85.94,3.64,1.92,White,Low_poverty,LPW,40.7376396,-73.9861179
360610118002,1200.0,87.67,2.25,2.5,White,Low_poverty,LPW,40.767026,-73.9611232
360610120003,474.0,89.87,0.0,10.12,White,Low_poverty,LPW,40.7660116,-73.9664821
360610022012,909.0,50.83,36.55,34.1,White,High_poverty,HPW,40.7192644,-73.98349
360610135002,4785.0,46.65,21.32,35.91,Other,Low_poverty,LPO,40.7669649,-73.9933163
360610133003,1491.0,54.33,11.33,22.0,White,Low_poverty,LPW,40.7647104,-73.9899108
360610130002,1147.0,82.21,3.49,3.31,White,Low_poverty,LPW,40.7714475,-73.9646259
360610119002,652.0,39.11,47.7,55.98,Minority,High_poverty,HPM,40.7579136,-73.9874416
360610133001,581.0,43.2,23.06,16.18,Other,Low_poverty,LPO,40.7629327,-73.9866468
360610133002,1569.0,32.89,21.54,37.48,Other,Low_poverty,LPO,40.7637304,-73.987226
360610218004,1728.0,25.93,18.81,73.03,Minority,Low_poverty,LPM,40.8044738,-73.9534704
360610122001,695.0,90.36,12.52,7.34,White,Low_poverty,LPW,40.7688835,-73.9664983
360610140006,1613.0,74.15,0.0,18.91,White,Low_poverty,LPW,40.7778861,-73.9578183
360610146011,941.0,49.2,2.24,14.03,Other,Low_poverty,LPO,40.7780077,-73.9531127
360610295001,1807.0,64.08,6.75,24.96,White,Low_poverty,LPW,40.8677642,-73.9263266
360470654001,670.0,89.1,7.91,7.46,White,Low_poverty,LPW,40.6144156,-73.9328149
360610163002,2195.0,87.38,0.0,3.69,White,Low_poverty,LPW,40.782145,-73.9839001
360050415001,1086.0,5.06,44.84,90.15,Minority,High_poverty,HPM,40.8699594,-73.883479
360050380004,1341.0,1.19,28.08,87.4,Minority,Low_poverty,LPM,40.877625,-73.8637151
360850176002,995.0,88.04,5.23,10.35,White,Low_poverty,LPW,40.5309796,-74.1646158
360050183021,1899.0,5.16,27.22,93.63,Minority,Low_poverty,LPM,40.8278166,-73.9198579
360470136003,1044.0,86.69,27.11,6.32,White,Low_poverty,LPW,40.6272149,-74.0250585
360810033002,447.0,13.65,30.87,59.73,Minority,High_poverty,HPM,40.7531244,-73.9390186
360050405023,515.0,1.94,7.57,94.56,Minority,Low_poverty,LPM,40.865933,-73.8882117
360470571001,836.0,81.58,14.59,11.84,White,Low_poverty,LPW,40.7261285,-73.9467647
360810621001,895.0,51.28,12.74,41.34,White,Low_poverty,LPW,40.7121567,-73.8733932
360470425002,856.0,19.04,56.78,79.79,Minority,High_poverty,HPM,40.7007062,-73.9316004
360610206001,1784.0,19.11,25.74,74.56,Minority,Low_poverty,LPM,40.8086325,-73.9395891
360470533002,1361.0,98.02,50.77,1.98,White,High_poverty,HPW,40.7019501,-73.9572092
360810939003,1328.0,44.05,5.08,34.19,Other,Low_poverty,LPO,40.7905562,-73.8445942
360610018007,1047.0,24.74,20.53,21.11,Other,Low_poverty,LPO,40.7190882,-73.9915377
360810469002,1622.0,2.47,20.1,57.33,Minority,Low_poverty,LPM,40.7458582,-73.8766699
360810945002,1458.0,60.7,7.13,19.62,White,Low_poverty,LPW,40.7849212,-73.8305299
360850132043,1185.0,69.79,7.0,28.1,White,Low_poverty,LPW,40.5614651,-74.1324615
360610291005,1907.0,2.62,16.21,95.6,Minority,Low_poverty,LPM,40.8634936,-73.9245734
360050274021,1678.0,64.12,11.67,29.56,White,Low_poverty,LPW,40.8398863,-73.8176811
360610050003,1012.0,60.57,7.02,5.24,White,Low_poverty,LPW,40.7352918,-73.9888411
360810444001,1467.0,0.27,37.3,67.15,Minority,High_poverty,HPM,40.7058624,-73.7909961
360810589001,1651.0,46.4,29.32,53.12,Minority,Low_poverty,LPM,40.7072943,-73.906678
360470084001,936.0,24.25,16.35,57.37,Minority,Low_poverty,LPM,40.6541875,-74.0027066
360850040007,1262.0,13.23,8.04,65.13,Minority,Low_poverty,LPM,40.6198538,-74.0737915
360050393002,1959.0,0.2,47.76,99.8,Minority,High_poverty,HPM,40.8501133,-73.8846088
360470387001,703.0,39.26,8.53,57.33,Minority,Low_poverty,LPM,40.6908978,-73.9263168
360470501002,1109.0,59.15,22.27,25.7,White,Low_poverty,LPW,40.7147746,-73.948092
360610024002,1726.0,1.16,40.67,83.61,Minority,High_poverty,HPM,40.7257423,-73.9733958
360050151003,1634.0,2.69,40.73,97.31,Minority,High_poverty,HPM,40.8310943,-73.8999222
360050073003,1403.0,1.64,37.64,93.3,Minority,High_poverty,HPM,40.8148505,-73.9109611
360470069004,952.0,91.28,2.21,5.67,White,Low_poverty,LPW,40.6866246,-73.9922454
360050050013,971.0,0.0,55.74,93.71,Minority,High_poverty,HPM,40.8251191,-73.8769326
360810478003,710.0,1.83,2.25,32.96,Other,Low_poverty,LPO,40.7187428,-73.7624915
360470910002,914.0,0.0,42.06,100.0,Minority,High_poverty,HPM,40.6656241,-73.9043844
360050083003,1545.0,4.47,19.29,86.15,Minority,Low_poverty,LPM,40.8141115,-73.9019732
360810309025,1401.0,28.91,13.99,23.62,Other,Low_poverty,LPO,40.7553617,-73.8979006
360811529021,481.0,41.37,32.02,8.31,Other,High_poverty,HPO,40.754706,-73.7254497
360810025001,877.0,0.0,46.98,79.02,Minority,High_poverty,HPM,40.7567075,-73.9457879
360050202002,1154.0,1.91,24.8,83.79,Minority,Low_poverty,LPM,40.8380521,-73.8467807
360811171002,957.0,21.94,22.99,28.21,Other,Low_poverty,LPO,40.7637772,-73.8034139
360470608002,1176.0,56.21,28.74,18.11,White,Low_poverty,LPW,40.5838631,-73.9581385
360050403032,1671.0,0.0,12.87,85.4,Minority,Low_poverty,LPM,40.8699499,-73.8934205
360810892005,1197.0,100.0,5.85,0.0,White,Low_poverty,LPW,40.6562257,-73.8418756
360610120002,752.0,66.76,17.29,26.33,White,Low_poverty,LPW,40.7653284,-73.9648775
360810163002,738.0,7.45,33.6,89.57,Minority,High_poverty,HPM,40.7540993,-73.9112413
360610187001,1917.0,84.92,3.29,13.67,White,Low_poverty,LPW,40.7989725,-73.9736755
360470141001,1145.0,59.3,20.0,31.96,White,Low_poverty,LPW,40.6652966,-73.9878814
360470229002,784.0,40.31,9.78,37.89,Other,Low_poverty,LPO,40.684556,-73.9552517
360810697013,1772.0,29.91,4.97,38.15,Other,Low_poverty,LPO,40.7259789,-73.8605215
360470519002,1206.0,67.25,11.94,23.8,White,Low_poverty,LPW,40.7152543,-73.9556012
360050442003,707.0,0.0,38.19,100.0,Minority,High_poverty,HPM,40.9045932,-73.8454481
360050396002,1638.0,0.0,9.83,92.49,Minority,Low_poverty,LPM,40.8832621,-73.8579128
360610226001,2184.0,15.8,28.82,78.12,Minority,Low_poverty,LPM,40.8134159,-73.9432251
360050035003,1435.0,1.18,40.49,98.82,Minority,High_poverty,HPM,40.8122215,-73.9079631
360810261003,2637.0,6.52,11.76,51.0,Minority,Low_poverty,LPM,40.7475903,-73.8993159
360811441002,568.0,53.17,0.0,4.58,White,Low_poverty,LPW,40.7565254,-73.7659353
360470403002,1792.0,9.99,21.21,86.55,Minority,Low_poverty,LPM,40.6838008,-73.910077
360610253003,2821.0,5.39,17.69,93.93,Minority,Low_poverty,LPM,40.8413988,-73.9367473
360811579015,656.0,26.98,1.37,1.37,Other,Low_poverty,LPO,40.7393594,-73.7035171
360050004001,598.0,12.04,29.43,86.79,Minority,Low_poverty,LPM,40.8139792,-73.8573467
360471182012,1426.0,5.33,19.71,91.09,Minority,Low_poverty,LPM,40.6874595,-73.8724697
360050227013,2019.0,0.64,39.68,97.32,Minority,High_poverty,HPM,40.8462154,-73.9118189
360810731001,746.0,60.19,2.55,3.22,White,Low_poverty,LPW,40.7108995,-73.8447667
360470197004,1292.0,42.11,8.17,44.12,Other,Low_poverty,LPO,40.6887006,-73.968507
360850097002,1698.0,43.35,9.36,52.12,Minority,Low_poverty,LPM,40.6407468,-74.111671
360050256001,874.0,21.85,18.93,63.84,Minority,Low_poverty,LPM,40.8451658,-73.8504422
360050267011,1649.0,0.0,12.67,79.51,Minority,Low_poverty,LPM,40.8693904,-73.9011537
360811579016,623.0,39.81,4.65,6.42,Other,Low_poverty,LPO,40.7494169,-73.704903
360811133002,945.0,41.06,5.61,24.34,Other,Low_poverty,LPO,40.7636313,-73.7825769
360471156003,1017.0,0.0,71.48,100.0,Minority,High_poverty,HPM,40.6683222,-73.8969137
360470084003,822.0,6.33,17.4,92.09,Minority,Low_poverty,LPM,40.6548572,-74.0053316
360610100002,1274.0,68.05,6.99,5.18,White,Low_poverty,LPW,40.7577232,-73.9704228
360050407011,1040.0,4.04,56.35,93.27,Minority,High_poverty,HPM,40.8711086,-73.8916334
360610172001,1597.0,22.67,21.6,66.69,Minority,Low_poverty,LPM,40.7954455,-73.9439591
360470117001,796.0,70.85,3.44,13.95,White,Low_poverty,LPW,40.6696712,-73.9925585
360470399003,694.0,8.65,28.24,91.35,Minority,Low_poverty,LPM,40.6917188,-73.9204433
360610227002,1518.0,29.38,8.17,60.87,Minority,Low_poverty,LPM,40.8229459,-73.9463255
360050434003,559.0,0.0,24.33,92.49,Minority,Low_poverty,LPM,40.8961502,-73.8544622
360470302003,1228.0,18.73,26.38,5.46,Other,Low_poverty,LPO,40.5941643,-73.9881049
360050041002,1712.0,5.43,28.17,93.87,Minority,Low_poverty,LPM,40.8112719,-73.9191149
360610020001,2270.0,1.81,54.05,64.89,Minority,High_poverty,HPM,40.7206352,-73.9750088
360470586002,1522.0,22.67,4.73,5.91,Other,Low_poverty,LPO,40.5934995,-73.9545126
360470696012,2225.0,29.98,6.07,66.34,Minority,Low_poverty,LPM,40.629159,-73.9145639
360050222001,978.0,5.93,36.71,68.61,Minority,High_poverty,HPM,40.8372203,-73.8530168
360470080003,1054.0,9.39,10.25,71.06,Minority,Low_poverty,LPM,40.6489753,-74.0114329
360610191005,2520.0,27.78,11.94,47.77,Other,Low_poverty,LPO,40.800212,-73.9670808
360470110002,1492.0,39.81,23.12,33.25,Other,Low_poverty,LPO,40.643728,-73.9931647
360470884002,1274.0,1.33,7.22,98.67,Minority,Low_poverty,LPM,40.6623002,-73.9247914
360470278002,1718.0,23.98,7.86,13.91,Other,Low_poverty,LPO,40.6058245,-74.0023644
360810179001,419.0,43.91,20.29,31.03,Other,Low_poverty,LPO,40.7457742,-73.929306
360470314004,2196.0,45.26,3.98,11.61,Other,Low_poverty,LPO,40.58755,-73.9871112
360470169001,838.0,63.96,8.23,10.86,White,Low_poverty,LPW,40.6598077,-73.9791822
360050210013,1195.0,3.6,2.85,92.64,Minority,Low_poverty,LPM,40.8415278,-73.8561461
360810271002,1507.0,10.22,10.82,48.91,Other,Low_poverty,LPO,40.7466243,-73.8784512
360850017002,727.0,30.95,36.18,46.22,Other,High_poverty,HPO,40.6346166,-74.0830775
360610187004,1228.0,66.45,1.95,7.74,White,Low_poverty,LPW,40.7968902,-73.9710904
360050089001,1515.0,0.92,18.96,99.08,Minority,Low_poverty,LPM,40.8195703,-73.8928578
360050235023,674.0,2.52,18.1,97.48,Minority,Low_poverty,LPM,40.8514745,-73.9035731
360050401003,562.0,0.0,27.94,97.33,Minority,Low_poverty,LPM,40.8628774,-73.8996049
360610080002,1060.0,79.62,9.81,14.15,White,Low_poverty,LPW,40.750214,-73.9780033
360810155001,1538.0,50.46,9.56,25.03,White,Low_poverty,LPW,40.7595833,-73.9168465
360470337002,1031.0,60.72,27.68,32.49,White,Low_poverty,LPW,40.6692183,-73.9417435
360470660001,959.0,76.75,1.36,2.82,White,Low_poverty,LPW,40.6098639,-73.9289919
360610144021,1584.0,79.86,0.57,6.62,White,Low_poverty,LPW,40.7767406,-73.9480015
360810063001,1081.0,43.02,28.12,20.63,Other,Low_poverty,LPO,40.7656199,-73.9224218
360470065002,946.0,70.61,2.96,13.21,White,Low_poverty,LPW,40.6812243,-73.9986278
360050340002,2025.0,3.31,12.29,94.81,Minority,Low_poverty,LPM,40.868722,-73.8629112
360610151003,955.0,15.71,8.9,65.24,Minority,Low_poverty,LPM,40.7747728,-73.9862917
360610283003,1217.0,33.11,19.06,59.82,Minority,Low_poverty,LPM,40.8594424,-73.9294923
360050223003,1520.0,0.39,43.9,93.88,Minority,High_poverty,HPM,40.8404183,-73.9147921
360610195001,914.0,72.32,5.6,9.84,White,Low_poverty,LPW,40.8040053,-73.9700194
360811291043,1229.0,32.63,4.48,7.89,Other,Low_poverty,LPO,40.7383126,-73.7526291
360470409002,792.0,13.51,8.71,85.1,Minority,Low_poverty,LPM,40.690314,-73.9054439
360610279007,930.0,4.62,5.16,91.83,Minority,Low_poverty,LPM,40.8568516,-73.9295194
360850208043,1349.0,90.66,1.78,1.41,White,Low_poverty,LPW,40.5312271,-74.1978353
360810284002,1569.0,0.57,15.78,79.54,Minority,Low_poverty,LPM,40.682242,-73.7803787
360050378001,1333.0,0.6,22.01,99.4,Minority,Low_poverty,LPM,40.8807567,-73.8660765
360610156014,2952.0,61.59,4.61,19.31,White,Low_poverty,LPW,40.7842946,-73.9482507
360050054001,891.0,0.22,11.9,96.07,Minority,Low_poverty,LPM,40.8300846,-73.8776183
360810272002,1238.0,0.89,9.37,90.39,Minority,Low_poverty,LPM,40.6821665,-73.7907113
360470600003,1794.0,83.95,12.1,2.01,White,Low_poverty,LPW,40.5869846,-73.9460812
360810551004,901.0,63.26,10.57,32.08,White,Low_poverty,LPW,40.7026677,-73.9034092
360811451022,1307.0,25.48,10.07,21.5,Other,Low_poverty,LPO,40.7551654,-73.7788894
360810269022,1418.0,4.72,11.07,27.29,Other,Low_poverty,LPO,40.7443238,-73.8823534
360471164003,1137.0,0.0,46.0,96.84,Minority,High_poverty,HPM,40.669112,-73.8808294
360050386005,504.0,0.0,23.02,96.63,Minority,Low_poverty,LPM,40.8811542,-73.8503519
360610034002,1964.0,48.98,50.87,44.76,Other,High_poverty,HPO,40.7279763,-73.9806144
360610281001,1007.0,86.79,1.99,7.35,White,Low_poverty,LPW,40.8560065,-73.9358963
360610261007,1750.0,9.83,39.14,82.4,Minority,High_poverty,HPM,40.8439007,-73.9349223
360470968001,923.0,3.14,15.97,86.24,Minority,Low_poverty,LPM,40.6446034,-73.903162
360610038005,1047.0,93.03,19.29,3.44,White,Low_poverty,LPW,40.7263009,-73.9878009
360050132001,765.0,26.41,5.88,73.59,Minority,Low_poverty,LPM,40.814796,-73.8252387
360050418002,1588.0,2.08,29.13,70.72,Minority,Low_poverty,LPM,40.8970439,-73.8575262
360470134002,974.0,68.79,3.9,24.44,White,Low_poverty,LPW,40.63048,-74.0236944
360610263002,1525.0,12.39,28.52,86.16,Minority,Low_poverty,LPM,40.8469885,-73.9362405
360470622001,1478.0,78.28,12.49,16.04,White,Low_poverty,LPW,40.5854128,-73.9338554
360470295001,687.0,19.65,22.42,77.29,Minority,Low_poverty,LPM,40.6854663,-73.9310599
360471150002,516.0,0.97,34.88,98.65,Minority,High_poverty,HPM,40.6726682,-73.8862033
360050343001,1000.0,35.0,12.06,61.7,Minority,Low_poverty,LPM,40.9085908,-73.8981315
360810713044,2730.0,44.91,16.89,3.08,Other,Low_poverty,LPO,40.728407,-73.853337
360810471001,2199.0,0.82,15.28,20.69,Other,Low_poverty,LPO,40.7417638,-73.8769318
360610307002,1098.0,58.2,4.37,34.33,White,Low_poverty,LPW,40.8711805,-73.9165371
360471202002,758.0,2.9,41.95,58.71,Minority,High_poverty,HPM,40.6769305,-73.8661696
360470640002,769.0,83.75,3.38,7.28,White,Low_poverty,LPW,40.6100474,-73.9416947
360470966002,1118.0,3.49,13.51,91.23,Minority,Low_poverty,LPM,40.6415599,-73.9017214
360470762003,1816.0,77.75,32.65,11.68,White,High_poverty,HPW,40.6269149,-73.9567054
360050314002,1085.0,41.2,1.22,48.57,Other,Low_poverty,LPO,40.8597089,-73.8451693
360470326003,1857.0,10.34,51.7,74.85,Minority,High_poverty,HPM,40.5748141,-73.9909511
360610173002,649.0,85.82,24.96,10.48,White,Low_poverty,LPW,40.7880761,-73.9728714
360810083001,646.0,63.47,4.02,30.65,White,Low_poverty,LPW,40.7736469,-73.9275091
360470496001,1771.0,37.44,27.62,37.61,Other,Low_poverty,LPO,40.6444967,-73.977578
360050429022,1140.0,4.47,34.82,95.53,Minority,High_poverty,HPM,40.8779318,-73.874309
360470571002,992.0,91.33,11.19,2.12,White,Low_poverty,LPW,40.7241744,-73.9460528
360470327003,885.0,23.73,29.27,65.19,Minority,Low_poverty,LPM,40.6619081,-73.961877
360810934012,1302.0,82.72,7.62,16.28,White,Low_poverty,LPW,40.5767162,-73.8438858
360610287002,1765.0,39.49,10.82,59.72,Minority,Low_poverty,LPM,40.8632978,-73.9290727
360811113003,856.0,36.1,5.28,8.29,Other,Low_poverty,LPO,40.7677855,-73.7662027
360471188003,1914.0,8.36,21.8,70.43,Minority,Low_poverty,LPM,40.6788107,-73.8680481
360610164002,2415.0,12.13,35.53,68.86,Minority,High_poverty,HPM,40.7866166,-73.943817
360610134002,989.0,88.17,15.27,0.0,White,Low_poverty,LPW,40.772176,-73.9573663
360471058012,2951.0,19.62,25.38,78.51,Minority,Low_poverty,LPM,40.6503181,-73.8815014
360811010013,2673.0,34.16,30.31,57.84,Minority,High_poverty,HPM,40.5950103,-73.7486667
360050332013,1343.0,25.61,19.96,68.8,Minority,Low_poverty,LPM,40.8600668,-73.8684868
360810294002,537.0,0.0,0.0,94.97,Minority,Low_poverty,LPM,40.6725228,-73.777726
360610072005,1566.0,64.18,7.34,8.56,White,Low_poverty,LPW,40.7447791,-73.9798587
360610139004,1969.0,72.47,10.92,12.19,White,Low_poverty,LPW,40.765704,-73.985472
360050076003,983.0,0.51,12.61,97.46,Minority,Low_poverty,LPM,40.8318159,-73.8692761
360050285002,433.0,40.88,23.09,53.58,Minority,Low_poverty,LPM,40.8874907,-73.9031714
360470035002,910.0,32.2,9.15,60.66,Minority,Low_poverty,LPM,40.6855058,-73.9747627
360810033004,594.0,18.35,8.25,43.78,Other,Low_poverty,LPO,40.7577585,-73.9357372
360811377003,1476.0,18.43,3.07,9.35,Other,Low_poverty,LPO,40.7493286,-73.7476515
360050205014,1093.0,0.0,37.22,100.0,Minority,High_poverty,HPM,40.8487516,-73.9209817
360610106021,999.0,84.58,1.7,7.71,White,Low_poverty,LPW,40.761956,-73.9587971
360610206002,1648.0,10.92,34.34,84.59,Minority,High_poverty,HPM,40.8079502,-73.9379798
360610245005,2303.0,8.47,29.31,91.53,Minority,Low_poverty,LPM,40.8357886,-73.9425007
360811247003,1257.0,50.2,23.63,0.8,White,Low_poverty,LPW,40.7255019,-73.7963378
360470565002,1128.0,79.43,7.98,9.04,White,Low_poverty,LPW,40.7314572,-73.9561617
360470535002,896.0,89.29,26.34,0.0,White,Low_poverty,LPW,40.7047478,-73.9604856
360470538001,1186.0,86.34,18.37,7.59,White,Low_poverty,LPW,40.6196359,-73.9563361
360470790002,1514.0,2.25,28.53,92.54,Minority,Low_poverty,LPM,40.6396584,-73.9534999
360470802003,1666.0,12.73,5.88,74.43,Minority,Low_poverty,LPM,40.6576116,-73.9548936
360470734002,1079.0,2.22,1.76,97.78,Minority,Low_poverty,LPM,40.626646,-73.937353
360470742001,1928.0,52.13,14.94,42.43,White,Low_poverty,LPW,40.6273121,-73.9443355
360810042003,1482.0,2.63,29.15,47.64,Other,Low_poverty,LPO,40.6805759,-73.8622459
360471126002,833.0,0.0,51.14,84.03,Minority,High_poverty,HPM,40.6649022,-73.8930888
360810112001,1293.0,13.84,9.11,36.81,Other,Low_poverty,LPO,40.6852988,-73.8383604
360610193004,547.0,36.2,21.57,53.38,Minority,Low_poverty,LPM,40.8008667,-73.9607842
360470298003,1466.0,41.81,17.19,33.02,Other,Low_poverty,LPO,40.600777,-73.9896032
360050383012,1652.0,3.75,29.6,90.55,Minority,Low_poverty,LPM,40.8570316,-73.8975844
360610193001,1682.0,49.88,8.15,36.69,Other,Low_poverty,LPO,40.8002541,-73.9593618
360471176021,1357.0,5.38,19.33,91.97,Minority,Low_poverty,LPM,40.6871499,-73.8750786
360050020002,1794.0,0.0,19.62,100.0,Minority,Low_poverty,LPM,40.8158324,-73.8635961
360810232002,2239.0,23.36,4.67,50.25,Minority,Low_poverty,LPM,40.710052,-73.8132485
360810407003,1237.0,1.46,20.3,93.13,Minority,Low_poverty,LPM,40.7509116,-73.8647948
360810646002,1416.0,0.42,4.12,91.24,Minority,Low_poverty,LPM,40.6719784,-73.7429944
360810884002,615.0,88.78,0.0,8.78,White,Low_poverty,LPW,40.6620408,-73.8380739
360850133011,1095.0,3.65,61.25,93.24,Minority,High_poverty,HPM,40.6355984,-74.1189103
360470359003,2120.0,0.94,44.46,97.22,Minority,High_poverty,HPM,40.6693154,-73.9240301
360610165005,1224.0,73.86,5.39,20.18,White,Low_poverty,LPW,40.7835452,-73.9761874
360610075003,876.0,87.44,7.76,8.45,White,Low_poverty,LPW,40.7346141,-74.0066215
360610150022,1239.0,86.52,5.17,2.66,White,Low_poverty,LPW,40.7811699,-73.957533
360811333002,613.0,18.6,1.96,1.14,Other,Low_poverty,LPO,40.7322379,-73.7824539
360470414012,674.0,86.2,6.08,4.6,White,Low_poverty,LPW,40.6006938,-73.9710452
360470331001,1337.0,58.86,21.91,40.39,White,Low_poverty,LPW,40.6639145,-73.938588
360610199002,1363.0,54.66,26.42,29.06,White,Low_poverty,LPW,40.805133,-73.9669643
360610132003,1990.0,35.58,0.0,63.22,Minority,Low_poverty,LPM,40.7702321,-73.952755
360470060003,847.0,80.87,2.83,6.61,White,Low_poverty,LPW,40.6223651,-74.0329809
360610185003,1079.0,73.68,1.3,13.53,White,Low_poverty,LPW,40.7932224,-73.9654054
360470434002,994.0,46.48,7.95,7.44,Other,Low_poverty,LPO,40.609673,-73.9770955
360050023002,619.0,0.16,40.94,98.71,Minority,High_poverty,HPM,40.8092204,-73.924264
360610285002,2021.0,6.63,28.1,89.06,Minority,Low_poverty,LPM,40.8617869,-73.9275499
360470216002,1569.0,98.34,15.86,1.66,White,Low_poverty,LPW,40.6328205,-73.9997887
360050358003,1198.0,3.51,7.64,96.5,Minority,Low_poverty,LPM,40.8753878,-73.8424082
360470195003,1629.0,39.78,7.55,51.38,Minority,Low_poverty,LPM,40.6913418,-73.9679618
360050385002,466.0,0.0,3.86,100.0,Minority,Low_poverty,LPM,40.8564439,-73.893442
360470116001,940.0,19.36,21.17,23.41,Other,Low_poverty,LPO,40.6370408,-74.0021894
360470160003,838.0,58.35,24.11,12.41,White,Low_poverty,LPW,40.6186492,-74.0273393
360470195002,546.0,51.28,5.68,32.97,White,Low_poverty,LPW,40.6914455,-73.966995
360050363002,703.0,3.27,26.6,96.73,Minority,Low_poverty,LPM,40.8446472,-73.8807313
360050295003,746.0,69.17,2.01,30.83,White,Low_poverty,LPW,40.8841293,-73.9084774
360470020002,1032.0,1.74,35.66,91.86,Minority,High_poverty,HPM,40.6469211,-74.017097
360050087002,1713.0,1.52,43.2,97.9,Minority,High_poverty,HPM,40.8201761,-73.8948621
360470339003,1335.0,21.72,32.11,64.04,Minority,High_poverty,HPM,40.6712879,-73.9434076
360810991001,2139.0,67.41,4.86,23.33,White,Low_poverty,LPW,40.7941043,-73.7981121
360050451021,889.0,85.15,2.25,14.85,White,Low_poverty,LPW,40.9007963,-73.8666525
360610231003,1767.0,18.34,25.9,80.65,Minority,Low_poverty,LPM,40.8259242,-73.9443358
360050035001,522.0,0.0,36.4,100.0,Minority,High_poverty,HPM,40.8099849,-73.908739
360050175004,1648.0,2.43,34.5,89.93,Minority,High_poverty,HPM,40.8323781,-73.9127805
360810205001,212.0,16.51,16.04,76.88,Minority,Low_poverty,LPM,40.7298687,-73.9221158
360471158001,912.0,1.54,27.08,91.34,Minority,Low_poverty,LPM,40.6704177,-73.8925555
360810375001,1510.0,3.64,21.31,95.63,Minority,Low_poverty,LPM,40.7547179,-73.8716833
360610047002,1589.0,69.41,6.07,6.48,White,Low_poverty,LPW,40.7217947,-74.0028319
360850213003,1299.0,57.51,2.62,28.95,White,Low_poverty,LPW,40.6306668,-74.1357355
360470096002,1786.0,4.98,26.35,43.62,Other,Low_poverty,LPO,40.6447927,-74.0052657
360470263001,2015.0,23.92,24.41,71.22,Minority,Low_poverty,LPM,40.6894684,-73.9451314
360470023002,1491.0,0.0,44.06,71.7,Minority,High_poverty,HPM,40.7005099,-73.9816957
360810504002,899.0,2.78,2.67,97.22,Minority,Low_poverty,LPM,40.7041053,-73.7639563
360470074002,1804.0,16.35,52.28,45.45,Other,High_poverty,HPO,40.6407352,-74.0167007
360050273001,914.0,22.54,28.67,74.84,Minority,Low_poverty,LPM,40.8745786,-73.9046211
360810330003,1888.0,1.32,4.71,98.67,Minority,Low_poverty,LPM,40.6689603,-73.7638581
360470882002,1249.0,6.41,3.68,93.6,Minority,Low_poverty,LPM,40.6610922,-73.9266582
360850207004,1904.0,7.14,48.32,90.81,Minority,High_poverty,HPM,40.638162,-74.1301162
360470744002,1134.0,85.89,7.85,7.14,White,Low_poverty,LPW,40.6211311,-73.9429044
360811441003,563.0,48.85,11.9,33.4,Other,Low_poverty,LPO,40.7561666,-73.7628075
360810463002,2138.0,2.34,10.52,53.56,Minority,Low_poverty,LPM,40.7436821,-73.8704524
360610177001,1239.0,36.16,12.03,49.48,Other,Low_poverty,LPO,40.7912224,-73.9703997
360850146042,1467.0,85.62,0.0,5.32,White,Low_poverty,LPW,40.5500161,-74.1550651
360050016001,3004.0,1.03,28.16,97.3,Minority,Low_poverty,LPM,40.8206938,-73.8598969
360470270002,1172.0,62.29,24.83,7.68,White,Low_poverty,LPW,40.6065605,-73.9908283
360610126005,1641.0,94.15,2.44,0.0,White,Low_poverty,LPW,40.7679612,-73.9574295
360810368001,1428.0,0.0,11.62,99.58,Minority,Low_poverty,LPM,40.686433,-73.7663897
360470443004,892.0,29.37,19.51,46.19,Other,Low_poverty,LPO,40.7045154,-73.916644
360050332022,1522.0,17.61,20.57,79.96,Minority,Low_poverty,LPM,40.8633856,-73.8679253
360470414022,824.0,92.96,7.77,1.46,White,Low_poverty,LPW,40.6022139,-73.9686441
360470335003,962.0,73.6,16.67,26.09,White,Low_poverty,LPW,40.6677494,-73.9451376
360050419006,773.0,5.17,39.33,73.09,Minority,High_poverty,HPM,40.8782396,-73.8820819
360810997011,1224.0,47.79,2.21,14.71,Other,Low_poverty,LPO,40.7824069,-73.7894861
360470916001,1241.0,1.85,44.16,97.26,Minority,High_poverty,HPM,40.6615749,-73.9101265
360810437011,1263.0,8.0,20.94,75.85,Minority,Low_poverty,LPM,40.7400229,-73.8504537
360470022002,1362.0,13.22,19.75,73.49,Minority,Low_poverty,LPM,40.6438528,-74.0203386
360810113001,1335.0,60.67,4.22,24.79,White,Low_poverty,LPW,40.7776398,-73.9104224
360470532001,1604.0,45.45,13.65,25.81,Other,Low_poverty,LPO,40.6280671,-73.9611326
360470326001,940.0,0.0,14.04,83.19,Minority,Low_poverty,LPM,40.5771159,-73.9848671
360470179003,887.0,33.26,21.32,55.36,Minority,Low_poverty,LPM,40.6854314,-73.9706121
360811367004,597.0,18.26,1.34,0.34,Other,Low_poverty,LPO,40.7451839,-73.7633455
360470776003,903.0,7.64,16.06,88.48,Minority,Low_poverty,LPM,40.6308068,-73.9390508
360811113001,1013.0,46.59,19.84,17.67,Other,Low_poverty,LPO,40.7678845,-73.7616258
360470498002,2197.0,36.82,2.91,16.66,Other,Low_poverty,LPO,40.64531,-73.9830517
360610095002,1438.0,76.29,8.91,12.31,White,Low_poverty,LPW,40.7478368,-73.99478
360610090004,1387.0,81.33,0.0,0.0,White,Low_poverty,LPW,40.753458,-73.9680696
360470790001,1393.0,0.0,18.59,90.24,Minority,Low_poverty,LPM,40.6407305,-73.9518905
360050144003,515.0,0.0,21.29,100.0,Minority,Low_poverty,LPM,40.8217216,-73.8249186
360050350002,1224.0,7.52,1.88,82.85,Minority,Low_poverty,LPM,40.867705,-73.8490322
360810531002,890.0,51.91,10.9,34.27,White,Low_poverty,LPW,40.7245289,-73.9053323
360810630001,769.0,0.91,2.47,97.53,Minority,Low_poverty,LPM,40.6788833,-73.7443378
360470305003,1910.0,44.29,6.28,45.55,Other,Low_poverty,LPO,40.6761681,-73.959469
360810038002,1947.0,7.34,14.54,74.84,Minority,Low_poverty,LPM,40.684022,-73.8502339
360050456002,1294.0,2.47,4.79,97.06,Minority,Low_poverty,LPM,40.890058,-73.8293676
360810183004,1815.0,41.54,7.53,40.39,Other,Low_poverty,LPO,40.7441627,-73.9203955
360810499002,1514.0,14.0,4.62,11.69,Other,Low_poverty,LPO,40.7300298,-73.8835805
360050064001,1934.0,3.1,23.86,85.27,Minority,Low_poverty,LPM,40.8318241,-73.8716863
360811579012,824.0,11.53,1.09,12.86,Other,Low_poverty,LPO,40.7451841,-73.7049076
360470194002,1102.0,27.77,6.17,25.95,Other,Low_poverty,LPO,40.6247369,-74.0010248
360050256002,822.0,8.88,35.77,82.36,Minority,High_poverty,HPM,40.8436813,-73.8500145
360050184003,956.0,25.21,14.85,71.86,Minority,Low_poverty,LPM,40.8357382,-73.8304163
360610139005,1259.0,48.05,0.0,24.54,Other,Low_poverty,LPO,40.7663306,-73.9850131
360850134003,1537.0,88.68,11.39,2.15,White,Low_poverty,LPW,40.5699038,-74.1202523
360810404001,780.0,0.0,9.87,97.57,Minority,Low_poverty,LPM,40.7068084,-73.7687486
360810058002,1197.0,31.83,5.76,45.28,Other,Low_poverty,LPO,40.6713077,-73.845173
360811347004,2163.0,18.31,6.43,27.46,Other,Low_poverty,LPO,40.735355,-73.7796479
360470592003,1239.0,53.83,14.12,13.32,White,Low_poverty,LPW,40.5894036,-73.9511018
360811247002,1150.0,19.83,1.57,8.43,Other,Low_poverty,LPO,40.7310322,-73.7964107
360470433003,1691.0,4.85,27.79,88.06,Minority,Low_poverty,LPM,40.6978319,-73.9144626
360470427002,1300.0,16.54,21.38,79.92,Minority,Low_poverty,LPM,40.703507,-73.9264627
360610149004,640.0,93.59,13.28,6.41,White,Low_poverty,LPW,40.7714506,-73.9813339
360470268004,917.0,59.32,31.62,15.27,White,High_poverty,HPW,40.6107591,-73.9900619
360810556002,992.0,10.28,10.11,41.83,Other,Low_poverty,LPO,40.7244487,-73.7438544
360610002024,1271.0,8.34,22.34,73.96,Minority,Low_poverty,LPM,40.7124812,-73.981462
360050210022,851.0,0.0,71.09,40.07,Other,High_poverty,HPO,40.839169,-73.8543416
360050063005,810.0,3.21,22.22,96.79,Minority,Low_poverty,LPM,40.8239939,-73.9275603
360810409002,1277.0,1.57,31.72,94.36,Minority,High_poverty,HPM,40.7511034,-73.8685392
360810014002,1292.0,18.34,5.19,54.02,Minority,Low_poverty,LPM,40.6941867,-73.8563477
360470275002,1202.0,19.97,3.13,70.72,Minority,Low_poverty,LPM,40.6842649,-73.9382511
360050263005,1809.0,25.15,48.56,65.68,Minority,High_poverty,HPM,40.8670403,-73.9027983
360470554003,807.0,45.23,21.07,26.39,Other,Low_poverty,LPO,40.6089805,-73.960805
360850231001,4484.0,17.93,14.04,66.61,Minority,Low_poverty,LPM,40.6293031,-74.1557041
360470444002,1056.0,92.8,16.19,5.4,White,Low_poverty,LPW,40.6156892,-73.970034
360470157004,972.0,61.42,3.09,16.66,White,Low_poverty,LPW,40.6720181,-73.9773095
360850075001,851.0,10.81,84.49,80.49,Minority,High_poverty,HPM,40.6350782,-74.0878098
360610009001,1796.0,63.7,5.4,13.58,White,Low_poverty,LPW,40.7031611,-74.0113243
360470882003,586.0,0.0,0.0,100.0,Minority,Low_poverty,LPM,40.6594606,-73.9248399
360050246002,1200.0,39.58,7.94,39.75,Other,Low_poverty,LPO,40.8499308,-73.8610232
360470814001,1703.0,1.88,21.26,93.13,Minority,Low_poverty,LPM,40.6536942,-73.9393059
360050050021,2291.0,0.0,48.45,99.04,Minority,High_poverty,HPM,40.8273066,-73.8788816
360050098002,749.0,3.07,8.79,94.53,Minority,Low_poverty,LPM,40.8249226,-73.8478273
360050237042,1653.0,0.85,61.86,98.07,Minority,High_poverty,HPM,40.8564175,-73.9024028
360050213023,581.0,0.34,29.95,99.65,Minority,Low_poverty,LPM,40.8426763,-73.9213065
360810007002,788.0,70.43,4.36,1.78,White,Low_poverty,LPW,40.7465484,-73.9467759
360050225002,2242.0,6.42,25.25,93.58,Minority,Low_poverty,LPM,40.8406172,-73.9098212
360471008002,1005.0,14.03,21.59,84.48,Minority,Low_poverty,LPM,40.6332161,-73.8971744
360470432001,1211.0,36.25,15.77,12.63,Other,Low_poverty,LPO,40.6106204,-73.9796756
360470370001,1233.0,67.72,20.7,3.24,White,Low_poverty,LPW,40.5902356,-73.9629935
360050241005,2155.0,5.06,28.68,93.5,Minority,Low_poverty,LPM,40.8539295,-73.9043182
360471502003,814.0,68.8,18.18,23.1,White,Low_poverty,LPW,40.6569148,-73.9832623
360810334021,2819.0,0.0,6.53,98.9,Minority,Low_poverty,LPM,40.6787348,-73.7743841
360811163005,1807.0,11.9,29.22,22.19,Other,Low_poverty,LPO,40.7640567,-73.8212542
360610040001,1725.0,71.48,13.86,12.52,White,Low_poverty,LPW,40.7321557,-73.9865457
360610128001,1605.0,64.05,5.63,25.36,White,Low_poverty,LPW,40.7723531,-73.9597498
360850133023,1592.0,6.47,10.55,89.26,Minority,Low_poverty,LPM,40.632855,-74.1239876
360470702012,967.0,100.0,0.0,0.0,White,Low_poverty,LPW,40.6105941,-73.9058749
360850198002,2901.0,92.0,0.93,2.76,White,Low_poverty,LPW,40.5182447,-74.2077218
360470385004,1093.0,32.2,7.78,58.28,Minority,Low_poverty,LPM,40.6863562,-73.9265709
360470224001,920.0,89.46,40.43,0.0,White,High_poverty,HPW,40.6401713,-73.9885586
360470552002,1227.0,49.88,11.06,20.21,Other,Low_poverty,LPO,40.6086934,-73.9560603
360470311002,1634.0,4.71,22.28,89.35,Minority,Low_poverty,LPM,40.6755085,-73.9402268
360810140001,1991.0,36.82,7.64,41.34,Other,Low_poverty,LPO,40.7030269,-73.8279624
360050179022,416.0,2.4,27.4,95.43,Minority,Low_poverty,LPM,40.836753,-73.9147987
360610259002,1174.0,17.04,11.5,79.39,Minority,Low_poverty,LPM,40.8217512,-73.9434959
360811483004,904.0,85.84,2.1,8.51,White,Low_poverty,LPW,40.7732667,-73.7501807
360050444002,783.0,1.28,15.96,93.87,Minority,Low_poverty,LPM,40.9006371,-73.8452616
360610178001,1325.0,15.92,25.43,79.93,Minority,Low_poverty,LPM,40.796833,-73.9333276
360810365002,1649.0,3.21,20.67,94.18,Minority,Low_poverty,LPM,40.7585889,-73.8652793
360470518003,1129.0,15.41,14.26,74.84,Minority,Low_poverty,LPM,40.637304,-73.9622485
360470366001,1413.0,27.6,37.44,23.07,Other,High_poverty,HPO,40.5841633,-73.9616805
360470470002,1129.0,84.06,19.13,6.56,White,Low_poverty,LPW,40.6263746,-73.9883635
360471198002,997.0,0.8,56.27,97.89,Minority,High_poverty,HPM,40.6762247,-73.8940396
360610077002,795.0,96.6,6.54,3.4,White,Low_poverty,LPW,40.7382448,-74.0029403
360850213005,620.0,30.97,16.13,69.03,Minority,Low_poverty,LPM,40.6340751,-74.1435528
360810814002,1473.0,0.0,8.69,65.72,Minority,Low_poverty,LPM,40.672613,-73.804982
360811435002,1152.0,33.77,2.34,4.25,Other,Low_poverty,LPO,40.7519171,-73.7704032
360610196001,2160.0,5.56,40.19,91.71,Minority,High_poverty,HPM,40.8027854,-73.9396388
360810567001,889.0,33.41,0.0,63.67,Minority,Low_poverty,LPM,40.6973356,-73.8891743
360050328003,1061.0,3.2,22.05,57.02,Minority,Low_poverty,LPM,40.8604498,-73.8631849
360050378002,970.0,2.27,10.21,95.78,Minority,Low_poverty,LPM,40.8788765,-73.8682747
360470183001,1479.0,60.51,5.0,23.06,White,Low_poverty,LPW,40.6913393,-73.9704876
360470340002,661.0,72.47,67.11,25.72,White,High_poverty,HPW,40.5723581,-73.9930981
360470339002,825.0,22.91,36.24,75.88,Minority,High_poverty,HPM,40.6711341,-73.9406422
360470050002,872.0,85.32,3.44,7.11,White,Low_poverty,LPW,40.6236747,-74.0376087
360470408002,1138.0,10.37,15.99,39.54,Other,Low_poverty,LPO,40.6010658,-73.9788802
360470370003,1061.0,32.05,20.36,9.61,Other,Low_poverty,LPO,40.5866238,-73.9645375
360470572001,2721.0,15.36,33.96,78.57,Minority,High_poverty,HPM,40.596524,-73.9367982
360610158013,1142.0,90.98,7.88,4.12,White,Low_poverty,LPW,40.7839642,-73.9533799
360810818002,688.0,6.83,12.06,39.24,Other,Low_poverty,LPO,40.6681049,-73.8093843
360470506003,1616.0,18.63,19.56,65.35,Minority,Low_poverty,LPM,40.6486409,-73.9677283
360050050014,1156.0,0.78,22.06,97.41,Minority,Low_poverty,LPM,40.825242,-73.876006
360810998022,2036.0,5.16,11.54,89.78,Minority,Low_poverty,LPM,40.5938055,-73.7560469
360470523001,1750.0,30.23,26.06,66.86,Minority,Low_poverty,LPM,40.7114039,-73.9568828
360470305002,1740.0,48.05,10.17,45.75,Other,Low_poverty,LPO,40.6770466,-73.9591482
360470035001,997.0,59.88,7.92,15.35,White,Low_poverty,LPW,40.685272,-73.976598
360610020002,1617.0,2.97,48.55,79.9,Minority,High_poverty,HPM,40.7204542,-73.9765803
360610228001,1859.0,12.0,32.6,81.93,Minority,High_poverty,HPM,40.8160006,-73.9413334
360470098003,1628.0,7.86,47.0,10.63,Other,High_poverty,HPO,40.642551,-74.0075972
360470007001,1646.0,79.4,9.23,7.78,White,Low_poverty,LPW,40.6926031,-73.9992096
360810510001,1116.0,4.21,7.2,88.44,Minority,Low_poverty,LPM,40.7112608,-73.7548221
360810998015,1272.0,1.18,16.82,98.82,Minority,Low_poverty,LPM,40.5969118,-73.759521
360470080002,996.0,18.98,16.97,77.01,Minority,Low_poverty,LPM,40.647467,-74.0097001
360470260001,1057.0,31.5,19.11,3.97,Other,Low_poverty,LPO,40.6170453,-73.9906047
360810526001,1262.0,4.68,12.2,87.32,Minority,Low_poverty,LPM,40.6982074,-73.7601269
360470495001,778.0,81.11,8.1,8.74,White,Low_poverty,LPW,40.7124007,-73.9416322
360810058004,1009.0,9.22,16.85,71.16,Minority,Low_poverty,LPM,40.6742451,-73.8543744
360470381003,585.0,16.07,9.74,78.64,Minority,Low_poverty,LPM,40.6802505,-73.927035
360810545001,1334.0,32.31,8.47,65.89,Minority,Low_poverty,LPM,40.7061064,-73.9140042
360050419003,1109.0,3.25,40.31,96.76,Minority,High_poverty,HPM,40.8740972,-73.8803511
360050423002,1641.0,18.34,16.39,67.15,Minority,Low_poverty,LPM,40.8773356,-73.8772508
360470375002,1555.0,24.24,19.94,65.79,Minority,Low_poverty,LPM,40.6884886,-73.9222014
360610243013,931.0,7.2,6.55,88.29,Minority,Low_poverty,LPM,40.8373498,-73.9394462
360470269002,670.0,14.48,23.73,84.18,Minority,Low_poverty,LPM,40.6805915,-73.9418212
360470534002,987.0,43.06,24.72,12.16,Other,Low_poverty,LPO,40.6226401,-73.9623311
360050199001,1546.0,1.75,12.42,98.25,Minority,Low_poverty,LPM,40.8368209,-73.9229023
360610177008,1242.0,64.01,8.94,33.49,White,Low_poverty,LPW,40.7900175,-73.9677436
360610100001,467.0,60.6,5.14,13.92,White,Low_poverty,LPW,40.7584032,-73.972031
360810189002,1534.0,21.38,3.78,39.96,Other,Low_poverty,LPO,40.7401874,-73.9290581
360050382001,1729.0,2.02,28.59,90.69,Minority,Low_poverty,LPM,40.8775038,-73.8568329
360050035002,1950.0,0.0,39.74,100.0,Minority,High_poverty,HPM,40.8127752,-73.9099493
360470422003,812.0,45.94,2.96,22.29,Other,Low_poverty,LPO,40.6079111,-73.9712773
360050394004,1006.0,0.5,8.15,99.51,Minority,Low_poverty,LPM,40.8854441,-73.8634604
360850291042,1354.0,74.0,0.0,20.83,White,Low_poverty,LPW,40.6144813,-74.1690361
360610265001,895.0,37.65,6.56,59.89,Minority,Low_poverty,LPM,40.8504673,-73.9400473
360810117004,886.0,79.35,12.3,17.04,White,Low_poverty,LPW,40.7720568,-73.9123331
360050209001,618.0,5.99,47.41,92.23,Minority,High_poverty,HPM,40.8436413,-73.9165637
360810309042,1689.0,34.81,12.43,32.92,Other,Low_poverty,LPO,40.7617917,-73.8898111
360470021002,1719.0,77.66,7.56,10.7,White,Low_poverty,LPW,40.7028004,-73.9880465
360050431002,895.0,0.0,52.63,100.0,Minority,High_poverty,HPM,40.8803196,-73.8750648
360050253003,1164.0,0.0,24.14,96.57,Minority,Low_poverty,LPM,40.8610939,-73.9059668
360050421005,1015.0,6.7,13.1,66.5,Minority,Low_poverty,LPM,40.881915,-73.8854536
360470114003,986.0,18.66,40.11,24.65,Other,High_poverty,HPO,40.6399607,-73.9995319
360850114021,1031.0,74.49,4.36,15.71,White,Low_poverty,LPW,40.5812804,-74.1023154
360610255001,1855.0,45.39,28.7,36.28,Other,Low_poverty,LPO,40.8453597,-73.9446867
360470862003,894.0,2.57,22.71,93.85,Minority,Low_poverty,LPM,40.6511295,-73.9287928
360810606001,635.0,0.0,5.98,95.59,Minority,Low_poverty,LPM,40.6926161,-73.7348905
360470798022,1678.0,24.26,17.4,56.61,Minority,Low_poverty,LPM,40.6595746,-73.961237
360470336002,865.0,69.83,30.17,9.71,White,High_poverty,HPW,40.5741992,-74.0049761
360610126003,1334.0,67.39,0.45,21.51,White,Low_poverty,LPW,40.768277,-73.9602089
360850128064,2793.0,57.82,4.25,12.54,White,Low_poverty,LPW,40.5580543,-74.1077403
360810613012,1297.0,52.58,10.25,41.87,White,Low_poverty,LPW,40.7072204,-73.8926618
360470171004,769.0,86.09,12.22,7.02,White,Low_poverty,LPW,40.6560464,-73.9786368
360470208002,1353.0,35.62,5.64,2.0,Other,Low_poverty,LPO,40.6253737,-74.0099257
360470840001,1331.0,1.05,4.88,96.85,Minority,Low_poverty,LPM,40.6431632,-73.9314167
360610146023,1217.0,93.26,5.92,2.3,White,Low_poverty,LPW,40.7789952,-73.9493811
360470970001,1276.0,12.54,5.64,86.75,Minority,Low_poverty,LPM,40.647723,-73.9066397
360470501003,1002.0,75.55,7.78,11.08,White,Low_poverty,LPW,40.7157169,-73.9500441
360050381005,963.0,1.35,20.98,90.75,Minority,Low_poverty,LPM,40.8520367,-73.9017322
360810415002,2202.0,3.81,12.44,90.87,Minority,Low_poverty,LPM,40.7456835,-73.8566825
360470152002,778.0,55.4,7.3,28.67,White,Low_poverty,LPW,40.6160283,-74.0238454
360850247001,1620.0,20.86,10.79,54.69,Minority,Low_poverty,LPM,40.6283891,-74.1442598
360810309033,1509.0,12.99,12.06,51.36,Minority,Low_poverty,LPM,40.7580164,-73.8900802
360470092002,1842.0,6.35,29.07,53.96,Minority,Low_poverty,LPM,40.6453163,-73.9993378
360050289003,1108.0,30.69,10.93,55.14,Minority,Low_poverty,LPM,40.8802259,-73.9081723
360850122004,953.0,73.14,0.63,10.28,White,Low_poverty,LPW,40.5788723,-74.110996
360470070001,1430.0,52.8,4.79,22.23,White,Low_poverty,LPW,40.6386284,-74.0234433
360470560001,1089.0,84.66,10.93,4.22,White,Low_poverty,LPW,40.6035767,-73.9504913
360470876002,734.0,6.95,10.79,90.73,Minority,Low_poverty,LPM,40.659179,-73.9355509
360610064005,1664.0,79.81,4.32,8.05,White,Low_poverty,LPW,40.7370267,-73.9799452
360610221022,1531.0,13.32,5.23,65.19,Minority,Low_poverty,LPM,40.817543,-73.9468433
360470165001,1632.0,72.43,5.39,9.2,White,Low_poverty,LPW,40.6723685,-73.9721142
360811159001,833.0,14.53,8.53,0.6,Other,Low_poverty,LPO,40.7698491,-73.8212655
360470570004,1446.0,25.59,4.95,14.46,Other,Low_poverty,LPO,40.5996225,-73.9393405
360470412002,1793.0,58.84,16.84,2.18,White,Low_poverty,LPW,40.6040995,-73.9751379
360610245007,1718.0,7.22,16.9,88.47,Minority,Low_poverty,LPM,40.8343979,-73.9427723
360470207001,1791.0,58.74,3.46,31.6,White,Low_poverty,LPW,40.6748907,-73.9648826
360810073001,1015.0,60.39,8.57,17.54,White,Low_poverty,LPW,40.7676187,-73.9244979
360050323002,2196.0,60.56,7.06,29.47,White,Low_poverty,LPW,40.9081139,-73.90591
360850244012,1903.0,77.4,0.05,16.45,White,Low_poverty,LPW,40.5076597,-74.2420865
360811047004,1816.0,21.09,7.1,13.11,Other,Low_poverty,LPO,40.7747638,-73.8247529
360811579013,1003.0,40.38,15.22,15.56,Other,Low_poverty,LPO,40.743295,-73.7044865
360811010012,4113.0,21.57,5.49,77.41,Minority,Low_poverty,LPM,40.5997002,-73.7472122
360050413005,964.0,5.71,62.45,85.79,Minority,High_poverty,HPM,40.8715859,-73.885791
360470212001,1821.0,17.3,19.55,10.38,Other,Low_poverty,LPO,40.6303651,-74.0054604
360471130002,1238.0,2.02,25.12,89.34,Minority,Low_poverty,LPM,40.6635037,-73.8971061
360050193001,1932.0,1.09,37.53,93.79,Minority,High_poverty,HPM,40.8339078,-73.9256849
360470078002,1350.0,18.15,26.19,80.29,Minority,Low_poverty,LPM,40.6457881,-74.0114478
360610199006,1227.0,77.59,4.32,12.55,White,Low_poverty,LPW,40.8039014,-73.9650449
360470347001,847.0,4.84,27.49,93.75,Minority,Low_poverty,LPM,40.6735508,-73.9278889
360810892004,859.0,80.44,12.69,14.44,White,Low_poverty,LPW,40.6556645,-73.8470812
360810205002,964.0,6.33,6.12,82.06,Minority,Low_poverty,LPM,40.7339998,-73.9196383
360050071001,894.0,1.23,4.36,95.75,Minority,Low_poverty,LPM,40.8210683,-73.9103741
360050212005,579.0,0.0,0.0,100.0,Minority,Low_poverty,LPM,40.8359737,-73.8586031
360470728002,1161.0,1.64,4.82,97.24,Minority,Low_poverty,LPM,40.6292181,-73.9299265
360470321001,1648.0,25.0,34.22,65.11,Minority,High_poverty,HPM,40.6690395,-73.9519689
360471124001,747.0,3.35,35.88,96.65,Minority,High_poverty,HPM,40.666667,-73.8846921
360050407012,357.0,4.48,25.21,95.52,Minority,Low_poverty,LPM,40.8723728,-73.8889127
360470456001,1064.0,40.32,20.3,0.65,Other,Low_poverty,LPO,40.6259053,-73.9658972
360610077001,1118.0,75.13,24.6,6.17,White,Low_poverty,LPW,40.7383366,-74.0012666
360050167001,1024.0,1.56,18.26,97.17,Minority,Low_poverty,LPM,40.8388368,-73.9003959
360610199004,1710.0,62.34,13.98,21.41,White,Low_poverty,LPW,40.8051688,-73.9641184
360050217001,1990.0,1.71,38.69,96.53,Minority,High_poverty,HPM,40.8463039,-73.9147942
360810884005,1557.0,89.53,12.18,10.47,White,Low_poverty,LPW,40.6489172,-73.8331943
360810283002,1436.0,37.81,14.21,49.03,Other,Low_poverty,LPO,40.7527595,-73.8848592
360810889017,1045.0,1.91,12.63,63.06,Minority,Low_poverty,LPM,40.7674542,-73.8278672
360610114022,854.0,76.11,5.15,8.2,White,Low_poverty,LPW,40.7638206,-73.9680792
360050228003,1372.0,8.38,32.22,66.83,Minority,High_poverty,HPM,40.8555687,-73.8643055
360610194003,1180.0,13.05,44.92,81.86,Minority,High_poverty,HPM,40.8006588,-73.9365374
360810294003,1195.0,7.28,4.94,80.08,Minority,Low_poverty,LPM,40.6695278,-73.774549
360610236004,3403.0,0.0,9.23,97.45,Minority,Low_poverty,LPM,40.8220319,-73.935524
360470493005,1488.0,14.58,57.46,67.61,Minority,High_poverty,HPM,40.7059816,-73.9421242
360810071002,723.0,56.57,7.75,19.23,White,Low_poverty,LPW,40.7695676,-73.9252761
360470230002,1421.0,92.54,21.96,6.69,White,Low_poverty,LPW,40.6375103,-73.9841515
360470394003,819.0,99.02,12.21,0.98,White,Low_poverty,LPW,40.597776,-73.9666396
360470356022,2190.0,87.21,14.34,1.87,White,Low_poverty,LPW,40.5783257,-73.9703264
360470505003,1676.0,17.18,15.39,52.74,Minority,Low_poverty,LPM,40.7062545,-73.9445349
360470216001,1314.0,79.3,58.87,19.71,White,High_poverty,HPW,40.6314909,-73.9975876
360470289002,757.0,33.42,6.08,66.58,Minority,Low_poverty,LPM,40.6922585,-73.9339052
360810357002,827.0,5.2,32.41,86.1,Minority,High_poverty,HPM,40.768284,-73.8715675
360470261004,725.0,23.86,31.17,69.51,Minority,High_poverty,HPM,40.6918697,-73.9470591
360470290002,1192.0,75.5,28.86,5.79,White,Low_poverty,LPW,40.6037645,-73.9937326
360470051001,559.0,78.18,5.01,12.52,White,Low_poverty,LPW,40.6851157,-74.0028988
360470064003,1265.0,78.74,9.01,15.33,White,Low_poverty,LPW,40.6276025,-74.028859
360470296004,1606.0,35.24,31.82,44.64,Other,High_poverty,HPO,40.5989207,-73.9957383
360470303003,1761.0,1.36,41.35,95.85,Minority,High_poverty,HPM,40.6751267,-73.9180065
360470369004,1242.0,1.77,21.18,97.58,Minority,Low_poverty,LPM,40.6816558,-73.9103222
360470377004,1625.0,19.26,10.58,75.01,Minority,Low_poverty,LPM,40.683933,-73.921558
360470387002,995.0,7.24,25.93,83.61,Minority,Low_poverty,LPM,40.6892857,-73.9271546
360470399002,1487.0,18.02,20.04,68.6,Minority,Low_poverty,LPM,40.6903443,-73.9176681
360470341003,1515.0,26.47,13.72,69.7,Minority,Low_poverty,LPM,40.6726744,-73.9446713
360470151002,915.0,66.56,4.59,19.13,White,Low_poverty,LPW,40.6645204,-73.9819041
360810460002,2081.0,2.98,7.06,48.87,Other,Low_poverty,LPO,40.7077807,-73.7948873
360471182011,1442.0,4.51,11.86,79.54,Minority,Low_poverty,LPM,40.6884213,-73.8712443
360050405013,1352.0,2.37,20.41,94.83,Minority,Low_poverty,LPM,40.8681228,-73.8897542
360610069001,2485.0,77.79,6.39,8.82,White,Low_poverty,LPW,40.7301314,-74.0097915
360470692001,1721.0,3.49,0.93,83.85,Minority,Low_poverty,LPM,40.6241081,-73.9191832
360470579001,703.0,49.64,12.94,45.51,Other,Low_poverty,LPO,40.7377508,-73.954309
360050166001,1511.0,23.16,9.13,67.18,Minority,Low_poverty,LPM,40.8304069,-73.8285796
360610188002,1522.0,16.29,38.11,80.62,Minority,High_poverty,HPM,40.7964937,-73.9365992
360810379003,1001.0,1.0,8.58,94.0,Minority,Low_poverty,LPM,40.7563911,-73.8648132
360470159002,803.0,76.71,4.48,1.62,White,Low_poverty,LPW,40.6746105,-73.9737782
360470161002,819.0,74.97,5.25,15.63,White,Low_poverty,LPW,40.6795882,-73.9729929
360470200002,1236.0,47.17,16.34,21.68,Other,Low_poverty,LPO,40.6198289,-74.0097148
360470210001,1451.0,27.98,19.85,7.17,Other,Low_poverty,LPO,40.6265362,-74.0063247
360470218002,1002.0,100.0,22.55,0.0,White,Low_poverty,LPW,40.6345008,-73.9980413
360050092003,2165.0,3.97,24.34,64.94,Minority,Low_poverty,LPM,40.832371,-73.8526392
360050131003,1877.0,3.73,43.3,96.28,Minority,High_poverty,HPM,40.8251267,-73.898837
360050323001,740.0,69.59,10.14,28.65,White,Low_poverty,LPW,40.9055182,-73.9056515
360050084001,754.0,0.0,16.31,70.43,Minority,Low_poverty,LPM,40.8154677,-73.8503514
360050121011,1203.0,0.67,27.93,96.84,Minority,Low_poverty,LPM,40.8279515,-73.8876953
360050079002,669.0,1.49,76.4,93.87,Minority,High_poverty,HPM,40.8163348,-73.903521
360470227002,938.0,30.92,9.7,63.75,Minority,Low_poverty,LPM,40.6804786,-73.9563623
360470234002,1562.0,92.57,29.71,7.43,White,Low_poverty,LPW,40.6338708,-73.98794
360610172003,807.0,7.81,42.26,92.19,Minority,High_poverty,HPM,40.7929028,-73.946856
360470181001,1000.0,38.4,6.5,53.1,Minority,Low_poverty,LPM,40.687804,-73.9722764
360811163004,1366.0,11.27,22.49,28.11,Other,Low_poverty,LPO,40.7654797,-73.8215861
360470188002,1639.0,46.19,14.77,1.89,Other,Low_poverty,LPO,40.6169071,-74.0032916
360470194001,2334.0,6.17,43.32,40.06,Other,High_poverty,HPO,40.6255018,-73.9992153
360811059002,966.0,43.27,12.22,2.17,Other,Low_poverty,LPO,40.7734093,-73.8123323
360811139002,1485.0,30.77,9.16,22.09,Other,Low_poverty,LPO,40.7634304,-73.790279
360811187002,1200.0,10.92,7.58,13.42,Other,Low_poverty,LPO,40.7592993,-73.8142454
360811223001,1560.0,7.88,20.71,28.85,Other,Low_poverty,LPO,40.7374449,-73.799365
360811441001,491.0,18.13,26.88,24.03,Other,Low_poverty,LPO,40.7581946,-73.7650825
360050283002,1286.0,18.66,21.18,78.53,Minority,Low_poverty,LPM,40.8840739,-73.900071
360050310001,1480.0,38.24,15.64,51.56,Minority,Low_poverty,LPM,40.8582135,-73.8382723
360050224042,1278.0,19.95,11.74,74.49,Minority,Low_poverty,LPM,40.8534182,-73.8657864
360050264002,789.0,34.98,8.62,53.49,Minority,Low_poverty,LPM,40.8419201,-73.8313863
360050295001,1718.0,63.39,2.15,22.12,White,Low_poverty,LPW,40.8869458,-73.9083792
360050365021,1346.0,1.93,37.67,98.07,Minority,High_poverty,HPM,40.841762,-73.8868442
360470074003,391.0,9.72,46.04,77.75,Minority,High_poverty,HPM,40.6419969,-74.0187214
360470078003,1133.0,5.03,18.53,50.04,Minority,Low_poverty,LPM,40.6454872,-74.0132167
360470098002,1553.0,3.99,31.04,70.12,Minority,High_poverty,HPM,40.6440564,-74.0078241
360470104002,1083.0,12.83,18.58,7.57,Other,Low_poverty,LPO,40.6357842,-74.0092554
360470112002,851.0,45.83,35.02,7.99,Other,High_poverty,HPO,40.6407878,-73.9955917
360810803022,792.0,53.16,6.69,33.21,White,Low_poverty,LPW,40.7392517,-73.8286217
360810845001,2064.0,7.27,37.42,29.31,Other,High_poverty,HPO,40.7519728,-73.8225696
360810859003,1883.0,4.2,14.18,0.21,Other,Low_poverty,LPO,40.7536506,-73.8209331
360811385012,1453.0,32.55,5.57,3.3,Other,Low_poverty,LPO,40.7529171,-73.753952
360810947001,986.0,42.7,4.16,43.61,Other,Low_poverty,LPO,40.7847811,-73.8398566
360470347003,1387.0,0.72,20.76,92.65,Minority,Low_poverty,LPM,40.6717664,-73.9280545
360470355003,2108.0,45.49,26.15,53.32,Minority,Low_poverty,LPM,40.6643697,-73.9357512
360470405002,550.0,17.45,36.91,76.36,Minority,High_poverty,HPM,40.6820899,-73.907077
360470413001,1172.0,13.31,23.46,76.71,Minority,Low_poverty,LPM,40.6891735,-73.909492
360470424001,879.0,41.3,24.23,28.56,Other,Low_poverty,LPO,40.6075829,-73.9742536
360470482003,987.0,45.59,23.61,32.42,Other,Low_poverty,LPO,40.6314593,-73.9701658
360470490001,2405.0,34.18,10.4,39.79,Other,Low_poverty,LPO,40.6391926,-73.9719736
360470496003,1217.0,22.27,15.45,39.44,Other,Low_poverty,LPO,40.6425657,-73.9829987
360470430003,1589.0,40.97,24.04,10.01,Other,Low_poverty,LPO,40.6086666,-73.9853551
360050429012,1317.0,3.26,37.28,68.56,Minority,High_poverty,HPM,40.8746677,-73.8765636
360050424001,1248.0,5.93,8.89,90.62,Minority,Low_poverty,LPM,40.8888117,-73.8480885
360050394001,1030.0,0.0,23.3,99.03,Minority,Low_poverty,LPM,40.8874523,-73.8645533
360050421001,811.0,31.44,3.76,27.87,Other,Low_poverty,LPO,40.8805213,-73.8793711
360050361001,888.0,0.0,32.55,100.0,Minority,High_poverty,HPM,40.8427244,-73.8797452
360470135003,1304.0,62.19,9.13,12.04,White,Low_poverty,LPW,40.6739844,-73.9839931
360470143002,1167.0,65.72,1.89,26.74,White,Low_poverty,LPW,40.6631561,-73.9922525
360470149002,1941.0,64.4,9.09,26.12,White,Low_poverty,LPW,40.6631935,-73.9841138
360810521001,1170.0,76.07,13.5,20.26,White,Low_poverty,LPW,40.7206468,-73.8984073
360610234001,1976.0,11.13,17.11,86.08,Minority,Low_poverty,LPM,40.8247833,-73.9386436
360810185013,981.0,28.03,13.05,52.09,Minority,Low_poverty,LPM,40.7384944,-73.9205789
360810455004,1840.0,9.78,22.01,70.32,Minority,Low_poverty,LPM,40.736176,-73.860221
360610195005,1275.0,68.71,11.84,24.78,White,Low_poverty,LPW,40.8012864,-73.966644
360050266013,884.0,24.43,3.28,62.21,Minority,Low_poverty,LPM,40.8484063,-73.8346192
360470290001,975.0,73.44,12.41,4.92,White,Low_poverty,LPW,40.6048833,-73.9925693
360050370001,1269.0,1.02,15.76,88.73,Minority,Low_poverty,LPM,40.8728602,-73.857507
360050054003,1229.0,5.29,39.79,81.13,Minority,High_poverty,HPM,40.8296369,-73.8824371
360050224011,870.0,6.44,13.68,84.94,Minority,Low_poverty,LPM,40.8561564,-73.8688238
360050025004,1584.0,6.63,21.34,93.37,Minority,Low_poverty,LPM,40.8075219,-73.922187
360050165001,965.0,0.0,26.63,99.07,Minority,Low_poverty,LPM,40.8431089,-73.9002773
360470241001,1535.0,70.55,25.77,27.95,White,Low_poverty,LPW,40.6929547,-73.9539493
360470251001,1068.0,30.52,35.11,66.67,Minority,High_poverty,HPM,40.6893205,-73.9496785
360810147001,932.0,80.36,10.94,8.91,White,Low_poverty,LPW,40.7618733,-73.9083511
360050098004,969.0,7.64,18.89,72.65,Minority,Low_poverty,LPM,40.8237401,-73.8538632
360050224041,777.0,13.77,2.7,79.93,Minority,Low_poverty,LPM,40.8534436,-73.8672313
360050175006,373.0,0.0,38.34,97.59,Minority,High_poverty,HPM,40.8302529,-73.9122744
360470786003,2546.0,12.77,21.64,79.85,Minority,Low_poverty,LPM,40.6340819,-73.9458385
360610008005,2049.0,7.52,25.96,5.95,Other,Low_poverty,LPO,40.7102429,-73.9950554
360810621002,888.0,62.73,12.16,34.91,White,Low_poverty,LPW,40.7083736,-73.8720656
360050067003,1027.0,0.0,67.09,100.0,Minority,High_poverty,HPM,40.8203585,-73.9209033
360810238002,1192.0,2.68,20.97,60.58,Minority,Low_poverty,LPM,40.7054096,-73.8090659
360810251002,587.0,25.21,11.75,41.74,Other,Low_poverty,LPO,40.7435214,-73.9079678
360810267002,1195.0,13.89,11.54,15.64,Other,Low_poverty,LPO,40.7447438,-73.8867629
360810275003,3119.0,1.51,28.8,95.67,Minority,Low_poverty,LPM,40.750415,-73.8756178
360810283003,1500.0,12.4,13.07,75.87,Minority,Low_poverty,LPM,40.7497568,-73.8838407
360470327002,870.0,7.82,2.3,87.01,Minority,Low_poverty,LPM,40.662983,-73.9589544
360610140002,1641.0,93.11,3.78,0.98,White,Low_poverty,LPW,40.7755978,-73.9573831
360850006001,355.0,43.38,11.27,15.77,Other,Low_poverty,LPO,40.6223906,-74.0686451
360470228001,1488.0,37.57,37.27,12.63,Other,High_poverty,HPO,40.6410694,-73.9810834
360050235012,900.0,2.33,59.78,93.56,Minority,High_poverty,HPM,40.8541879,-73.9028213
360470039003,512.0,61.13,1.76,10.35,White,Low_poverty,LPW,40.6839039,-73.9801564
360610255003,1785.0,8.85,43.35,68.58,Minority,High_poverty,HPM,40.8450931,-73.9416008
360810358004,682.0,2.64,17.89,94.14,Minority,Low_poverty,LPM,40.6724577,-73.7514822
360050413004,1159.0,5.61,2.33,86.37,Minority,Low_poverty,LPM,40.8767489,-73.8846773
360471020001,2217.0,3.61,5.48,93.91,Minority,Low_poverty,LPM,40.6383785,-73.8870181
360470391001,1857.0,2.53,18.26,89.34,Minority,Low_poverty,LPM,40.7007367,-73.9347514
360850226004,1714.0,84.83,0.41,12.84,White,Low_poverty,LPW,40.5219623,-74.2259318
360470520003,1159.0,9.84,18.12,48.05,Other,Low_poverty,LPO,40.6349716,-73.9646628
360470575004,927.0,92.02,17.15,7.98,White,Low_poverty,LPW,40.7294097,-73.9525382
360470029012,1027.0,5.65,48.3,79.95,Minority,High_poverty,HPM,40.6949049,-73.9771297
360610064004,1389.0,62.63,18.36,14.25,White,Low_poverty,LPW,40.735817,-73.9808149
360050087003,882.0,0.0,25.28,100.0,Minority,Low_poverty,LPM,40.8182451,-73.8961818
360050149003,2398.0,2.21,34.08,94.74,Minority,High_poverty,HPM,40.8309676,-73.902534
360050197003,2231.0,1.03,22.03,83.23,Minority,Low_poverty,LPM,40.8353139,-73.9216583
360850020012,1488.0,48.99,4.77,36.76,Other,Low_poverty,LPO,40.6058433,-74.069791
360850177005,874.0,74.83,0.0,0.0,White,Low_poverty,LPW,40.6083166,-74.0974189
360850291033,1221.0,51.11,1.72,14.09,White,Low_poverty,LPW,40.6060325,-74.1640538
360810025004,817.0,8.81,47.98,87.03,Minority,High_poverty,HPM,40.7537724,-73.9438443
360810065013,901.0,50.61,15.09,12.98,White,Low_poverty,LPW,40.7683596,-73.9163213
360810238003,1743.0,3.44,14.29,65.12,Minority,Low_poverty,LPM,40.7047582,-73.8074614
360810309024,1500.0,8.73,9.6,20.8,Other,Low_poverty,LPO,40.7556439,-73.8948564
360810638005,822.0,6.69,3.65,88.56,Minority,Low_poverty,LPM,40.6722979,-73.7295398
360810409003,1350.0,1.33,12.15,85.85,Minority,Low_poverty,LPM,40.7488985,-73.8672326
360810437023,1883.0,5.95,33.14,81.78,Minority,High_poverty,HPM,40.7381519,-73.8562553
360810467003,1484.0,0.0,8.89,75.94,Minority,Low_poverty,LPM,40.7450105,-73.8747941
360811085001,645.0,59.38,3.57,8.37,White,Low_poverty,LPW,40.7724037,-73.7916167
360810775003,470.0,53.19,3.4,34.89,White,Low_poverty,LPW,40.7106654,-73.8298811
360810797022,1832.0,12.88,12.76,16.16,Other,Low_poverty,LPO,40.7526796,-73.8281432
360810849002,1629.0,0.0,15.59,18.05,Other,Low_poverty,LPO,40.7560981,-73.829697
360810972041,1007.0,0.0,27.51,98.61,Minority,Low_poverty,LPM,40.5937303,-73.7852743
360811032024,1405.0,14.09,26.42,82.57,Minority,Low_poverty,LPM,40.6045908,-73.7499522
360811347003,2153.0,28.75,19.09,20.34,Other,Low_poverty,LPO,40.739326,-73.779153
360610175007,956.0,65.48,13.18,10.67,White,Low_poverty,LPW,40.7886358,-73.9752634
360610191004,1206.0,75.7,6.72,16.75,White,Low_poverty,LPW,40.7994012,-73.9692785
360610032004,575.0,93.74,13.91,0.0,White,Low_poverty,LPW,40.7244261,-73.9861693
360610048001,1412.0,77.62,0.64,1.63,White,Low_poverty,LPW,40.7356107,-73.9840282
360610064006,577.0,82.32,0.0,7.63,White,Low_poverty,LPW,40.7376855,-73.979452
360610071002,1397.0,87.97,2.9,4.36,White,Low_poverty,LPW,40.7369487,-73.9989939
360050221021,2560.0,0.0,29.1,99.57,Minority,Low_poverty,LPM,40.8385316,-73.915337
360050266022,1444.0,17.87,4.43,82.13,Minority,Low_poverty,LPM,40.8469839,-73.8304766
360050326003,989.0,49.44,8.7,24.27,Other,Low_poverty,LPO,40.8597033,-73.8545314
360050395001,1169.0,0.43,29.68,99.57,Minority,Low_poverty,LPM,40.8528901,-73.895124
360610134006,1038.0,100.0,12.24,0.0,White,Low_poverty,LPW,40.7712256,-73.9580613
360610138009,1548.0,88.89,0.0,8.53,White,Low_poverty,LPW,40.7741518,-73.9559258
360610233003,3050.0,10.23,25.44,84.39,Minority,Low_poverty,LPM,40.8271276,-73.9480818
360610182003,1729.0,10.7,9.49,76.17,Minority,Low_poverty,LPM,40.7989111,-73.9403613
360610184002,1197.0,1.42,57.07,86.8,Minority,High_poverty,HPM,40.8003136,-73.945664
360610207012,1672.0,46.89,22.5,19.26,Other,Low_poverty,LPO,40.8096427,-73.9580488
360610229004,2030.0,11.48,26.75,80.59,Minority,Low_poverty,LPM,40.8248488,-73.9497471
360050395004,989.0,1.21,29.69,98.78,Minority,Low_poverty,LPM,40.8454647,-73.8972047
360050405022,1906.0,3.88,26.44,93.29,Minority,Low_poverty,LPM,40.8653733,-73.8907252
360050050011,936.0,3.53,13.14,91.35,Minority,Low_poverty,LPM,40.8248148,-73.8792438
360050062004,1811.0,0.0,45.83,100.0,Minority,High_poverty,HPM,40.8305235,-73.8753172
360050076001,1042.0,0.0,15.64,79.65,Minority,Low_poverty,LPM,40.8351987,-73.8700868
360811571022,1164.0,10.14,10.29,13.74,Other,Low_poverty,LPO,40.7367788,-73.725163
360050358006,1814.0,13.51,16.88,80.1,Minority,Low_poverty,LPM,40.8747625,-73.8461949
360850319021,1731.0,6.12,47.14,92.32,Minority,High_poverty,HPM,40.6396342,-74.169665
360610078005,1311.0,71.7,12.59,19.15,White,Low_poverty,LPW,40.7449252,-73.974228
360610087005,1148.0,83.45,7.14,2.44,White,Low_poverty,LPW,40.7431184,-73.9982144
360610098007,1066.0,74.11,7.69,4.78,White,Low_poverty,LPW,40.7546908,-73.9671088
360610124003,1672.0,63.58,0.23,21.65,White,Low_poverty,LPW,40.7669849,-73.9551222
360470696022,2795.0,52.92,16.99,41.53,White,Low_poverty,LPW,40.621773,-73.9133421
360470822004,1356.0,10.55,12.09,87.02,Minority,Low_poverty,LPM,40.6515013,-73.9542362
360470996002,1986.0,5.14,4.88,94.86,Minority,Low_poverty,LPM,40.6326396,-73.9068425
360471144004,463.0,0.0,32.83,100.0,Minority,High_poverty,HPM,40.6712626,-73.8956858
360810158013,1227.0,0.0,8.56,13.7,Other,Low_poverty,LPO,40.6890056,-73.8147596
360610146013,821.0,77.71,5.12,11.33,White,Low_poverty,LPW,40.7773497,-73.9535932
360610148025,745.0,78.26,4.03,3.89,White,Low_poverty,LPW,40.7801758,-73.9561472
360610155004,987.0,79.03,2.53,2.33,White,Low_poverty,LPW,40.7776824,-73.9869605
360610160022,1611.0,64.25,5.37,10.3,White,Low_poverty,LPW,40.7882152,-73.9534365
360470054003,1076.0,57.25,17.38,18.4,White,Low_poverty,LPW,40.6166,-74.0323044
360470305004,2010.0,38.66,13.91,56.17,Minority,Low_poverty,LPM,40.6752882,-73.9597814
360470510011,1847.0,6.71,15.81,88.63,Minority,Low_poverty,LPM,40.6459842,-73.9608422
360470696021,881.0,100.0,7.6,0.0,White,Low_poverty,LPW,40.6187526,-73.9116715
360610177004,1775.0,20.79,18.2,76.17,Minority,Low_poverty,LPM,40.7898204,-73.9711607
360610179002,881.0,70.26,9.42,21.11,White,Low_poverty,LPW,40.7933436,-73.9756188
360810254004,1194.0,0.0,10.05,86.85,Minority,Low_poverty,LPM,40.6948215,-73.7929019
360810534012,1065.0,3.29,5.92,96.72,Minority,Low_poverty,LPM,40.7019374,-73.7432042
360471158003,1120.0,2.68,20.02,91.25,Minority,Low_poverty,LPM,40.6674852,-73.8918049
360470374013,1359.0,69.02,22.52,21.86,White,Low_poverty,LPW,40.5854944,-73.9678387
360470354003,1087.0,100.0,6.35,0.0,White,Low_poverty,LPW,40.5757481,-73.974607
360470382002,2876.0,0.56,34.84,74.16,Minority,High_poverty,HPM,40.5925117,-73.9829836
360050348001,580.0,0.0,1.21,100.0,Minority,Low_poverty,LPM,40.8722547,-73.8536523
360850070004,1807.0,69.67,5.05,19.59,White,Low_poverty,LPW,40.5919068,-74.0751074
360810723003,873.0,50.29,4.7,9.85,White,Low_poverty,LPW,40.7144136,-73.8457172
360810115002,697.0,71.45,2.73,20.52,White,Low_poverty,LPW,40.7754553,-73.9120794
360470545005,2273.0,37.04,82.88,59.7,Minority,High_poverty,HPM,40.7053428,-73.9640153
360610008006,1128.0,4.7,21.99,5.94,Other,Low_poverty,LPO,40.711687,-73.993349
360610030013,788.0,45.05,7.61,35.15,Other,Low_poverty,LPO,40.7212303,-73.9853885
360810291002,2371.0,10.08,5.68,30.87,Other,Low_poverty,LPO,40.7516553,-73.8953649
360810327001,2173.0,12.15,22.72,62.54,Minority,Low_poverty,LPM,40.7594992,-73.8856104
360810339001,1115.0,10.22,36.23,61.43,Minority,High_poverty,HPM,40.7601339,-73.8795673
360810202001,1762.0,0.62,5.24,60.11,Minority,Low_poverty,LPM,40.689757,-73.8078112
360810510002,700.0,0.0,20.57,100.0,Minority,Low_poverty,LPM,40.7078222,-73.7523655
360810524002,887.0,0.0,14.93,97.75,Minority,Low_poverty,LPM,40.7002311,-73.7611562
360810532001,992.0,1.11,14.92,93.44,Minority,Low_poverty,LPM,40.7023919,-73.7498898
360810545002,890.0,28.43,28.65,66.4,Minority,Low_poverty,LPM,40.7058935,-73.9116748
360810379001,2963.0,0.34,11.45,90.01,Minority,Low_poverty,LPM,40.7558039,-73.8624625
360470544001,1186.0,98.99,21.92,1.01,White,Low_poverty,LPW,40.6133747,-73.9557633
360470550002,776.0,74.87,19.48,18.17,White,Low_poverty,LPW,40.6077374,-73.9515132
360470644002,1480.0,57.09,6.17,18.92,White,Low_poverty,LPW,40.6126856,-73.941877
360470674001,990.0,9.7,5.56,85.86,Minority,Low_poverty,LPM,40.6190081,-73.9295382
360470774001,1156.0,7.44,3.03,80.01,Minority,Low_poverty,LPM,40.632905,-73.9490448
360810465001,1841.0,1.25,11.9,77.57,Minority,Low_poverty,LPM,40.7473551,-73.8695615
360810476002,757.0,26.02,0.0,29.99,Other,Low_poverty,LPO,40.7204383,-73.773269
360810493021,1256.0,39.33,4.3,50.8,Minority,Low_poverty,LPM,40.7285456,-73.8936964
360810591002,1518.0,58.83,5.34,25.96,White,Low_poverty,LPW,40.7069965,-73.9084692
360810600001,1102.0,0.73,1.63,95.74,Minority,Low_poverty,LPM,40.695063,-73.7333032
360810616013,739.0,4.74,2.17,95.26,Minority,Low_poverty,LPM,40.6793286,-73.7324912
360810625001,1467.0,58.96,4.5,40.02,White,Low_poverty,LPW,40.7053186,-73.8830697
360470814002,1067.0,2.44,15.47,95.88,Minority,Low_poverty,LPM,40.653585,-73.9412109
360470828001,1044.0,6.42,12.36,92.92,Minority,Low_poverty,LPM,40.6413715,-73.9482944
360470840002,1189.0,1.6,11.19,97.39,Minority,Low_poverty,LPM,40.6408448,-73.9311693
360470864002,1120.0,1.07,9.46,98.93,Minority,Low_poverty,LPM,40.6535889,-73.9236138
360470728001,2785.0,2.94,4.45,95.83,Minority,Low_poverty,LPM,40.6296671,-73.9250215
360810045001,959.0,37.85,13.24,23.25,Other,Low_poverty,LPO,40.7653955,-73.9344676
360850156014,1007.0,69.71,1.69,26.81,White,Low_poverty,LPW,40.5373868,-74.1541094
360850189021,1289.0,44.92,19.55,26.84,Other,Low_poverty,LPO,40.6060671,-74.1437232
360850239001,1985.0,24.94,15.97,72.14,Minority,Low_poverty,LPM,40.6313751,-74.149233
360470748001,1006.0,58.95,23.96,35.39,White,Low_poverty,LPW,40.621995,-73.9459691
360810641011,2388.0,62.02,6.7,21.86,White,Low_poverty,LPW,40.6991702,-73.8516668
360810660001,1477.0,5.35,1.83,85.04,Minority,Low_poverty,LPM,40.658957,-73.7314164
360810667012,1377.0,80.1,0.8,14.23,White,Low_poverty,LPW,40.7225737,-73.8899404
360810551001,942.0,64.01,7.86,20.91,White,Low_poverty,LPW,40.7011398,-73.9020318
360810568003,661.0,3.78,1.07,85.93,Minority,Low_poverty,LPM,40.7120776,-73.7328593
360810579002,719.0,57.72,11.54,38.66,White,Low_poverty,LPW,40.7031442,-73.8909118
360810861001,1229.0,12.37,13.89,22.78,Other,Low_poverty,LPO,40.7586374,-73.8183248
360470906003,1416.0,0.0,60.31,98.37,Minority,High_poverty,HPM,40.67207,-73.909224
360470944012,1044.0,0.0,6.73,100.0,Minority,Low_poverty,LPM,40.6371144,-73.9246727
360470970002,1592.0,3.2,18.3,92.65,Minority,Low_poverty,LPM,40.6467192,-73.9081862
360471118001,1712.0,0.0,21.05,100.0,Minority,Low_poverty,LPM,40.6695278,-73.8760113
360810054001,497.0,48.29,0.0,17.31,Other,Low_poverty,LPO,40.6799503,-73.8463568
360810059001,1841.0,74.63,14.5,18.15,White,Low_poverty,LPW,40.7589506,-73.9223264
360470319002,1018.0,56.97,25.54,43.02,White,Low_poverty,LPW,40.6671055,-73.9493676
360470328001,728.0,27.47,11.13,53.43,Minority,Low_poverty,LPM,40.5767863,-73.9940054
360470268003,1521.0,34.52,5.06,26.1,Other,Low_poverty,LPO,40.6117875,-73.9925775
360470277003,644.0,26.24,25.31,66.3,Minority,Low_poverty,LPM,40.6859279,-73.9400767
360470360021,2249.0,86.22,26.19,1.29,White,Low_poverty,LPW,40.5764925,-73.960368
360810166002,1729.0,0.0,7.63,71.37,Minority,Low_poverty,LPM,40.6783653,-73.8192669
360810183001,1003.0,61.02,1.79,18.44,White,Low_poverty,LPW,40.7480493,-73.9190915
360810103002,787.0,63.91,15.25,21.73,White,Low_poverty,LPW,40.7814174,-73.915778
360810108001,1702.0,6.82,22.56,30.32,Other,Low_poverty,LPO,40.6898993,-73.8312234
360470880003,676.0,0.0,15.09,100.0,Minority,Low_poverty,LPM,40.6623528,-73.9329735
360470896003,1188.0,0.76,33.0,98.23,Minority,High_poverty,HPM,40.6574541,-73.9134406
360470900003,758.0,0.0,37.07,100.0,Minority,High_poverty,HPM,40.6663344,-73.9191067
360811507012,1045.0,57.89,1.73,12.44,White,Low_poverty,LPW,40.7616918,-73.7401645
360811571018,594.0,6.73,2.53,12.46,Other,Low_poverty,LPO,40.7326207,-73.7169625
360470437003,1795.0,16.71,10.81,77.99,Minority,Low_poverty,LPM,40.6941013,-73.9099259
360470503003,925.0,68.86,1.08,14.92,White,Low_poverty,LPW,40.7126942,-73.9483069
360470513004,898.0,10.36,23.16,85.3,Minority,Low_poverty,LPM,40.7116834,-73.9544774
360470523002,924.0,45.35,31.39,42.75,Other,High_poverty,HPO,40.7109912,-73.9589369
360470564002,960.0,75.73,11.46,7.08,White,Low_poverty,LPW,40.6060766,-73.9444141
360850007001,1551.0,9.09,66.02,83.24,Minority,High_poverty,HPM,40.645513,-74.0868907
360850039001,707.0,66.48,11.32,27.87,White,Low_poverty,LPW,40.6181811,-74.0948287
360850105005,1054.0,19.35,8.0,62.81,Minority,Low_poverty,LPM,40.6362612,-74.1146395
360810925002,1112.0,20.68,32.19,46.49,Other,High_poverty,HPO,40.7824547,-73.8449951
360810679003,1189.0,68.21,10.01,20.44,White,Low_poverty,LPW,40.7218218,-73.8684769
360810687001,1351.0,38.05,18.06,21.47,Other,Low_poverty,LPO,40.7312925,-73.8666035
360810721001,1215.0,43.7,24.07,21.15,Other,Low_poverty,LPO,40.7325878,-73.8546752
360810743002,922.0,55.97,4.66,18.11,White,Low_poverty,LPW,40.7316161,-73.8476237
360810779032,1201.0,52.96,5.5,22.56,White,Low_poverty,LPW,40.7181606,-73.8204579
360470902002,799.0,6.13,49.37,90.61,Minority,High_poverty,HPM,40.6659063,-73.9131913
360471160002,653.0,0.0,22.36,100.0,Minority,Low_poverty,LPM,40.6694934,-73.8890171
360810117003,1023.0,81.52,16.23,13.68,White,Low_poverty,LPW,40.7708655,-73.9105356
360810123012,881.0,79.68,15.55,4.65,White,Low_poverty,LPW,40.7761614,-73.8986642
360810130002,1059.0,19.07,11.8,40.98,Other,Low_poverty,LPO,40.6992267,-73.8373465
360810136002,771.0,64.2,7.52,29.45,White,Low_poverty,LPW,40.7069077,-73.8303126
360810152002,1413.0,6.58,8.37,44.94,Other,Low_poverty,LPO,40.6923072,-73.8136251
360810012002,907.0,20.29,9.7,54.13,Minority,Low_poverty,LPM,40.6943837,-73.8606582
360810026002,1368.0,11.33,17.4,63.52,Minority,Low_poverty,LPM,40.6960512,-73.8433771
360471184003,2404.0,1.04,17.76,79.74,Minority,Low_poverty,LPM,40.683841,-73.8712202
360471192003,872.0,2.06,14.11,96.33,Minority,Low_poverty,LPM,40.677549,-73.8792434
360470546003,1444.0,81.37,20.04,9.77,White,Low_poverty,LPW,40.6148273,-73.9544187
360810405001,2247.0,1.34,11.49,85.27,Minority,Low_poverty,LPM,40.7519649,-73.8638061
360810413002,1343.0,4.69,36.96,83.47,Minority,High_poverty,HPM,40.7434543,-73.8610272
360810448002,967.0,5.48,52.64,27.61,Other,High_poverty,HPO,40.7113182,-73.8046021
360470570003,656.0,96.04,3.05,1.22,White,Low_poverty,LPW,40.6001385,-73.9350961
360470586001,1250.0,21.92,23.53,28.64,Other,Low_poverty,LPO,40.5957471,-73.9547261
360470594024,1512.0,62.5,4.43,3.51,White,Low_poverty,LPW,40.5967987,-73.9441301
360470528002,854.0,39.46,22.55,17.56,Other,Low_poverty,LPO,40.6309033,-73.9649142
360470534003,1285.0,57.04,35.8,23.35,White,High_poverty,HPW,40.6225343,-73.9632573
360610293004,1051.0,31.78,9.9,66.6,Minority,Low_poverty,LPM,40.8669776,-73.9198959
360610150024,859.0,98.37,0.0,1.63,White,Low_poverty,LPW,40.7834407,-73.9579792
360610125002,1414.0,48.87,15.68,18.6,Other,Low_poverty,LPO,40.7601966,-73.9861039
360610179003,1114.0,73.07,7.0,22.26,White,Low_poverty,LPW,40.7923873,-73.9763307
360610008003,1697.0,2.24,31.7,1.71,Other,High_poverty,HPO,40.7118357,-73.9955882
360610187002,2427.0,75.11,1.77,13.97,White,Low_poverty,LPW,40.7975668,-73.9726069
360610042002,1124.0,83.19,2.22,4.27,White,Low_poverty,LPW,40.7303295,-73.9900289
360610070001,2199.0,59.94,8.37,24.74,White,Low_poverty,LPW,40.7446027,-73.9774573
360610140001,1557.0,75.34,6.04,6.62,White,Low_poverty,LPW,40.7772078,-73.9562082
360610125001,897.0,60.98,13.39,12.93,White,Low_poverty,LPW,40.7596841,-73.9833267
360610134001,737.0,92.27,10.99,1.36,White,Low_poverty,LPW,40.7728098,-73.9569044
360610118001,1608.0,83.46,3.98,1.8,White,Low_poverty,LPW,40.7657702,-73.9620479
360610127002,1158.0,35.84,9.15,46.46,Other,Low_poverty,LPO,40.7610125,-73.9888905
360610018005,679.0,37.56,21.4,19.59,Other,Low_poverty,LPO,40.7197982,-73.9932105
360610130001,681.0,94.57,0.0,2.94,White,Low_poverty,LPW,40.7737119,-73.9629754
360610269003,1433.0,3.63,7.05,91.07,Minority,Low_poverty,LPM,40.8486744,-73.9314307
360610109001,172.0,66.86,16.28,13.96,White,Low_poverty,LPW,40.7522505,-73.9897028
360610132001,1317.0,58.09,0.0,25.82,White,Low_poverty,LPW,40.7715244,-73.951811
360610089003,1856.0,42.3,22.79,44.39,Other,Low_poverty,LPO,40.7446326,-74.0045375
360610229002,1274.0,17.27,25.9,77.63,Minority,Low_poverty,LPM,40.8242258,-73.9502036
360610180003,1287.0,32.01,23.39,63.56,Minority,Low_poverty,LPM,40.7939769,-73.9414529
360610218001,1530.0,26.54,6.67,70.39,Minority,Low_poverty,LPM,40.8032758,-73.9506262
360610216004,2190.0,18.13,16.62,74.25,Minority,Low_poverty,LPM,40.8018871,-73.9553572
360610216002,534.0,50.19,2.62,35.2,White,Low_poverty,LPW,40.799869,-73.9535325
360610167002,1065.0,77.46,1.78,3.85,White,Low_poverty,LPW,40.784636,-73.9819263
360610174021,2375.0,16.34,25.88,72.76,Minority,Low_poverty,LPM,40.7968026,-73.9471624
360610041002,893.0,9.74,13.21,1.79,Other,Low_poverty,LPO,40.7180112,-73.995606
360610108003,1711.0,93.98,1.69,1.75,White,Low_poverty,LPW,40.7584718,-73.9643545
360610232001,842.0,16.86,17.11,75.78,Minority,Low_poverty,LPM,40.821038,-73.9376549
360610033001,3124.0,77.05,2.08,3.3,White,Low_poverty,LPW,40.7175735,-74.0046725
360610291004,1496.0,8.29,21.06,88.97,Minority,Low_poverty,LPM,40.8649607,-73.9255157
360050309003,1229.0,62.25,3.74,32.14,White,Low_poverty,LPW,40.8896263,-73.9154409
360050336004,464.0,8.84,52.8,91.16,Minority,High_poverty,HPM,40.8689366,-73.8696817
360050431006,1601.0,5.25,24.05,88.32,Minority,Low_poverty,LPM,40.8827465,-73.8794356
360470005012,983.0,65.62,12.0,10.07,White,Low_poverty,LPW,40.6955693,-73.9948233
360610241003,1281.0,6.09,43.72,92.58,Minority,High_poverty,HPM,40.8325031,-73.9441598
360610242002,1480.0,0.0,54.93,97.5,Minority,High_poverty,HPM,40.8056748,-73.9364685
360610285004,2112.0,13.83,26.52,81.06,Minority,Low_poverty,LPM,40.8614299,-73.9285105
360050085003,920.0,0.87,12.5,91.2,Minority,Low_poverty,LPM,40.8180546,-73.901052
360050090003,848.0,0.0,51.65,100.0,Minority,High_poverty,HPM,40.8198612,-73.8466514
360050123001,1712.0,0.7,22.74,98.65,Minority,Low_poverty,LPM,40.831337,-73.8916518
360050197005,583.0,0.0,19.55,100.0,Minority,Low_poverty,LPM,40.8336989,-73.9194168
360050210025,645.0,0.0,0.0,53.34,Minority,Low_poverty,LPM,40.838438,-73.8590408
360050223001,1241.0,0.0,18.63,100.0,Minority,Low_poverty,LPM,40.8411038,-73.9164888
360050233014,674.0,0.0,40.95,90.8,Minority,High_poverty,HPM,40.8489609,-73.9088791
360050266012,465.0,44.95,12.26,46.24,Other,Low_poverty,LPO,40.8483524,-73.8321658
360050160003,724.0,41.02,17.4,42.54,Other,Low_poverty,LPO,40.8276681,-73.8148621
360811039002,2473.0,58.39,3.68,6.83,White,Low_poverty,LPW,40.7816977,-73.816561
360610263003,1407.0,3.2,22.74,90.98,Minority,Low_poverty,LPM,40.8453808,-73.93741
360050204002,891.0,7.86,30.07,58.7,Minority,High_poverty,HPM,40.8400643,-73.8497287
360810723001,347.0,76.66,16.71,6.63,White,Low_poverty,LPW,40.7191878,-73.8479314
360470367001,1032.0,7.07,16.67,83.82,Minority,Low_poverty,LPM,40.6769955,-73.9045825
360470244002,1379.0,91.73,39.99,2.97,White,High_poverty,HPW,40.6216529,-73.985881
360470220004,1186.0,89.54,56.86,7.93,White,High_poverty,HPW,40.637356,-73.9959969
360850170052,2480.0,74.96,3.71,5.68,White,Low_poverty,LPW,40.5399337,-74.1748537
360050389005,490.0,5.71,21.84,94.28,Minority,Low_poverty,LPM,40.8549435,-73.8850486
360810934021,1719.0,55.73,11.15,21.01,White,Low_poverty,LPW,40.5777258,-73.838059
360470034003,963.0,66.67,3.95,28.87,White,Low_poverty,LPW,40.6360139,-74.0344291
360810363001,1002.0,6.59,17.92,80.74,Minority,Low_poverty,LPM,40.7606103,-73.8696131
360470060001,1279.0,33.54,7.97,55.51,Minority,Low_poverty,LPM,40.6227647,-74.0308664
360050309001,1049.0,74.74,7.24,20.49,White,Low_poverty,LPW,40.9017787,-73.9140106
360050301001,717.0,51.05,32.28,44.49,White,High_poverty,HPW,40.8834139,-73.9184464
360470307002,1943.0,1.54,78.8,98.45,Minority,High_poverty,HPM,40.6754325,-73.9234442
360470458001,708.0,95.2,11.02,1.27,White,Low_poverty,LPW,40.6279018,-73.9699257
360470766001,2103.0,12.22,11.15,80.6,Minority,Low_poverty,LPM,40.6331871,-73.956842
360850146041,1634.0,92.04,2.94,0.98,White,Low_poverty,LPW,40.5525991,-74.1565853
360610032007,723.0,66.94,14.52,25.59,White,Low_poverty,LPW,40.7261699,-73.9819323
360470275004,1354.0,9.6,17.96,77.62,Minority,Low_poverty,LPM,40.6827988,-73.9379614
360850125002,999.0,51.85,24.82,40.54,White,Low_poverty,LPW,40.6288209,-74.1187262
360810779041,1032.0,57.95,12.79,4.84,White,Low_poverty,LPW,40.7227136,-73.8126268
360050423001,1001.0,13.29,45.45,86.72,Minority,High_poverty,HPM,40.8794073,-73.8759701
360470065006,1428.0,76.4,14.99,13.09,White,Low_poverty,LPW,40.677714,-74.0001929
360050155001,2305.0,0.0,42.17,98.13,Minority,High_poverty,HPM,40.8373155,-73.8888885
360810061002,1998.0,48.35,4.75,26.72,Other,Low_poverty,LPO,40.7624026,-73.9228339
360050158001,1314.0,40.49,18.23,54.33,Minority,Low_poverty,LPM,40.8248672,-73.8186182
360610065004,1230.0,76.99,14.8,9.11,White,Low_poverty,LPW,40.7278645,-74.0001736
360470758002,929.0,80.41,8.83,4.63,White,Low_poverty,LPW,40.6166188,-73.9534908
360810189003,738.0,38.08,31.17,28.18,Other,High_poverty,HPO,40.7391879,-73.9266163
360470236001,967.0,100.0,49.22,0.0,White,High_poverty,HPW,40.6308609,-73.9874857
360470056011,1195.0,63.26,8.7,32.64,White,Low_poverty,LPW,40.6150045,-74.0376412
360810038001,810.0,9.63,1.11,60.87,Minority,Low_poverty,LPM,40.6854133,-73.8453333
360470211001,525.0,2.86,5.33,96.0,Minority,Low_poverty,LPM,40.6973099,-73.978558
360470600005,893.0,60.92,3.25,16.91,White,Low_poverty,LPW,40.5872049,-73.9507536
360811267001,3123.0,41.95,37.97,44.86,Other,High_poverty,HPO,40.7216024,-73.7948524
360470462021,1120.0,88.66,33.39,6.43,White,High_poverty,HPW,40.625201,-73.9723113
360810398002,782.0,1.41,12.79,92.97,Minority,Low_poverty,LPM,40.6953149,-73.7663914
360610088002,1606.0,64.63,3.86,5.98,White,Low_poverty,LPW,40.7488274,-73.9738295
360850040006,1487.0,6.05,5.32,67.18,Minority,Low_poverty,LPM,40.6178222,-74.0778612
360050206012,1061.0,6.41,38.83,65.98,Minority,High_poverty,HPM,40.8375089,-73.851168
360471158002,846.0,1.06,32.27,95.27,Minority,High_poverty,HPM,40.6690217,-73.8921988
360811471002,1181.0,58.51,1.61,5.92,White,Low_poverty,LPW,40.7601805,-73.7637242
360050200004,2127.0,2.07,35.31,59.29,Minority,High_poverty,HPM,40.8396069,-73.845038
360810638002,422.0,1.9,6.89,94.79,Minority,Low_poverty,LPM,40.6680059,-73.737133
360610235012,2686.0,19.02,22.93,77.36,Minority,Low_poverty,LPM,40.8283765,-73.9404291
360810028001,2020.0,17.77,8.42,56.43,Minority,Low_poverty,LPM,40.6934761,-73.84506
360050516004,1421.0,42.01,1.55,57.99,Minority,Low_poverty,LPM,40.8413754,-73.785884
360810245001,1748.0,63.1,4.35,23.8,White,Low_poverty,LPW,40.7401221,-73.9043634
360810257001,1500.0,21.27,7.92,34.4,Other,Low_poverty,LPO,40.7501044,-73.9051748
360810274001,1718.0,0.0,11.58,84.23,Minority,Low_poverty,LPM,40.684905,-73.788989
360810515003,807.0,51.67,18.46,39.9,White,Low_poverty,LPW,40.7297699,-73.9029855
360810530002,1394.0,2.3,5.45,96.34,Minority,Low_poverty,LPM,40.6959816,-73.7538698
360810394001,1317.0,0.76,5.8,96.66,Minority,Low_poverty,LPM,40.6917716,-73.7576699
360470513001,1451.0,77.05,16.75,11.16,White,Low_poverty,LPW,40.7125642,-73.9502646
360470199002,703.0,66.0,3.84,29.3,White,Low_poverty,LPW,40.6838711,-73.9663431
360610224003,1539.0,0.0,58.35,100.0,Minority,High_poverty,HPM,40.8127173,-73.9474633
360810713031,2364.0,57.19,0.63,23.64,White,Low_poverty,LPW,40.7272139,-73.8508688
360850029002,2198.0,4.14,78.94,94.09,Minority,High_poverty,HPM,40.6227021,-74.0807221
360850075003,2096.0,57.59,15.14,28.63,White,Low_poverty,LPW,40.6335573,-74.0940205
360050456003,927.0,42.18,2.8,57.83,Minority,Low_poverty,LPM,40.8874701,-73.8126645
360470640001,973.0,66.29,3.41,22.3,White,Low_poverty,LPW,40.6119452,-73.9388004
360470374012,1706.0,59.14,15.53,1.52,White,Low_poverty,LPW,40.5885289,-73.9688965
360810859002,1969.0,14.63,18.65,26.11,Other,Low_poverty,LPO,40.7553203,-73.8203504
360810097001,586.0,60.24,7.34,29.35,White,Low_poverty,LPW,40.7782131,-73.9196922
360810426001,477.0,35.64,100.0,58.28,Minority,High_poverty,HPM,40.6888699,-73.7702298
360050131002,1537.0,0.98,31.82,98.37,Minority,High_poverty,HPM,40.8261277,-73.8961324
360810582001,1818.0,1.76,11.77,82.45,Minority,Low_poverty,LPM,40.7088551,-73.7397217
360470003011,717.0,80.06,9.84,3.91,White,Low_poverty,LPW,40.6975963,-73.9961683
360471182021,1444.0,1.04,13.99,95.08,Minority,Low_poverty,LPM,40.6894163,-73.8686971
360610091002,2060.0,71.65,9.13,3.98,White,Low_poverty,LPW,40.7459817,-73.9961345
360470573003,691.0,81.04,7.53,6.37,White,Low_poverty,LPW,40.7277434,-73.9508872
360470527003,823.0,18.96,16.65,74.97,Minority,Low_poverty,LPM,40.706857,-73.9517762
360470545002,1073.0,100.0,58.9,0.0,White,High_poverty,HPW,40.705713,-73.9673603
360470628003,688.0,87.65,4.8,12.35,White,Low_poverty,LPW,40.5862433,-73.9213754
360470780001,919.0,5.11,6.53,94.45,Minority,Low_poverty,LPM,40.635669,-73.939275
360470490002,2515.0,52.09,22.74,17.9,White,Low_poverty,LPW,40.6373291,-73.972961
360470013002,361.0,49.86,96.68,45.15,Other,High_poverty,HPO,40.6998743,-73.9875614
360810818003,1384.0,0.0,10.2,60.91,Minority,Low_poverty,LPM,40.671521,-73.8101329
360811447001,1069.0,12.72,12.75,40.5,Other,Low_poverty,LPO,40.758042,-73.773116
360050084002,2145.0,3.03,5.21,93.06,Minority,Low_poverty,LPM,40.8156582,-73.8468196
360050143001,1482.0,0.88,40.78,97.03,Minority,High_poverty,HPM,40.8277474,-73.9121298
360470527002,878.0,56.83,11.16,39.41,White,Low_poverty,LPW,40.7080933,-73.9524676
360470888001,1217.0,0.74,24.98,98.03,Minority,Low_poverty,LPM,40.6553084,-73.9176456
360610097002,979.0,2.96,47.29,76.4,Minority,High_poverty,HPM,40.7502338,-74.0004531
360470396001,669.0,97.46,11.81,2.54,White,Low_poverty,LPW,40.5975467,-73.9687159
360610157002,1344.0,89.96,1.71,10.04,White,Low_poverty,LPW,40.7771573,-73.9771303
360470818002,854.0,22.01,2.71,57.96,Minority,Low_poverty,LPM,40.6517435,-73.9464478
360470830002,966.0,0.0,11.7,95.86,Minority,Low_poverty,LPM,40.6417161,-73.9445409
360470870003,645.0,0.0,9.46,100.0,Minority,Low_poverty,LPM,40.6553474,-73.9344436
360850147002,1432.0,77.37,4.61,20.88,White,Low_poverty,LPW,40.6187998,-74.1123692
360850187021,1764.0,55.22,8.96,15.02,White,Low_poverty,LPW,40.6058903,-74.1291858
360850277021,2779.0,72.51,8.31,15.98,White,Low_poverty,LPW,40.5792943,-74.1578027
360470956001,2143.0,1.07,13.77,98.04,Minority,Low_poverty,LPM,40.6341716,-73.9130298
360810075001,1366.0,44.0,23.35,21.82,Other,Low_poverty,LPO,40.7650802,-73.9283857
360810091001,900.0,49.89,20.78,45.22,Other,Low_poverty,LPO,40.7764096,-73.931699
360810033001,1877.0,43.42,11.19,22.86,Other,Low_poverty,LPO,40.7514591,-73.9394318
360610078003,735.0,70.48,10.48,14.56,White,Low_poverty,LPW,40.7460457,-73.975857
360050281001,1341.0,33.26,11.11,54.21,Minority,Low_poverty,LPM,40.8837584,-73.8916408
360050408001,562.0,0.0,27.4,100.0,Minority,Low_poverty,LPM,40.890896,-73.8610408
360050265001,2419.0,7.81,33.4,89.83,Minority,High_poverty,HPM,40.8675894,-73.8991934
360470878002,575.0,6.43,0.0,91.83,Minority,Low_poverty,LPM,40.6593557,-73.9326584
360470888002,1747.0,0.0,4.98,89.75,Minority,Low_poverty,LPM,40.6532886,-73.91671
360470900002,207.0,0.0,76.33,100.0,Minority,High_poverty,HPM,40.6666299,-73.9182376
360471134002,700.0,0.0,37.71,96.71,Minority,High_poverty,HPM,40.6665137,-73.8983533
360471166002,1142.0,6.65,12.73,81.96,Minority,Low_poverty,LPM,40.6745742,-73.8822079
360810145002,1382.0,55.5,20.12,41.24,White,Low_poverty,LPW,40.7648385,-73.9087074
360810012001,1380.0,17.61,5.29,57.03,Minority,Low_poverty,LPM,40.6945872,-73.8587306
360471188002,1331.0,6.84,27.0,73.17,Minority,Low_poverty,LPM,40.6790578,-73.8662315
360471210001,1922.0,0.0,47.5,97.71,Minority,High_poverty,HPM,40.6710971,-73.872574
360810040012,1087.0,23.92,17.5,37.9,Other,Low_poverty,LPO,40.6827317,-73.8479698
360810320003,2046.0,0.0,11.89,99.56,Minority,Low_poverty,LPM,40.6622113,-73.7675744
360810187002,1028.0,39.88,7.78,22.86,Other,Low_poverty,LPO,40.7369288,-73.9241752
360470349001,1214.0,13.34,25.29,77.59,Minority,Low_poverty,LPM,40.6705302,-73.929565
360810045003,1355.0,63.32,1.55,23.1,White,Low_poverty,LPW,40.7626052,-73.9317169
360850146072,1409.0,83.46,5.96,7.74,White,Low_poverty,LPW,40.5573176,-74.1603349
360470074001,1405.0,22.21,50.25,40.43,Other,High_poverty,HPO,40.6418668,-74.0155246
360470427003,1204.0,30.4,40.28,65.78,Minority,High_poverty,HPM,40.7039362,-73.9272127
360810938002,1817.0,90.81,9.08,5.56,White,Low_poverty,LPW,40.5816746,-73.8248894
360471132001,614.0,7.98,5.13,92.02,Minority,Low_poverty,LPM,40.6628969,-73.899692
360050419002,574.0,35.37,3.48,60.8,Minority,Low_poverty,LPM,40.8755583,-73.8809981
360810513002,1098.0,66.85,5.46,16.67,White,Low_poverty,LPW,40.7301378,-73.8974894
360470992001,2311.0,2.29,10.21,95.72,Minority,Low_poverty,LPM,40.6374035,-73.9012845
360810185021,564.0,68.44,18.09,13.48,White,Low_poverty,LPW,40.7408237,-73.9243813
360470185011,530.0,52.83,26.3,33.78,White,Low_poverty,LPW,40.6947277,-73.9726915
360470266002,999.0,25.23,16.02,8.81,Other,Low_poverty,LPO,40.6128783,-73.9902482
360050245011,1516.0,0.0,55.28,95.98,Minority,High_poverty,HPM,40.8523424,-73.9142487
360810149001,1023.0,59.92,2.64,28.54,White,Low_poverty,LPW,40.7615353,-73.913548
360470421003,1081.0,17.76,16.19,74.38,Minority,Low_poverty,LPM,40.69767,-73.9251674
360610030012,1166.0,61.06,28.13,10.98,White,Low_poverty,LPW,40.7207549,-73.9883956
360470746002,945.0,94.5,6.43,5.5,White,Low_poverty,LPW,40.6182811,-73.9443301
360050092001,1100.0,1.0,24.91,71.36,Minority,Low_poverty,LPM,40.8328136,-73.8564926
360470620002,659.0,100.0,7.74,0.0,White,Low_poverty,LPW,40.5794539,-73.9433528
360810294001,1753.0,0.0,10.44,94.64,Minority,Low_poverty,LPM,40.6756345,-73.7800664
360470245002,1742.0,22.39,6.31,65.44,Minority,Low_poverty,LPM,40.6830585,-73.951982
360811367002,643.0,30.17,0.0,0.0,Other,Low_poverty,LPO,40.7422957,-73.7620345
360050002001,1744.0,0.69,27.35,99.32,Minority,Low_poverty,LPM,40.8139633,-73.8608664
360810045002,880.0,62.16,3.07,13.63,White,Low_poverty,LPW,40.763797,-73.9342025
360470830003,1737.0,0.0,10.54,99.02,Minority,Low_poverty,LPM,40.6395653,-73.9440119
360470824002,1156.0,1.12,1.56,98.35,Minority,Low_poverty,LPM,40.6479528,-73.9483042
360470159001,1459.0,80.53,3.87,6.99,White,Low_poverty,LPW,40.6742686,-73.9706173
360050390001,1540.0,3.9,12.01,91.76,Minority,Low_poverty,LPM,40.8807992,-73.8592735
360470297001,1201.0,14.32,16.82,78.35,Minority,Low_poverty,LPM,40.6821697,-73.9304031
360610121005,711.0,88.19,13.4,6.47,White,Low_poverty,LPW,40.7600752,-73.9895802
360810073002,1758.0,38.91,14.11,27.02,Other,Low_poverty,LPO,40.7672284,-73.9255999
360470670001,876.0,11.3,4.11,83.79,Minority,Low_poverty,LPM,40.6132962,-73.9246863
360470878001,497.0,0.0,16.3,97.38,Minority,Low_poverty,LPM,40.6595055,-73.9302345
360470199001,544.0,67.65,19.12,24.08,White,Low_poverty,LPW,40.6855311,-73.9662889
360810181021,976.0,53.69,9.32,24.7,White,Low_poverty,LPW,40.7454254,-73.9225174
360470078004,881.0,12.26,14.62,82.41,Minority,Low_poverty,LPM,40.6470048,-74.0134677
360610159005,1547.0,77.63,8.86,8.59,White,Low_poverty,LPW,40.7795495,-73.9828041
360050157002,1926.0,0.0,34.74,95.69,Minority,High_poverty,HPM,40.8337522,-73.8888383
360470155001,669.0,70.55,5.68,23.02,White,Low_poverty,LPW,40.6714143,-73.9778076
360470460001,1111.0,58.06,13.95,17.19,White,Low_poverty,LPW,40.6300052,-73.969642
360810097002,957.0,82.76,2.09,5.75,White,Low_poverty,LPW,40.7769873,-73.9201469
360470404001,1054.0,45.83,5.22,12.15,Other,Low_poverty,LPO,40.6019451,-73.984762
360470916002,811.0,0.37,47.92,98.15,Minority,High_poverty,HPM,40.6601076,-73.9092631
360610239001,1287.0,22.92,10.8,68.07,Minority,Low_poverty,LPM,40.8322236,-73.9404112
360470956002,2364.0,15.27,13.45,81.52,Minority,Low_poverty,LPM,40.6370454,-73.9087038
360470636001,1289.0,61.13,10.94,15.9,White,Low_poverty,LPW,40.6099355,-73.9361433
360050160004,538.0,57.43,11.15,29.37,White,Low_poverty,LPW,40.8342296,-73.8180503
360610071005,1019.0,92.74,6.18,5.69,White,Low_poverty,LPW,40.7331025,-74.0010429
360470339001,1209.0,14.81,32.51,84.29,Minority,High_poverty,HPM,40.6709834,-73.9378726
360470610031,367.0,51.23,23.16,13.35,White,Low_poverty,LPW,40.5805202,-73.9587706
360050185002,970.0,0.0,38.04,98.04,Minority,High_poverty,HPM,40.829469,-73.9039292
360050083004,1427.0,0.0,45.48,96.22,Minority,High_poverty,HPM,40.8132061,-73.9019531
360050237031,3104.0,2.0,31.46,96.94,Minority,High_poverty,HPM,40.8609922,-73.8990057
360050279004,1594.0,27.29,17.75,61.17,Minority,Low_poverty,LPM,40.8832239,-73.8952553
360050383013,2295.0,0.0,22.66,100.0,Minority,Low_poverty,LPM,40.8580526,-73.8985919
360610088005,1069.0,47.9,0.0,0.0,Other,Low_poverty,LPO,40.7503067,-73.9703115
360610126004,1259.0,74.19,0.95,0.64,White,Low_poverty,LPW,40.7676526,-73.9606664
360610229005,1940.0,23.66,11.03,73.97,Minority,Low_poverty,LPM,40.8264146,-73.9539843
360610118004,1701.0,89.83,11.52,4.64,White,Low_poverty,LPW,40.7654278,-73.9592792
360610211005,1406.0,0.0,37.13,95.52,Minority,High_poverty,HPM,40.8136844,-73.9575619
360050393005,659.0,10.02,69.35,88.31,Minority,High_poverty,HPM,40.8518138,-73.8828623
360050050023,1178.0,0.0,38.03,94.23,Minority,High_poverty,HPM,40.8274568,-73.8774796
360050067005,396.0,0.0,75.0,100.0,Minority,High_poverty,HPM,40.8181002,-73.9178457
360610080005,1079.0,79.15,2.04,7.41,White,Low_poverty,LPW,40.7480265,-73.9795952
360610040006,1123.0,66.61,5.42,10.96,White,Low_poverty,LPW,40.7311864,-73.9842375
360610265003,1223.0,45.38,5.56,43.83,Other,Low_poverty,LPO,40.8505579,-73.9417957
360050115023,1596.0,0.0,46.49,99.43,Minority,High_poverty,HPM,40.8182577,-73.8842309
360050175005,692.0,0.0,39.41,100.0,Minority,High_poverty,HPM,40.8304508,-73.9131946
360050210014,3538.0,1.95,24.48,81.66,Minority,Low_poverty,LPM,40.8401983,-73.8611077
360610172002,1039.0,0.0,39.46,99.23,Minority,High_poverty,HPM,40.794514,-73.9456769
360610187005,1729.0,41.06,26.85,29.84,Other,Low_poverty,LPO,40.7975531,-73.968745
360610038006,1015.0,83.74,18.6,3.65,White,Low_poverty,LPW,40.7271968,-73.9871476
360610066008,635.0,29.45,55.59,52.6,Minority,High_poverty,HPM,40.7399038,-73.9778892
360610079002,1410.0,82.77,10.57,5.46,White,Low_poverty,LPW,40.7371288,-74.0090592
360470153003,908.0,71.15,7.16,19.05,White,Low_poverty,LPW,40.6680663,-73.9822559
360470161003,1176.0,79.85,5.1,8.76,White,Low_poverty,LPW,40.6782128,-73.9740409
360470202002,845.0,69.47,4.96,10.18,White,Low_poverty,LPW,40.6211594,-74.011917
360810845002,1793.0,6.58,19.07,48.19,Other,Low_poverty,LPO,40.7510588,-73.8216108
360810998014,1803.0,5.05,0.89,82.7,Minority,Low_poverty,LPM,40.5963051,-73.7557744
360811529013,1894.0,59.71,9.19,13.78,White,Low_poverty,LPW,40.7572617,-73.7337731
360810865002,2310.0,4.11,22.73,6.36,Other,Low_poverty,LPO,40.7628973,-73.823997
360050251006,208.0,0.0,36.06,100.0,Minority,High_poverty,HPM,40.8557135,-73.9099458
360050287002,328.0,30.79,24.7,69.21,Minority,Low_poverty,LPM,40.8827954,-73.9027945
360050300006,1087.0,35.23,9.66,56.3,Minority,Low_poverty,LPM,40.8506017,-73.8325223
360050426003,838.0,17.54,0.72,82.46,Minority,Low_poverty,LPM,40.8900421,-73.8373207
360470050003,714.0,76.05,3.22,19.33,White,Low_poverty,LPW,40.6244835,-74.0350568
360811032012,1812.0,0.0,33.61,92.39,Minority,High_poverty,HPM,40.607962,-73.7554877
360470071002,844.0,63.51,11.26,26.66,White,Low_poverty,LPW,40.6823843,-73.9865447
360470077004,1532.0,63.9,1.12,23.57,White,Low_poverty,LPW,40.6792822,-73.9964389
360470096001,1477.0,8.33,21.26,58.09,Minority,Low_poverty,LPM,40.6459111,-74.0040997
360470102003,1277.0,5.48,20.99,36.1,Other,Low_poverty,LPO,40.6405205,-74.0132954
360050373001,1334.0,1.57,42.09,97.75,Minority,High_poverty,HPM,40.8504023,-73.8885575
360470130003,820.0,69.27,1.1,19.02,White,Low_poverty,LPW,40.6313489,-74.0218854
360470136004,855.0,59.42,5.73,34.97,White,Low_poverty,LPW,40.6286752,-74.024459
360470286004,870.0,21.72,12.53,63.22,Minority,Low_poverty,LPM,40.6001038,-74.0011419
360470460003,469.0,43.28,6.4,25.16,Other,Low_poverty,LPO,40.6332998,-73.9626218
360470610041,1048.0,62.5,12.98,16.13,White,Low_poverty,LPW,40.5798814,-73.9578242
360050434001,1093.0,5.76,10.06,86.28,Minority,Low_poverty,LPM,40.9005541,-73.8504841
360850208033,2076.0,89.6,0.63,7.18,White,Low_poverty,LPW,40.5276434,-74.2086968
360050042004,1525.0,0.0,1.51,100.0,Minority,Low_poverty,LPM,40.8226053,-73.8623067
360050093002,1077.0,3.53,50.93,96.47,Minority,High_poverty,HPM,40.8179926,-73.890646
360050209004,1239.0,9.44,32.36,89.83,Minority,High_poverty,HPM,40.8422743,-73.9130715
360850039002,1669.0,44.7,9.62,43.98,Other,Low_poverty,LPO,40.6222478,-74.092829
360850208032,2774.0,87.2,9.41,10.09,White,Low_poverty,LPW,40.5357196,-74.2083281
360050184001,945.0,44.66,4.97,55.35,Minority,Low_poverty,LPM,40.839928,-73.8276471
360050369021,795.0,0.0,57.74,100.0,Minority,High_poverty,HPM,40.8430407,-73.8942461
360470240002,1936.0,96.28,32.76,3.71,White,High_poverty,HPW,40.6288357,-73.9942336
360471116001,2536.0,1.62,31.2,98.11,Minority,High_poverty,HPM,40.6654088,-73.8768385
360470085002,1900.0,0.0,36.26,86.53,Minority,High_poverty,HPM,40.6757548,-74.0042407
360610146025,1268.0,56.55,0.0,25.39,White,Low_poverty,LPW,40.7783661,-73.949835
360610154006,1394.0,87.23,4.02,7.39,White,Low_poverty,LPW,40.7796221,-73.9489214
360470257002,585.0,9.4,28.72,90.6,Minority,Low_poverty,LPM,40.6984344,-73.9454464
360470289004,1171.0,7.69,63.79,88.39,Minority,High_poverty,HPM,40.6937222,-73.9341991
360470369002,1136.0,5.63,30.72,92.96,Minority,High_poverty,HPM,40.6772384,-73.9094127
360470386001,2115.0,44.63,14.33,26.1,Other,Low_poverty,LPO,40.5920667,-73.9735517
360470335002,869.0,66.28,24.02,23.59,White,Low_poverty,LPW,40.6675158,-73.940982
360810818001,1837.0,8.66,23.41,59.45,Minority,Low_poverty,LPM,40.6720633,-73.807594
360811339001,1302.0,58.76,6.99,15.36,White,Low_poverty,LPW,40.72864,-73.7900377
360470351003,1660.0,33.98,15.54,57.41,Minority,Low_poverty,LPM,40.6666039,-73.9327208
360470400003,1091.0,33.55,6.87,10.82,Other,Low_poverty,LPO,40.5974763,-73.9791453
360470423001,1681.0,18.86,25.12,80.13,Minority,Low_poverty,LPM,40.6979385,-73.9276103
360470336005,982.0,66.6,11.2,28.0,White,Low_poverty,LPW,40.5799882,-74.0069568
360470798011,1696.0,31.96,7.37,61.03,Minority,Low_poverty,LPM,40.6610869,-73.9588187
360470894004,734.0,0.82,44.46,99.18,Minority,High_poverty,HPM,40.6592978,-73.9151581
360850011002,757.0,25.23,21.27,62.62,Minority,Low_poverty,LPM,40.6374973,-74.0833967
360850033001,1657.0,30.6,11.76,53.96,Minority,Low_poverty,LPM,40.6312107,-74.0847732
360850077001,1526.0,10.09,23.08,84.67,Minority,Low_poverty,LPM,40.6378663,-74.0902676
360810677001,934.0,79.12,1.07,3.96,White,Low_poverty,LPW,40.7196212,-73.870429
360810693001,2094.0,38.16,20.3,35.62,Other,Low_poverty,LPO,40.7294947,-73.8628032
360810741002,1086.0,39.59,5.2,16.11,Other,Low_poverty,LPO,40.7289847,-73.8474205
360811129001,617.0,47.65,1.13,12.64,Other,Low_poverty,LPO,40.7665351,-73.7757034
360811163002,1745.0,3.61,16.96,24.7,Other,Low_poverty,LPO,40.7611516,-73.8166908
360470474002,942.0,97.98,19.53,1.38,White,Low_poverty,LPW,40.6297662,-73.9842923
360470492002,841.0,37.57,10.25,27.58,Other,Low_poverty,LPO,40.6407409,-73.9700311
360470430001,725.0,60.69,20.41,6.34,White,Low_poverty,LPW,40.6101039,-73.9825094
360811621004,1018.0,24.85,4.3,42.24,Other,Low_poverty,LPO,40.7279191,-73.7258934
360470438001,1113.0,83.38,23.18,5.39,White,Low_poverty,LPW,40.6105548,-73.9690606
360470520001,1629.0,53.53,12.58,31.74,White,Low_poverty,LPW,40.6393721,-73.9648094
360810253021,1925.0,21.82,14.18,61.19,Minority,Low_poverty,LPM,40.745097,-73.9125086
360810357001,1438.0,8.83,2.64,74.68,Minority,Low_poverty,LPM,40.768194,-73.8744377
360810582003,956.0,1.78,0.73,95.4,Minority,Low_poverty,LPM,40.7037912,-73.7371084
360810757013,1521.0,37.21,4.34,7.37,Other,Low_poverty,LPO,40.7163654,-73.8323474
360810757021,1572.0,51.02,8.21,5.85,White,Low_poverty,LPW,40.7205908,-73.8394357
360810194002,1749.0,2.17,3.72,51.8,Minority,Low_poverty,LPM,40.6863815,-73.8018802
360810399003,1409.0,1.85,12.77,89.99,Minority,Low_poverty,LPM,40.7535594,-73.8539819
360050221023,1702.0,2.7,32.26,94.07,Minority,High_poverty,HPM,40.8367412,-73.916899
360050235021,1632.0,0.0,31.76,100.0,Minority,High_poverty,HPM,40.8496139,-73.9043437
360050380001,1282.0,2.89,15.86,93.99,Minority,Low_poverty,LPM,40.8769918,-73.8607849
360050033001,571.0,1.58,13.66,98.43,Minority,Low_poverty,LPM,40.8076138,-73.9101259
360470176001,988.0,43.72,7.79,18.22,Other,Low_poverty,LPO,40.6018157,-74.0086432
360050356001,1292.0,1.63,10.45,84.6,Minority,Low_poverty,LPM,40.8692611,-73.8401515
360050251004,998.0,4.51,28.76,95.49,Minority,Low_poverty,LPM,40.8560948,-73.9085688
360050162001,947.0,38.65,11.7,61.35,Minority,Low_poverty,LPM,40.8279103,-73.8208761
360470317021,1076.0,36.15,5.48,50.0,Minority,Low_poverty,LPM,40.6715638,-73.948949
360470326004,697.0,10.33,62.41,89.67,Minority,High_poverty,HPM,40.5770815,-73.9913524
360470267002,1467.0,30.4,16.55,59.1,Minority,Low_poverty,LPM,40.6843391,-73.9441124
360810424003,699.0,0.72,12.72,82.98,Minority,Low_poverty,LPM,40.6941367,-73.7755132
360811227024,911.0,14.49,24.37,32.82,Other,Low_poverty,LPO,40.7379546,-73.8125672
360810683002,1180.0,7.2,7.88,23.39,Other,Low_poverty,LPO,40.7349337,-73.8690811
360470284002,1036.0,50.29,15.64,20.56,White,Low_poverty,LPW,40.6061317,-73.9984617
360810452001,1335.0,14.98,12.42,28.62,Other,Low_poverty,LPO,40.7145881,-73.7995605
360810468001,1348.0,2.45,15.36,29.82,Other,Low_poverty,LPO,40.7118818,-73.7825571
360810480001,1481.0,3.51,2.5,25.32,Other,Low_poverty,LPO,40.7136942,-73.7737306
360810594002,1095.0,0.55,1.19,99.45,Minority,Low_poverty,LPM,40.6974916,-73.73181
360810629002,739.0,82.14,11.68,10.02,White,Low_poverty,LPW,40.7009596,-73.88352
360811267002,492.0,15.65,37.2,39.03,Other,High_poverty,HPO,40.717564,-73.8050771
360810583001,1498.0,41.32,6.54,47.4,Other,Low_poverty,LPO,40.7022388,-73.8960221
360810853004,1286.0,1.17,30.87,4.27,Other,High_poverty,HPO,40.7544316,-73.8291355
360050181012,947.0,0.0,34.95,88.38,Minority,High_poverty,HPM,40.8326565,-73.9149867
360810551002,1090.0,24.13,19.17,46.51,Other,Low_poverty,LPO,40.700759,-73.9061591
360810154002,1260.0,3.17,8.25,16.98,Other,Low_poverty,LPO,40.6914099,-73.8233191
360810467001,1679.0,1.43,3.22,86.77,Minority,Low_poverty,LPM,40.7476059,-73.872996
360610271001,2156.0,10.16,23.52,84.65,Minority,Low_poverty,LPM,40.8523381,-73.9323305
360470231001,1725.0,43.88,11.01,37.16,Other,Low_poverty,LPO,40.6879848,-73.9612764
360610137002,450.0,69.33,27.11,15.33,White,Low_poverty,LPW,40.76526,-73.9783707
360810122002,1444.0,6.23,15.31,39.75,Other,Low_poverty,LPO,40.6961974,-73.831901
360810128002,1361.0,9.26,10.72,73.04,Minority,Low_poverty,LPM,40.6970655,-73.8393014
360050221022,1149.0,0.78,20.63,97.3,Minority,Low_poverty,LPM,40.8376396,-73.9160998
360811189001,1176.0,16.67,19.04,15.05,Other,Low_poverty,LPO,40.7572772,-73.8128645
360470370004,965.0,74.72,19.48,2.07,White,Low_poverty,LPW,40.5860629,-73.9615298
360470545006,1462.0,81.53,30.16,18.47,White,High_poverty,HPW,40.704237,-73.9640895
360810635002,1543.0,63.9,22.55,31.3,White,Low_poverty,LPW,40.7042011,-73.8680031
360470404002,1405.0,42.92,25.7,3.84,Other,Low_poverty,LPO,40.6023796,-73.9859495
360610136008,2324.0,86.36,14.41,11.14,White,Low_poverty,LPW,40.7734818,-73.9473702
360471012001,1490.0,3.09,7.05,94.36,Minority,Low_poverty,LPM,40.6405425,-73.894576
360470740001,1405.0,8.33,7.03,49.68,Other,Low_poverty,LPO,40.6285111,-73.9413778
360850226003,3179.0,94.05,3.27,3.4,White,Low_poverty,LPW,40.5322338,-74.2209613
360810401003,2225.0,0.0,6.97,84.68,Minority,Low_poverty,LPM,40.74941,-73.856404
360470065004,831.0,93.26,2.29,2.05,White,Low_poverty,LPW,40.679626,-73.9993979
360850097003,1454.0,56.6,0.0,39.41,White,Low_poverty,LPW,40.64223,-74.1032024
360470072001,1900.0,8.11,34.32,71.26,Minority,High_poverty,HPM,40.6402978,-74.0204135
360470456002,1106.0,64.38,16.64,11.39,White,Low_poverty,LPW,40.6263711,-73.9672045
360850096012,2541.0,77.37,8.49,17.86,White,Low_poverty,LPW,40.5943513,-74.0908152
360470245003,949.0,33.61,8.85,58.9,Minority,Low_poverty,LPM,40.6819599,-73.9517615
360470265002,775.0,33.81,13.22,59.87,Minority,Low_poverty,LPM,40.6872704,-73.9446925
360610192002,1399.0,2.36,60.76,91.64,Minority,High_poverty,HPM,40.7992955,-73.9319249
360610158014,1007.0,73.78,2.78,1.39,White,Low_poverty,LPW,40.7855573,-73.9522166
360050224012,1628.0,8.85,16.65,82.31,Minority,Low_poverty,LPM,40.854198,-73.8682831
360810126011,1647.0,7.23,9.81,61.08,Minority,Low_poverty,LPM,40.6940834,-73.8368354
360470383002,1517.0,12.66,46.93,58.47,Minority,High_poverty,HPM,40.6848903,-73.9262802
360610026011,1879.0,27.09,32.17,43.75,Other,High_poverty,HPO,40.7220892,-73.9787526
360610033003,1485.0,83.3,3.5,4.24,White,Low_poverty,LPW,40.7201699,-74.0073007
360610065003,994.0,75.65,5.33,1.41,White,Low_poverty,LPW,40.729051,-74.0015916
360610040003,1039.0,55.34,3.59,25.99,White,Low_poverty,LPW,40.7302589,-73.9879255
360610159003,1641.0,78.06,14.56,9.69,White,Low_poverty,LPW,40.7798274,-73.9872496
360610098001,517.0,62.48,19.54,23.4,White,Low_poverty,LPW,40.7575461,-73.9680502
360610130004,583.0,96.74,1.54,3.26,White,Low_poverty,LPW,40.774388,-73.9645805
360610146022,1517.0,80.88,5.14,12.46,White,Low_poverty,LPW,40.7786855,-73.9526157
360610253004,1090.0,14.95,24.77,83.4,Minority,Low_poverty,LPM,40.8427451,-73.9383914
360610283002,3385.0,24.37,8.96,65.08,Minority,Low_poverty,LPM,40.8580233,-73.930083
360610291003,2015.0,7.99,26.8,92.01,Minority,Low_poverty,LPM,40.863263,-73.9218738
360470756002,1067.0,91.66,3.56,5.62,White,Low_poverty,LPW,40.6166661,-73.9488442
360610139001,1892.0,67.12,28.75,17.18,White,Low_poverty,LPW,40.7688545,-73.9868885
360610158012,1063.0,73.66,5.53,10.54,White,Low_poverty,LPW,40.7829723,-73.9519996
360610208003,1815.0,21.05,5.45,73.28,Minority,Low_poverty,LPM,40.808391,-73.9429283
360610181002,1475.0,41.02,7.05,49.83,Other,Low_poverty,LPO,40.792471,-73.9696662
360610189006,3151.0,5.24,45.13,77.88,Minority,High_poverty,HPM,40.7972874,-73.9661557
360470160002,1021.0,42.61,11.07,38.2,Other,Low_poverty,LPO,40.6167618,-74.0290047
360050181013,942.0,0.85,14.01,95.65,Minority,Low_poverty,LPM,40.8329431,-73.9158656
360610181003,2320.0,66.16,6.42,19.87,White,Low_poverty,LPW,40.793798,-73.9686872
360810797021,1710.0,7.84,40.35,6.61,Other,High_poverty,HPO,40.7508203,-73.8299625
360470860001,901.0,0.0,20.53,98.23,Minority,Low_poverty,LPM,40.6499064,-73.9311619
360810245003,474.0,29.96,5.7,23.0,Other,Low_poverty,LPO,40.7399045,-73.9017266
360050224043,2148.0,17.88,9.03,72.25,Minority,Low_poverty,LPM,40.8516841,-73.8663155
360470606002,1015.0,38.23,22.44,19.41,Other,Low_poverty,LPO,40.5863251,-73.9585878
360050218001,1398.0,6.94,49.28,93.06,Minority,High_poverty,HPM,40.838689,-73.8669823
360610099001,5981.0,63.84,7.36,17.63,White,Low_poverty,LPW,40.7520311,-74.0049075
360471196001,1645.0,0.55,41.16,87.11,Minority,High_poverty,HPM,40.6779776,-73.8742575
360850277051,2376.0,58.0,9.08,13.17,White,Low_poverty,LPW,40.5901676,-74.1551112
360810460003,1881.0,0.96,19.14,51.19,Minority,Low_poverty,LPM,40.7079431,-73.7918283
360470557002,1151.0,60.56,12.51,27.63,White,Low_poverty,LPW,40.7222725,-73.9589982
360610253006,2095.0,22.48,18.57,74.13,Minority,Low_poverty,LPM,40.8429112,-73.9404475
360050356002,962.0,1.25,18.36,94.91,Minority,Low_poverty,LPM,40.8662361,-73.8348897
360810929002,1039.0,8.85,12.08,61.69,Minority,Low_poverty,LPM,40.7837016,-73.8527106
360050070003,1018.0,0.0,11.79,77.9,Minority,Low_poverty,LPM,40.8312003,-73.8647225
360470232004,735.0,54.69,65.71,39.18,White,High_poverty,HPW,40.6382806,-73.986937
360470974001,1656.0,6.7,38.6,86.77,Minority,High_poverty,HPM,40.647823,-73.9001602
360610108004,946.0,93.66,2.33,1.48,White,Low_poverty,LPW,40.7578206,-73.9648247
360050255003,1228.0,15.47,22.28,84.53,Minority,Low_poverty,LPM,40.8605999,-73.910309
360610015011,3237.0,64.32,3.75,9.73,White,Low_poverty,LPW,40.7108334,-74.0059928
360470556003,826.0,51.09,15.41,35.23,White,Low_poverty,LPW,40.6027488,-73.9608306
360050236002,821.0,30.94,22.72,64.55,Minority,Low_poverty,LPM,40.8440653,-73.8669484
360810183005,904.0,48.34,11.17,25.55,Other,Low_poverty,LPO,40.7422343,-73.9203088
360050087004,834.0,2.16,35.5,87.17,Minority,High_poverty,HPM,40.8204681,-73.8969297
360810398001,893.0,1.46,3.7,98.55,Minority,Low_poverty,LPM,40.6939474,-73.7635179
360850132032,2165.0,77.78,12.93,20.6,White,Low_poverty,LPW,40.5452705,-74.144999
360610225002,2178.0,15.75,14.69,75.34,Minority,Low_poverty,LPM,40.8230824,-73.9542614
360050419007,951.0,14.83,10.94,63.83,Minority,Low_poverty,LPM,40.8772459,-73.8808026
360610124004,1550.0,68.65,2.06,4.26,White,Low_poverty,LPW,40.7663312,-73.9556023
360050177021,1420.0,0.0,29.51,92.26,Minority,Low_poverty,LPM,40.8357199,-73.9091855
360850181002,1673.0,88.22,3.05,4.42,White,Low_poverty,LPW,40.5903054,-74.1218642
360050419001,1362.0,5.29,14.61,90.31,Minority,Low_poverty,LPM,40.8790106,-73.8802266
360470429003,1153.0,34.95,16.65,45.62,Other,Low_poverty,LPO,40.7013721,-73.922704
360050265004,1156.0,0.0,43.17,89.1,Minority,High_poverty,HPM,40.8650655,-73.900419
360610090005,645.0,61.24,6.98,9.46,White,Low_poverty,LPW,40.7540962,-73.9705549
360470365021,1415.0,3.53,30.71,93.93,Minority,High_poverty,HPM,40.674726,-73.907543
360470574002,1366.0,44.73,7.23,5.34,Other,Low_poverty,LPO,40.5996519,-73.9444285
360810288001,1516.0,0.0,9.23,76.84,Minority,Low_poverty,LPM,40.6817041,-73.7831854
360470490003,681.0,85.76,44.61,6.32,White,High_poverty,HPW,40.6370746,-73.9752609
360470732001,1019.0,1.18,8.1,87.44,Minority,Low_poverty,LPM,40.6267539,-73.9334248
360470210002,1203.0,18.79,17.54,9.64,Other,Low_poverty,LPO,40.6278663,-74.0085275
360470094002,2268.0,7.5,19.19,8.38,Other,Low_poverty,LPO,40.6429242,-74.0024244
360810126022,1606.0,18.62,11.96,53.05,Minority,Low_poverty,LPM,40.6923077,-73.840622
360810669002,918.0,83.99,2.94,8.93,White,Low_poverty,LPW,40.7232785,-73.8877415
360050328002,889.0,6.75,55.12,93.25,Minority,High_poverty,HPM,40.8587873,-73.863218
360810682002,333.0,0.0,9.01,88.29,Minority,Low_poverty,LPM,40.6671588,-73.7516793
360050062003,2608.0,3.99,57.29,93.94,Minority,High_poverty,HPM,40.8348466,-73.8759873
360610156011,871.0,68.77,15.97,24.57,White,Low_poverty,LPW,40.7834056,-73.9461476
360610194002,593.0,23.44,15.57,63.91,Minority,Low_poverty,LPM,40.7992185,-73.9360462
360811187001,1284.0,12.31,8.8,35.91,Other,Low_poverty,LPO,40.7602558,-73.8103217
360471134003,1299.0,0.69,32.72,92.14,Minority,High_poverty,HPM,40.6667309,-73.9004507
360470420001,581.0,86.4,28.06,10.68,White,Low_poverty,LPW,40.6111611,-73.9635787
360850059002,1533.0,73.91,22.64,19.05,White,Low_poverty,LPW,40.6284046,-74.1019659
360810663003,792.0,75.51,0.0,6.06,White,Low_poverty,LPW,40.7206222,-73.8801675
360850291031,1171.0,93.08,5.81,4.18,White,Low_poverty,LPW,40.6065753,-74.1744426
360470528001,945.0,77.99,4.97,19.15,White,Low_poverty,LPW,40.6308124,-73.9611835
360810117002,823.0,67.19,11.42,16.04,White,Low_poverty,LPW,40.7729776,-73.9085691
360810690002,1825.0,6.19,6.39,87.01,Minority,Low_poverty,LPM,40.6591235,-73.7535362
360810351003,1072.0,7.56,2.61,85.35,Minority,Low_poverty,LPM,40.7604323,-73.8779098
360811139001,891.0,48.71,7.97,15.38,Other,Low_poverty,LPO,40.7664771,-73.7917509
360810682001,661.0,1.51,8.26,98.49,Minority,Low_poverty,LPM,40.6682678,-73.7494672
360610157001,823.0,74.48,0.0,19.93,White,Low_poverty,LPW,40.7778143,-73.9766457
360470532002,1185.0,78.48,25.65,0.51,White,Low_poverty,LPW,40.625127,-73.9597353
360470850001,1489.0,0.0,9.6,99.6,Minority,Low_poverty,LPM,40.6457434,-73.932316
360470381001,1273.0,15.48,11.7,79.19,Minority,Low_poverty,LPM,40.6824919,-73.9243075
360610054002,1243.0,71.6,5.71,8.45,White,Low_poverty,LPW,40.7376881,-73.9944967
360810007004,2966.0,42.25,3.53,27.48,Other,Low_poverty,LPO,40.742853,-73.9528369
360470264003,1560.0,27.56,18.21,43.08,Other,Low_poverty,LPO,40.6136181,-73.9984106
360810258002,1057.0,0.19,34.15,89.87,Minority,High_poverty,HPM,40.6953173,-73.7892809
360050239006,1928.0,0.0,60.94,99.58,Minority,High_poverty,HPM,40.8591779,-73.90178
360850189023,2050.0,48.98,11.22,13.47,Other,Low_poverty,LPO,40.6038909,-74.1332705
360050428001,878.0,0.8,7.4,96.12,Minority,Low_poverty,LPM,40.8953253,-73.8455388
360470806001,2112.0,36.17,24.2,55.11,Minority,Low_poverty,LPM,40.6619367,-73.9448657
360811093002,735.0,52.79,15.68,4.63,White,Low_poverty,LPW,40.7720053,-73.7676298
360050239005,839.0,0.0,31.35,100.0,Minority,High_poverty,HPM,40.8594843,-73.9026634
360810803023,1602.0,6.05,15.11,11.67,Other,Low_poverty,LPO,40.7400155,-73.8210954
360470215001,764.0,60.86,25.26,27.36,White,Low_poverty,LPW,40.6743446,-73.9617623
360050418001,657.0,6.39,7.09,49.31,Other,Low_poverty,LPO,40.8989195,-73.8564428
360811341002,1507.0,26.68,7.5,25.01,Other,Low_poverty,LPO,40.7328016,-73.7916381
360610307003,2007.0,55.85,13.85,37.92,White,Low_poverty,LPW,40.8720388,-73.9179532
360811277004,1279.0,83.03,0.0,12.2,White,Low_poverty,LPW,40.7269222,-73.7780951
360470900004,883.0,0.0,39.53,83.81,Minority,High_poverty,HPM,40.6661597,-73.9200495
360810633022,899.0,73.64,8.63,23.8,White,Low_poverty,LPW,40.7055,-73.8704967
360610059005,773.0,94.44,0.0,2.07,White,Low_poverty,LPW,40.73195,-73.9928741
360610127005,732.0,58.47,0.68,0.0,White,Low_poverty,LPW,40.7625731,-73.9877521
360810291003,1183.0,11.33,16.91,10.57,Other,Low_poverty,LPO,40.7498527,-73.893945
360470493002,1191.0,52.31,4.37,24.52,White,Low_poverty,LPW,40.7083125,-73.9419444
360050053001,2937.0,1.91,64.3,96.9,Minority,High_poverty,HPM,40.851312,-73.9223675
360610129002,5379.0,60.87,11.3,14.67,White,Low_poverty,LPW,40.7619528,-73.9971307
360810803021,1082.0,10.91,0.92,10.35,Other,Low_poverty,LPO,40.7419066,-73.829079
360810159001,1013.0,57.75,17.97,22.7,White,Low_poverty,LPW,40.7570771,-73.9183346
360470204001,844.0,70.26,7.7,3.67,White,Low_poverty,LPW,40.6244904,-74.0120379
360470519001,2720.0,75.15,2.02,12.17,White,Low_poverty,LPW,40.717213,-73.9536993
360810939002,1292.0,31.5,3.17,42.41,Other,Low_poverty,LPO,40.7889711,-73.8427013
360470440003,1061.0,55.8,16.87,31.57,White,Low_poverty,LPW,40.6129411,-73.9735485
360810889013,1909.0,4.45,16.5,2.83,Other,Low_poverty,LPO,40.7712036,-73.8285039
360470768003,1403.0,69.49,18.0,9.48,White,Low_poverty,LPW,40.616657,-73.9606126
360050093004,1021.0,0.0,33.4,100.0,Minority,High_poverty,HPM,40.8128692,-73.8894264
360810591003,1151.0,43.18,5.47,51.87,Minority,Low_poverty,LPM,40.70745,-73.910085
360810181022,998.0,55.71,10.2,33.06,White,Low_poverty,LPW,40.7426663,-73.9225954
360470860002,998.0,0.9,7.31,96.69,Minority,Low_poverty,LPM,40.6499842,-73.9330595
360050351003,1115.0,44.57,8.97,45.92,Other,Low_poverty,LPO,40.8971982,-73.9005182
360850291041,1610.0,58.14,6.15,32.92,White,Low_poverty,LPW,40.6175904,-74.1640473
360811257001,983.0,7.12,14.65,41.81,Other,Low_poverty,LPO,40.7263368,-73.8088068
360050323004,1332.0,66.97,3.39,21.77,White,Low_poverty,LPW,40.9038709,-73.9086155
360811010014,2560.0,9.06,17.63,90.94,Minority,Low_poverty,LPM,40.6023579,-73.7495357
360810156001,1309.0,1.91,15.81,33.77,Other,Low_poverty,LPO,40.6911906,-73.8176351
360610082001,989.0,68.55,0.0,8.29,White,Low_poverty,LPW,40.7513313,-73.9802371
360470149005,1570.0,66.88,17.1,14.78,White,Low_poverty,LPW,40.6629812,-73.9864764
360470383004,831.0,21.66,8.78,74.25,Minority,Low_poverty,LPM,40.6834255,-73.9259869
360811163003,2221.0,13.55,23.73,7.92,Other,Low_poverty,LPO,40.7637046,-73.8178411
360470826003,1709.0,1.93,12.0,96.61,Minority,Low_poverty,LPM,40.6440992,-73.950308
360610014022,1326.0,16.59,18.85,41.71,Other,Low_poverty,LPO,40.7172594,-73.9850476
360610065005,1169.0,77.16,5.82,11.64,White,Low_poverty,LPW,40.7290629,-73.9991628
360810137001,1773.0,75.35,2.88,15.34,White,Low_poverty,LPW,40.7689714,-73.9049147
360470071004,1511.0,0.0,21.18,86.5,Minority,Low_poverty,LPM,40.6841745,-73.9880643
360050426001,755.0,2.52,0.0,97.49,Minority,Low_poverty,LPM,40.8905869,-73.8432503
360610112021,415.0,82.17,6.51,7.23,White,Low_poverty,LPW,40.762604,-73.9721311
360470594013,1095.0,64.84,12.05,2.83,White,Low_poverty,LPW,40.5908731,-73.9455877
360810481003,1715.0,20.7,21.65,57.02,Minority,Low_poverty,LPM,40.7419299,-73.8842289
360610277002,1432.0,11.31,36.24,86.66,Minority,High_poverty,HPM,40.8540037,-73.9293966
360810334023,1813.0,2.26,2.54,94.32,Minority,Low_poverty,LPM,40.674839,-73.7687545
360610015021,3153.0,73.99,7.26,8.57,White,Low_poverty,LPW,40.7090928,-74.0080764
360811579024,870.0,10.0,0.46,0.0,Other,Low_poverty,LPO,40.7397308,-73.7114267
360810925003,1008.0,17.56,13.19,44.74,Other,Low_poverty,LPO,40.7809187,-73.8450803
360810837003,1059.0,8.5,18.04,15.86,Other,Low_poverty,LPO,40.7449647,-73.8207736
360470600004,1075.0,85.95,3.91,0.09,White,Low_poverty,LPW,40.5861703,-73.9492581
360610293001,1315.0,5.32,36.73,92.09,Minority,High_poverty,HPM,40.8662929,-73.9186029
360050336002,1550.0,1.61,28.52,83.81,Minority,Low_poverty,LPM,40.8660026,-73.8689142
360810329002,791.0,13.53,29.84,65.62,Minority,Low_poverty,LPM,40.7648043,-73.8800066
360471150001,1049.0,0.1,19.54,98.19,Minority,Low_poverty,LPM,40.6751904,-73.8868455
360811008024,2170.0,57.42,3.25,40.92,White,Low_poverty,LPW,40.6032502,-73.767376
360811181001,813.0,40.1,14.76,11.69,Other,Low_poverty,LPO,40.7595179,-73.786024
360470480002,2383.0,49.73,18.67,42.38,Other,Low_poverty,LPO,40.6294817,-73.9751937
360470485001,896.0,43.64,27.46,45.76,Other,Low_poverty,LPO,40.7093777,-73.936612
360050293012,890.0,51.57,0.0,27.75,White,Low_poverty,LPW,40.8805798,-73.9206152
360810063004,1298.0,54.39,9.09,13.48,White,Low_poverty,LPW,40.763358,-73.9176377
360810484003,1186.0,2.45,3.71,23.27,Other,Low_poverty,LPO,40.7163162,-73.758646
360470506001,1333.0,10.73,22.43,80.72,Minority,Low_poverty,LPM,40.6503051,-73.9633755
360470199003,823.0,37.67,14.34,54.68,Minority,Low_poverty,LPM,40.6825485,-73.9667624
360810892003,1286.0,69.52,11.37,26.05,White,Low_poverty,LPW,40.6617247,-73.843254
360470824004,1016.0,6.69,11.02,93.31,Minority,Low_poverty,LPM,40.6501011,-73.9501981
360610071003,999.0,67.17,2.98,11.52,White,Low_poverty,LPW,40.7357036,-73.9995408
360470288002,1293.0,41.14,10.75,28.85,Other,Low_poverty,LPO,40.604523,-73.9965497
360050314001,994.0,29.28,1.21,63.88,Minority,Low_poverty,LPM,40.8631022,-73.8458437
360050425005,344.0,17.15,25.29,58.72,Minority,Low_poverty,LPM,40.8720731,-73.8759854
360050484004,1511.0,2.12,4.1,97.88,Minority,Low_poverty,LPM,40.883558,-73.8376606
360050228001,1322.0,31.01,9.53,54.23,Minority,Low_poverty,LPM,40.8521277,-73.8634903
360470514004,1989.0,6.23,21.77,92.96,Minority,Low_poverty,LPM,40.6441448,-73.959686
360470390002,964.0,81.22,17.52,13.07,White,Low_poverty,LPW,40.5934846,-73.9659168
360850075002,1352.0,35.21,6.01,59.4,Minority,Low_poverty,LPM,40.632296,-74.0892947
360610273001,1641.0,61.3,6.46,31.63,White,Low_poverty,LPW,40.8565121,-73.9364798
360810497002,1294.0,24.03,5.18,43.9,Other,Low_poverty,LPO,40.7297495,-73.8913175
360610209011,1680.0,9.52,25.42,69.11,Minority,Low_poverty,LPM,40.8115738,-73.954155
360850170123,999.0,72.07,14.21,20.22,White,Low_poverty,LPW,40.5491407,-74.1772875
360810163003,2121.0,5.47,22.96,79.25,Minority,Low_poverty,LPM,40.7563293,-73.910042
360610173004,1058.0,44.05,7.47,31.0,Other,Low_poverty,LPO,40.7881379,-73.969106
360050221011,639.0,1.72,15.02,88.42,Minority,Low_poverty,LPM,40.8371587,-73.9191543
360610034001,2012.0,55.22,43.14,16.75,White,High_poverty,HPW,40.7292717,-73.9796713
360850146051,1828.0,92.61,6.13,2.02,White,Low_poverty,LPW,40.5625496,-74.1512802
360470137002,897.0,72.46,12.82,20.85,White,Low_poverty,LPW,40.6707025,-73.9850728
360850244011,2052.0,86.35,9.99,4.87,White,Low_poverty,LPW,40.5056824,-74.2501997
360811459001,753.0,14.48,7.97,30.28,Other,Low_poverty,LPO,40.7566865,-73.7920887
360470545004,1235.0,94.66,34.74,5.34,White,High_poverty,HPW,40.7063455,-73.9647184
360050431007,3205.0,6.68,27.64,59.69,Minority,Low_poverty,LPM,40.8821077,-73.8782916
360471186001,1588.0,4.6,14.17,62.97,Minority,Low_poverty,LPM,40.6816508,-73.8661797
360810470002,1957.0,0.92,18.96,43.33,Other,Low_poverty,LPO,40.7102591,-73.7766062
360610160012,1306.0,80.09,1.91,9.57,White,Low_poverty,LPW,40.7846442,-73.9549946
360470242001,1086.0,94.29,19.15,0.74,White,Low_poverty,LPW,40.6248213,-73.9914266
360050044003,1473.0,15.48,56.52,76.38,Minority,High_poverty,HPM,40.8270121,-73.8626728
360050151002,1391.0,0.0,29.4,100.0,Minority,Low_poverty,LPM,40.8315069,-73.897689
360810279004,643.0,51.48,27.22,42.3,White,Low_poverty,LPW,40.7511099,-73.8812427
360471110001,1890.0,0.9,39.84,93.07,Minority,High_poverty,HPM,40.6612807,-73.881888
360610277001,2295.0,27.06,12.47,68.89,Minority,Low_poverty,LPM,40.8556081,-73.9267165
360610089001,784.0,85.08,8.42,11.73,White,Low_poverty,LPW,40.7443158,-74.0010568
360470656001,780.0,72.31,4.36,11.92,White,Low_poverty,LPW,40.6138268,-73.9358929
360610154005,1931.0,68.82,0.0,22.63,White,Low_poverty,LPW,40.7802501,-73.9484642
360610066004,1487.0,82.72,0.0,17.28,White,Low_poverty,LPW,40.7399503,-73.9808649
360050210011,563.0,4.62,16.34,95.39,Minority,Low_poverty,LPM,40.8414724,-73.8543042
360470594011,1598.0,14.77,11.14,0.0,Other,Low_poverty,LPO,40.596438,-73.9474106
360470064002,909.0,70.41,15.88,11.66,White,Low_poverty,LPW,40.6287896,-74.0293599
360470058002,1301.0,67.41,19.24,12.45,White,Low_poverty,LPW,40.6183818,-74.0325939
360050093006,841.0,3.09,54.94,93.22,Minority,High_poverty,HPM,40.8064137,-73.8828982
360810554002,1256.0,19.98,7.48,44.27,Other,Low_poverty,LPO,40.727231,-73.7386915
360811155002,930.0,4.09,8.6,57.96,Minority,Low_poverty,LPM,40.7647187,-73.8119249
360810279003,1695.0,16.46,17.4,65.07,Minority,Low_poverty,LPM,40.7490813,-73.880399
360610138007,960.0,68.23,2.71,5.21,White,Low_poverty,LPW,40.7738382,-73.953139
360810439002,1995.0,5.41,25.76,83.56,Minority,Low_poverty,LPM,40.7410565,-73.8546678
360470122001,1726.0,16.51,24.33,36.73,Other,Low_poverty,LPO,40.6392073,-74.0164932
360470543002,283.0,62.9,11.31,22.97,White,Low_poverty,LPW,40.696943,-73.9664406
360470181004,934.0,65.63,4.74,27.73,White,Low_poverty,LPW,40.6878593,-73.9708128
360810511002,1244.0,40.51,7.88,41.96,Other,Low_poverty,LPO,40.7272353,-73.8969933
360850138005,1100.0,64.18,7.36,9.0,White,Low_poverty,LPW,40.5739767,-74.1244955
360050173001,1117.0,11.19,7.79,88.81,Minority,Low_poverty,LPM,40.8279083,-73.9148123
360050040011,1475.0,8.68,17.29,75.8,Minority,Low_poverty,LPM,40.8282719,-73.8583355
360050235011,1134.0,0.0,18.52,99.65,Minority,Low_poverty,LPM,40.8511929,-73.9053811
360471078001,1217.0,1.4,30.26,98.6,Minority,High_poverty,HPM,40.6602664,-73.8751469
360810707002,668.0,38.32,5.6,32.04,Other,Low_poverty,LPO,40.7125003,-73.8562879
360470738002,854.0,51.64,16.28,44.73,White,Low_poverty,LPW,40.6220599,-73.9393466
360610275002,2193.0,69.68,3.18,21.25,White,Low_poverty,LPW,40.8530555,-73.9403107
360050200002,245.0,0.0,0.0,35.1,Other,Low_poverty,LPO,40.8447728,-73.8448804
360610006006,1834.0,6.98,38.11,36.47,Other,High_poverty,HPO,40.7103835,-73.9879055
360470448001,547.0,54.11,8.78,12.25,White,Low_poverty,LPW,40.6178962,-73.9745519
360810240001,2110.0,3.18,15.06,58.43,Minority,Low_poverty,LPM,40.7027818,-73.8090248
360810086001,1589.0,20.7,18.83,47.2,Other,Low_poverty,LPO,40.6783343,-73.8415706
360810125001,797.0,59.22,4.27,21.96,White,Low_poverty,LPW,40.7703278,-73.9145493
360050451012,882.0,72.56,1.59,13.61,White,Low_poverty,LPW,40.8969756,-73.8639441
360610194004,2308.0,3.86,52.3,96.14,Minority,High_poverty,HPM,40.8019082,-73.9356222
360470139001,621.0,65.22,0.0,3.86,White,Low_poverty,LPW,40.6674052,-73.9861213
360810892008,458.0,100.0,0.0,0.0,White,Low_poverty,LPW,40.6493448,-73.8419391
360470994001,2126.0,5.83,9.13,84.29,Minority,Low_poverty,LPM,40.6357597,-73.9043993
360050115022,1377.0,1.02,44.62,95.64,Minority,High_poverty,HPM,40.8178484,-73.8875267
360810096001,1796.0,7.13,4.8,38.8,Other,Low_poverty,LPO,40.6809697,-73.8314182
360470364002,1197.0,78.2,22.72,0.83,White,Low_poverty,LPW,40.5796534,-73.9660873
360470706002,1711.0,72.41,2.92,19.46,White,Low_poverty,LPW,40.6112855,-73.899746
360810281001,1629.0,17.25,29.04,78.33,Minority,Low_poverty,LPM,40.7548899,-73.8828767
360050177022,1912.0,3.03,25.63,92.99,Minority,Low_poverty,LPM,40.8365081,-73.9076929
360470362001,1566.0,54.41,37.87,37.8,White,High_poverty,HPW,40.5787484,-73.9612341
360810358002,1481.0,2.7,2.92,97.24,Minority,Low_poverty,LPM,40.676627,-73.7514455
360850147001,735.0,87.62,0.0,11.02,White,Low_poverty,LPW,40.6243601,-74.121713
360810656003,2774.0,2.16,6.78,94.02,Minority,Low_poverty,LPM,40.6562587,-73.727755
360470453001,1729.0,17.24,53.28,80.22,Minority,High_poverty,HPM,40.7071878,-73.9273675
360470644001,1375.0,70.91,7.42,7.13,White,Low_poverty,LPW,40.6150858,-73.943178
360610144011,961.0,93.03,3.75,6.97,White,Low_poverty,LPW,40.7750903,-73.946195
360050216012,1345.0,2.45,31.0,64.83,Minority,High_poverty,HPM,40.8357272,-73.8643461
360810855004,1791.0,3.57,22.0,35.51,Other,Low_poverty,LPO,40.7589945,-73.8246814
360470632002,740.0,63.51,10.54,8.11,White,Low_poverty,LPW,40.5987387,-73.9302192
360810809002,655.0,24.58,7.02,6.72,Other,Low_poverty,LPO,40.7304485,-73.8272374
360810483002,1960.0,7.3,10.82,39.85,Other,Low_poverty,LPO,40.7414691,-73.8946849
360470298002,600.0,34.0,31.83,35.5,Other,High_poverty,HPO,40.5990632,-73.9870716
360470197001,496.0,54.03,16.73,35.49,White,Low_poverty,LPW,40.6889344,-73.9659832
360470217002,2329.0,24.3,21.12,67.41,Minority,Low_poverty,LPM,40.6718885,-73.9593433
360471070001,2330.0,3.13,17.25,92.36,Minority,Low_poverty,LPM,40.6484545,-73.8691389
360470328004,612.0,10.29,12.09,86.93,Minority,Low_poverty,LPM,40.5758775,-74.0019501
360050225001,1218.0,5.42,4.6,94.58,Minority,Low_poverty,LPM,40.8414971,-73.9107942
360850173001,1318.0,40.9,8.35,15.63,Other,Low_poverty,LPO,40.6046884,-74.1179493
360050063003,792.0,3.54,26.38,92.17,Minority,Low_poverty,LPM,40.8266532,-73.924613
360610200002,1719.0,23.79,13.09,67.31,Minority,Low_poverty,LPM,40.8065541,-73.9446957
360470516021,2123.0,6.08,7.44,85.77,Minority,Low_poverty,LPM,40.6415448,-73.9588634
360470494001,1817.0,33.3,7.32,19.81,Other,Low_poverty,LPO,40.6444039,-73.9731037
360610015022,5156.0,70.93,10.53,6.36,White,Low_poverty,LPW,40.7067826,-74.0049732
360470058001,1050.0,65.14,13.71,26.38,White,Low_poverty,LPW,40.6194333,-74.0305308
360470224002,1490.0,67.38,43.62,7.38,White,High_poverty,HPW,40.6390497,-73.989723
360050310002,1139.0,16.07,29.83,59.53,Minority,Low_poverty,LPM,40.8617187,-73.8344831
360050218004,612.0,0.0,22.55,100.0,Minority,Low_poverty,LPM,40.8372181,-73.8693565
360470266001,1253.0,24.02,10.69,17.48,Other,Low_poverty,LPO,40.6109107,-73.9874892
360471164001,1241.0,0.0,19.1,100.0,Minority,Low_poverty,LPM,40.6720452,-73.88157
360050075003,605.0,0.0,28.76,100.0,Minority,Low_poverty,LPM,40.8172195,-73.9086523
360470448002,1151.0,94.27,16.74,2.35,White,Low_poverty,LPW,40.6185031,-73.9705352
360050240001,1987.0,11.88,26.81,84.19,Minority,Low_poverty,LPM,40.841331,-73.8674803
360810942021,2931.0,10.58,26.61,86.21,Minority,Low_poverty,LPM,40.5909217,-73.8063423
360610148024,1131.0,82.05,12.91,9.9,White,Low_poverty,LPW,40.7823961,-73.9545268
360850081003,1306.0,17.76,19.14,71.2,Minority,Low_poverty,LPM,40.6431463,-74.0895306
360610145001,2602.0,62.76,8.42,17.45,White,Low_poverty,LPW,40.7707587,-73.9855128
360050360003,1418.0,11.85,10.23,71.37,Minority,Low_poverty,LPM,40.8662936,-73.8407299
360810317003,1174.0,78.19,12.1,15.07,White,Low_poverty,LPW,40.7674553,-73.8912518
360470898001,1017.0,2.95,13.67,97.05,Minority,Low_poverty,LPM,40.6641615,-73.9141953
360050041001,1446.0,0.62,29.09,98.62,Minority,Low_poverty,LPM,40.8102547,-73.9164655
360470207003,1018.0,61.69,0.0,34.58,White,Low_poverty,LPW,40.6758284,-73.9681836
360470129011,651.0,52.07,8.45,38.25,White,Low_poverty,LPW,40.6829993,-73.9777004
360470296003,1089.0,63.27,11.02,0.0,White,Low_poverty,LPW,40.5995004,-73.9937111
360050419004,773.0,9.31,38.03,50.97,Minority,High_poverty,HPM,40.8765281,-73.882878
360470770001,1553.0,12.62,8.74,74.82,Minority,Low_poverty,LPM,40.634796,-73.9511877
360470446002,1130.0,36.99,23.27,19.73,Other,Low_poverty,LPO,40.6148545,-73.9770243
360811099002,951.0,40.69,2.63,5.89,Other,Low_poverty,LPO,40.7663585,-73.7857564
360810779023,1338.0,92.23,7.32,1.42,White,Low_poverty,LPW,40.7246088,-73.8257393
360610191003,1416.0,69.92,10.06,24.43,White,Low_poverty,LPW,40.8006981,-73.9685535
360810741003,740.0,59.32,14.05,26.49,White,Low_poverty,LPW,40.7279868,-73.8469214
360470788002,1315.0,3.35,25.02,92.78,Minority,Low_poverty,LPM,40.6373792,-73.9490914
360050405021,1363.0,0.0,29.49,90.17,Minority,Low_poverty,LPM,40.8644074,-73.8901062
360050360001,896.0,5.69,2.9,83.71,Minority,Low_poverty,LPM,40.8683744,-73.8446854
360470147002,1534.0,49.48,7.86,41.59,Other,Low_poverty,LPO,40.6590822,-73.9904046
360810553001,1168.0,14.13,15.07,73.03,Minority,Low_poverty,LPM,40.6987955,-73.9054691
360850170072,3835.0,52.2,3.47,31.24,White,Low_poverty,LPW,40.5626552,-74.1838333
360050027012,1577.0,0.0,51.43,100.0,Minority,High_poverty,HPM,40.804929,-73.9177383
360470736003,896.0,10.16,20.2,54.24,Minority,Low_poverty,LPM,40.6243015,-73.9374013
360810525001,1325.0,78.19,10.57,20.3,White,Low_poverty,LPW,40.7189122,-73.9047105
360050296002,233.0,44.21,2.11,55.79,Minority,Low_poverty,LPM,40.8545124,-73.846229
360610042001,4260.0,53.24,12.17,18.42,White,Low_poverty,LPW,40.7328431,-73.9889017
360470768001,683.0,98.39,58.71,0.0,White,High_poverty,HPW,40.6203071,-73.9598286
360811227022,1187.0,50.29,31.68,46.34,White,High_poverty,HPW,40.7287577,-73.8128028
360610015012,3220.0,59.84,9.41,13.2,White,Low_poverty,LPW,40.709584,-74.0034056
360470251003,1187.0,22.66,30.33,68.74,Minority,High_poverty,HPM,40.6863892,-73.9490966
360470822001,1979.0,21.12,10.56,77.77,Minority,Low_poverty,LPM,40.6555639,-73.9546721
360050391003,1393.0,1.44,48.6,91.17,Minority,High_poverty,HPM,40.8521731,-73.8886653
360850177002,1932.0,79.81,4.19,9.83,White,Low_poverty,LPW,40.6005894,-74.095125
360810152001,1409.0,0.85,16.25,47.33,Other,Low_poverty,LPO,40.6950949,-73.8139299
360810183003,1520.0,42.5,9.87,20.13,Other,Low_poverty,LPO,40.7448352,-73.918837
360810454001,1943.0,6.79,22.49,21.05,Other,Low_poverty,LPO,40.7107995,-73.7956062
360610211001,1601.0,51.53,26.14,20.86,White,Low_poverty,LPW,40.8150801,-73.9624214
360810638001,873.0,0.0,2.75,92.56,Minority,Low_poverty,LPM,40.6715966,-73.7340557
360470363004,754.0,0.0,20.95,100.0,Minority,Low_poverty,LPM,40.6725743,-73.9182414
360050358002,1582.0,2.78,9.96,97.22,Minority,Low_poverty,LPM,40.8739503,-73.8392819
360850112021,1790.0,70.73,1.79,22.23,White,Low_poverty,LPW,40.5752801,-74.101471
360050228002,1983.0,14.12,11.2,70.66,Minority,Low_poverty,LPM,40.8555809,-73.8628906
360810104002,1507.0,9.42,4.78,37.49,Other,Low_poverty,LPO,40.6817372,-73.8260306
360610028002,1329.0,31.23,21.72,26.86,Other,Low_poverty,LPO,40.727607,-73.9778154
360470578002,1603.0,48.47,31.59,17.28,Other,High_poverty,HPO,40.5993323,-73.952492
360470345002,1654.0,17.59,10.22,64.39,Minority,Low_poverty,LPM,40.6736931,-73.9337216
360810837001,868.0,9.1,13.25,6.68,Other,Low_poverty,LPO,40.7464667,-73.8193645
360470246001,828.0,61.84,12.92,24.39,White,Low_poverty,LPW,40.6176566,-73.9792941
360470314001,1069.0,73.34,28.44,1.31,White,Low_poverty,LPW,40.589718,-73.9895724
360050458001,1090.0,0.0,33.94,96.15,Minority,High_poverty,HPM,40.8870918,-73.8435899
360470902003,475.0,2.95,47.76,89.9,Minority,High_poverty,HPM,40.665767,-73.914129
360470131002,1011.0,43.13,3.66,27.69,Other,Low_poverty,LPO,40.6780029,-73.979323
360050177012,753.0,1.46,45.55,98.54,Minority,High_poverty,HPM,40.8332398,-73.9096014
360610240001,2009.0,18.72,79.96,76.01,Minority,High_poverty,HPM,40.7910057,-73.9245731
360470610043,1659.0,97.23,18.51,0.0,White,Low_poverty,LPW,40.5802932,-73.9541696
360810414001,2602.0,3.77,13.18,86.4,Minority,Low_poverty,LPM,40.7001952,-73.7790006
360610148022,1580.0,70.06,4.49,6.9,White,Low_poverty,LPW,40.7801247,-73.9540798
360810172002,741.0,2.83,21.28,71.53,Minority,Low_poverty,LPM,40.6831027,-73.8086991
360610133004,1439.0,46.63,16.07,14.94,Other,Low_poverty,LPO,40.7659623,-73.9889992
360050173004,2678.0,1.23,49.14,86.85,Minority,High_poverty,HPM,40.8241352,-73.9183345
360811367005,1820.0,42.8,8.52,8.02,Other,Low_poverty,LPO,40.7432658,-73.7566845
360470387004,1299.0,25.48,18.37,70.74,Minority,Low_poverty,LPM,40.691663,-73.9293003
360610279002,1849.0,6.06,13.36,93.94,Minority,Low_poverty,LPM,40.8558939,-73.9296651
360811551021,1275.0,65.65,3.06,8.86,White,Low_poverty,LPW,40.7509519,-73.7238072
360850291022,2211.0,54.68,13.84,31.25,White,Low_poverty,LPW,40.5880918,-74.1929386
360470554002,1690.0,74.5,11.72,9.7,White,Low_poverty,LPW,40.6065655,-73.9607658
360471106001,1899.0,0.0,50.34,98.89,Minority,High_poverty,HPM,40.6579938,-73.8848055
360050087005,1315.0,1.37,55.13,98.64,Minority,High_poverty,HPM,40.8215994,-73.896713
360050216022,1649.0,3.4,13.71,60.1,Minority,Low_poverty,LPM,40.8362504,-73.8615355
360810044012,1957.0,7.41,13.54,27.49,Other,Low_poverty,LPO,40.6757506,-73.8591618
360810404003,849.0,0.0,13.26,83.27,Minority,Low_poverty,LPM,40.7034337,-73.768627
360810518001,1008.0,0.0,7.34,98.81,Minority,Low_poverty,LPM,40.7035259,-73.7527696
360050189004,1586.0,1.7,43.06,96.66,Minority,High_poverty,HPM,40.8333046,-73.9290231
360610118007,1141.0,74.23,0.0,25.77,White,Low_poverty,LPW,40.7651411,-73.962494
360810889014,1341.0,17.23,4.33,10.22,Other,Low_poverty,LPO,40.7702949,-73.8318614
360610008004,1741.0,15.45,19.47,8.33,Other,Low_poverty,LPO,40.710868,-73.9959648
360810775001,1132.0,77.56,8.39,18.11,White,Low_poverty,LPW,40.707467,-73.8327018
360850105002,629.0,73.77,5.41,20.19,White,Low_poverty,LPW,40.6325318,-74.1079914
360470422002,1574.0,70.71,16.58,20.71,White,Low_poverty,LPW,40.6057816,-73.9698662
360470478003,1570.0,82.87,27.07,13.18,White,Low_poverty,LPW,40.6345809,-73.9795844
360050435001,499.0,3.21,48.5,66.73,Minority,High_poverty,HPM,40.8952301,-73.8812755
360610196002,1232.0,7.95,53.49,90.74,Minority,High_poverty,HPM,40.8013101,-73.9394575
360470876001,975.0,30.56,32.16,66.25,Minority,High_poverty,HPM,40.6617951,-73.935827
360811247001,1101.0,61.76,13.99,2.72,White,Low_poverty,LPW,40.7279804,-73.7959803
360470059001,742.0,62.8,7.03,33.28,White,Low_poverty,LPW,40.6794613,-74.008641
360810623001,866.0,71.13,12.24,28.29,White,Low_poverty,LPW,40.7044958,-73.8773336
360470582001,659.0,38.09,10.62,25.04,Other,Low_poverty,LPO,40.5983466,-73.9580391
360470408001,973.0,62.38,6.58,14.9,White,Low_poverty,LPW,40.6011742,-73.9778812
360470300002,2436.0,23.15,16.26,17.73,Other,Low_poverty,LPO,40.5964742,-73.9872836
360810375002,2606.0,1.46,19.2,89.22,Minority,Low_poverty,LPM,40.7480057,-73.8683321
360810973003,739.0,69.01,0.68,16.24,White,Low_poverty,LPW,40.7929266,-73.8204904
360610277003,1801.0,10.99,42.03,86.84,Minority,High_poverty,HPM,40.8552527,-73.9284835
360050434004,1355.0,3.25,20.89,78.3,Minority,Low_poverty,LPM,40.8942208,-73.8550857
360810593001,1625.0,48.62,7.33,45.66,Other,Low_poverty,LPO,40.7113261,-73.9031521
360050085002,2416.0,2.07,35.93,94.82,Minority,High_poverty,HPM,40.8163851,-73.8994493
360610153006,1267.0,79.4,0.0,5.84,White,Low_poverty,LPW,40.7745673,-73.9790155
360810557003,1043.0,37.3,17.93,49.86,Other,Low_poverty,LPO,40.6998753,-73.9010728
360050289002,1683.0,8.91,33.27,77.36,Minority,High_poverty,HPM,40.8787065,-73.9069076
360050429011,1373.0,6.05,16.62,88.85,Minority,Low_poverty,LPM,40.8751306,-73.8735434
360610106023,1372.0,66.11,3.07,11.37,White,Low_poverty,LPW,40.7597584,-73.9580671
360810401002,1841.0,0.0,18.9,90.92,Minority,Low_poverty,LPM,40.7516439,-73.8567813
360050130001,1476.0,44.58,2.44,54.95,Minority,Low_poverty,LPM,40.8193055,-73.8147485
360610052001,921.0,85.88,15.74,1.19,White,Low_poverty,LPW,40.7373083,-73.9895151
360050389004,1337.0,2.69,37.77,92.53,Minority,High_poverty,HPM,40.8550454,-73.8834915
360810713063,1333.0,46.59,7.58,16.8,Other,Low_poverty,LPO,40.7254522,-73.8541027
360470096004,1853.0,13.49,44.69,73.23,Minority,High_poverty,HPM,40.6472404,-74.0063054
360050323003,307.0,23.45,0.0,4.89,Other,Low_poverty,LPO,40.910211,-73.9046585
360470388001,1452.0,51.52,10.47,37.67,White,Low_poverty,LPW,40.5931556,-73.9674105
360810991004,1424.0,90.24,0.91,0.0,White,Low_poverty,LPW,40.7875847,-73.8020402
360610068003,1198.0,68.78,8.26,4.76,White,Low_poverty,LPW,40.7385347,-73.9854668
360810402002,872.0,0.0,13.53,98.05,Minority,Low_poverty,LPM,40.6990063,-73.7697123
360850279002,1350.0,78.59,7.57,9.26,White,Low_poverty,LPW,40.5765424,-74.1332322
360050332024,857.0,8.52,59.22,86.23,Minority,High_poverty,HPM,40.8643531,-73.8698706
360810997042,1408.0,55.75,6.18,19.53,White,Low_poverty,LPW,40.7824855,-73.7792886
360471220002,3358.0,0.0,22.13,98.09,Minority,Low_poverty,LPM,40.6640484,-73.8656194
360850006002,1956.0,60.12,17.9,22.96,White,Low_poverty,LPW,40.6110233,-74.0614787
360850059001,1534.0,71.32,1.58,18.32,White,Low_poverty,LPW,40.6284943,-74.0985148
360850125001,1182.0,14.89,22.0,76.65,Minority,Low_poverty,LPM,40.6308268,-74.120745
360610007001,8501.0,73.07,8.98,6.01,White,Low_poverty,LPW,40.7056585,-74.0081022
360810142021,1806.0,5.92,20.13,45.52,Other,Low_poverty,LPO,40.7009775,-73.8183029
360810513001,1341.0,53.17,7.08,30.79,White,Low_poverty,LPW,40.733236,-73.8975323
360610154003,1149.0,67.89,8.44,23.76,White,Low_poverty,LPW,40.781504,-73.9475469
360050199003,612.0,0.0,78.59,92.64,Minority,High_poverty,HPM,40.8356904,-73.9256645
360850291043,2368.0,70.48,0.97,22.51,White,Low_poverty,LPW,40.6129218,-74.1616567
360610050002,903.0,76.74,1.88,0.0,White,Low_poverty,LPW,40.7366779,-73.9871701
360810004002,1610.0,1.86,25.14,75.47,Minority,Low_poverty,LPM,40.6892169,-73.8668236
360810493012,864.0,36.46,10.19,32.64,Other,Low_poverty,LPO,40.7313219,-73.8948364
360050151004,1403.0,0.36,15.46,98.72,Minority,Low_poverty,LPM,40.8292276,-73.8980975
360610279006,1102.0,29.95,30.67,67.69,Minority,High_poverty,HPM,40.8554828,-73.9311275
360810394002,997.0,0.0,20.36,92.38,Minority,Low_poverty,LPM,40.6889582,-73.7603729
360810071004,852.0,72.77,8.33,15.14,White,Low_poverty,LPW,40.7680429,-73.9206291
360470497001,881.0,64.13,5.22,23.72,White,Low_poverty,LPW,40.7180617,-73.9449582
360810024002,1347.0,8.54,13.21,58.65,Minority,Low_poverty,LPM,40.6967945,-73.8473662
360470531001,4561.0,96.62,41.83,1.36,White,High_poverty,HPW,40.6999914,-73.9533309
360471014002,799.0,8.14,14.14,78.48,Minority,Low_poverty,LPM,40.6408459,-73.8897638
360810059003,925.0,44.86,6.49,20.43,Other,Low_poverty,LPO,40.7608237,-73.9263199
360050403031,1812.0,1.05,37.28,85.65,Minority,High_poverty,HPM,40.8692866,-73.8925799
360610137006,1293.0,53.83,9.13,6.5,White,Low_poverty,LPW,40.7636199,-73.9795618
360610197011,639.0,37.72,22.4,30.83,Other,Low_poverty,LPO,40.805311,-73.9593993
360470045001,1209.0,85.44,1.82,5.21,White,Low_poverty,LPW,40.6895608,-73.9946197
360810997033,1105.0,45.97,2.26,8.69,Other,Low_poverty,LPO,40.7800998,-73.7727647
360850226001,425.0,92.71,13.41,0.71,White,Low_poverty,LPW,40.5395224,-74.2308266
360610166006,1071.0,12.61,42.02,75.07,Minority,High_poverty,HPM,40.7881385,-73.9498301
360610171003,1221.0,83.87,12.94,7.86,White,Low_poverty,LPW,40.7876594,-73.977919
360810840004,775.0,12.52,23.48,41.68,Other,Low_poverty,LPO,40.6738481,-73.8232568
360810384001,1450.0,0.55,10.49,98.41,Minority,Low_poverty,LPM,40.6941843,-73.7463306
360850173002,1025.0,17.95,50.93,74.35,Minority,High_poverty,HPM,40.6077418,-74.1196425
360810220024,2036.0,26.62,8.4,50.94,Minority,Low_poverty,LPM,40.7116348,-73.8172964
360470166001,1043.0,80.63,0.38,8.92,White,Low_poverty,LPW,40.6193692,-74.017363
360470067005,704.0,80.11,0.0,12.5,White,Low_poverty,LPW,40.6854813,-73.9977195
360470261005,792.0,30.3,14.77,57.95,Minority,Low_poverty,LPM,40.6933351,-73.9473502
360050083001,1254.0,2.23,12.83,97.76,Minority,Low_poverty,LPM,40.816237,-73.9020255
360470736001,1033.0,3.29,16.07,87.03,Minority,Low_poverty,LPM,40.6248642,-73.9348131
360810119002,792.0,59.85,9.85,25.13,White,Low_poverty,LPW,40.7706911,-73.9053397
360470502022,1235.0,77.25,13.04,10.77,White,Low_poverty,LPW,40.6522425,-73.9740218
360610098003,1270.0,66.46,3.94,12.84,White,Low_poverty,LPW,40.7553504,-73.969642
360050219001,882.0,3.74,30.05,93.31,Minority,High_poverty,HPM,40.8396448,-73.9196221
360810623002,1380.0,51.59,3.55,47.25,White,Low_poverty,LPW,40.7042562,-73.8791131
360810942033,1536.0,44.34,14.52,32.81,Other,Low_poverty,LPO,40.5867692,-73.8083767
360470036002,1488.0,59.21,19.29,23.72,White,Low_poverty,LPW,40.6344731,-74.0309747
360811621003,1313.0,22.54,19.19,34.43,Other,Low_poverty,LPO,40.7285528,-73.7293231
360470568001,701.0,63.05,3.71,5.71,White,Low_poverty,LPW,40.6019974,-73.9368949
360810287002,568.0,45.42,2.29,27.11,Other,Low_poverty,LPO,40.7492147,-73.8885097
360810547001,1272.0,34.75,8.73,46.93,Other,Low_poverty,LPO,40.7047223,-73.9084413
360610083002,814.0,84.4,6.27,10.44,White,Low_poverty,LPW,40.7410152,-74.0034441
360471146001,1579.0,4.18,21.09,80.43,Minority,Low_poverty,LPM,40.6797395,-73.8906447
360470246003,844.0,64.1,15.88,12.09,White,Low_poverty,LPW,40.6189977,-73.981492
360470505001,1378.0,4.79,55.08,94.19,Minority,High_poverty,HPM,40.7096852,-73.9452661
360470594016,1035.0,62.61,7.63,1.35,White,Low_poverty,LPW,40.5954398,-73.9498103
360810548001,960.0,0.83,5.42,18.65,Other,Low_poverty,LPO,40.7227338,-73.7526968
360470037001,2250.0,62.4,4.81,16.44,White,Low_poverty,LPW,40.6893926,-73.9847008
360610010011,1546.0,69.53,2.98,17.98,White,Low_poverty,LPW,40.714369,-73.9775854
360811385013,1010.0,17.92,19.31,13.07,Other,Low_poverty,LPO,40.7514303,-73.7558608
360050345001,1293.0,33.49,15.49,60.25,Minority,Low_poverty,LPM,40.9064797,-73.8984036
360810186001,1869.0,1.71,14.03,77.05,Minority,Low_poverty,LPM,40.6798776,-73.7989572
360810470001,1240.0,1.29,7.82,20.33,Other,Low_poverty,LPO,40.7125192,-73.7781136
360470431001,1228.0,25.0,33.06,71.99,Minority,High_poverty,HPM,40.6991997,-73.9182075
360810020001,1721.0,13.02,8.13,53.39,Minority,Low_poverty,LPM,40.6913525,-73.849516
360470538003,1830.0,70.71,10.27,28.19,White,Low_poverty,LPW,40.6178359,-73.9579094
360050245023,2058.0,0.58,31.22,99.42,Minority,High_poverty,HPM,40.8547595,-73.914226
360810687003,1491.0,29.51,14.82,28.24,Other,Low_poverty,LPO,40.7301049,-73.8705008
360470275003,1014.0,19.53,17.95,71.99,Minority,Low_poverty,LPM,40.6835317,-73.9381078
360810630002,734.0,2.45,2.45,94.55,Minority,Low_poverty,LPM,40.6824695,-73.7424014
360810057001,1855.0,45.55,13.25,25.82,Other,Low_poverty,LPO,40.7573153,-73.9251441
360470489001,1423.0,0.0,42.86,96.76,Minority,High_poverty,HPM,40.7038537,-73.9398922
360470600002,1682.0,74.67,3.8,8.86,White,Low_poverty,LPW,40.5873293,-73.9428145
360610238022,3822.0,40.01,13.63,26.53,Other,Low_poverty,LPO,40.7665475,-73.9464618
360850213001,993.0,23.67,17.34,75.53,Minority,Low_poverty,LPM,40.6329688,-74.1334581
360470122003,1236.0,7.44,17.31,16.83,Other,Low_poverty,LPO,40.6375949,-74.0181701
360610086031,1132.0,51.68,2.83,13.6,White,Low_poverty,LPW,40.7555625,-73.9633321
360810595004,1729.0,36.78,17.31,56.56,Minority,Low_poverty,LPM,40.7144396,-73.9098484
360470411001,980.0,17.04,39.18,69.8,Minority,High_poverty,HPM,40.688333,-73.9060267
360470276001,1516.0,16.09,3.58,39.97,Other,Low_poverty,LPO,40.612379,-73.9989501
360810414003,1400.0,1.93,37.14,73.07,Minority,High_poverty,HPM,40.699071,-73.7848513
360810616021,661.0,0.91,1.66,90.62,Minority,Low_poverty,LPM,40.6796472,-73.7275769
360470362003,1264.0,55.54,11.0,15.51,White,Low_poverty,LPW,40.5774577,-73.966859
360810809001,1729.0,21.75,2.83,51.65,Minority,Low_poverty,LPM,40.7297291,-73.8304733
360810472001,1139.0,15.28,0.7,42.93,Other,Low_poverty,LPO,40.7171673,-73.7807785
360050388002,1500.0,1.6,15.0,94.13,Minority,Low_poverty,LPM,40.8799661,-73.8565739
360811033003,822.0,68.25,0.0,0.0,White,Low_poverty,LPW,40.7773584,-73.8060742
360810040011,1278.0,31.38,14.79,53.99,Minority,Low_poverty,LPM,40.6837909,-73.8436716
360050229015,2165.0,2.45,45.82,95.89,Minority,High_poverty,HPM,40.8458992,-73.9074304
360810892007,1685.0,90.5,1.25,9.5,White,Low_poverty,LPW,40.6521287,-73.8407246
360610183001,1983.0,66.06,15.72,24.96,White,Low_poverty,LPW,40.7964861,-73.9754914
360470250001,1072.0,6.53,16.01,27.05,Other,Low_poverty,LPO,40.6243119,-73.9953299
360810053004,2135.0,41.17,9.84,23.32,Other,Low_poverty,LPO,40.7577322,-73.9299279
360610144025,1602.0,84.21,3.37,0.31,White,Low_poverty,LPW,40.7780195,-73.9470663
360050386008,1226.0,0.0,7.1,100.0,Minority,Low_poverty,LPM,40.8777225,-73.8483865
360470491003,2501.0,22.67,26.71,71.69,Minority,Low_poverty,LPM,40.7032636,-73.9433557
360050376001,1205.0,10.87,23.62,87.3,Minority,Low_poverty,LPM,40.872364,-73.8693523
360610131001,1076.0,44.52,21.47,26.67,Other,Low_poverty,LPO,40.7617981,-73.9816381
360050425002,1514.0,29.46,29.46,59.77,Minority,Low_poverty,LPM,40.8715002,-73.8789493
360470282002,1575.0,21.84,10.92,10.6,Other,Low_poverty,LPO,40.6022359,-74.0031175
360810176001,1101.0,3.91,10.54,58.13,Minority,Low_poverty,LPM,40.6781514,-73.8120856
360610245002,2381.0,12.64,23.52,82.11,Minority,Low_poverty,LPM,40.8389494,-73.9425195
360050063006,1855.0,9.11,30.35,89.81,Minority,High_poverty,HPM,40.8232336,-73.9259039
360810568002,905.0,11.38,1.8,81.22,Minority,Low_poverty,LPM,40.713757,-73.7305858
360810010002,2681.0,13.91,14.13,77.02,Minority,Low_poverty,LPM,40.6899946,-73.8592368
360470333003,1630.0,69.57,43.8,30.43,White,High_poverty,HPW,40.6661625,-73.9457458
360810853003,1104.0,1.09,21.56,2.63,Other,Low_poverty,LPO,40.7553468,-73.8266429
360050261001,2097.0,4.72,3.31,89.41,Minority,Low_poverty,LPM,40.8666389,-73.9059023
360610129001,2972.0,43.57,15.55,36.54,Other,Low_poverty,LPO,40.7646299,-73.9969494
360810639001,2402.0,53.0,6.16,34.06,White,Low_poverty,LPW,40.7044941,-73.8577085
360050404002,584.0,3.08,21.06,96.92,Minority,Low_poverty,LPM,40.8855362,-73.8533211
360470564001,1045.0,75.41,10.39,11.19,White,Low_poverty,LPW,40.606244,-73.9415985
360610195003,2500.0,41.96,15.71,30.96,Other,Low_poverty,LPO,40.8029552,-73.965729
360811227011,728.0,13.74,0.0,28.85,Other,Low_poverty,LPO,40.7376256,-73.8066438
360470193001,1748.0,46.34,40.84,40.74,Other,High_poverty,HPO,40.6925689,-73.9606833
360471210002,2274.0,0.0,55.85,100.0,Minority,High_poverty,HPM,40.6684719,-73.8717073
360470291001,1329.0,23.63,0.0,73.14,Minority,Low_poverty,LPM,40.6911598,-73.9336867
360610155002,1542.0,52.85,5.77,8.04,White,Low_poverty,LPW,40.7775135,-73.9889113
360610175006,1472.0,82.47,0.61,15.56,White,Low_poverty,LPW,40.7899153,-73.9743154
360050274013,2384.0,72.69,0.38,25.55,White,Low_poverty,LPW,40.8405845,-73.8224012
360470341002,670.0,18.06,14.18,75.07,Minority,Low_poverty,LPM,40.6736399,-73.9459715
360810261002,1472.0,1.29,10.19,35.67,Other,Low_poverty,LPO,40.7480726,-73.901186
360610006005,1865.0,0.0,53.78,77.16,Minority,High_poverty,HPM,40.7120826,-73.9883506
360810220011,505.0,82.38,0.0,7.13,White,Low_poverty,LPW,40.7149593,-73.8189611
360470658001,798.0,69.05,5.76,14.29,White,Low_poverty,LPW,40.6092768,-73.932072
360610032005,507.0,62.33,14.79,4.54,White,Low_poverty,LPW,40.7234683,-73.9839068
360810022001,1348.0,14.24,8.69,64.91,Minority,Low_poverty,LPM,40.6966469,-73.8501679
360811571017,1830.0,29.23,2.25,25.9,Other,Low_poverty,LPO,40.7342665,-73.7176483
360050205013,2307.0,2.47,48.46,95.62,Minority,High_poverty,HPM,40.8488176,-73.9228698
360050217004,919.0,2.61,42.98,87.05,Minority,High_poverty,HPM,40.8475724,-73.914142
360470511003,1696.0,28.54,32.84,56.49,Minority,High_poverty,HPM,40.7089921,-73.9488081
360810065012,1174.0,67.89,4.17,23.51,White,Low_poverty,LPW,40.7688051,-73.9178918
360610006004,1305.0,8.81,16.82,6.89,Other,Low_poverty,LPO,40.7131422,-73.9885217
360471142012,730.0,2.88,27.26,89.73,Minority,Low_poverty,LPM,40.6792658,-73.8986597
360470642002,1017.0,87.91,16.32,11.5,White,Low_poverty,LPW,40.6129484,-73.9476303
360810495001,1515.0,66.4,6.92,25.48,White,Low_poverty,LPW,40.7253841,-73.8904103
360810220012,2728.0,24.01,19.58,52.06,Minority,Low_poverty,LPM,40.7150961,-73.8230762
360810334012,2445.0,0.98,4.47,96.44,Minority,Low_poverty,LPM,40.6783002,-73.766946
360050302002,1882.0,1.06,10.36,97.45,Minority,Low_poverty,LPM,40.8625988,-73.8247819
360470496002,1105.0,51.13,8.69,20.18,White,Low_poverty,LPW,40.6437671,-73.9814336
360470138001,1398.0,68.74,12.79,19.38,White,Low_poverty,LPW,40.6250495,-74.0244592
360050381004,724.0,0.0,14.36,93.51,Minority,Low_poverty,LPM,40.8524204,-73.9004673
360610022011,1491.0,32.46,46.08,46.95,Other,High_poverty,HPO,40.7204667,-73.9828856
360610064003,609.0,100.0,0.0,0.0,White,Low_poverty,LPW,40.7361967,-73.9836003
360470415001,1836.0,7.84,16.83,88.13,Minority,Low_poverty,LPM,40.6922618,-73.9129038
360610191006,1203.0,32.59,51.29,58.02,Minority,High_poverty,HPM,40.7988199,-73.9678438
360470512002,1509.0,15.97,2.05,78.47,Minority,Low_poverty,LPM,40.6458648,-73.9619152
360610055013,910.0,86.48,0.66,5.28,White,Low_poverty,LPW,40.7269335,-73.9982848
360470120001,1213.0,2.64,24.07,18.05,Other,Low_poverty,LPO,40.6327817,-74.0117295
360050039001,1732.0,0.0,39.15,100.0,Minority,High_poverty,HPM,40.808196,-73.91772
360810483001,1928.0,5.45,15.51,21.84,Other,Low_poverty,LPO,40.742098,-73.8896448
360470283002,1311.0,19.91,26.7,77.04,Minority,Low_poverty,LPM,40.6952541,-73.9404357
360470590001,1834.0,43.24,20.77,19.8,Other,Low_poverty,LPO,40.5899885,-73.9546862
360610137001,1030.0,63.01,1.17,15.24,White,Low_poverty,LPW,40.765936,-73.9778891
360610197021,2478.0,25.83,27.76,56.94,Minority,Low_poverty,LPM,40.802189,-73.9579879
360050386004,530.0,0.0,0.0,100.0,Minority,Low_poverty,LPM,40.8794828,-73.849783
360470023003,1058.0,0.0,62.0,100.0,Minority,High_poverty,HPM,40.6988719,-73.9833435
360470760003,1033.0,87.12,11.04,8.42,White,Low_poverty,LPW,40.6220277,-73.9567882
360810739003,1338.0,42.68,8.82,34.08,Other,Low_poverty,LPO,40.7236696,-73.8446364
360050189001,2261.0,0.27,43.44,99.74,Minority,High_poverty,HPM,40.8313282,-73.9314741
360850047001,2024.0,67.79,9.24,22.04,White,Low_poverty,LPW,40.6140587,-74.0936901
360470982001,2767.0,0.0,47.52,99.82,Minority,High_poverty,HPM,40.6492052,-73.8955165
360050337003,927.0,76.16,3.24,14.56,White,Low_poverty,LPW,40.9043759,-73.9030428
360471124002,891.0,0.0,19.98,97.86,Minority,Low_poverty,LPM,40.6659407,-73.8872426
360810159004,1115.0,81.61,18.48,6.1,White,Low_poverty,LPW,40.7563272,-73.9167381
360470724002,870.0,0.69,11.95,99.31,Minority,Low_poverty,LPM,40.6340166,-73.928491
360050387001,1413.0,14.44,37.3,84.79,Minority,High_poverty,HPM,40.859044,-73.88925
360810254003,1767.0,0.0,31.12,100.0,Minority,High_poverty,HPM,40.6972547,-73.7947659
360470950002,1207.0,11.1,15.82,88.32,Minority,Low_poverty,LPM,40.6382751,-73.9175346
360850021001,1100.0,38.45,15.33,48.64,Other,Low_poverty,LPO,40.6326832,-74.0784649
360050419005,493.0,12.37,20.17,84.18,Minority,Low_poverty,LPM,40.8758281,-73.8800523
360810485003,2127.0,12.88,7.85,17.77,Other,Low_poverty,LPO,40.740288,-73.8871355
360471160001,1136.0,0.0,24.12,100.0,Minority,Low_poverty,LPM,40.6706743,-73.8885238
360811171001,461.0,50.11,4.12,9.54,White,Low_poverty,LPW,40.7640166,-73.8078923
360050255002,3458.0,0.29,36.76,99.71,Minority,High_poverty,HPM,40.8607439,-73.9085986
360050248003,813.0,47.6,8.86,26.33,Other,Low_poverty,LPO,40.8536033,-73.857584
360050016004,1139.0,6.06,30.78,93.94,Minority,High_poverty,HPM,40.8187184,-73.857273
360470003013,810.0,75.06,1.85,7.16,White,Low_poverty,LPW,40.6954213,-73.9966215
360810493022,1812.0,33.89,7.55,40.68,Other,Low_poverty,LPO,40.7274507,-73.8906946
360810779033,1264.0,71.6,15.74,10.36,White,Low_poverty,LPW,40.7196236,-73.8231465
360470181003,1120.0,55.71,4.46,26.7,White,Low_poverty,LPW,40.6876214,-73.9742061
360610152006,1231.0,70.76,5.12,20.96,White,Low_poverty,LPW,40.7793121,-73.9428243
360050175001,1595.0,2.19,50.97,97.81,Minority,High_poverty,HPM,40.8290706,-73.9134826
360811463002,1336.0,43.71,4.82,28.29,Other,Low_poverty,LPO,40.7587953,-73.7822469
360470686002,696.0,76.29,5.84,14.95,White,Low_poverty,LPW,40.6138806,-73.9184527
360810547003,1825.0,10.68,16.55,72.77,Minority,Low_poverty,LPM,40.7022414,-73.911244
360810443023,2888.0,0.9,12.47,61.08,Minority,Low_poverty,LPM,40.7381581,-73.8633848
360471034001,4294.0,1.98,36.84,95.93,Minority,High_poverty,HPM,40.6342943,-73.8827926
360610220002,1213.0,35.45,17.39,59.36,Minority,Low_poverty,LPM,40.8045574,-73.9496922
360470191003,1036.0,43.92,10.42,47.68,Other,Low_poverty,LPO,40.6946593,-73.9676716
360470425003,1156.0,30.97,9.6,60.21,Minority,Low_poverty,LPM,40.7025582,-73.9311315
360810243002,630.0,48.25,3.65,45.88,Other,Low_poverty,LPO,40.7352609,-73.9063742
360470185013,940.0,4.26,29.04,84.04,Minority,Low_poverty,LPM,40.6946721,-73.9746629
360610031001,2525.0,54.26,10.86,19.21,White,Low_poverty,LPW,40.715311,-74.0038151
360810757023,1985.0,42.67,11.84,7.66,Other,Low_poverty,LPO,40.7219795,-73.8400888
360810106002,2093.0,1.19,20.03,29.77,Other,Low_poverty,LPO,40.6835203,-73.8237221
360470397003,1601.0,10.62,43.66,87.32,Minority,High_poverty,HPM,40.6902318,-73.9213977
360470526001,2125.0,28.38,11.95,55.76,Minority,Low_poverty,LPM,40.6383791,-73.9673314
360470596003,839.0,52.21,16.57,1.19,White,Low_poverty,LPW,40.5904679,-73.9414242
360050065001,998.0,11.92,36.91,85.28,Minority,High_poverty,HPM,40.817151,-73.9243768
360810779081,2220.0,36.76,36.85,42.07,Other,High_poverty,HPO,40.7248642,-73.8130035
360810869002,354.0,1.41,28.25,20.9,Other,Low_poverty,LPO,40.7654309,-73.8343909
360810493011,1345.0,33.68,8.1,29.97,Other,Low_poverty,LPO,40.7333621,-73.8936956
360470525002,1429.0,51.78,13.79,38.07,White,Low_poverty,LPW,40.708432,-73.9617832
360810557002,1666.0,25.63,22.33,73.47,Minority,Low_poverty,LPM,40.6982556,-73.8972543
360810353002,878.0,0.57,23.47,92.14,Minority,Low_poverty,LPM,40.7581415,-73.8741702
360470678002,1364.0,7.26,4.44,91.35,Minority,Low_poverty,LPM,40.6249956,-73.9226677
360610229003,2719.0,23.54,32.99,67.6,Minority,High_poverty,HPM,40.8258324,-73.9490292
360470275001,868.0,16.01,36.35,73.27,Minority,High_poverty,HPM,40.6849973,-73.9383957
360610041003,1896.0,30.54,11.5,5.22,Other,Low_poverty,LPO,40.7183249,-73.996432
360471194002,2014.0,0.0,57.2,99.06,Minority,High_poverty,HPM,40.6726911,-73.8771
360811417002,1496.0,29.14,13.1,6.75,Other,Low_poverty,LPO,40.7483763,-73.7896808
360050195004,980.0,1.63,29.9,98.36,Minority,Low_poverty,LPM,40.8322453,-73.9203817
360471198003,1751.0,9.77,43.19,89.66,Minority,High_poverty,HPM,40.6767714,-73.8904102
360610110006,1344.0,57.74,12.43,21.87,White,Low_poverty,LPW,40.7610507,-73.9624691
360470918002,775.0,0.0,11.87,100.0,Minority,Low_poverty,LPM,40.6618453,-73.9029172
360810116001,746.0,8.31,5.5,39.95,Other,Low_poverty,LPO,40.6898891,-73.8384995
360470938001,1158.0,0.86,11.05,99.14,Minority,Low_poverty,LPM,40.6515085,-73.9248271
360470162002,1187.0,67.31,6.66,30.16,White,Low_poverty,LPW,40.6120605,-74.0326351
360810663001,546.0,63.0,4.58,4.4,White,Low_poverty,LPW,40.723675,-73.8736963
360811097001,537.0,73.0,3.72,7.08,White,Low_poverty,LPW,40.7713371,-73.7770261
360811529012,3377.0,17.41,5.98,22.21,Other,Low_poverty,LPO,40.7525208,-73.7382928
360850122001,1077.0,81.99,4.64,3.81,White,Low_poverty,LPW,40.5759315,-74.107832
360471116002,1088.0,5.24,25.09,94.76,Minority,Low_poverty,LPM,40.6631834,-73.8751824
360610030021,1954.0,58.09,11.05,27.89,White,Low_poverty,LPW,40.7225189,-73.9846302
360470902001,965.0,0.0,52.44,81.86,Minority,High_poverty,HPM,40.6696362,-73.9153476
360470068002,1429.0,51.08,10.36,25.26,White,Low_poverty,LPW,40.6342009,-74.0252352
360050244001,790.0,43.54,14.05,49.74,Other,Low_poverty,LPO,40.8477895,-73.8589181
360610055012,2134.0,56.56,10.73,11.15,White,Low_poverty,LPW,40.7281241,-73.9972762
360470357001,2328.0,2.06,35.33,94.41,Minority,High_poverty,HPM,40.6680437,-73.9268441
360470499001,715.0,76.22,3.36,8.95,White,Low_poverty,LPW,40.7221334,-73.946924
360050295002,1349.0,54.04,5.49,29.65,White,Low_poverty,LPW,40.8864894,-73.9061331
360610178003,1375.0,17.75,24.93,70.9,Minority,Low_poverty,LPM,40.7942091,-73.9335525
360810945001,2196.0,40.35,1.0,27.37,Other,Low_poverty,LPO,40.7905885,-73.8311397
360050392001,1073.0,0.0,10.16,100.0,Minority,Low_poverty,LPM,40.8831467,-73.8656432
360810087002,759.0,31.23,21.48,66.0,Minority,Low_poverty,LPM,40.7756284,-73.9337505
360050229013,720.0,1.94,38.06,98.06,Minority,High_poverty,HPM,40.8472039,-73.9073007
360810236002,1751.0,1.94,11.19,53.79,Minority,Low_poverty,LPM,40.7061888,-73.8041582
360810580001,981.0,1.43,19.68,92.05,Minority,Low_poverty,LPM,40.7086061,-73.7287377
360610072002,1528.0,58.18,28.34,0.0,White,Low_poverty,LPW,40.7458087,-73.9812229
360470806002,1243.0,28.4,21.4,69.67,Minority,Low_poverty,LPM,40.6613345,-73.9426878
360810549002,1441.0,31.85,8.88,63.15,Minority,Low_poverty,LPM,40.7030438,-73.9068573
360470219001,878.0,39.29,21.87,55.13,Minority,Low_poverty,LPM,40.6733695,-73.954941
360470569001,1024.0,79.39,11.43,12.4,White,Low_poverty,LPW,40.7235602,-73.9505156
360470249004,554.0,55.96,32.35,38.63,White,High_poverty,HPW,40.6807888,-73.9478227
360050288002,1180.0,46.61,11.95,48.82,Other,Low_poverty,LPO,40.8523132,-73.8500192
360470171001,1470.0,64.29,1.09,18.84,White,Low_poverty,LPW,40.6582567,-73.9760684
360610255004,1097.0,34.37,14.86,27.53,Other,Low_poverty,LPO,40.8434377,-73.9422521
360810511001,1046.0,73.14,0.76,15.58,White,Low_poverty,LPW,40.7273825,-73.9020326
360810779022,960.0,100.0,11.25,0.0,White,Low_poverty,LPW,40.7235352,-73.8224993
360050413001,2308.0,11.92,22.66,87.56,Minority,Low_poverty,LPM,40.8742832,-73.8848751
360050431008,1019.0,13.25,16.86,86.75,Minority,Low_poverty,LPM,40.8810338,-73.876475
360470996001,1775.0,3.72,11.1,90.82,Minority,Low_poverty,LPM,40.6342196,-73.9086998
360470307001,2458.0,1.18,38.24,97.35,Minority,High_poverty,HPM,40.6755909,-73.9263008
360050063004,872.0,27.41,42.09,67.2,Minority,High_poverty,HPM,40.8258642,-73.9259993
360811059001,1159.0,66.7,3.8,6.99,White,Low_poverty,LPW,40.7753381,-73.8094213
360610022013,1659.0,3.74,51.9,74.2,Minority,High_poverty,HPM,40.7190844,-73.9814334
360470890004,1976.0,0.0,20.24,98.02,Minority,Low_poverty,LPM,40.6564902,-73.9164026
360470228003,686.0,85.13,30.38,9.33,White,High_poverty,HPW,40.6391903,-73.982405
360470041001,1724.0,65.6,9.64,21.05,White,Low_poverty,LPW,40.6875521,-73.9844084
360470427004,785.0,29.43,21.53,61.91,Minority,Low_poverty,LPM,40.7040578,-73.9287472
360610124005,946.0,91.44,6.08,3.17,White,Low_poverty,LPW,40.7657057,-73.9560566
360810334024,2747.0,1.09,7.14,98.91,Minority,Low_poverty,LPM,40.6737819,-73.7729898
360810713064,1010.0,38.02,7.72,11.69,Other,Low_poverty,LPO,40.7274556,-73.856141
360810462001,2645.0,1.93,9.84,56.94,Minority,Low_poverty,LPM,40.7103101,-73.785864
360610241002,2415.0,29.69,6.71,63.77,Minority,Low_poverty,LPM,40.8339159,-73.9465318
360050184004,625.0,59.84,22.88,24.0,White,Low_poverty,LPW,40.8384728,-73.8317283
360810294005,822.0,0.0,5.01,100.0,Minority,Low_poverty,LPM,40.6719832,-73.782332
360810665012,891.0,58.36,4.15,38.38,White,Low_poverty,LPW,40.7175995,-73.8868385
360810664002,1761.0,2.44,4.54,85.12,Minority,Low_poverty,LPM,40.6522668,-73.7546727
360050436001,896.0,5.47,7.25,82.48,Minority,Low_poverty,LPM,40.8980024,-73.8486825
360610277004,1010.0,1.58,61.49,93.07,Minority,High_poverty,HPM,40.8564004,-73.9276217
360610223012,2572.0,18.12,10.02,78.46,Minority,Low_poverty,LPM,40.8204756,-73.9529507
360810479003,1614.0,12.08,21.81,26.58,Other,Low_poverty,LPO,40.7337207,-73.8801641
360470946003,759.0,2.9,15.15,93.02,Minority,Low_poverty,LPM,40.6432399,-73.9226153
360810119001,617.0,62.4,16.37,23.82,White,Low_poverty,LPW,40.7719693,-73.9071399
360610119001,419.0,24.34,49.4,65.15,Minority,High_poverty,HPM,40.7567157,-73.9846054
360810568001,2439.0,5.08,7.7,73.06,Minority,Low_poverty,LPM,40.7178543,-73.7319909
360470772001,1698.0,13.9,2.67,84.45,Minority,Low_poverty,LPM,40.6339173,-73.9541894
360471142011,824.0,2.18,34.99,92.35,Minority,High_poverty,HPM,40.6829022,-73.8945054
360810208001,1664.0,12.38,13.66,54.39,Minority,Low_poverty,LPM,40.6976312,-73.8104961
360810663002,1433.0,79.76,2.65,7.26,White,Low_poverty,LPW,40.720791,-73.8742151
360470788003,511.0,0.0,7.44,87.86,Minority,Low_poverty,LPM,40.6374587,-73.9513099
360470311001,713.0,8.84,30.01,80.22,Minority,High_poverty,HPM,40.6766478,-73.9373388
360470646002,1068.0,86.05,7.02,4.78,White,Low_poverty,LPW,40.6155666,-73.9403533
360810289002,1314.0,8.75,5.63,39.43,Other,Low_poverty,LPO,40.7520742,-73.8913672
360810779025,863.0,68.48,5.68,6.95,White,Low_poverty,LPW,40.7282421,-73.8269612
360610285001,2724.0,3.89,11.64,91.82,Minority,Low_poverty,LPM,40.8622636,-73.9262543
360610168003,989.0,33.97,7.42,58.34,Minority,Low_poverty,LPM,40.792665,-73.9512436
360470291003,1088.0,15.99,9.65,84.0,Minority,Low_poverty,LPM,40.6893279,-73.9333184
360470164001,1264.0,37.34,0.0,48.41,Other,Low_poverty,LPO,40.6081112,-74.0277291
360470379002,1684.0,8.85,17.98,89.13,Minority,Low_poverty,LPM,40.68079,-73.9195557
360610093004,967.0,89.66,7.14,4.14,White,Low_poverty,LPW,40.747578,-74.0024016
360050420001,1110.0,12.16,23.22,75.67,Minority,Low_poverty,LPM,40.894416,-73.8583798
360050458002,2002.0,1.2,63.24,92.15,Minority,High_poverty,HPM,40.8865233,-73.8446366
360850007004,1431.0,8.94,10.97,82.32,Minority,Low_poverty,LPM,40.6463853,-74.079413
360470044001,1327.0,77.24,2.19,12.73,White,Low_poverty,LPW,40.6310418,-74.03732
360470259021,3533.0,0.0,60.4,96.94,Minority,High_poverty,HPM,40.696966,-73.945154
360810334025,2336.0,0.0,4.58,100.0,Minority,Low_poverty,LPM,40.6768082,-73.7764254
360050232002,1445.0,19.24,24.77,74.32,Minority,Low_poverty,LPM,40.8466105,-73.8651944
360811223002,825.0,41.94,0.0,11.27,Other,Low_poverty,LPO,40.735613,-73.7988297
360470429004,1336.0,29.72,28.22,65.27,Minority,Low_poverty,LPM,40.7009431,-73.9219541
360050076002,1181.0,2.54,21.04,85.36,Minority,Low_poverty,LPM,40.8336458,-73.8696944
360470944014,578.0,0.0,11.59,100.0,Minority,Low_poverty,LPM,40.6383327,-73.920224
360470315003,1148.0,27.18,21.89,68.55,Minority,Low_poverty,LPM,40.6761168,-73.951311
360470315002,1271.0,36.98,12.43,45.79,Other,Low_poverty,LPO,40.6759637,-73.9485367
360470319003,633.0,17.22,11.53,75.83,Minority,Low_poverty,LPM,40.6651025,-73.9495807
360850248002,1731.0,78.45,6.63,10.8,White,Low_poverty,LPW,40.5128145,-74.244553
360850251001,2554.0,57.56,6.38,11.55,White,Low_poverty,LPW,40.6215215,-74.1426009
360850273012,2867.0,56.96,9.14,11.3,White,Low_poverty,LPW,40.5996828,-74.1521427
360850323001,1073.0,17.33,19.48,80.43,Minority,Low_poverty,LPM,40.6369269,-74.1761443
360850112024,253.0,7.51,14.23,92.49,Minority,Low_poverty,LPM,40.5684524,-74.0997588
360850132031,1485.0,83.03,4.78,10.17,White,Low_poverty,LPW,40.5538289,-74.1386617
360850291032,2132.0,62.62,11.91,21.48,White,Low_poverty,LPW,40.603275,-74.1687151
360850170092,1661.0,82.54,3.43,6.08,White,Low_poverty,LPW,40.5395014,-74.1913747
360470744001,1643.0,80.4,7.43,17.96,White,Low_poverty,LPW,40.6235063,-73.9433264
360470746001,1632.0,49.33,3.75,39.15,Other,Low_poverty,LPO,40.6190711,-73.9402511
360470750002,1481.0,62.59,9.18,29.44,White,Low_poverty,LPW,40.6253731,-73.9485403
360471122001,1926.0,1.3,27.75,91.96,Minority,Low_poverty,LPM,40.6640633,-73.8850609
360471124003,1416.0,1.55,39.27,90.68,Minority,High_poverty,HPM,40.6654504,-73.889399
360471128003,1436.0,0.84,27.65,99.16,Minority,Low_poverty,LPM,40.6613106,-73.8937338
360810026001,904.0,22.23,4.2,54.65,Minority,Low_poverty,LPM,40.6981981,-73.8428712
360850151002,741.0,82.46,0.54,6.34,White,Low_poverty,LPW,40.6210015,-74.1270314
360850151005,1230.0,84.55,2.85,9.43,White,Low_poverty,LPW,40.6142353,-74.1267808
360850156016,874.0,71.28,0.0,14.3,White,Low_poverty,LPW,40.5426249,-74.1603103
360850156012,647.0,95.36,5.1,2.63,White,Low_poverty,LPW,40.5433456,-74.1516696
360470752001,1031.0,98.25,1.75,0.97,White,Low_poverty,LPW,40.6261531,-73.9525462
360470760002,1002.0,78.54,43.01,8.39,White,High_poverty,HPW,40.6210054,-73.954973
360470762001,874.0,51.6,32.48,47.26,White,High_poverty,HPW,40.6254295,-73.9551675
360470764001,1168.0,29.97,8.35,66.44,Minority,Low_poverty,LPM,40.6343275,-73.9590722
360470908002,739.0,0.0,51.83,100.0,Minority,High_poverty,HPM,40.6698139,-73.9036603
360470916003,638.0,0.0,21.0,98.43,Minority,Low_poverty,LPM,40.6578756,-73.9077174
360470922002,1667.0,2.1,17.94,95.68,Minority,Low_poverty,LPM,40.6544403,-73.9085247
360810126012,1103.0,5.08,7.16,65.64,Minority,Low_poverty,LPM,40.6930238,-73.8382557
360810128001,1019.0,46.32,9.0,37.49,Other,Low_poverty,LPO,40.6994703,-73.8409564
360810132001,657.0,77.02,9.89,16.13,White,Low_poverty,LPW,40.7021855,-73.8340023
360810132002,1608.0,19.78,29.98,57.4,Minority,Low_poverty,LPM,40.7006088,-73.8346856
360810136001,1103.0,60.65,5.89,28.38,White,Low_poverty,LPW,40.7064441,-73.8278233
360810138001,1725.0,50.67,12.87,36.12,White,Low_poverty,LPW,40.7091421,-73.8279662
360810142012,2359.0,3.6,15.56,58.54,Minority,Low_poverty,LPM,40.7000497,-73.8244146
360810143002,2401.0,48.06,15.08,32.91,Other,Low_poverty,LPO,40.7667254,-73.9122407
360810144001,1915.0,5.9,17.39,51.8,Minority,Low_poverty,LPM,40.6984968,-73.8284961
360810148001,1719.0,2.62,10.71,38.39,Other,Low_poverty,LPO,40.6945021,-73.8223729
360810150001,1212.0,2.39,7.67,46.12,Other,Low_poverty,LPO,40.6942528,-73.8181752
360810153001,1046.0,44.65,8.36,22.56,Other,Low_poverty,LPO,40.7577077,-73.9128497
360810153002,887.0,46.9,9.24,29.43,Other,Low_poverty,LPO,40.7586451,-73.9148497
360810007003,1352.0,66.72,3.85,8.14,White,Low_poverty,LPW,40.7464825,-73.952387
360810004003,1065.0,5.35,12.58,71.55,Minority,Low_poverty,LPM,40.688789,-73.8638129
360850156021,835.0,84.07,5.27,13.29,White,Low_poverty,LPW,40.5393083,-74.162233
360850170101,2250.0,90.4,3.16,9.6,White,Low_poverty,LPW,40.552628,-74.1995429
360850176003,1222.0,98.61,9.82,1.4,White,Low_poverty,LPW,40.5311356,-74.1743701
360850303021,1323.0,34.92,13.6,46.11,Other,Low_poverty,LPO,40.6252466,-74.1642724
360850291021,795.0,46.79,5.79,14.72,Other,Low_poverty,LPO,40.6115151,-74.1906063
360850177003,1419.0,86.54,1.9,0.0,White,Low_poverty,LPW,40.6019296,-74.1032762
360850189011,3050.0,62.66,12.52,20.06,White,Low_poverty,LPW,40.6118629,-74.1362049
360850197002,946.0,83.72,14.9,6.13,White,Low_poverty,LPW,40.6159986,-74.1332134
360850197001,809.0,87.14,2.22,3.71,White,Low_poverty,LPW,40.6180745,-74.137482
360850201002,1041.0,64.75,11.32,29.11,White,Low_poverty,LPW,40.6212661,-74.1335647
360850208011,1739.0,95.23,12.31,3.62,White,Low_poverty,LPW,40.5513015,-74.2165244
360850223001,1336.0,15.87,17.22,78.06,Minority,Low_poverty,LPM,40.6366892,-74.1570825
360850247002,1374.0,29.91,6.26,59.75,Minority,Low_poverty,LPM,40.6268242,-74.1397872
360810006001,1425.0,13.26,7.65,71.79,Minority,Low_poverty,LPM,40.686594,-73.8617617
360810006002,1084.0,6.55,10.79,65.22,Minority,Low_poverty,LPM,40.6858997,-73.8634125
360810008002,1836.0,12.85,14.62,69.61,Minority,Low_poverty,LPM,40.6869994,-73.859516
360810014003,1479.0,26.44,5.21,51.25,Minority,Low_poverty,LPM,40.6945785,-73.8538256
360810018002,1087.0,13.71,12.6,52.9,Minority,Low_poverty,LPM,40.6889315,-73.8515875
360810022002,966.0,24.64,16.36,62.84,Minority,Low_poverty,LPM,40.695232,-73.8510195
360810259002,951.0,8.62,11.78,43.53,Other,Low_poverty,LPO,40.7464004,-73.9045386
360810262001,1270.0,0.71,5.2,92.28,Minority,Low_poverty,LPM,40.6910079,-73.7920924
360810366001,1665.0,0.0,14.61,91.65,Minority,Low_poverty,LPM,40.6877577,-73.7629095
360810368002,1067.0,2.06,5.44,92.88,Minority,Low_poverty,LPM,40.6840056,-73.7665969
360810373001,873.0,1.49,5.19,86.6,Minority,Low_poverty,LPM,40.7601906,-73.8621574
360810376003,798.0,3.88,6.77,96.12,Minority,Low_poverty,LPM,40.6875,-73.7541055
360810376002,1370.0,0.66,13.14,81.02,Minority,Low_poverty,LPM,40.6900874,-73.7547042
360810381002,3212.0,4.7,19.06,86.83,Minority,Low_poverty,LPM,40.7551,-73.8597318
360810394003,672.0,1.04,6.99,95.39,Minority,Low_poverty,LPM,40.6871882,-73.7586447
360810400002,509.0,0.0,14.65,89.0,Minority,Low_poverty,LPM,40.697245,-73.7652093
360810401001,3620.0,0.66,21.61,86.57,Minority,Low_poverty,LPM,40.7530958,-73.8579865
360810404002,1168.0,3.34,13.73,86.22,Minority,Low_poverty,LPM,40.7070007,-73.7721749
360810405002,1130.0,0.0,23.97,98.14,Minority,Low_poverty,LPM,40.7485566,-73.8622452
360810409001,2147.0,0.0,18.91,100.0,Minority,Low_poverty,LPM,40.7528826,-73.8694788
360810411001,1587.0,0.25,18.9,85.13,Minority,Low_poverty,LPM,40.7440824,-73.8663745
360810413001,3353.0,0.21,23.11,75.42,Minority,Low_poverty,LPM,40.7454511,-73.8614648
360810415001,2156.0,9.93,26.47,74.4,Minority,Low_poverty,LPM,40.7471548,-73.8565492
360810114001,1303.0,20.11,3.53,45.35,Other,Low_poverty,LPO,40.6879308,-73.8418285
360810115001,1741.0,66.05,5.97,19.53,White,Low_poverty,LPW,40.7735361,-73.9144295
360810118002,1091.0,1.28,23.28,27.68,Other,Low_poverty,LPO,40.6909935,-73.8363193
360810120002,1354.0,4.06,30.35,33.9,Other,High_poverty,HPO,40.6906913,-73.8282585
360810124001,1488.0,12.7,12.9,52.42,Minority,Low_poverty,LPM,40.6957536,-73.8335593
360810264001,1052.0,1.14,20.31,79.56,Minority,Low_poverty,LPM,40.6938601,-73.7852794
360810265002,2551.0,5.96,8.58,21.95,Other,Low_poverty,LPO,40.7437838,-73.893234
360810267003,2012.0,6.06,14.76,32.25,Other,Low_poverty,LPO,40.7453066,-73.8899421
360810270001,2190.0,3.88,15.08,89.59,Minority,Low_poverty,LPM,40.6886843,-73.7913977
360810271003,1542.0,2.33,23.93,63.17,Minority,Low_poverty,LPM,40.7450978,-73.8795398
360810273005,1320.0,0.0,9.24,85.76,Minority,Low_poverty,LPM,40.7508362,-73.8736144
360810273002,1471.0,2.65,8.45,80.42,Minority,Low_poverty,LPM,40.7539887,-73.8729589
360810276001,1342.0,3.43,2.62,88.3,Minority,Low_poverty,LPM,40.6875883,-73.7862396
360810277003,2458.0,7.16,6.43,74.7,Minority,Low_poverty,LPM,40.7535407,-73.8774216
360810278001,638.0,1.72,9.87,94.83,Minority,Low_poverty,LPM,40.6868379,-73.7820375
360810281004,1126.0,32.77,15.01,49.91,Other,Low_poverty,LPO,40.7498585,-73.8829105
360810282001,1894.0,1.53,10.72,81.1,Minority,Low_poverty,LPM,40.6849947,-73.7738873
360810285002,1221.0,61.26,0.0,12.28,White,Low_poverty,LPW,40.7524663,-73.8876491
360810287004,1781.0,19.48,16.96,57.44,Minority,Low_poverty,LPM,40.7531371,-73.8901386
360810289001,1037.0,23.92,7.52,43.59,Other,Low_poverty,LPO,40.7533941,-73.8923265
360810507001,1848.0,49.68,12.34,23.38,Other,Low_poverty,LPO,40.7273835,-73.8828025
360810507002,2254.0,40.86,12.6,21.03,Other,Low_poverty,LPO,40.7264669,-73.8797302
360810508002,585.0,5.81,24.31,91.11,Minority,Low_poverty,LPM,40.7055581,-73.7547596
360810512001,1308.0,0.69,7.44,84.78,Minority,Low_poverty,LPM,40.7127081,-73.7508634
360810515002,1451.0,60.58,3.79,28.94,White,Low_poverty,LPW,40.7318547,-73.9008626
360810517002,1110.0,66.04,6.31,28.2,White,Low_poverty,LPW,40.7239736,-73.9022948
360810521002,1083.0,57.06,11.08,32.41,White,Low_poverty,LPW,40.7206575,-73.9023369
360810522001,1760.0,0.0,3.52,93.53,Minority,Low_poverty,LPM,40.7004447,-73.7573683
360810526002,671.0,12.37,1.94,75.26,Minority,Low_poverty,LPM,40.6960873,-73.7594337
360810532002,1004.0,0.0,3.36,84.06,Minority,Low_poverty,LPM,40.6975067,-73.7481874
360810534011,1060.0,0.0,2.56,99.53,Minority,Low_poverty,LPM,40.6986148,-73.7446936
360810536012,862.0,2.44,0.58,86.08,Minority,Low_poverty,LPM,40.7051615,-73.7453005
360810440001,1151.0,0.0,19.64,76.28,Minority,Low_poverty,LPM,40.7024833,-73.7878583
360810440002,1023.0,1.86,10.75,83.38,Minority,Low_poverty,LPM,40.7015858,-73.78571
360810446022,2738.0,1.24,42.12,38.21,Other,High_poverty,HPO,40.7078771,-73.7987177
360810448001,1842.0,6.24,12.9,29.69,Other,Low_poverty,LPO,40.7108994,-73.8018209
360810450001,889.0,20.25,9.0,29.36,Other,Low_poverty,LPO,40.7150673,-73.8053047
360810457002,1826.0,6.3,14.25,20.92,Other,Low_poverty,LPO,40.7372855,-73.8718334
360810458001,2348.0,12.01,5.49,20.83,Other,Low_poverty,LPO,40.7152626,-73.7909261
360810459002,1353.0,3.25,8.13,52.85,Minority,Low_poverty,LPM,40.7391878,-73.8704375
360810464001,1999.0,13.81,8.83,46.67,Other,Low_poverty,LPO,40.7168637,-73.7869958
360810468002,1992.0,0.25,9.99,11.4,Other,Low_poverty,LPO,40.709528,-73.7820855
360810469003,570.0,2.11,3.86,49.82,Other,Low_poverty,LPO,40.7433767,-73.8785032
360810475001,1944.0,5.86,13.63,27.68,Other,Low_poverty,LPO,40.7347164,-73.8758994
360470090001,1925.0,7.95,28.68,64.62,Minority,Low_poverty,LPM,40.6479217,-73.9983817
360470094003,1214.0,11.04,37.64,33.11,Other,High_poverty,HPO,40.6445829,-74.0018973
360470098001,2094.0,3.68,38.06,74.22,Minority,High_poverty,HPM,40.6446167,-74.0072409
360470100002,1265.0,14.23,20.9,7.19,Other,Low_poverty,LPO,40.6403101,-74.0099269
360470102001,1830.0,1.26,14.59,24.48,Other,Low_poverty,LPO,40.6389102,-74.0113826
360470102002,1591.0,2.64,14.75,18.1,Other,Low_poverty,LPO,40.6388462,-74.0138259
360470104001,2041.0,7.15,27.37,5.59,Other,Low_poverty,LPO,40.6362499,-74.0069783
360470106003,1304.0,0.61,27.38,15.8,Other,Low_poverty,LPO,40.6401003,-74.0065593
360470108002,1415.0,12.72,36.61,32.44,Other,High_poverty,HPO,40.6404508,-74.0026095
360470110001,1170.0,35.73,30.4,34.44,Other,High_poverty,HPO,40.6450697,-73.9925483
360470112004,1634.0,30.78,34.58,43.27,Other,High_poverty,HPO,40.6430414,-73.9963256
360810538002,893.0,0.0,17.69,86.57,Minority,Low_poverty,LPM,40.7046278,-73.742178
360810540002,1469.0,0.0,15.45,93.47,Minority,Low_poverty,LPM,40.7133586,-73.7433036
360810542004,1307.0,0.15,8.22,59.38,Minority,Low_poverty,LPM,40.7182846,-73.7493876
360810542001,899.0,7.12,6.67,19.69,Other,Low_poverty,LPO,40.7217931,-73.7473756
360810358003,1363.0,0.0,6.6,98.6,Minority,Low_poverty,LPM,40.6747718,-73.7511638
360810361002,1422.0,2.04,11.11,78.62,Minority,Low_poverty,LPM,40.7588907,-73.8716509
360050254001,1071.0,57.14,11.11,31.09,White,Low_poverty,LPW,40.8494397,-73.8533988
360050201003,1129.0,0.0,46.77,100.0,Minority,High_poverty,HPM,40.8401353,-73.9264451
360050297001,1557.0,73.67,3.02,20.17,White,Low_poverty,LPW,40.8871443,-73.9110044
360050189003,2137.0,1.64,27.56,97.28,Minority,Low_poverty,LPM,40.8314822,-73.9290133
360050244002,1356.0,29.79,4.42,65.34,Minority,Low_poverty,LPM,40.8451777,-73.8565815
360050086002,2240.0,0.45,53.37,99.55,Minority,High_poverty,HPM,40.8177184,-73.8493058
360050248001,1086.0,48.43,0.0,45.03,Other,Low_poverty,LPO,40.85662,-73.8582913
360050229012,1086.0,1.01,38.86,98.99,Minority,High_poverty,HPM,40.845991,-73.9052816
360050233022,2054.0,0.78,41.76,99.22,Minority,High_poverty,HPM,40.8478811,-73.905504
360050396001,1186.0,0.25,33.76,97.47,Minority,High_poverty,HPM,40.8850255,-73.8569338
360470067003,962.0,89.6,6.13,5.61,White,Low_poverty,LPW,40.6826006,-73.9979637
360470068004,1159.0,26.32,45.56,59.97,Minority,High_poverty,HPM,40.6361281,-74.0274054
360470069001,750.0,78.4,3.65,11.33,White,Low_poverty,LPW,40.685658,-73.989806
360470070002,1108.0,55.6,10.27,12.01,White,Low_poverty,LPW,40.6374467,-74.0257838
360470075005,984.0,73.48,22.26,16.67,White,Low_poverty,LPW,40.6817654,-73.9950575
360470114002,772.0,74.48,34.84,14.38,White,High_poverty,HPW,40.638328,-74.0005805
360470116003,1076.0,12.83,24.91,11.06,Other,Low_poverty,LPO,40.634165,-74.0057833
360470118002,973.0,3.6,17.57,12.02,Other,Low_poverty,LPO,40.6356685,-74.013226
360470127002,1225.0,57.06,12.57,32.08,White,Low_poverty,LPW,40.6809217,-73.9831492
360810235003,1890.0,0.85,20.53,53.86,Minority,Low_poverty,LPM,40.7389468,-73.917312
360810235001,3134.0,5.71,6.16,71.37,Minority,Low_poverty,LPM,40.736688,-73.9186459
360810243003,1897.0,15.71,6.54,45.49,Other,Low_poverty,LPO,40.7358779,-73.8992284
360810243001,664.0,39.61,5.87,15.06,Other,Low_poverty,LPO,40.7380462,-73.9018478
360810245002,1284.0,41.59,13.08,22.66,Other,Low_poverty,LPO,40.7397539,-73.9065365
360810247001,1466.0,14.6,10.75,34.99,Other,Low_poverty,LPO,40.7422779,-73.89945
360810249003,1064.0,17.2,7.89,32.42,Other,Low_poverty,LPO,40.7441062,-73.9052291
360810251003,1448.0,25.28,4.79,40.88,Other,Low_poverty,LPO,40.7434572,-73.9102339
360810255001,1524.0,20.47,10.5,36.35,Other,Low_poverty,LPO,40.7504263,-73.90792
360470043004,1874.0,61.74,5.01,25.03,White,Low_poverty,LPW,40.6882307,-73.9912893
360470045004,785.0,86.62,5.35,5.6,White,Low_poverty,LPW,40.6867171,-73.9963523
360470047001,1877.0,58.92,6.82,29.94,White,Low_poverty,LPW,40.6883662,-74.0018662
360470050001,674.0,69.14,2.97,11.58,White,Low_poverty,LPW,40.6242299,-74.0407575
360470051003,768.0,77.73,8.88,12.24,White,Low_poverty,LPW,40.6819542,-74.0038571
360470052011,1707.0,64.91,25.07,13.18,White,Low_poverty,LPW,40.6216089,-74.0382101
360470062002,872.0,64.22,42.64,18.46,White,High_poverty,HPW,40.6238877,-74.0308593
360470063001,871.0,77.84,8.27,9.87,White,Low_poverty,LPW,40.6840257,-74.0003428
360470064001,868.0,73.85,7.26,17.97,White,Low_poverty,LPW,40.6300198,-74.0283605
360050426002,1660.0,11.51,3.98,86.38,Minority,Low_poverty,LPM,40.8903257,-73.8463864
360050307013,1077.0,65.18,2.32,19.22,White,Low_poverty,LPW,40.8890036,-73.9115631
360050336001,1822.0,5.93,12.84,94.08,Minority,Low_poverty,LPM,40.870582,-73.8688837
360050121021,1447.0,0.35,48.03,99.17,Minority,High_poverty,HPM,40.8260067,-73.887962
360050277003,564.0,3.01,29.43,96.98,Minority,Low_poverty,LPM,40.8778993,-73.8996561
360050431004,523.0,25.43,10.02,74.57,Minority,Low_poverty,LPM,40.8853536,-73.8785624
360050404001,1697.0,0.88,9.02,96.59,Minority,Low_poverty,LPM,40.8857178,-73.8499297
360050312002,737.0,49.53,0.14,21.03,Other,Low_poverty,LPO,40.8607321,-73.8423477
360470075003,958.0,64.51,0.0,27.24,White,Low_poverty,LPW,40.6801632,-73.9907643
360470076003,1642.0,9.93,34.9,74.85,Minority,High_poverty,HPM,40.6444916,-74.0160892
360470077003,1464.0,68.24,5.87,17.55,White,Low_poverty,LPW,40.6754967,-73.9970651
360470078001,1882.0,3.51,6.57,89.11,Minority,Low_poverty,LPM,40.6471562,-74.0114485
360470082003,1232.0,7.63,31.35,81.9,Minority,High_poverty,HPM,40.6517847,-74.0085198
360470088001,997.0,28.89,12.04,46.34,Other,Low_poverty,LPO,40.6507607,-74.0016807
360470170001,1136.0,36.27,12.24,23.77,Other,Low_poverty,LPO,40.6120331,-74.0102582
360470172002,1411.0,41.81,12.69,23.67,Other,Low_poverty,LPO,40.6073636,-74.012191
360470201002,1253.0,63.61,6.21,23.06,White,Low_poverty,LPW,40.6817496,-73.9630274
360470202001,1118.0,48.39,12.43,9.84,Other,Low_poverty,LPO,40.6231598,-74.0098355
360470205001,765.0,62.61,10.85,11.9,White,Low_poverty,LPW,40.6783539,-73.9653842
360470205002,1339.0,49.44,4.78,23.53,Other,Low_poverty,LPO,40.6774754,-73.965704
360470207002,1917.0,57.69,4.75,29.47,White,Low_poverty,LPW,40.6742003,-73.9678603
360470212003,1440.0,16.39,31.89,13.89,Other,High_poverty,HPO,40.6296308,-74.0075868
360470213001,864.0,31.83,26.04,63.66,Minority,Low_poverty,LPM,40.6702515,-73.9603411
360470214001,1131.0,82.85,30.77,9.73,White,High_poverty,HPW,40.6308415,-74.0018491
360470216003,1139.0,58.47,17.21,15.54,White,Low_poverty,LPW,40.6341077,-74.0019908
360470220001,1423.0,80.11,61.56,1.19,White,High_poverty,HPW,40.6356897,-73.9932188
360470021003,1579.0,70.23,5.26,14.38,White,Low_poverty,LPW,40.7034166,-73.9833242
360470029011,3420.0,1.43,36.47,68.25,Minority,High_poverty,HPM,40.6950846,-73.9790941
360470030001,993.0,60.42,5.74,22.35,White,Low_poverty,LPW,40.6396359,-74.0285336
360470031001,2736.0,40.42,5.65,34.43,Other,Low_poverty,LPO,40.6927611,-73.9798992
360470034002,1471.0,39.9,18.54,19.99,Other,Low_poverty,LPO,40.6373893,-74.0338086
360050269001,981.0,0.31,43.22,98.68,Minority,High_poverty,HPM,40.8666572,-73.9103549
360050340001,976.0,7.68,24.39,87.5,Minority,Low_poverty,LPM,40.870497,-73.8628509
360050371001,1223.0,0.0,13.82,96.4,Minority,Low_poverty,LPM,40.8482014,-73.8857608
360050161001,1206.0,0.0,40.71,100.0,Minority,High_poverty,HPM,40.8377359,-73.8846101
360050363004,831.0,0.0,50.54,100.0,Minority,High_poverty,HPM,40.8429547,-73.8837535
360050393001,1775.0,4.45,40.0,92.74,Minority,High_poverty,HPM,40.8552795,-73.882014
360050212001,1026.0,1.75,11.79,62.67,Minority,Low_poverty,LPM,40.8363711,-73.8602814
360050145003,757.0,6.61,21.4,93.4,Minority,Low_poverty,LPM,40.832241,-73.9065032
360470246002,1208.0,40.48,13.26,9.69,Other,Low_poverty,LPO,40.6178487,-73.9826665
360470247001,1609.0,15.72,32.17,73.65,Minority,High_poverty,HPM,40.6793174,-73.9468286
360470252004,1380.0,30.58,14.58,31.67,Other,Low_poverty,LPO,40.6208649,-73.9922421
360470323001,1099.0,30.12,17.12,66.42,Minority,Low_poverty,LPM,40.6686704,-73.9545869
360470326002,1615.0,17.4,62.85,75.66,Minority,High_poverty,HPM,40.5754059,-73.9879361
360470328002,547.0,7.31,13.53,9.69,Other,Low_poverty,LPO,40.5764311,-73.9971844
360470328003,801.0,9.36,16.23,60.43,Minority,Low_poverty,LPM,40.5761162,-73.9998293
360470329004,1470.0,25.65,8.78,71.36,Minority,Low_poverty,LPM,40.6630393,-73.9523368
360470265004,861.0,17.19,15.33,79.21,Minority,Low_poverty,LPM,40.6858052,-73.9444022
360470267001,770.0,19.09,9.17,80.91,Minority,Low_poverty,LPM,40.6850723,-73.9442562
360470268002,794.0,28.09,16.25,13.6,Other,Low_poverty,LPO,40.6092053,-73.9898672
360470270001,967.0,57.19,14.68,11.07,White,Low_poverty,LPW,40.6049398,-73.9888743
360470272002,1949.0,26.68,18.21,54.18,Minority,Low_poverty,LPM,40.608459,-73.9924569
360470273001,1131.0,24.58,16.3,70.65,Minority,Low_poverty,LPM,40.6820663,-73.937813
360470276003,1126.0,28.42,30.91,46.63,Other,High_poverty,HPO,40.61002,-74.0001675
360470279001,779.0,21.05,20.41,78.94,Minority,Low_poverty,LPM,40.6908574,-73.9395625
360470280001,861.0,36.47,15.1,9.29,Other,Low_poverty,LPO,40.60061,-74.0072251
360470150002,798.0,71.93,9.15,9.15,White,Low_poverty,LPW,40.6145397,-74.0116314
360470151003,1483.0,53.61,1.89,24.14,White,Low_poverty,LPW,40.6656617,-73.984265
360470153002,770.0,67.66,1.04,9.48,White,Low_poverty,LPW,40.6669256,-73.9798965
360470157002,573.0,96.16,0.7,3.84,White,Low_poverty,LPW,40.6735136,-73.9761052
360470159003,935.0,68.13,11.76,14.33,White,Low_poverty,LPW,40.6755861,-73.9762803
360470159004,686.0,74.49,2.92,21.43,White,Low_poverty,LPW,40.6768965,-73.9753945
360470161001,1600.0,32.63,20.15,55.0,Minority,Low_poverty,LPM,40.6815701,-73.9725499
360050028001,1451.0,0.0,5.47,100.0,Minority,Low_poverty,LPM,40.8222655,-73.8788968
360050044004,1401.0,4.71,47.11,95.29,Minority,High_poverty,HPM,40.825808,-73.8708021
360050372001,711.0,0.0,24.05,95.92,Minority,Low_poverty,LPM,40.8735418,-73.8620362
360050371002,864.0,4.63,29.49,92.02,Minority,Low_poverty,LPM,40.8456994,-73.8884178
360050077001,2022.0,3.07,31.53,95.99,Minority,High_poverty,HPM,40.8197339,-73.9044231
360050387002,972.0,13.58,35.7,86.42,Minority,High_poverty,HPM,40.8558879,-73.8899725
360050460001,2461.0,4.51,32.82,93.67,Minority,High_poverty,HPM,40.8828169,-73.8423205
360050421003,504.0,7.74,37.5,83.73,Minority,High_poverty,HPM,40.8813271,-73.8819477
360050229021,1428.0,0.0,45.24,96.78,Minority,High_poverty,HPM,40.8439068,-73.9085197
360050067001,847.0,0.0,56.91,100.0,Minority,High_poverty,HPM,40.8187475,-73.9154905
360050448001,1308.0,0.0,12.84,94.42,Minority,Low_poverty,LPM,40.8956675,-73.8404401
360050164001,1046.0,67.97,8.6,32.02,White,Low_poverty,LPW,40.8322025,-73.824847
360050367001,1112.0,0.9,31.99,99.1,Minority,High_poverty,HPM,40.8409469,-73.8888584
360470034001,727.0,57.5,31.64,16.92,White,High_poverty,HPW,40.6404176,-74.0334392
360470036003,903.0,79.07,5.43,12.63,White,Low_poverty,LPW,40.6331046,-74.0315342
360470244001,931.0,57.47,34.32,12.14,White,High_poverty,HPW,40.6200465,-73.983986
360811189002,874.0,15.22,7.44,16.25,Other,Low_poverty,LPO,40.7553036,-73.8122228
360470484003,1310.0,51.76,41.42,24.96,White,High_poverty,HPW,40.6333502,-73.9757293
360470486003,1061.0,31.01,32.42,18.76,Other,High_poverty,HPO,40.6390719,-73.9792704
360470488001,912.0,55.92,16.01,23.69,White,Low_poverty,LPW,40.6421027,-73.9771355
360470489002,694.0,0.0,34.73,100.0,Minority,High_poverty,HPM,40.7029503,-73.9380252
360470491004,1608.0,3.73,26.62,47.45,Other,Low_poverty,LPO,40.7040634,-73.9451649
360470492001,937.0,54.32,33.94,8.86,White,High_poverty,HPW,40.6439266,-73.9710693
360470494004,529.0,61.81,7.94,8.51,White,Low_poverty,LPW,40.6438035,-73.975425
360470494003,1960.0,66.84,26.43,5.62,White,Low_poverty,LPW,40.6419678,-73.9751644
360470497003,1223.0,63.94,6.95,18.56,White,Low_poverty,LPW,40.7154973,-73.9453998
360470498001,1306.0,47.86,6.28,26.11,Other,Low_poverty,LPO,40.6463141,-73.9799527
360470500002,1061.0,60.7,2.1,21.11,White,Low_poverty,LPW,40.6491903,-73.9769168
360470501001,1066.0,78.71,2.91,18.19,White,Low_poverty,LPW,40.7164617,-73.9472124
360470426001,1268.0,19.4,33.28,35.65,Other,High_poverty,HPO,40.6054067,-73.9789601
360470428002,1349.0,70.05,8.3,4.38,White,Low_poverty,LPW,40.6049012,-73.9837559
360470430002,969.0,36.95,37.46,16.62,Other,High_poverty,HPO,40.6096695,-73.9833724
360470431002,875.0,46.97,16.11,31.77,Other,Low_poverty,LPO,40.6992672,-73.9197077
360470432003,1252.0,29.63,27.48,27.72,Other,Low_poverty,LPO,40.6105708,-73.9816529
360470433001,1321.0,3.48,54.28,94.93,Minority,High_poverty,HPM,40.6967301,-73.9167172
360470435003,1536.0,10.61,12.5,83.6,Minority,Low_poverty,LPM,40.6958419,-73.9136916
360470282001,1434.0,31.52,11.3,15.21,Other,Low_poverty,LPO,40.5994717,-74.0053288
360470283003,1476.0,11.38,8.27,88.62,Minority,Low_poverty,LPM,40.6945205,-73.9402928
360470284003,1222.0,27.58,11.95,22.01,Other,Low_poverty,LPO,40.6042566,-74.000425
360470359001,1037.0,15.91,39.83,73.09,Minority,High_poverty,HPM,40.6728727,-73.9236886
360470361002,1263.0,11.08,42.89,87.1,Minority,High_poverty,HPM,40.6687938,-73.9204324
360470163001,437.0,67.28,21.28,23.8,White,Low_poverty,LPW,40.6809132,-73.9694106
360470165003,1660.0,84.22,5.6,10.49,White,Low_poverty,LPW,40.6690981,-73.9747621
360470167003,1473.0,86.42,1.86,1.97,White,Low_poverty,LPW,40.6639778,-73.9790319
360470389002,844.0,36.26,28.67,57.23,Minority,Low_poverty,LPM,40.6990394,-73.9372122
360470394001,705.0,54.61,24.4,27.23,White,Low_poverty,LPW,40.5993638,-73.962263
360470395001,1245.0,26.83,33.7,72.37,Minority,High_poverty,HPM,40.693123,-73.9232435
360470397002,978.0,19.84,23.72,76.59,Minority,Low_poverty,LPM,40.6887138,-73.9187262
360470398001,2033.0,31.38,13.26,26.61,Other,Low_poverty,LPO,40.59551,-73.9742254
360470330002,611.0,9.66,0.0,83.63,Minority,Low_poverty,LPM,40.5803911,-74.0026567
360470331003,747.0,92.37,19.14,7.63,White,Low_poverty,LPW,40.6646241,-73.9455464
360470337001,1144.0,21.68,25.31,77.36,Minority,Low_poverty,LPM,40.6691642,-73.9380406
360470339004,1169.0,18.73,10.52,59.2,Minority,Low_poverty,LPM,40.6714439,-73.9461752
360470341001,871.0,8.15,18.09,89.09,Minority,Low_poverty,LPM,40.674135,-73.9440719
360050431003,604.0,0.0,39.24,82.95,Minority,High_poverty,HPM,40.8833346,-73.8801849
360050266011,2103.0,21.78,23.92,77.56,Minority,Low_poverty,LPM,40.845994,-73.8349299
360050409001,479.0,84.13,1.49,10.86,White,Low_poverty,LPW,40.8749421,-73.8951771
360050462011,1566.0,23.05,65.5,76.94,Minority,High_poverty,HPM,40.8827952,-73.8212057
360050072001,2318.0,9.36,15.17,59.62,Minority,Low_poverty,LPM,40.8302598,-73.860572
360050324001,1577.0,6.4,56.01,92.01,Minority,High_poverty,HPM,40.8604413,-73.8595623
360050070001,2575.0,5.86,22.98,73.56,Minority,Low_poverty,LPM,40.8288659,-73.8656803
360050408002,1024.0,0.0,38.67,98.83,Minority,High_poverty,HPM,40.8899053,-73.8605429
360050149001,891.0,2.81,42.31,97.19,Minority,High_poverty,HPM,40.8337448,-73.9012035
360050257001,1999.0,1.8,10.86,96.4,Minority,Low_poverty,LPM,40.8603147,-73.9140946
360050269002,2147.0,0.14,13.13,99.25,Minority,Low_poverty,LPM,40.868521,-73.9065153
360050155002,622.0,0.0,39.71,96.15,Minority,High_poverty,HPM,40.8348473,-73.890403
360470021001,1808.0,73.95,0.0,4.37,White,Low_poverty,LPW,40.7038891,-73.9921822
360811033004,885.0,55.48,15.03,2.82,White,Low_poverty,LPW,40.7774726,-73.8119822
360811033001,1571.0,65.31,8.47,13.94,White,Low_poverty,LPW,40.7818105,-73.8111558
360811039004,1871.0,29.93,4.12,35.06,Other,Low_poverty,LPO,40.7858247,-73.8221168
360811047002,1738.0,28.02,4.95,0.0,Other,Low_poverty,LPO,40.7734826,-73.8175715
360811047001,695.0,37.27,5.47,5.9,Other,Low_poverty,LPO,40.7777029,-73.8173727
360811072011,2320.0,83.49,10.01,11.08,White,Low_poverty,LPW,40.6037709,-73.8218663
360811099003,929.0,46.82,9.58,4.95,Other,Low_poverty,LPO,40.768063,-73.7892404
360811191002,992.0,11.29,15.02,54.94,Minority,Low_poverty,LPM,40.7551552,-73.8056374
360811199001,1517.0,16.35,14.34,11.74,Other,Low_poverty,LPO,40.7534621,-73.8095776
360811205001,2568.0,6.35,28.12,10.24,Other,Low_poverty,LPO,40.7512742,-73.8171091
360811207002,1690.0,15.33,4.26,17.64,Other,Low_poverty,LPO,40.7512412,-73.8054502
360811215001,1266.0,14.85,21.09,20.46,Other,Low_poverty,LPO,40.7402322,-73.8021133
360811227012,1171.0,4.7,8.71,2.73,Other,Low_poverty,LPO,40.7325122,-73.8041729
360811227014,699.0,32.05,19.74,43.21,Other,Low_poverty,LPO,40.7311901,-73.808218
360811241003,1454.0,25.72,13.61,28.88,Other,Low_poverty,LPO,40.7244114,-73.8039814
360811257003,1229.0,15.22,11.58,34.09,Other,Low_poverty,LPO,40.721622,-73.8072331
360811265001,901.0,41.51,7.44,6.1,Other,Low_poverty,LPO,40.7209741,-73.8018082
360811451021,1157.0,17.03,5.01,2.42,Other,Low_poverty,LPO,40.751318,-73.7774066
360470462012,827.0,92.87,19.83,1.45,White,Low_poverty,LPW,40.6269972,-73.9741325
360470462011,1454.0,73.52,13.27,5.02,White,Low_poverty,LPW,40.6283793,-73.9727715
360470468001,2168.0,95.57,22.69,2.17,White,Low_poverty,LPW,40.6214938,-73.9807596
360470472002,1379.0,98.04,28.28,0.58,White,Low_poverty,LPW,40.6258536,-73.9827286
360470477002,2383.0,74.82,8.59,13.34,White,Low_poverty,LPW,40.7164967,-73.9414185
360470480001,1292.0,67.88,45.2,17.19,White,High_poverty,HPW,40.6311293,-73.9737693
360470481002,569.0,48.33,29.53,35.15,Other,Low_poverty,LPO,40.7129731,-73.9380238
360470482002,540.0,29.81,13.33,11.3,Other,Low_poverty,LPO,40.6330938,-73.9679214
360470001001,410.0,91.95,0.0,3.9,White,Low_poverty,LPW,40.7011194,-73.9949443
360470758001,724.0,92.96,0.0,4.56,White,Low_poverty,LPW,40.6164027,-73.9511925
360470298001,1728.0,36.4,8.04,7.99,Other,Low_poverty,LPO,40.6024563,-73.9875134
360470301002,840.0,5.12,47.11,94.76,Minority,High_poverty,HPM,40.6775354,-73.9149961
360470306001,1736.0,37.67,21.69,14.92,Other,Low_poverty,LPO,40.5911556,-73.9861335
360470307003,1553.0,13.91,20.28,84.28,Minority,Low_poverty,LPM,40.676535,-73.9284155
360470308001,1980.0,63.18,10.91,11.26,White,Low_poverty,LPW,40.5865515,-73.9795108
360470343002,617.0,37.6,3.73,62.4,Minority,Low_poverty,LPM,40.6723748,-73.9391252
360811123002,1100.0,38.09,7.18,35.09,Other,Low_poverty,LPO,40.7652055,-73.7714379
360811141001,1418.0,38.08,9.52,14.81,Other,Low_poverty,LPO,40.7710143,-73.7968597
360811147002,819.0,39.19,11.36,15.02,Other,Low_poverty,LPO,40.767312,-73.8020927
360811155001,1220.0,27.87,11.89,18.85,Other,Low_poverty,LPO,40.76902,-73.8117407
360811171003,941.0,18.6,9.88,29.65,Other,Low_poverty,LPO,40.7610755,-73.8041462
360811175003,632.0,39.72,8.39,5.86,Other,Low_poverty,LPO,40.7611112,-73.7969703
360811185001,1227.0,3.59,12.47,31.46,Other,Low_poverty,LPO,40.7592442,-73.8021322
360050389001,1435.0,19.02,36.29,75.82,Minority,High_poverty,HPM,40.8565967,-73.8836054
360050340003,1622.0,9.49,27.17,70.35,Minority,Low_poverty,LPM,40.8666641,-73.8639542
360050399012,596.0,1.01,36.74,99.0,Minority,High_poverty,HPM,40.8632129,-73.8924578
360050407022,1402.0,0.0,27.03,90.73,Minority,Low_poverty,LPM,40.8681834,-73.8862111
360050264004,1250.0,34.72,10.4,53.28,Minority,Low_poverty,LPM,40.8422894,-73.8352466
360050279001,658.0,17.63,0.0,75.98,Minority,Low_poverty,LPM,40.8831865,-73.8986786
360470001002,825.0,66.06,26.13,19.52,White,Low_poverty,LPW,40.6994219,-73.9948352
360470009001,2785.0,72.03,5.22,6.85,White,Low_poverty,LPW,40.692426,-73.9913686
360470254001,1045.0,43.16,39.02,5.36,Other,High_poverty,HPO,40.6153671,-73.9816598
360470256002,1814.0,28.28,31.02,3.14,Other,High_poverty,HPO,40.6161265,-73.9871384
360470258002,1275.0,25.96,9.8,23.37,Other,Low_poverty,LPO,40.6132966,-73.987424
360470260003,1559.0,40.92,10.39,10.46,Other,Low_poverty,LPO,40.6174379,-73.9937581
360470261003,1733.0,15.46,48.3,84.53,Minority,High_poverty,HPM,40.6909332,-73.9454235
360470262002,1189.0,28.51,10.43,16.4,Other,Low_poverty,LPO,40.6179959,-73.9977351
360470264004,1498.0,21.23,13.02,19.16,Other,Low_poverty,LPO,40.6157575,-73.9988914
360470361001,657.0,0.61,16.75,99.4,Minority,Low_poverty,LPM,40.6703234,-73.9177023
360470364001,1246.0,55.86,22.39,24.56,White,Low_poverty,LPW,40.5805631,-73.9621057
360470366002,1687.0,75.34,28.34,9.55,White,Low_poverty,LPW,40.5822647,-73.9654452
360470371001,830.0,12.41,12.17,78.55,Minority,Low_poverty,LPM,40.6817738,-73.914247
360470371003,926.0,9.94,9.29,84.45,Minority,Low_poverty,LPM,40.6803069,-73.9139528
360470371005,752.0,9.04,4.79,90.95,Minority,Low_poverty,LPM,40.6788339,-73.9131298
360470373001,988.0,10.93,60.83,87.55,Minority,High_poverty,HPM,40.6851935,-73.9156711
360470377002,852.0,3.76,42.96,87.56,Minority,High_poverty,HPM,40.6842438,-73.9188576
360470379001,1413.0,17.48,22.86,80.19,Minority,Low_poverty,LPM,40.6818891,-73.9197611
360470381004,1183.0,28.83,23.16,61.88,Minority,Low_poverty,LPM,40.6821361,-73.9274042
360470385001,943.0,4.14,4.24,93.75,Minority,Low_poverty,LPM,40.688554,-73.9270057
360470385003,1468.0,12.81,8.92,80.72,Minority,Low_poverty,LPM,40.6870893,-73.9267161
360470388002,993.0,92.75,10.17,4.63,White,Low_poverty,LPW,40.5933427,-73.9687006
360470388003,449.0,44.77,24.28,14.03,Other,Low_poverty,LPO,40.5916547,-73.9699636
360470238003,625.0,100.0,29.28,0.0,White,Low_poverty,LPW,40.6318418,-73.9936397
360470240003,1420.0,92.25,43.54,4.37,White,High_poverty,HPW,40.6295632,-73.993412
360470180001,1992.0,38.45,16.27,14.16,Other,Low_poverty,LPO,40.6094046,-74.0063043
360470183003,596.0,65.27,17.79,26.18,White,Low_poverty,LPW,40.6924612,-73.9727066
360470186002,921.0,63.84,13.36,9.45,White,Low_poverty,LPW,40.6163087,-74.0062063
360470187001,1488.0,43.68,14.21,37.1,Other,Low_poverty,LPO,40.6946578,-73.9706404
360470190003,1645.0,36.84,9.0,18.05,Other,Low_poverty,LPO,40.6197185,-74.001384
360470191002,609.0,49.43,9.24,36.12,Other,Low_poverty,LPO,40.6947637,-73.9652364
360470192002,1666.0,16.27,15.79,14.41,Other,Low_poverty,LPO,40.6278575,-73.9992905
360470193002,1813.0,16.6,15.39,82.41,Minority,Low_poverty,LPM,40.6893365,-73.9625755
360470195004,687.0,61.14,10.04,38.58,White,Low_poverty,LPW,40.691293,-73.9689551
360470196002,1232.0,36.61,15.38,12.91,Other,Low_poverty,LPO,40.6225848,-74.0050572
360470196001,1624.0,27.52,28.33,20.26,Other,Low_poverty,LPO,40.6233174,-74.002502
360470198002,1145.0,46.64,14.8,25.07,Other,Low_poverty,LPO,40.6184988,-74.0075132
360470127003,1813.0,0.0,64.54,99.17,Minority,High_poverty,HPM,40.682532,-73.9838257
360470128011,2293.0,29.83,41.69,5.93,Other,High_poverty,HPO,40.6308009,-74.0133027
360470129022,1016.0,56.1,7.26,34.05,White,Low_poverty,LPW,40.680421,-73.9761359
360470130002,1583.0,62.03,17.75,31.08,White,Low_poverty,LPW,40.6320133,-74.020135
360470132001,1169.0,30.8,30.62,28.66,Other,High_poverty,HPO,40.6295653,-74.0143437
360470133001,883.0,82.9,1.93,14.95,White,Low_poverty,LPW,40.6761113,-73.9807172
360470134001,1466.0,39.09,5.4,12.41,Other,Low_poverty,LPO,40.6295195,-74.0181569
360470136002,507.0,75.74,4.36,13.02,White,Low_poverty,LPW,40.6257984,-74.022674
360470137001,1310.0,57.79,3.59,22.44,White,Low_poverty,LPW,40.6713065,-73.9845718
360470139004,910.0,57.47,12.0,38.24,White,Low_poverty,LPW,40.6688898,-73.9865823
360470140002,1012.0,62.85,10.05,18.87,White,Low_poverty,LPW,40.6199336,-74.0205439
360470142001,1024.0,59.18,8.89,13.18,White,Low_poverty,LPW,40.6226521,-74.0214081
360470145002,1016.0,45.87,19.49,50.59,Minority,Low_poverty,LPM,40.6609109,-73.9957159
360470145003,568.0,69.37,5.81,21.3,White,Low_poverty,LPW,40.6624354,-73.9974882
360470148001,536.0,77.61,7.84,6.9,White,Low_poverty,LPW,40.6178493,-74.0117738
360470286003,997.0,25.48,3.11,10.14,Other,Low_poverty,LPO,40.5987718,-74.0019271
360470287002,641.0,14.2,23.47,64.43,Minority,Low_poverty,LPM,40.6951268,-73.9349323
360470288003,1583.0,31.52,22.68,46.62,Other,Low_poverty,LPO,40.6030935,-73.998038
360470289003,909.0,8.03,23.43,77.67,Minority,Low_poverty,LPM,40.6929901,-73.9340535
360470290003,1413.0,40.69,19.6,12.17,Other,Low_poverty,LPO,40.602055,-73.9955128
360470292002,1837.0,47.8,21.34,12.68,Other,Low_poverty,LPO,40.6000843,-73.9975412
360470293003,747.0,30.12,28.51,41.76,Other,Low_poverty,LPO,40.68713,-73.9328835
360470294001,2474.0,49.43,25.27,20.29,Other,Low_poverty,LPO,40.5953309,-73.9984665
360470297003,1705.0,17.01,2.75,77.53,Minority,Low_poverty,LPM,40.6818327,-73.9333276
360470504003,1905.0,53.81,24.62,40.94,White,Low_poverty,LPW,40.6466552,-73.9731444
360470505002,955.0,70.05,8.48,22.93,White,Low_poverty,LPW,40.7078986,-73.9449852
360470509002,3389.0,99.47,57.72,0.53,White,High_poverty,HPW,40.7026698,-73.9515952
360470509001,2051.0,84.35,53.73,12.48,White,High_poverty,HPW,40.703866,-73.9495655
360470513002,922.0,30.04,23.32,65.4,Minority,Low_poverty,LPM,40.7103409,-73.949885
360470514002,2573.0,21.57,27.4,46.64,Other,Low_poverty,LPO,40.6410565,-73.962472
360470518002,1547.0,45.12,10.87,47.9,Other,Low_poverty,LPO,40.6379363,-73.9609054
360470519003,1140.0,68.86,3.25,21.23,White,Low_poverty,LPW,40.7137696,-73.9570584
360470862001,861.0,1.63,7.78,98.37,Minority,Low_poverty,LPM,40.6503723,-73.9268167
360470864001,1223.0,0.0,7.69,100.0,Minority,Low_poverty,LPM,40.6554899,-73.9242037
360470868001,1119.0,0.0,13.85,97.32,Minority,Low_poverty,LPM,40.6560352,-73.9298769
360470870001,1297.0,9.71,26.52,87.51,Minority,Low_poverty,LPM,40.6540913,-73.9321159
360470700001,843.0,91.58,3.91,7.83,White,Low_poverty,LPW,40.6206777,-73.9055292
360470702011,475.0,76.84,0.0,23.16,White,Low_poverty,LPW,40.613776,-73.9088874
360470702013,1157.0,94.04,0.0,0.0,White,Low_poverty,LPW,40.6064987,-73.9065814
360470722002,1292.0,2.71,20.43,88.55,Minority,Low_poverty,LPM,40.631708,-73.9277578
360470730002,797.0,7.15,3.01,92.22,Minority,Low_poverty,LPM,40.6246527,-73.9316191
360470730001,1481.0,2.7,0.95,95.55,Minority,Low_poverty,LPM,40.6270892,-73.9288328
360050211003,1358.0,2.36,55.82,96.69,Minority,High_poverty,HPM,40.8391029,-73.924424
360050215023,1493.0,0.54,36.64,99.46,Minority,High_poverty,HPM,40.8471725,-73.9174835
360050484002,893.0,2.24,1.01,96.64,Minority,Low_poverty,LPM,40.8871998,-73.8303366
360050286002,605.0,51.9,4.79,12.89,White,Low_poverty,LPW,40.8478773,-73.8484209
360050379002,918.0,0.0,59.59,99.34,Minority,High_poverty,HPM,40.850137,-73.9001401
360050287001,1776.0,23.93,4.05,70.1,Minority,Low_poverty,LPM,40.883091,-73.9052386
360050318001,975.0,12.62,9.13,78.56,Minority,Low_poverty,LPM,40.8641647,-73.8514757
360050078001,1348.0,2.45,12.24,90.43,Minority,Low_poverty,LPM,40.8293838,-73.8529945
360050422002,1757.0,4.27,11.72,86.29,Minority,Low_poverty,LPM,40.8912339,-73.8568862
360050307012,2442.0,68.67,4.5,26.12,White,Low_poverty,LPW,40.891127,-73.9104002
360050273004,2829.0,3.43,21.21,95.87,Minority,Low_poverty,LPM,40.8732735,-73.9035328
360050403021,2411.0,1.87,21.25,96.93,Minority,Low_poverty,LPM,40.8670065,-73.8928889
360050054002,2013.0,0.55,39.64,95.23,Minority,High_poverty,HPM,40.8298506,-73.8799648
360050403022,1279.0,0.0,21.66,93.51,Minority,Low_poverty,LPM,40.8687478,-73.8914965
360050373003,1172.0,1.62,45.56,98.38,Minority,High_poverty,HPM,40.8466867,-73.8917077
360050368002,1076.0,5.3,14.27,93.03,Minority,Low_poverty,LPM,40.8755629,-73.8580524
360050388001,1263.0,1.98,19.4,98.02,Minority,Low_poverty,LPM,40.8792122,-73.8541
360050211001,1326.0,0.0,27.35,95.33,Minority,Low_poverty,LPM,40.8405328,-73.923549
360050425003,873.0,0.0,23.83,100.0,Minority,Low_poverty,LPM,40.8697442,-73.8805096
360050369012,821.0,0.0,26.51,100.0,Minority,Low_poverty,LPM,40.8450605,-73.8925789
360470435002,2040.0,8.97,25.2,89.21,Minority,Low_poverty,LPM,40.6941633,-73.9122066
360470520002,1086.0,49.63,23.11,16.39,Other,Low_poverty,LPO,40.6366695,-73.9635656
360470526003,1030.0,48.16,19.62,38.25,Other,Low_poverty,LPO,40.6356373,-73.9657354
360470551001,1131.0,45.71,5.84,48.54,Other,Low_poverty,LPO,40.7144483,-73.9658935
360470553002,686.0,56.12,10.23,34.7,White,Low_poverty,LPW,40.7151687,-73.9604521
360470556002,1195.0,81.51,17.66,5.52,White,Low_poverty,LPW,40.603345,-73.9597292
360470560002,1388.0,86.53,11.82,3.53,White,Low_poverty,LPW,40.6039254,-73.9528809
360470562001,960.0,84.17,3.85,1.35,White,Low_poverty,LPW,40.6046221,-73.9465593
360470563002,1576.0,57.04,29.31,27.85,White,Low_poverty,LPW,40.7361006,-73.956722
360470568002,754.0,57.29,18.04,3.98,White,Low_poverty,LPW,40.6033415,-73.9387359
360470804002,1267.0,6.71,19.97,89.59,Minority,Low_poverty,LPM,40.6594957,-73.9490468
360470804003,723.0,7.75,1.66,90.73,Minority,Low_poverty,LPM,40.6571455,-73.9487938
360470816001,1032.0,8.53,15.87,71.41,Minority,Low_poverty,LPM,40.654435,-73.9444
360470818001,2638.0,7.2,9.63,90.83,Minority,Low_poverty,LPM,40.6541148,-73.9484657
360470824001,1558.0,1.54,26.25,89.02,Minority,Low_poverty,LPM,40.6492614,-73.9472911
360470826002,870.0,39.31,7.01,58.16,Minority,Low_poverty,LPM,40.6442778,-73.9474162
360470826001,1210.0,1.9,9.83,91.16,Minority,Low_poverty,LPM,40.6460826,-73.9476205
360470828003,1703.0,8.04,5.99,87.96,Minority,Low_poverty,LPM,40.6420061,-73.9500835
360470832001,1010.0,0.0,5.84,95.55,Minority,Low_poverty,LPM,40.6414022,-73.940846
360470836002,1181.0,0.0,8.3,97.12,Minority,Low_poverty,LPM,40.6370439,-73.936078
360470838001,778.0,0.0,5.49,99.1,Minority,Low_poverty,LPM,40.6429268,-73.9352602
360470846001,1125.0,3.11,7.47,96.09,Minority,Low_poverty,LPM,40.6434008,-73.9275138
360470854001,833.0,5.52,20.0,91.24,Minority,Low_poverty,LPM,40.6455272,-73.9439957
360470856003,1381.0,1.01,24.98,89.72,Minority,Low_poverty,LPM,40.6477327,-73.9456337
360470736002,1269.0,2.36,9.38,94.49,Minority,Low_poverty,LPM,40.6227542,-73.9348839
360470740002,2193.0,12.27,4.74,83.08,Minority,Low_poverty,LPM,40.6262017,-73.9411275
360470458002,616.0,71.27,0.0,28.73,White,Low_poverty,LPW,40.6247005,-73.9685876
360470436002,1290.0,49.3,39.22,2.79,Other,High_poverty,HPO,40.612807,-73.9789058
360470437002,1176.0,22.62,6.12,67.43,Minority,Low_poverty,LPM,40.6922395,-73.9088247
360470437001,1548.0,15.7,26.81,77.2,Minority,Low_poverty,LPM,40.6933392,-73.9065727
360470440001,883.0,90.03,15.4,4.19,White,Low_poverty,LPW,40.6132905,-73.9684054
360470440002,865.0,96.07,25.2,3.93,White,Low_poverty,LPW,40.6128638,-73.9710256
360470441003,1883.0,16.46,21.11,74.41,Minority,Low_poverty,LPM,40.7028633,-73.9133709
360470443002,1323.0,21.92,22.22,62.06,Minority,Low_poverty,LPM,40.7021799,-73.9168009
360470502021,1288.0,80.2,3.34,10.25,White,Low_poverty,LPW,40.6542005,-73.9747768
360470504001,1445.0,52.11,8.1,26.57,White,Low_poverty,LPW,40.6511902,-73.9742475
360810061003,1472.0,64.88,5.94,25.47,White,Low_poverty,LPW,40.7616491,-73.9212395
360810063003,1350.0,58.96,8.52,34.44,White,Low_poverty,LPW,40.764109,-73.9192355
360810069002,1975.0,46.13,23.67,32.3,Other,Low_poverty,LPO,40.7725863,-73.9237247
360810077001,1856.0,40.41,14.12,31.74,Other,Low_poverty,LPO,40.7667329,-73.9317327
360810157001,1305.0,30.34,10.27,40.15,Other,Low_poverty,LPO,40.7550147,-73.9219258
360810161001,1077.0,50.88,3.99,20.98,White,Low_poverty,LPW,40.7552987,-73.9154104
360810108002,1662.0,1.2,15.38,21.06,Other,Low_poverty,LPO,40.6876438,-73.8301276
360810113002,2312.0,40.31,8.17,39.97,Other,Low_poverty,LPO,40.7764123,-73.9086851
360471208002,1492.0,0.0,21.31,96.79,Minority,Low_poverty,LPM,40.6701699,-73.8682677
360470546001,1284.0,75.47,18.97,17.05,White,Low_poverty,LPW,40.6124803,-73.9514201
360470610021,1305.0,94.02,0.92,5.98,White,Low_poverty,LPW,40.5752787,-73.9555453
360471202001,1175.0,1.62,24.6,62.38,Minority,Low_poverty,LPM,40.6759834,-73.8632663
360811621002,1781.0,22.68,14.37,26.73,Other,Low_poverty,LPO,40.7292723,-73.7338903
360810972021,3060.0,2.39,46.55,92.81,Minority,High_poverty,HPM,40.5910232,-73.7800977
360810052002,1483.0,12.74,8.63,17.6,Other,Low_poverty,LPO,40.6803549,-73.8565395
360810053001,880.0,68.98,3.98,15.91,White,Low_poverty,LPW,40.7611585,-73.9273575
360810054003,2329.0,11.21,10.09,39.8,Other,Low_poverty,LPO,40.6779044,-73.8513286
360810057003,1865.0,28.36,18.28,42.68,Other,Low_poverty,LPO,40.7556707,-73.9255294
360810058001,2119.0,29.73,14.11,54.7,Minority,Low_poverty,LPM,40.6748257,-73.8460008
360810164001,1674.0,0.06,7.28,38.35,Other,Low_poverty,LPO,40.6857968,-73.8141404
360810169001,1660.0,53.37,0.0,18.38,White,Low_poverty,LPW,40.7494598,-73.9133171
360810170002,1026.0,2.14,7.6,24.18,Other,Low_poverty,LPO,40.6834209,-73.8146379
360810174001,800.0,2.13,6.88,59.75,Minority,Low_poverty,LPM,40.6813448,-73.8078503
360810180001,1328.0,9.26,24.51,49.4,Other,Low_poverty,LPO,40.6757857,-73.8054115
360810086002,1257.0,37.95,1.67,48.37,Other,Low_poverty,LPO,40.675245,-73.8404954
360810088001,1870.0,29.95,15.24,61.87,Minority,Low_poverty,LPM,40.6708341,-73.8377472
360810094001,1469.0,10.62,13.61,35.53,Other,Low_poverty,LPO,40.6803475,-73.8367069
360810097003,845.0,74.08,10.41,6.98,White,Low_poverty,LPW,40.7759646,-73.9178738
360810098001,1569.0,0.0,23.07,31.74,Other,Low_poverty,LPO,40.6861512,-73.8288161
360810101001,1534.0,72.03,10.37,12.25,White,Low_poverty,LPW,40.7793726,-73.9176299
360810102001,1144.0,3.5,10.35,47.81,Other,Low_poverty,LPO,40.6776803,-73.8227817
360810104001,1507.0,3.19,9.95,36.63,Other,Low_poverty,LPO,40.6845713,-73.8272186
360810105001,1179.0,61.32,27.06,29.61,White,Low_poverty,LPW,40.7846458,-73.9154729
360470928002,1827.0,0.11,12.37,99.89,Minority,Low_poverty,LPM,40.6521844,-73.9109158
360470934002,1357.0,3.24,8.55,96.76,Minority,Low_poverty,LPM,40.6474955,-73.9191127
360470944021,3248.0,1.79,36.67,96.46,Minority,High_poverty,HPM,40.6350817,-73.9207804
360470958002,1808.0,5.09,6.03,88.88,Minority,Low_poverty,LPM,40.6398543,-73.9106408
360470962001,1838.0,5.06,9.49,92.49,Minority,Low_poverty,LPM,40.6450267,-73.9105174
360470966001,1516.0,2.51,11.16,89.97,Minority,Low_poverty,LPM,40.6393653,-73.9051099
360470974002,1087.0,4.97,4.2,92.73,Minority,Low_poverty,LPM,40.6458577,-73.8992363
360470984001,1998.0,3.9,3.23,95.74,Minority,Low_poverty,LPM,40.6465779,-73.8917896
360470990001,1744.0,10.44,16.44,81.59,Minority,Low_poverty,LPM,40.6393703,-73.898562
360471006001,1142.0,14.1,15.24,81.09,Minority,Low_poverty,LPM,40.633069,-73.9017978
360471014001,1379.0,0.22,6.33,93.04,Minority,Low_poverty,LPM,40.6424772,-73.8915809
360471026001,3023.0,3.61,5.87,91.53,Minority,Low_poverty,LPM,40.6296068,-73.8984805
360471028001,1068.0,2.34,2.73,97.66,Minority,Low_poverty,LPM,40.6272716,-73.8952137
360471120002,2288.0,0.44,34.88,99.56,Minority,High_poverty,HPM,40.6661903,-73.8801262
360471178001,1694.0,1.12,20.71,74.5,Minority,Low_poverty,LPM,40.6816514,-73.8742881
360471184001,1514.0,5.09,23.95,94.91,Minority,Low_poverty,LPM,40.6847926,-73.8676294
360471186002,1372.0,3.5,10.62,91.03,Minority,Low_poverty,LPM,40.6812718,-73.8694623
360471192002,1071.0,0.0,26.89,88.33,Minority,Low_poverty,LPM,40.6752211,-73.8777371
360471196003,1603.0,12.04,12.2,79.17,Minority,Low_poverty,LPM,40.6746605,-73.872514
360471196002,942.0,0.74,18.47,84.61,Minority,Low_poverty,LPM,40.6759286,-73.8728312
360810614001,1414.0,0.21,6.44,93.57,Minority,Low_poverty,LPM,40.6861196,-73.7295117
360810587002,776.0,82.73,5.67,11.73,White,Low_poverty,LPW,40.7067937,-73.9000228
360810589003,1791.0,52.37,25.79,40.82,White,Low_poverty,LPW,40.7051675,-73.9046922
360810591001,1723.0,37.49,0.93,57.16,Minority,Low_poverty,LPM,40.7095865,-73.90909
360810593002,2592.0,73.69,11.34,20.06,White,Low_poverty,LPW,40.7093658,-73.9022733
360810595001,952.0,39.6,0.0,60.4,Minority,Low_poverty,LPM,40.7158816,-73.9082003
360810596001,908.0,0.77,7.27,99.01,Minority,Low_poverty,LPM,40.6974086,-73.7379427
360810599002,634.0,54.1,8.74,35.65,White,Low_poverty,LPW,40.7168547,-73.9040199
360810601001,1429.0,48.5,8.69,44.44,Other,Low_poverty,LPO,40.7157085,-73.9005578
360810618002,1012.0,1.78,5.74,97.14,Minority,Low_poverty,LPM,40.6767603,-73.7374478
360811032022,1598.0,97.5,5.38,0.0,White,Low_poverty,LPW,40.6062298,-73.7440696
360810657021,1802.0,69.09,9.55,28.25,White,Low_poverty,LPW,40.7133356,-73.8829609
360810659001,1116.0,80.65,3.23,3.85,White,Low_poverty,LPW,40.7160243,-73.8797865
360810661001,1647.0,83.55,4.55,13.9,White,Low_poverty,LPW,40.7175103,-73.8817903
360810731002,761.0,64.91,1.71,6.31,White,Low_poverty,LPW,40.7110136,-73.848082
360810737001,749.0,35.51,10.83,10.02,Other,Low_poverty,LPO,40.7199249,-73.8422802
360810739002,732.0,41.8,2.19,7.79,Other,Low_poverty,LPO,40.7250957,-73.8447614
360810743003,1604.0,50.06,12.34,22.07,White,Low_poverty,LPW,40.7309597,-73.8498471
360810745002,1727.0,66.07,17.6,6.25,White,Low_poverty,LPW,40.7355546,-73.8522518
360810664001,146.0,59.59,40.41,40.41,White,High_poverty,HPW,40.6450534,-73.7456359
360810665011,1160.0,96.03,11.03,3.19,White,Low_poverty,LPW,40.7183525,-73.891256
360810548002,1394.0,1.58,7.68,34.29,Other,Low_poverty,LPO,40.7238598,-73.7492642
360810551003,1311.0,21.82,13.27,77.04,Minority,Low_poverty,LPM,40.7017511,-73.9046444
360810747002,1338.0,26.61,8.67,8.15,Other,Low_poverty,LPO,40.7301709,-73.8438358
360810769021,1186.0,41.82,8.01,26.14,Other,Low_poverty,LPO,40.7150342,-73.8340325
360811010021,2782.0,88.93,3.99,9.99,White,Low_poverty,LPW,40.6006527,-73.7417211
360810779024,674.0,24.04,10.83,9.79,Other,Low_poverty,LPO,40.7266886,-73.829337
360810779044,1806.0,75.25,4.87,6.59,White,Low_poverty,LPW,40.7216409,-73.8167593
360810788002,799.0,0.0,16.11,99.0,Minority,Low_poverty,LPM,40.668476,-73.79052
360810790002,1480.0,0.0,5.18,75.0,Minority,Low_poverty,LPM,40.6727297,-73.798625
360810799001,967.0,10.86,33.92,28.44,Other,High_poverty,HPO,40.746858,-73.82577
360810919002,1966.0,12.41,16.16,36.78,Other,Low_poverty,LPO,40.7796093,-73.8440332
360810922002,648.0,95.06,8.02,4.94,White,Low_poverty,LPW,40.573125,-73.862635
360810939001,2679.0,21.91,11.5,35.95,Other,Low_poverty,LPO,40.7938731,-73.8429655
360810680001,1551.0,0.0,4.58,99.42,Minority,Low_poverty,LPM,40.6648183,-73.7456389
360810683001,1635.0,16.45,19.03,68.81,Minority,Low_poverty,LPM,40.7357991,-73.8704246
360810690001,1927.0,0.05,3.58,90.65,Minority,Low_poverty,LPM,40.6613566,-73.7569655
360810694001,1859.0,3.93,13.47,90.86,Minority,Low_poverty,LPM,40.6544245,-73.7467007
360810695001,1411.0,48.97,7.23,25.94,Other,Low_poverty,LPO,40.7254235,-73.8666842
360810697011,1539.0,55.75,14.68,17.16,White,Low_poverty,LPW,40.7283124,-73.8595717
360810703001,1027.0,47.13,3.7,23.37,Other,Low_poverty,LPO,40.7182786,-73.8597302
360810709001,1419.0,41.58,10.51,13.53,Other,Low_poverty,LPO,40.7200391,-73.8548496
360810721004,381.0,64.04,16.01,16.79,White,Low_poverty,LPW,40.7306231,-73.8535235
360810729001,849.0,47.47,4.03,10.24,Other,Low_poverty,LPO,40.7135255,-73.8514479
360050230001,1355.0,5.61,38.45,86.2,Minority,High_poverty,HPM,40.8494604,-73.867341
360050215022,1347.0,0.0,38.6,97.03,Minority,High_poverty,HPM,40.8473989,-73.9156779
360050118003,1649.0,37.05,10.6,61.74,Minority,Low_poverty,LPM,40.8168125,-73.8115486
360810799002,2134.0,5.3,14.38,17.1,Other,Low_poverty,LPO,40.7471471,-73.8293232
360810803012,1242.0,14.57,10.55,11.92,Other,Low_poverty,LPO,40.7442327,-73.8326926
360810809006,1457.0,16.54,32.94,31.78,Other,High_poverty,HPO,40.73288,-73.8175345
360810814001,1517.0,0.0,4.56,60.25,Minority,Low_poverty,LPM,40.6704972,-73.8025209
360810838004,1089.0,12.4,6.43,57.21,Minority,Low_poverty,LPM,40.6712892,-73.8250171
360810838001,1765.0,4.25,0.4,39.83,Other,Low_poverty,LPO,40.6693817,-73.8144591
360810840003,907.0,7.17,1.43,26.57,Other,Low_poverty,LPO,40.6757027,-73.8226662
360810992002,913.0,11.39,2.52,66.82,Minority,Low_poverty,LPM,40.5942398,-73.7683874
360811017002,742.0,57.14,6.2,22.1,White,Low_poverty,LPW,40.7748991,-73.7954549
360470343003,903.0,32.89,27.4,61.13,Minority,Low_poverty,LPM,40.673785,-73.9403801
360470347002,1116.0,2.06,21.42,97.94,Minority,Low_poverty,LPM,40.6726587,-73.927973
360470349002,1293.0,6.5,22.35,92.5,Minority,Low_poverty,LPM,40.6687058,-73.9297365
360470350001,1688.0,93.31,12.68,6.7,White,Low_poverty,LPW,40.57781,-73.9772029
360470353002,1684.0,9.98,10.94,86.94,Minority,Low_poverty,LPM,40.6690092,-73.9352738
360470353001,1741.0,8.21,22.11,87.42,Minority,Low_poverty,LPM,40.670833,-73.9351024
360811459002,1159.0,42.88,6.38,6.82,Other,Low_poverty,LPO,40.7541992,-73.7915736
360811459003,897.0,37.68,7.58,34.78,Other,Low_poverty,LPO,40.7518193,-73.7923187
360811467001,1072.0,49.07,5.22,13.15,Other,Low_poverty,LPO,40.7618416,-73.7704215
360811479001,1529.0,33.62,19.23,16.09,Other,Low_poverty,LPO,40.7724885,-73.7379455
360811507013,673.0,58.4,1.19,2.83,White,Low_poverty,LPW,40.7613102,-73.7438097
360811507021,1007.0,52.14,5.66,21.65,White,Low_poverty,LPW,40.7675422,-73.7334873
360811529011,1645.0,31.25,9.05,12.77,Other,Low_poverty,LPO,40.7503204,-73.7320192
360811567001,1614.0,18.96,38.31,41.76,Other,High_poverty,HPO,40.7405112,-73.7297229
360811571011,656.0,30.34,14.18,34.3,Other,Low_poverty,LPO,40.7452775,-73.7219235
360811579021,570.0,44.21,4.89,15.79,Other,Low_poverty,LPO,40.7454878,-73.7128043
360811579023,842.0,40.38,0.0,6.29,Other,Low_poverty,LPO,40.741623,-73.7122274
360811579032,1256.0,30.97,0.0,11.87,Other,Low_poverty,LPO,40.7358056,-73.7099096
360811579034,811.0,45.62,26.02,10.85,Other,Low_poverty,LPO,40.7296706,-73.7084407
360470594021,1273.0,73.76,6.6,0.94,White,Low_poverty,LPW,40.5944287,-73.941013
360470596001,536.0,90.49,5.97,1.87,White,Low_poverty,LPW,40.5929591,-73.9385072
360470526002,1336.0,55.69,14.22,27.25,White,Low_poverty,LPW,40.6349844,-73.9666956
360470527004,739.0,15.56,44.38,82.0,Minority,High_poverty,HPM,40.708078,-73.9557506
360810846012,1519.0,20.34,12.07,26.53,Other,Low_poverty,LPO,40.6676878,-73.8248469
360810846011,1749.0,5.6,7.6,40.31,Other,Low_poverty,LPO,40.6669847,-73.8185283
360810861002,803.0,0.62,36.36,12.58,Other,High_poverty,HPO,40.7559554,-73.8176648
360811291023,781.0,70.17,0.38,0.26,White,Low_poverty,LPW,40.7310254,-73.7579817
360811291021,1201.0,57.12,0.83,19.48,White,Low_poverty,LPW,40.732849,-73.7574926
360811301004,1703.0,36.76,4.99,41.69,Other,Low_poverty,LPO,40.7306309,-73.7394739
360811333004,1452.0,61.29,12.05,2.62,White,Low_poverty,LPW,40.7317734,-73.7758866
360811347002,860.0,12.44,0.35,0.46,Other,Low_poverty,LPO,40.7375445,-73.7754285
360811347001,3303.0,17.77,16.95,36.72,Other,Low_poverty,LPO,40.7359554,-73.7861194
360470569002,667.0,81.41,3.0,11.69,White,Low_poverty,LPW,40.7238868,-73.9534479
360470570001,851.0,81.55,11.52,9.64,White,Low_poverty,LPW,40.5988763,-73.9330409
360470571004,905.0,91.71,12.93,5.41,White,Low_poverty,LPW,40.7253023,-73.9491493
360470572002,2801.0,12.14,25.74,74.48,Minority,Low_poverty,LPM,40.596214,-73.9396289
360470575002,1101.0,74.48,0.0,22.8,White,Low_poverty,LPW,40.7331518,-73.9534731
360470575001,1003.0,66.2,25.62,28.71,White,Low_poverty,LPW,40.7348918,-73.9538333
360470576001,1544.0,38.92,14.7,7.31,Other,Low_poverty,LPO,40.5999754,-73.9466449
360470580002,1845.0,40.98,17.62,9.65,Other,Low_poverty,LPO,40.5989008,-73.9564164
360470584001,1142.0,70.32,21.89,9.81,White,Low_poverty,LPW,40.5946557,-73.957335
360470529001,857.0,100.0,33.14,0.0,White,High_poverty,HPW,40.7046035,-73.9528911
360470529003,1005.0,95.02,45.36,4.98,White,High_poverty,HPW,40.7069946,-73.9564288
360470530001,1272.0,22.25,19.61,19.81,Other,Low_poverty,LPO,40.6275199,-73.962308
360470533005,1403.0,100.0,57.16,0.0,White,High_poverty,HPW,40.7051552,-73.9583914
360470533004,1637.0,95.24,33.78,3.42,White,High_poverty,HPW,40.7042572,-73.9566596
360470534001,1314.0,71.69,34.02,5.32,White,High_poverty,HPW,40.6227371,-73.9614026
360470535001,1191.0,98.15,65.49,1.85,White,High_poverty,HPW,40.7064265,-73.9594805
360470537002,2899.0,96.48,50.7,2.9,White,High_poverty,HPW,40.6996862,-73.9599818
360470589002,939.0,89.46,4.47,9.37,White,Low_poverty,LPW,40.727481,-73.9448111
360470589001,752.0,75.8,7.71,15.56,White,Low_poverty,LPW,40.7300381,-73.940543
360470591001,970.0,77.42,3.3,20.93,White,Low_poverty,LPW,40.7242578,-73.9409486
360470593001,1129.0,68.2,16.83,23.56,White,Low_poverty,LPW,40.7261509,-73.9377882
360470594022,1172.0,85.15,17.06,2.82,White,Low_poverty,LPW,40.5924253,-73.9433026
360810042001,1542.0,14.85,13.83,41.76,Other,Low_poverty,LPO,40.6825653,-73.8553509
360810044011,1775.0,8.34,22.31,32.84,Other,Low_poverty,LPO,40.6785875,-73.8595894
360810052001,1334.0,7.8,14.34,53.0,Minority,Low_poverty,LPM,40.6810814,-73.8531715
360850134002,1020.0,87.75,1.96,10.58,White,Low_poverty,LPW,40.5674961,-74.1159247
360850138002,1051.0,98.1,3.9,1.9,White,Low_poverty,LPW,40.5694916,-74.1334674
360850277041,2053.0,73.45,10.38,4.53,White,Low_poverty,LPW,40.5838503,-74.15337
360850208041,2707.0,82.38,0.52,5.09,White,Low_poverty,LPW,40.5376345,-74.2028231
360470632001,794.0,89.04,13.1,6.92,White,Low_poverty,LPW,40.600756,-73.932883
360470638001,819.0,60.93,3.58,16.37,White,Low_poverty,LPW,40.6086611,-73.9395402
360470646001,1122.0,76.83,11.41,12.21,White,Low_poverty,LPW,40.6162941,-73.9386436
360470648002,681.0,85.02,4.26,3.67,White,Low_poverty,LPW,40.6168633,-73.9355401
360470656002,945.0,66.77,6.24,13.12,White,Low_poverty,LPW,40.6121963,-73.9340729
360470658002,1000.0,60.7,2.4,6.0,White,Low_poverty,LPW,40.6068815,-73.9303238
360470672001,1640.0,13.05,1.95,75.31,Minority,Low_poverty,LPM,40.618747,-73.9278042
360470680001,996.0,10.84,0.0,83.23,Minority,Low_poverty,LPM,40.6225806,-73.9253158
360470682002,1296.0,13.97,5.17,76.46,Minority,Low_poverty,LPM,40.6157565,-73.9231241
360470688001,948.0,16.24,2.67,68.04,Minority,Low_poverty,LPM,40.6182588,-73.9190551
360470690001,1054.0,10.44,8.39,83.77,Minority,Low_poverty,LPM,40.6206314,-73.9193119
360470770002,1267.0,13.02,45.15,76.88,Minority,High_poverty,HPM,40.6366593,-73.9548609
360470774002,2094.0,22.59,10.17,66.24,Minority,Low_poverty,LPM,40.6300429,-73.9474289
360470786002,1130.0,7.43,14.69,85.4,Minority,Low_poverty,LPM,40.6341948,-73.9474007
360470794002,679.0,5.6,30.63,89.54,Minority,High_poverty,HPM,40.6473205,-73.9539034
360470802001,1981.0,17.11,24.94,78.34,Minority,Low_poverty,LPM,40.658613,-73.9529432
360470542002,1119.0,63.9,19.12,27.97,White,Low_poverty,LPW,40.6122653,-73.9619862
360470544003,864.0,74.42,29.63,17.48,White,Low_poverty,LPW,40.6144451,-73.9579041
360470544002,1437.0,52.61,10.3,5.01,White,Low_poverty,LPW,40.6118368,-73.9574095
360470545001,608.0,100.0,0.0,0.0,White,Low_poverty,LPW,40.7037248,-73.9658157
360470902004,416.0,2.88,17.79,90.38,Minority,Low_poverty,LPM,40.6664529,-73.9159711
360470906002,1324.0,1.89,35.2,98.11,Minority,High_poverty,HPM,40.6686967,-73.9085454
360471132002,1359.0,0.0,19.65,98.97,Minority,Low_poverty,LPM,40.659267,-73.8978787
360471146002,1273.0,3.53,41.71,85.38,Minority,High_poverty,HPM,40.678708,-73.8939293
360471152002,1192.0,2.1,34.09,88.93,Minority,High_poverty,HPM,40.6732825,-73.8909327
360471156001,777.0,0.0,53.54,97.81,Minority,High_poverty,HPM,40.6685331,-73.8944949
360471160003,535.0,4.86,8.37,95.14,Minority,Low_poverty,LPM,40.6680239,-73.8881729
360471164002,1218.0,0.0,2.98,100.0,Minority,Low_poverty,LPM,40.6706493,-73.8812171
360471170002,860.0,0.0,29.77,97.56,Minority,Low_poverty,LPM,40.6771337,-73.8863811
360471172012,1207.0,2.9,23.02,89.97,Minority,Low_poverty,LPM,40.6798123,-73.8872075
360471174002,2433.0,1.15,25.89,89.24,Minority,Low_poverty,LPM,40.6812904,-73.8796879
360471176022,1484.0,5.8,25.61,81.54,Minority,Low_poverty,LPM,40.6850181,-73.8736082
360810214002,1806.0,8.97,0.94,43.19,Other,Low_poverty,LPO,40.7075698,-73.8165576
360810214003,2962.0,0.88,34.23,39.3,Other,High_poverty,HPO,40.7046644,-73.8145257
360810220013,1265.0,39.45,7.91,34.63,Other,Low_poverty,LPO,40.7114964,-73.8199843
360810232003,2499.0,4.44,19.79,28.65,Other,Low_poverty,LPO,40.708796,-73.8101475
360470547002,1233.0,79.48,60.57,19.87,White,High_poverty,HPW,40.7082749,-73.9641738
360470548001,1085.0,88.57,12.25,3.96,White,Low_poverty,LPW,40.6112077,-73.9495531
360470549001,2162.0,66.05,37.47,23.4,White,High_poverty,HPW,40.7100846,-73.9654823
360471190001,1201.0,0.33,17.32,94.67,Minority,Low_poverty,LPM,40.6791825,-73.8726497
360470622002,1237.0,75.75,11.04,13.66,White,Low_poverty,LPW,40.5836335,-73.9366975
360470626002,2215.0,49.53,11.2,14.36,Other,Low_poverty,LPO,40.5914926,-73.9346178
360810295001,1696.0,49.06,2.95,30.72,Other,Low_poverty,LPO,40.7582717,-73.9060606
360810297001,984.0,42.89,11.29,36.99,Other,Low_poverty,LPO,40.7607238,-73.9034876
360810309022,2027.0,12.73,17.32,53.33,Minority,Low_poverty,LPM,40.759097,-73.89647
360810320001,994.0,1.21,4.63,87.53,Minority,Low_poverty,LPM,40.6654034,-73.7631338
360810320002,1073.0,6.9,70.47,89.75,Minority,High_poverty,HPM,40.6582047,-73.7663114
360810328002,1426.0,0.42,6.8,82.82,Minority,Low_poverty,LPM,40.6689272,-73.7553385
360810329001,1597.0,9.39,10.0,72.01,Minority,Low_poverty,LPM,40.7644442,-73.8827118
360810330001,1800.0,0.67,6.78,96.39,Minority,Low_poverty,LPM,40.6716073,-73.7599812
360810330005,1104.0,0.72,6.37,90.85,Minority,Low_poverty,LPM,40.6697724,-73.7709943
360810339003,764.0,27.88,20.16,55.37,Minority,Low_poverty,LPM,40.7589265,-73.8807684
360810347002,1696.0,10.38,19.09,68.57,Minority,Low_poverty,LPM,40.7684395,-73.8795286
360810351001,842.0,7.96,18.29,86.58,Minority,Low_poverty,LPM,40.7590591,-73.8760582
360810184022,1348.0,0.0,4.75,85.31,Minority,Low_poverty,LPM,40.6777941,-73.7942094
360810187001,1242.0,11.35,3.0,41.63,Other,Low_poverty,LPO,40.7360629,-73.9219871
360810190001,1251.0,3.52,14.34,76.34,Minority,Low_poverty,LPM,40.6853965,-73.7943528
360810198003,839.0,0.0,26.82,56.5,Minority,Low_poverty,LPM,40.6912512,-73.8047543
360471128002,1469.0,8.1,24.64,91.9,Minority,Low_poverty,LPM,40.6617844,-73.8919061
360471128001,859.0,20.37,60.65,79.63,Minority,High_poverty,HPM,40.6622772,-73.8901304
360470872003,1233.0,0.0,2.43,96.19,Minority,Low_poverty,LPM,40.6524572,-73.9362725
360470874012,2272.0,0.0,35.88,94.45,Minority,High_poverty,HPM,40.6589992,-73.9383103
360470880001,1310.0,16.56,7.71,78.85,Minority,Low_poverty,LPM,40.6611447,-73.9294816
360470884001,1438.0,0.49,24.9,90.4,Minority,Low_poverty,LPM,40.6642203,-73.9263431
360470884003,1689.0,3.49,24.39,94.32,Minority,Low_poverty,LPM,40.6606693,-73.9229723
360470886003,1881.0,2.23,27.57,96.33,Minority,Low_poverty,LPM,40.6561816,-73.9212288
360470890005,785.0,2.17,5.1,97.83,Minority,Low_poverty,LPM,40.6549559,-73.9145049
360470890002,1112.0,0.0,20.23,100.0,Minority,Low_poverty,LPM,40.6586913,-73.9173347
360470892003,1206.0,0.83,40.25,90.8,Minority,High_poverty,HPM,40.6617468,-73.9208859
360810198002,1108.0,3.16,13.18,74.27,Minority,Low_poverty,LPM,40.6912391,-73.8020185
360810204001,1056.0,4.45,28.27,66.1,Minority,Low_poverty,LPM,40.6962785,-73.8020355
360810208002,1472.0,10.94,6.18,48.3,Other,Low_poverty,LPO,40.6989442,-73.8042048
360470896001,648.0,0.0,13.58,95.06,Minority,Low_poverty,LPM,40.6596214,-73.9125363
360470898002,803.0,3.49,22.04,90.28,Minority,Low_poverty,LPM,40.6619983,-73.9134284
360470900007,532.0,0.0,30.45,95.87,Minority,High_poverty,HPM,40.6658972,-73.9230819
360810031001,801.0,30.96,13.5,54.06,Minority,Low_poverty,LPM,40.754057,-73.935452
360810032001,1764.0,11.22,20.83,58.05,Minority,Low_poverty,LPM,40.6873154,-73.846767
360810036001,1791.0,14.41,7.59,57.28,Minority,Low_poverty,LPM,40.6846029,-73.8539103
360810293001,1090.0,9.72,4.4,16.88,Other,Low_poverty,LPO,40.7519327,-73.899483
360810476001,662.0,36.86,6.8,21.9,Other,Low_poverty,LPO,40.723711,-73.7700251
360810478002,2248.0,25.18,8.37,48.62,Other,Low_poverty,LPO,40.7189281,-73.7692064
360810479001,2748.0,6.99,18.23,17.83,Other,Low_poverty,LPO,40.7365985,-73.88311
360810482001,1427.0,4.98,13.7,44.01,Other,Low_poverty,LPO,40.7148351,-73.7679226
360810484001,1914.0,1.88,3.08,26.9,Other,Low_poverty,LPO,40.7172683,-73.7614777
360810485001,449.0,5.12,20.04,42.31,Other,Low_poverty,LPO,40.7394167,-73.882936
360810489002,627.0,12.92,5.74,19.46,Other,Low_poverty,LPO,40.7352052,-73.8906869
360810492001,2462.0,10.11,4.79,82.58,Minority,Low_poverty,LPM,40.7246561,-73.7605747
360810496002,967.0,5.27,4.76,50.98,Minority,Low_poverty,LPM,40.7167177,-73.752736
360810499001,1349.0,11.49,10.67,8.75,Other,Low_poverty,LPO,40.7324589,-73.886552
360810502011,1384.0,0.0,6.0,89.38,Minority,Low_poverty,LPM,40.7088026,-73.7649037
360810504001,919.0,2.83,12.29,83.35,Minority,Low_poverty,LPM,40.7061581,-73.7647706
360050379001,1066.0,0.94,58.25,88.93,Minority,High_poverty,HPM,40.85066,-73.8986162
360050516002,1101.0,70.21,6.09,18.26,White,Low_poverty,LPW,40.848331,-73.7888986
360050119002,892.0,0.0,29.6,100.0,Minority,Low_poverty,LPM,40.8232571,-73.8887489
360050118001,2691.0,55.26,8.71,36.42,White,Low_poverty,LPW,40.8156896,-73.8019933
360050206011,1176.0,0.94,13.86,54.93,Minority,Low_poverty,LPM,40.8355562,-73.8497453
360050202001,1231.0,6.66,26.24,69.37,Minority,Low_poverty,LPM,40.8390201,-73.8485412
360050071002,1901.0,2.16,28.29,93.74,Minority,Low_poverty,LPM,40.8174963,-73.9134556
360050394002,2529.0,0.71,34.4,90.66,Minority,High_poverty,HPM,40.8872076,-73.8624849
360050218002,2032.0,1.62,18.6,94.73,Minority,Low_poverty,LPM,40.8364501,-73.8661461
360050020004,1132.0,0.0,65.55,97.97,Minority,High_poverty,HPM,40.8155422,-73.866953
360050074001,938.0,0.0,36.14,95.52,Minority,High_poverty,HPM,40.8173611,-73.8523629
360050133001,1177.0,0.0,33.14,95.59,Minority,High_poverty,HPM,40.824001,-73.9040308
360050085001,542.0,0.0,48.06,100.0,Minority,High_poverty,HPM,40.8146443,-73.8977767
360050428002,1242.0,3.86,9.98,91.87,Minority,Low_poverty,LPM,40.8937463,-73.8458566
360470220003,1065.0,100.0,57.84,0.0,White,High_poverty,HPW,40.6366238,-73.9974764
360470221001,1722.0,34.73,37.9,62.65,Minority,High_poverty,HPM,40.677673,-73.9540869
360470222003,1617.0,88.93,23.69,5.13,White,Low_poverty,LPW,40.6391647,-73.9937394
360470224003,2265.0,66.53,14.13,14.62,White,Low_poverty,LPW,40.6404732,-73.9921048
360470227004,1440.0,36.94,16.27,55.41,Minority,Low_poverty,LPM,40.6823459,-73.9580501
360470227001,924.0,41.99,5.41,31.39,Other,Low_poverty,LPO,40.6821693,-73.9547225
360470230001,1406.0,94.03,50.92,3.77,White,High_poverty,HPW,40.6359008,-73.9822416
360470232002,1358.0,99.12,12.89,0.0,White,Low_poverty,LPW,40.6356209,-73.9873153
360470234003,969.0,90.82,38.91,9.18,White,High_poverty,HPW,40.6333114,-73.9885235
360050141001,1228.0,0.0,67.26,98.29,Minority,High_poverty,HPM,40.8245444,-73.9131209
360050484001,1370.0,0.51,2.08,95.84,Minority,Low_poverty,LPM,40.8856197,-73.8341246
360050365012,2010.0,0.0,28.96,100.0,Minority,Low_poverty,LPM,40.8451656,-73.8858157
360050345002,1520.0,45.92,17.92,48.95,Other,Low_poverty,LPO,40.9031608,-73.8983765
360050462022,1574.0,0.0,2.16,92.31,Minority,Low_poverty,LPM,40.8788168,-73.8393087
360050167002,2671.0,0.6,59.75,98.46,Minority,High_poverty,HPM,40.8407931,-73.902508
360050038001,1350.0,0.0,25.45,100.0,Minority,Low_poverty,LPM,40.8202946,-73.8633435
360050027021,950.0,0.0,68.53,97.79,Minority,High_poverty,HPM,40.8063159,-73.9119507
360811377001,2000.0,15.85,3.0,41.0,Other,Low_poverty,LPO,40.7484179,-73.7537353
360811385011,625.0,55.84,5.76,1.44,White,Low_poverty,LPW,40.7555383,-73.7573134
360811409011,990.0,20.81,6.13,16.87,Other,Low_poverty,LPO,40.7465405,-73.7749009
360811429001,796.0,77.51,0.0,2.26,White,Low_poverty,LPW,40.754892,-73.7882086
360811429004,544.0,46.32,2.39,7.72,Other,Low_poverty,LPO,40.7486025,-73.7853176
360810942032,944.0,41.74,0.0,56.36,Minority,Low_poverty,LPM,40.5862961,-73.8114365
360810942031,2034.0,45.38,5.85,50.25,Minority,Low_poverty,LPM,40.5850662,-73.8101695
360810964002,3721.0,16.37,18.97,68.8,Minority,Low_poverty,LPM,40.5898735,-73.7925238
360810973001,514.0,79.57,3.89,8.17,White,Low_poverty,LPW,40.7952014,-73.8223737
360810991002,1588.0,82.87,8.3,13.54,White,Low_poverty,LPW,40.7926898,-73.798304
360470354001,2814.0,91.01,19.12,8.99,White,Low_poverty,LPW,40.5823338,-73.9710194
360470355001,1675.0,5.13,16.12,89.31,Minority,Low_poverty,LPM,40.6647919,-73.9314937
360470400002,682.0,28.45,3.81,9.53,Other,Low_poverty,LPO,40.5977407,-73.9767591
360470402002,1365.0,29.16,25.79,15.09,Other,Low_poverty,LPO,40.5958967,-73.9836482
360470402001,1623.0,34.87,12.88,16.7,Other,Low_poverty,LPO,40.5961617,-73.9812968
360470405001,963.0,11.42,6.33,81.62,Minority,Low_poverty,LPM,40.6814326,-73.9046441
360470406003,1005.0,34.03,10.95,14.33,Other,Low_poverty,LPO,40.5996423,-73.9810112
360470410001,1043.0,60.88,24.51,2.78,White,Low_poverty,LPW,40.6004081,-73.9744876
360470411003,1041.0,26.99,12.24,67.53,Minority,Low_poverty,LPM,40.6885314,-73.9083659
360470412001,1535.0,47.95,26.97,19.67,Other,Low_poverty,LPO,40.6042104,-73.9733264
360470414011,867.0,73.59,50.29,20.3,White,High_poverty,HPW,40.6030736,-73.9710926
360470415003,971.0,6.9,29.04,91.76,Minority,Low_poverty,LPM,40.6928943,-73.9154122
360470417003,776.0,8.51,35.82,79.77,Minority,High_poverty,HPM,40.693944,-73.9182848
360470418001,1262.0,69.49,15.85,23.53,White,Low_poverty,LPW,40.6064231,-73.9642884
360470420002,1256.0,90.84,10.75,8.76,White,Low_poverty,LPW,40.6084932,-73.964624
360470422001,1149.0,53.61,22.98,26.28,White,Low_poverty,LPW,40.6082048,-73.9686135
360470424002,1128.0,64.1,11.26,10.19,White,Low_poverty,LPW,40.6064654,-73.9766524
360470447002,694.0,25.65,37.03,66.71,Minority,High_poverty,HPM,40.705682,-73.9237141
360470452002,1247.0,96.23,12.35,1.68,White,Low_poverty,LPW,40.6206732,-73.969106
360050016003,894.0,3.69,13.76,93.51,Minority,Low_poverty,LPM,40.8226032,-73.8567912
360050028002,2191.0,1.51,11.77,97.67,Minority,Low_poverty,LPM,40.8209691,-73.8745568
360050037001,250.0,8.4,39.2,91.6,Minority,High_poverty,HPM,40.811457,-73.9121722
360050042001,586.0,0.0,14.85,100.0,Minority,Low_poverty,LPM,40.8240174,-73.867276
360050019001,2059.0,11.41,28.49,83.63,Minority,Low_poverty,LPM,40.8061711,-73.9248355
360050023001,2234.0,0.0,35.14,99.29,Minority,High_poverty,HPM,40.809549,-73.9269993
360050039003,1703.0,13.21,44.8,86.79,Minority,High_poverty,HPM,40.8112565,-73.9253213
360050042005,743.0,0.0,8.61,93.95,Minority,Low_poverty,LPM,40.8234636,-73.8599562
360050069002,1521.0,16.77,30.57,79.82,Minority,High_poverty,HPM,40.8222784,-73.9163315
360850277022,2375.0,48.42,20.19,24.42,Other,Low_poverty,LPO,40.580142,-74.1661585
360850291035,2320.0,67.8,5.99,19.1,White,Low_poverty,LPW,40.5955261,-74.1651529
360850303022,2771.0,27.9,25.9,61.17,Minority,Low_poverty,LPM,40.6219972,-74.1625599
360850020022,799.0,91.36,5.01,4.38,White,Low_poverty,LPW,40.6022771,-74.075148
360850036002,1038.0,41.33,4.72,12.04,Other,Low_poverty,LPO,40.6108501,-74.0745397
360850040004,1276.0,11.99,0.0,56.35,Minority,Low_poverty,LPM,40.6126393,-74.0794734
360850050003,840.0,61.07,24.17,32.14,White,Low_poverty,LPW,40.6022658,-74.080819
360850074002,3118.0,58.82,17.16,22.93,White,Low_poverty,LPW,40.5940896,-74.0639257
360850128061,576.0,84.9,0.0,10.24,White,Low_poverty,LPW,40.5596607,-74.1160746
360850138003,1577.0,69.82,3.04,24.86,White,Low_poverty,LPW,40.5687072,-74.1288782
360850146063,1620.0,85.06,2.16,14.94,White,Low_poverty,LPW,40.5651096,-74.1415603
360850146064,604.0,92.22,0.0,2.15,White,Low_poverty,LPW,40.5647821,-74.139395
360850156032,1365.0,88.21,14.14,9.38,White,Low_poverty,LPW,40.5370134,-74.1475217
360850170102,2115.0,60.99,2.8,37.97,White,Low_poverty,LPW,40.5553377,-74.1958017
360850170112,2322.0,86.56,3.91,10.47,White,Low_poverty,LPW,40.5435222,-74.1700567
360850177006,385.0,79.48,7.27,2.08,White,Low_poverty,LPW,40.6065841,-74.1066286
360850198003,1954.0,57.73,5.17,39.2,White,Low_poverty,LPW,40.5212512,-74.201226
360850208013,1958.0,88.2,8.17,5.92,White,Low_poverty,LPW,40.543433,-74.2137566
360850208014,2074.0,84.76,15.92,11.67,White,Low_poverty,LPW,40.5495651,-74.2057911
360050076004,1369.0,10.81,42.51,79.54,Minority,High_poverty,HPM,40.8334385,-73.8676867
360050090004,851.0,0.82,17.39,86.37,Minority,Low_poverty,LPM,40.8220193,-73.8471525
360050119004,894.0,0.0,55.03,90.83,Minority,High_poverty,HPM,40.8221561,-73.8898744
360050132005,1553.0,24.79,7.47,67.55,Minority,Low_poverty,LPM,40.8154703,-73.8214161
360050144006,1078.0,0.19,7.51,90.54,Minority,Low_poverty,LPM,40.8213497,-73.8205745
360050159002,429.0,1.17,62.0,95.57,Minority,High_poverty,HPM,40.8220772,-73.8947995
360050181021,1103.0,2.99,31.1,96.37,Minority,High_poverty,HPM,40.8321157,-73.918274
360050183022,987.0,0.0,25.53,97.67,Minority,Low_poverty,LPM,40.8273097,-73.9185676
360050004002,782.0,14.83,21.61,82.23,Minority,Low_poverty,LPM,40.8121666,-73.8523637
360050185001,3298.0,0.79,28.14,98.88,Minority,Low_poverty,LPM,40.8271796,-73.9093253
360050193004,1701.0,0.0,62.85,100.0,Minority,High_poverty,HPM,40.8349938,-73.9282324
360050205021,1001.0,1.4,50.85,97.7,Minority,High_poverty,HPM,40.8512868,-73.9184155
360050211004,1142.0,0.0,14.62,99.39,Minority,Low_poverty,LPM,40.839313,-73.9221702
360850244013,2273.0,85.26,5.06,11.17,White,Low_poverty,LPW,40.513688,-74.2334896
360850244021,1987.0,84.7,5.99,6.89,White,Low_poverty,LPW,40.5049976,-74.230759
360850319023,1945.0,9.67,27.41,82.47,Minority,Low_poverty,LPM,40.6370862,-74.1629387
360850169011,1475.0,69.08,4.07,13.77,White,Low_poverty,LPW,40.6121085,-74.1134786
360850198004,2552.0,89.62,8.19,4.74,White,Low_poverty,LPW,40.5184668,-74.1902331
360850003002,1172.0,59.64,23.1,27.47,White,Low_poverty,LPW,40.6402784,-74.0736393
360470916004,791.0,0.0,48.55,100.0,Minority,High_poverty,HPM,40.6575964,-73.9095944
360470946001,605.0,0.0,3.64,97.52,Minority,Low_poverty,LPM,40.6470828,-73.9247762
360471144002,1110.0,0.63,23.64,99.37,Minority,Low_poverty,LPM,40.6737812,-73.8963265
360471198001,923.0,3.9,15.97,96.1,Minority,Low_poverty,LPM,40.6760304,-73.8977343
360471237001,874.0,58.58,55.95,40.27,White,High_poverty,HPW,40.6963806,-73.9595121
360471502002,894.0,85.91,12.4,12.42,White,Low_poverty,LPW,40.6532487,-73.9794536
360471522003,1087.0,57.87,4.39,40.39,White,Low_poverty,LPW,40.6444913,-73.9656452
360470356021,925.0,100.0,16.43,0.0,White,Low_poverty,LPW,40.5771832,-73.9716329
360471144001,538.0,20.45,68.11,77.69,Minority,High_poverty,HPM,40.6730828,-73.9009243
360810964001,2852.0,6.1,14.38,81.91,Minority,Low_poverty,LPM,40.5979862,-73.7917539
360810997041,1222.0,49.02,0.0,13.99,Other,Low_poverty,LPO,40.7852173,-73.781686
360810998012,1076.0,8.46,17.59,87.54,Minority,Low_poverty,LPM,40.6000269,-73.757068
360471237003,2481.0,86.13,48.73,12.46,White,High_poverty,HPW,40.6969904,-73.9547535
360470015003,3636.0,37.38,20.08,22.08,Other,Low_poverty,LPO,40.6923182,-73.9835948
360470053001,250.0,83.2,10.8,16.8,White,Low_poverty,LPW,40.6696828,-74.0031507
360470126003,508.0,38.78,16.73,22.05,Other,Low_poverty,LPO,40.6331219,-74.0168053
360470199004,1362.0,52.79,12.24,40.09,White,Low_poverty,LPW,40.6853051,-73.9682714
360810309023,1162.0,20.22,17.08,46.99,Other,Low_poverty,LPO,40.7573422,-73.8964959
360810329003,856.0,18.46,0.93,26.64,Other,Low_poverty,LPO,40.7640542,-73.8854936
360810347001,1270.0,7.4,5.96,78.26,Minority,Low_poverty,LPM,40.7637746,-73.8769746
360810373002,1382.0,3.69,13.53,76.2,Minority,Low_poverty,LPM,40.7594332,-73.8587254
360810403003,2196.0,0.87,21.22,85.79,Minority,Low_poverty,LPM,40.748541,-73.859324
360811417003,810.0,7.16,2.22,45.06,Other,Low_poverty,LPO,40.7438854,-73.7939514
360811417005,167.0,23.95,32.34,5.99,Other,High_poverty,HPO,40.7402464,-73.7939588
360811479002,1485.0,54.68,8.69,25.12,White,Low_poverty,LPW,40.7676369,-73.7454419
360810025002,1326.0,5.2,24.81,82.66,Minority,Low_poverty,LPM,40.755844,-73.9442271
360810025006,1135.0,4.05,38.68,90.04,Minority,High_poverty,HPM,40.755426,-73.9477605
360810062011,3591.0,67.42,7.63,25.98,White,Low_poverty,LPW,40.6668715,-73.8480379
360810062012,2002.0,47.25,6.94,39.06,Other,Low_poverty,LPO,40.668235,-73.8440133
360810062024,991.0,44.2,18.97,55.5,Minority,Low_poverty,LPM,40.6666807,-73.853383
360810062026,1386.0,66.16,34.85,28.93,White,High_poverty,HPW,40.663189,-73.8537913
360810075002,1318.0,44.23,7.06,16.38,Other,Low_poverty,LPO,40.7641994,-73.9267125
360810141002,919.0,42.11,6.53,33.84,Other,Low_poverty,LPO,40.7668153,-73.9061189
360810185011,740.0,59.19,37.3,27.57,White,High_poverty,HPW,40.7389254,-73.9242857
360810199002,347.0,27.95,39.48,32.56,Other,High_poverty,HPO,40.7331325,-73.9304349
360810238004,865.0,0.0,28.98,43.7,Other,Low_poverty,LPO,40.7039617,-73.8103642
360810253012,1033.0,20.33,8.81,47.14,Other,Low_poverty,LPO,40.7436275,-73.9157592
360810269012,1363.0,7.48,10.27,57.3,Minority,Low_poverty,LPM,40.7461317,-73.881855
360810269014,767.0,1.04,2.22,49.28,Other,Low_poverty,LPO,40.7474704,-73.8803333
360610048002,814.0,77.76,0.0,4.42,White,Low_poverty,LPW,40.7350256,-73.9844546
360610050005,975.0,73.95,8.0,5.33,White,Low_poverty,LPW,40.7355411,-73.9865882
360610059004,919.0,82.37,1.85,1.96,White,Low_poverty,LPW,40.7313785,-73.9933533
360610061003,1283.0,70.54,1.4,11.76,White,Low_poverty,LPW,40.7334968,-73.9909943
360610066005,1659.0,60.22,0.0,11.57,White,Low_poverty,LPW,40.7393326,-73.9813156
360610066007,2473.0,1.37,31.31,75.66,Minority,High_poverty,HPM,40.738979,-73.9785564
360610068002,505.0,60.4,14.85,26.14,White,Low_poverty,LPW,40.7398471,-73.9855559
360610068006,1654.0,74.3,3.02,12.69,White,Low_poverty,LPW,40.7416891,-73.9821112
360850021003,2204.0,14.38,28.36,74.28,Minority,Low_poverty,LPM,40.6259203,-74.0811958
360850029004,767.0,7.69,17.97,89.96,Minority,Low_poverty,LPM,40.6158409,-74.0857162
360850121002,961.0,49.74,27.16,49.32,Other,Low_poverty,LPO,40.6259369,-74.1126789
360850133022,1131.0,1.77,29.89,87.98,Minority,Low_poverty,LPM,40.6381315,-74.122016
360850170093,1236.0,93.53,5.99,3.56,White,Low_poverty,LPW,40.5459565,-74.1864083
360850187012,1034.0,68.09,13.42,20.31,White,Low_poverty,LPW,40.6109681,-74.125108
360050335002,591.0,66.33,20.37,19.29,White,Low_poverty,LPW,40.8909976,-73.9054333
360050348004,1328.0,7.38,7.0,83.28,Minority,Low_poverty,LPM,40.8665068,-73.8528904
360050361003,1144.0,1.66,42.53,98.34,Minority,High_poverty,HPM,40.841059,-73.8790395
360050363005,978.0,6.34,30.88,93.66,Minority,High_poverty,HPM,40.8449239,-73.8839337
360050383011,1137.0,0.79,31.62,98.33,Minority,High_poverty,HPM,40.8563969,-73.8994262
360050383021,2535.0,0.63,44.84,92.66,Minority,High_poverty,HPM,40.8581326,-73.8937317
360610172004,784.0,26.4,42.73,53.96,Minority,High_poverty,HPM,40.7922223,-73.9452475
360610183005,1315.0,82.05,5.63,15.97,White,Low_poverty,LPW,40.7943022,-73.972975
360610070004,739.0,56.7,5.55,0.0,White,Low_poverty,LPW,40.7422762,-73.9763811
360610072007,641.0,77.38,3.7,11.85,White,Low_poverty,LPW,40.746397,-73.9786797
360610238011,6354.0,37.87,8.28,16.04,Other,Low_poverty,LPO,40.757631,-73.9538142
360610241004,2121.0,12.78,21.97,85.24,Minority,Low_poverty,LPM,40.8331498,-73.9436838
360610242001,2259.0,5.09,28.24,93.94,Minority,Low_poverty,LPM,40.8079875,-73.9353127
360610243022,2956.0,0.0,49.46,96.48,Minority,High_poverty,HPM,40.833373,-73.9362999
360050444003,1005.0,1.89,8.66,94.33,Minority,Low_poverty,LPM,40.898257,-73.8442808
360050024001,155.0,41.94,0.0,58.06,Minority,Low_poverty,LPM,40.8165521,-73.8712045
360050181011,1462.0,0.21,39.08,98.9,Minority,High_poverty,HPM,40.8308297,-73.9165657
360050221012,1563.0,0.0,49.33,98.4,Minority,High_poverty,HPM,40.839279,-73.9172805
360050238002,1011.0,23.05,15.33,71.21,Minority,Low_poverty,LPM,40.8452889,-73.8612575
360050239003,1265.0,0.0,39.27,98.26,Minority,High_poverty,HPM,40.8561929,-73.9041713
360050245021,1293.0,1.24,25.14,98.77,Minority,Low_poverty,LPM,40.8555744,-73.913564
360050252002,1461.0,36.14,11.83,50.51,Minority,Low_poverty,LPM,40.845503,-73.8536776
360050267023,1393.0,6.03,44.36,93.97,Minority,High_poverty,HPM,40.8739205,-73.9010827
360050281003,1576.0,31.85,6.42,65.16,Minority,Low_poverty,LPM,40.8834921,-73.8890803
360050293024,1364.0,62.61,2.85,32.99,White,Low_poverty,LPW,40.8811273,-73.9152589
360050326001,1301.0,43.89,13.11,41.82,Other,Low_poverty,LPO,40.8626279,-73.8570153
360050326002,1117.0,22.29,5.91,52.55,Minority,Low_poverty,LPM,40.8632576,-73.8543454
360050395002,951.0,1.47,17.14,90.95,Minority,Low_poverty,LPM,40.8501974,-73.896011
360050338004,1181.0,6.18,7.65,75.02,Minority,Low_poverty,LPM,40.8674876,-73.8663401
360050343002,665.0,39.55,4.81,56.54,Minority,Low_poverty,LPM,40.9107432,-73.8982109
360050361004,918.0,0.0,22.66,100.0,Minority,Low_poverty,LPM,40.8446371,-73.8788876
360050364003,785.0,0.0,9.04,100.0,Minority,Low_poverty,LPM,40.8740433,-73.8509014
360050369022,1279.0,2.81,60.67,97.19,Minority,High_poverty,HPM,40.8423513,-73.8923458
360050378003,597.0,0.0,45.27,100.0,Minority,High_poverty,HPM,40.8785844,-73.86673
360850303024,336.0,58.93,0.0,8.33,White,Low_poverty,LPW,40.6232022,-74.1544746
360610187006,664.0,81.78,10.54,14.45,White,Low_poverty,LPW,40.7962964,-73.9696608
360610010023,2476.0,1.7,50.59,78.35,Minority,High_poverty,HPM,40.7171333,-73.9760646
360610016004,1365.0,26.89,15.53,3.0,Other,Low_poverty,LPO,40.7164835,-73.990587
360610022014,2506.0,15.04,7.38,56.46,Minority,Low_poverty,LPM,40.718231,-73.9805559
360610025002,855.0,4.44,82.78,66.9,Minority,High_poverty,HPM,40.7104491,-73.9973959
360610028001,739.0,22.33,28.01,68.74,Minority,Low_poverty,LPM,40.7285987,-73.9770992
360610032006,1811.0,69.3,22.64,15.13,White,Low_poverty,LPW,40.7243775,-73.9832371
360610044002,849.0,92.93,0.0,0.0,White,Low_poverty,LPW,40.7328451,-73.9770262
360610044006,1364.0,57.62,9.46,22.36,White,Low_poverty,LPW,40.7308314,-73.9784296
360610243023,1987.0,0.0,44.34,93.86,Minority,High_poverty,HPM,40.8316801,-73.9374382
360610243021,2813.0,1.07,34.38,97.73,Minority,High_poverty,HPM,40.8300373,-73.935843
360610251001,1355.0,13.51,49.84,79.78,Minority,High_poverty,HPM,40.8402874,-73.9404626
360610273004,1893.0,64.71,7.24,30.27,White,Low_poverty,LPW,40.8514823,-73.9369978
360610291006,2470.0,5.38,16.57,89.56,Minority,Low_poverty,LPM,40.8625022,-73.9239337
360610293005,3015.0,2.22,8.86,96.78,Minority,Low_poverty,LPM,40.8649545,-73.920623
360610317041,2895.0,74.85,3.11,14.89,White,Low_poverty,LPW,40.7110906,-74.0170402
360470892004,828.0,0.0,45.17,91.79,Minority,High_poverty,HPM,40.6629705,-73.9196674
360470174002,874.0,49.89,6.29,25.06,Other,Low_poverty,LPO,40.6052586,-74.010355
360470280002,968.0,41.12,16.94,26.86,Other,Low_poverty,LPO,40.6032484,-74.0050437
360470286005,1021.0,43.39,35.65,4.6,Other,High_poverty,HPO,40.6014757,-73.9996987
360470348001,1667.0,31.31,36.31,32.99,Other,High_poverty,HPO,40.5811962,-73.9833532
360470374011,1311.0,82.07,11.67,12.13,White,Low_poverty,LPW,40.5890435,-73.9667975
360050217003,901.0,0.67,25.56,95.78,Minority,Low_poverty,LPM,40.8504283,-73.9112114
360050222004,1023.0,4.89,3.32,52.59,Minority,Low_poverty,LPM,40.8351732,-73.8529666
360050224032,2522.0,18.44,14.63,78.16,Minority,Low_poverty,LPM,40.8555608,-73.8666906
360050229014,827.0,0.0,22.85,100.0,Minority,Low_poverty,LPM,40.8463022,-73.9060653
360050235024,1015.0,0.0,36.26,100.0,Minority,High_poverty,HPM,40.8534438,-73.9022273
360050237032,1349.0,0.67,48.99,97.85,Minority,High_poverty,HPM,40.8585319,-73.8998847
360050240003,1202.0,2.83,20.13,90.85,Minority,Low_poverty,LPM,40.8414325,-73.8710982
360050243004,1695.0,2.36,37.58,96.4,Minority,High_poverty,HPM,40.8527931,-73.9109182
360050245013,597.0,0.0,22.78,100.0,Minority,Low_poverty,LPM,40.85279,-73.915102
360050247002,1307.0,1.61,28.69,97.24,Minority,Low_poverty,LPM,40.8551123,-73.9187947
360050253004,1254.0,1.52,18.58,97.77,Minority,Low_poverty,LPM,40.8612976,-73.9048676
360050266024,773.0,25.49,44.63,74.52,Minority,High_poverty,HPM,40.8476039,-73.8278644
360050267013,927.0,6.15,4.53,75.18,Minority,Low_poverty,LPM,40.8688907,-73.8999768
360050267026,2172.0,4.14,47.61,90.65,Minority,High_poverty,HPM,40.8712231,-73.8993409
360050274012,664.0,78.61,3.31,21.39,White,Low_poverty,LPW,40.8454948,-73.8211951
360470433002,616.0,23.05,4.55,76.95,Minority,Low_poverty,LPM,40.6989013,-73.9163424
360470508041,1743.0,17.79,1.55,70.97,Minority,Low_poverty,LPM,40.6536649,-73.9638687
360470508043,2529.0,14.35,15.14,81.77,Minority,Low_poverty,LPM,40.6520014,-73.9632307
360470510021,2256.0,11.48,9.66,82.76,Minority,Low_poverty,LPM,40.6487987,-73.9595537
360470551004,1652.0,23.0,9.44,76.15,Minority,Low_poverty,LPM,40.7122144,-73.9627453
360470565003,1090.0,71.83,6.3,21.65,White,Low_poverty,LPW,40.7300337,-73.9558986
360470610045,1184.0,68.33,13.94,23.22,White,Low_poverty,LPW,40.5787813,-73.9564076
360470702015,1454.0,95.25,6.19,1.58,White,Low_poverty,LPW,40.6055664,-73.9124458
360470796011,2878.0,23.97,15.15,73.0,Minority,Low_poverty,LPM,40.6557795,-73.9581333
360470796022,2150.0,14.6,19.21,82.89,Minority,Low_poverty,LPM,40.6516922,-73.957561
360810749001,762.0,69.82,0.0,4.46,White,Low_poverty,LPW,40.7140967,-73.8418111
360810757022,1341.0,60.25,8.02,10.81,White,Low_poverty,LPW,40.7250313,-73.8402988
360810845003,1006.0,0.0,7.65,11.13,Other,Low_poverty,LPO,40.7490753,-73.8191701
360810857003,1624.0,6.47,14.72,9.66,Other,Low_poverty,LPO,40.7566889,-73.8220041
360810863004,3258.0,3.62,13.01,26.52,Other,Low_poverty,LPO,40.7601558,-73.8194215
360810065011,1375.0,54.76,22.11,37.82,White,Low_poverty,LPW,40.7665649,-73.9183392
360810065023,1421.0,66.78,7.67,26.81,White,Low_poverty,LPW,40.7676902,-73.9140872
360050065004,1011.0,0.0,70.67,100.0,Minority,High_poverty,HPM,40.8171065,-73.9191017
360050069003,1336.0,0.0,41.15,100.0,Minority,High_poverty,HPM,40.8219324,-73.9185766
360050072004,814.0,1.84,8.48,64.49,Minority,Low_poverty,LPM,40.8312312,-73.8589841
360050075004,932.0,1.82,30.79,98.17,Minority,High_poverty,HPM,40.8176219,-73.9070128
360050078004,1542.0,0.52,26.07,83.73,Minority,Low_poverty,LPM,40.8303338,-73.8544831
360050274014,944.0,55.08,5.93,42.37,White,Low_poverty,LPW,40.8369855,-73.8231501
360050277004,1872.0,1.28,35.84,94.92,Minority,High_poverty,HPM,40.8796287,-73.9003621
360050285004,1298.0,47.84,15.25,34.28,Other,Low_poverty,LPO,40.8854711,-73.9021567
360470053002,968.0,50.31,24.79,44.73,White,Low_poverty,LPW,40.6777636,-74.0121618
360470056012,1252.0,78.99,4.47,8.55,White,Low_poverty,LPW,40.6155319,-74.0336696
360470126001,1144.0,32.26,37.5,40.65,Other,High_poverty,HPO,40.6361912,-74.0212172
360470134003,1677.0,75.31,8.59,15.09,White,Low_poverty,LPW,40.6288244,-74.0209595
360810194001,1143.0,0.0,21.0,69.56,Minority,Low_poverty,LPM,40.6853886,-73.805313
360810240003,2320.0,1.72,15.99,70.0,Minority,Low_poverty,LPM,40.70269,-73.8059248
360810254002,1621.0,16.1,16.1,54.78,Minority,Low_poverty,LPM,40.6978444,-73.7920168
360810294006,1490.0,1.14,15.07,88.79,Minority,Low_poverty,LPM,40.6694284,-73.7858518
360810306001,1189.0,2.44,22.96,90.59,Minority,Low_poverty,LPM,40.6636646,-73.7710111
360810306003,1650.0,7.09,9.43,81.82,Minority,Low_poverty,LPM,40.6664194,-73.7751684
360810334026,1070.0,0.0,0.0,92.99,Minority,Low_poverty,LPM,40.672599,-73.7671522
360810424001,559.0,0.18,7.45,91.42,Minority,Low_poverty,LPM,40.6962388,-73.770267
360810479002,753.0,8.5,13.28,18.86,Other,Low_poverty,LPO,40.73694,-73.8854303
360810531001,1872.0,61.59,11.38,23.45,White,Low_poverty,LPW,40.7215766,-73.9082347
360810540003,984.0,1.73,20.67,60.98,Minority,Low_poverty,LPM,40.7128034,-73.7388902
360810582002,2064.0,3.1,1.35,87.41,Minority,Low_poverty,LPM,40.7075258,-73.7363736
360810619002,796.0,81.91,4.27,9.05,White,Low_poverty,LPW,40.7108536,-73.8779531
360810637002,1294.0,54.87,5.56,43.43,White,Low_poverty,LPW,40.7108388,-73.8621764
360050210021,1306.0,1.3,25.5,75.5,Minority,Low_poverty,LPM,40.8373812,-73.8575495
360050210027,654.0,2.29,2.29,97.71,Minority,Low_poverty,LPM,40.8391941,-73.8582001
360050212003,1283.0,2.65,17.85,77.24,Minority,Low_poverty,LPM,40.8361575,-73.857115
360050215013,1796.0,1.11,17.85,98.89,Minority,Low_poverty,LPM,40.8482454,-73.9199025
360050216013,700.0,5.86,24.57,94.15,Minority,Low_poverty,LPM,40.8399152,-73.8665226
360050216024,951.0,1.89,45.32,82.55,Minority,High_poverty,HPM,40.8369851,-73.8627117
360470255002,2605.0,0.0,44.07,97.43,Minority,High_poverty,HPM,40.6962922,-73.9510664
360470304003,1392.0,27.66,18.12,16.31,Other,Low_poverty,LPO,40.5932528,-73.9926915
360810657032,921.0,73.29,1.52,23.67,White,Low_poverty,LPW,40.7153653,-73.8731525
360810657033,475.0,84.21,7.37,15.79,White,Low_poverty,LPW,40.7159948,-73.8757594
360810711004,942.0,53.61,2.44,22.29,White,Low_poverty,LPW,40.721734,-73.8469769
360810713041,1261.0,70.82,22.76,24.27,White,Low_poverty,LPW,40.7299638,-73.8570397
360810717012,1356.0,38.94,25.52,26.18,Other,Low_poverty,LPO,40.7302064,-73.8596821
360810717014,1371.0,42.82,21.59,8.75,Other,Low_poverty,LPO,40.7314279,-73.8577882
360810998021,3026.0,7.9,38.66,90.65,Minority,High_poverty,HPM,40.5932371,-73.7596129
360811017007,1174.0,47.61,8.69,15.42,Other,Low_poverty,LPO,40.7833163,-73.8013556
360470314002,995.0,80.0,5.74,1.41,White,Low_poverty,LPW,40.5853191,-73.9936488
360470348002,1218.0,15.85,26.11,78.32,Minority,Low_poverty,LPM,40.5773195,-73.9826981
360470356023,2414.0,89.81,9.03,2.65,White,Low_poverty,LPW,40.5778911,-73.9688081
360470363002,1524.0,1.25,19.55,95.8,Minority,Low_poverty,LPM,40.6720035,-73.9202817
360470382003,2220.0,4.28,52.52,73.19,Minority,High_poverty,HPM,40.5916036,-73.9800039
360470491001,2202.0,20.98,10.31,27.11,Other,Low_poverty,LPO,40.70461,-73.9473205
360470508031,2522.0,19.67,22.38,74.62,Minority,Low_poverty,LPM,40.6539088,-73.9606234
360470512004,1281.0,37.78,24.98,57.77,Minority,Low_poverty,LPM,40.6456032,-73.9642931
360470516022,1772.0,10.5,19.53,85.83,Minority,Low_poverty,LPM,40.6416659,-73.9575809
360470563001,1587.0,50.16,9.51,49.59,White,Low_poverty,LPW,40.7351198,-73.9592518
360810797012,3143.0,0.7,41.01,9.55,Other,High_poverty,HPO,40.7536992,-73.8244851
360810797023,960.0,3.75,30.21,9.27,Other,High_poverty,HPO,40.7534691,-73.8267809
360810849001,2358.0,0.0,33.29,47.88,Other,High_poverty,HPO,40.756391,-73.8317152
360810853002,1380.0,9.78,23.33,5.8,Other,Low_poverty,LPO,40.7567604,-73.8278628
360810857002,1583.0,11.5,21.07,32.66,Other,Low_poverty,LPO,40.7576642,-73.8226978
360810863003,1415.0,19.51,25.37,47.28,Other,Low_poverty,LPO,40.7612337,-73.8199135
360810916014,1055.0,94.98,4.55,4.93,White,Low_poverty,LPW,40.5629684,-73.9040861
360810928001,999.0,97.6,1.6,1.4,White,Low_poverty,LPW,40.5723347,-73.8526522
360810934023,1577.0,84.21,8.12,6.91,White,Low_poverty,LPW,40.5802768,-73.8412282
360810938003,1814.0,41.12,44.93,47.96,Other,High_poverty,HPO,40.5817879,-73.8318153
360810942035,770.0,78.05,6.23,15.72,White,Low_poverty,LPW,40.5875922,-73.8029721
360811161002,2780.0,10.79,33.95,17.52,Other,High_poverty,HPO,40.765476,-73.8257938
360811227023,2256.0,14.14,50.58,74.33,Minority,High_poverty,HPM,40.733715,-73.8126002
360811291031,1436.0,49.37,13.37,11.0,Other,Low_poverty,LPO,40.7391479,-73.7599371
360811291033,1295.0,65.71,11.51,6.41,White,Low_poverty,LPW,40.7346343,-73.7599473
360811385014,1529.0,34.4,3.53,2.49,Other,Low_poverty,LPO,40.7534283,-73.7499203
360610157008,1731.0,66.55,3.9,21.72,White,Low_poverty,LPW,40.7770154,-73.9809329
360610159006,1157.0,64.56,4.06,20.14,White,Low_poverty,LPW,40.7788671,-73.9833001
360610161004,904.0,93.03,1.55,2.32,White,Low_poverty,LPW,40.7784483,-73.9761816
360610161006,994.0,89.64,12.47,3.42,White,Low_poverty,LPW,40.7802792,-73.9785572
360610162003,1446.0,0.0,36.51,92.88,Minority,High_poverty,HPM,40.7891391,-73.9389012
360610165004,1125.0,62.49,18.13,29.07,White,Low_poverty,LPW,40.7841723,-73.975707
360610170005,1141.0,23.14,20.77,53.64,Minority,Low_poverty,LPM,40.791727,-73.9400749
360610173007,957.0,78.79,0.63,4.6,White,Low_poverty,LPW,40.7862281,-73.97051
360610175002,1497.0,72.81,0.0,19.17,White,Low_poverty,LPW,40.7904014,-73.9783824
360610177007,983.0,27.98,15.56,60.52,Minority,Low_poverty,LPM,40.7906477,-73.9672808
360811032021,1778.0,7.87,18.18,89.54,Minority,Low_poverty,LPM,40.6084799,-73.7496421
360810627002,1491.0,52.25,9.26,45.0,White,Low_poverty,LPW,40.7024794,-73.885863
360810632002,1652.0,2.36,4.2,94.85,Minority,Low_poverty,LPM,40.6754767,-73.7403518
360810633011,1704.0,69.42,6.28,27.11,White,Low_poverty,LPW,40.7044837,-73.8745715
360810637001,1235.0,62.51,11.34,22.59,White,Low_poverty,LPW,40.7080309,-73.8594473
360810638003,529.0,2.65,26.09,95.84,Minority,Low_poverty,LPM,40.6672832,-73.7317148
360810645001,762.0,55.38,6.4,20.73,White,Low_poverty,LPW,40.7091839,-73.8482234
360810646001,1560.0,0.71,9.29,96.79,Minority,Low_poverty,LPM,40.6735629,-73.7416619
360810650002,1453.0,0.83,9.39,95.32,Minority,Low_poverty,LPM,40.6685926,-73.7453811
360810907001,1434.0,28.52,15.48,27.41,Other,Low_poverty,LPO,40.7742408,-73.8380427
360850064003,2117.0,37.69,32.99,54.8,Minority,High_poverty,HPM,40.5958264,-74.0808804
360850070003,1869.0,51.79,5.6,35.1,White,Low_poverty,LPW,40.592632,-74.0705517
360850081001,1720.0,41.57,27.91,47.62,Other,Low_poverty,LPO,40.6447903,-74.0943006
360850096011,1948.0,72.38,9.75,6.83,White,Low_poverty,LPW,40.5989243,-74.0868885
360850096023,1122.0,82.09,2.05,10.7,White,Low_poverty,LPW,40.5924274,-74.0973055
360850097001,1383.0,11.57,14.24,83.66,Minority,Low_poverty,LPM,40.6410506,-74.1157797
360850105004,1358.0,22.75,34.49,70.69,Minority,High_poverty,HPM,40.6323867,-74.1146687
360850112012,3577.0,67.71,13.73,20.1,White,Low_poverty,LPW,40.5777304,-74.0904759
360850121001,1155.0,89.0,6.49,10.13,White,Low_poverty,LPW,40.6237555,-74.1076516
360850132011,633.0,63.67,3.0,16.27,White,Low_poverty,LPW,40.567397,-74.1261558
360850132042,2438.0,82.73,4.02,12.06,White,Low_poverty,LPW,40.5565757,-74.1325622
360850133021,373.0,14.21,44.77,80.7,Minority,High_poverty,HPM,40.6354131,-74.1264148
360610181004,1002.0,85.03,0.0,12.38,White,Low_poverty,LPW,40.7912752,-73.9668212
360610181006,1256.0,76.19,8.6,20.38,White,Low_poverty,LPW,40.7926083,-73.965855
360610183002,602.0,86.54,9.8,0.0,White,Low_poverty,LPW,40.7953318,-73.9744709
360610213032,772.0,11.4,27.98,64.12,Minority,Low_poverty,LPM,40.813995,-73.9541329
360810552002,1258.0,7.63,6.93,35.45,Other,Low_poverty,LPO,40.7269169,-73.7484432
360810556001,1290.0,5.97,5.13,35.35,Other,Low_poverty,LPO,40.7261105,-73.7455871
360810558002,1062.0,16.76,12.62,34.84,Other,Low_poverty,LPO,40.7220033,-73.7410697
360810559001,1184.0,17.74,13.99,74.32,Minority,Low_poverty,LPM,40.694404,-73.9017311
360810562001,1631.0,17.66,6.99,36.24,Other,Low_poverty,LPO,40.7246382,-73.7331947
360810567003,1160.0,23.97,5.38,73.19,Minority,Low_poverty,LPM,40.6961892,-73.8943483
360810567004,1525.0,29.18,3.15,63.41,Minority,Low_poverty,LPM,40.6986527,-73.8941716
360810577003,1524.0,51.57,23.36,47.24,White,Low_poverty,LPW,40.699164,-73.8917467
360810577002,1465.0,63.48,10.78,35.98,White,Low_poverty,LPW,40.700975,-73.8924275
360810579001,924.0,54.76,10.5,41.34,White,Low_poverty,LPW,40.7038169,-73.8892322
360810581001,1230.0,53.82,4.55,38.29,White,Low_poverty,LPW,40.7048086,-73.8928674
360810585003,1809.0,57.38,9.89,40.13,White,Low_poverty,LPW,40.7037911,-73.9013409
360810585001,1252.0,36.58,3.27,44.49,Other,Low_poverty,LPO,40.704974,-73.8973097
360810587001,1561.0,76.17,5.83,23.83,White,Low_poverty,LPW,40.7077704,-73.9006429
360810864001,1622.0,13.26,20.84,48.89,Other,Low_poverty,LPO,40.6727449,-73.8308785
360850007002,1006.0,44.73,14.41,53.08,Minority,Low_poverty,LPM,40.6453604,-74.0835914
360850003001,832.0,32.69,13.54,37.86,Other,Low_poverty,LPO,40.6433492,-74.0753458
360850018001,588.0,60.37,0.0,29.76,White,Low_poverty,LPW,40.6015406,-74.058517
360850008001,1328.0,39.76,30.95,48.27,Other,High_poverty,HPO,40.615799,-74.0704626
360850009001,863.0,36.15,18.08,45.3,Other,Low_poverty,LPO,40.6427194,-74.0813357
360850011001,1035.0,20.77,11.59,70.24,Minority,Low_poverty,LPM,40.639771,-74.0797589
360850011003,1522.0,7.49,18.4,83.57,Minority,Low_poverty,LPM,40.639191,-74.0846339
360850047002,781.0,86.3,8.19,0.9,White,Low_poverty,LPW,40.6149521,-74.1003061
360850050001,2101.0,64.83,13.52,14.85,White,Low_poverty,LPW,40.6030459,-74.0900489
360610144014,1507.0,67.62,5.51,2.85,White,Low_poverty,LPW,40.7754041,-73.9489799
360610145003,1330.0,75.19,6.84,8.65,White,Low_poverty,LPW,40.7695861,-73.9823503
360610146024,1002.0,88.12,6.79,3.79,White,Low_poverty,LPW,40.7799665,-73.9516835
360610149005,1179.0,71.5,9.33,14.42,White,Low_poverty,LPW,40.7706159,-73.9812408
360610151004,5571.0,58.73,11.85,10.54,White,Low_poverty,LPW,40.7743042,-73.9908947
360610153004,1108.0,66.52,4.69,7.4,White,Low_poverty,LPW,40.7745135,-73.9827653
360610155006,4825.0,87.75,5.31,4.25,White,Low_poverty,LPW,40.7766514,-73.9849197
360610156013,642.0,52.49,12.77,29.13,White,Low_poverty,LPW,40.7838991,-73.9490039
360810864002,1105.0,13.57,11.49,45.8,Other,Low_poverty,LPO,40.6777596,-73.8368194
360810884001,755.0,88.87,8.68,8.35,White,Low_poverty,LPW,40.6658026,-73.8374037
360610012003,1234.0,68.23,5.02,13.53,White,Low_poverty,LPW,40.715216,-73.9802846
360610028004,2690.0,31.0,11.64,58.84,Minority,Low_poverty,LPM,40.726368,-73.9756316
360610037002,834.0,83.45,6.0,14.51,White,Low_poverty,LPW,40.727842,-74.0048894
360610037003,885.0,75.71,10.85,1.58,White,Low_poverty,LPW,40.7250626,-74.0058808
360610018003,1063.0,42.24,20.98,14.21,Other,Low_poverty,LPO,40.7194522,-73.9885981
360610073005,730.0,98.63,4.93,0.0,White,Low_poverty,LPW,40.7354235,-74.0041402
360610074003,1622.0,86.13,3.3,8.44,White,Low_poverty,LPW,40.744931,-73.9850119
360610167004,1572.0,72.2,3.75,6.23,White,Low_poverty,LPW,40.7848096,-73.9781859
360610167005,1083.0,67.96,22.99,5.36,White,Low_poverty,LPW,40.7834967,-73.9791523
360610108006,1459.0,69.29,1.58,13.5,White,Low_poverty,LPW,40.760431,-73.9659328
360610118005,1115.0,58.74,21.26,4.39,White,Low_poverty,LPW,40.764177,-73.9601931
360610124006,1379.0,66.86,18.27,15.95,White,Low_poverty,LPW,40.7666489,-73.9522179
360610126008,1737.0,95.85,4.95,1.67,White,Low_poverty,LPW,40.7666807,-73.9583665
360610200001,1887.0,16.11,8.06,79.96,Minority,Low_poverty,LPM,40.8039186,-73.9465411
360610199005,2018.0,50.99,13.97,31.46,White,Low_poverty,LPW,40.8045413,-73.964573
360610213031,1318.0,15.63,29.36,81.94,Minority,Low_poverty,LPM,40.8170245,-73.9528792
360610077005,1045.0,74.26,2.78,18.28,White,Low_poverty,LPW,40.7369634,-74.0025917
360610078004,2048.0,68.41,4.0,12.46,White,Low_poverty,LPW,40.7458293,-73.976817
360610079001,745.0,93.02,0.0,3.22,White,Low_poverty,LPW,40.739913,-74.0087069
360610086012,1465.0,85.46,5.73,7.64,White,Low_poverty,LPW,40.7441284,-73.9719123
360610086034,1513.0,89.49,2.97,7.67,White,Low_poverty,LPW,40.7530883,-73.9651936
360610088003,1446.0,64.32,3.8,9.89,White,Low_poverty,LPW,40.7484777,-73.9720425
360610132004,2346.0,75.66,11.38,3.58,White,Low_poverty,LPW,40.7692796,-73.9534479
360610132005,1439.0,47.32,3.82,47.19,Other,Low_poverty,LPO,40.7704314,-73.9492216
360610132007,1477.0,34.46,0.0,58.56,Minority,Low_poverty,LPM,40.7682794,-73.9507753
360610134008,2838.0,85.34,6.66,2.93,White,Low_poverty,LPW,40.7699368,-73.9559889
360610136005,1697.0,93.16,8.19,4.42,White,Low_poverty,LPW,40.7720164,-73.946241
360610137005,641.0,62.09,2.03,19.97,White,Low_poverty,LPW,40.7649336,-73.9796776
360610138006,1514.0,71.8,2.91,6.41,White,Low_poverty,LPW,40.7757439,-73.9517524
360610144012,1383.0,83.8,1.37,10.12,White,Low_poverty,LPW,40.7760611,-73.9484969
360610227001,1132.0,33.75,34.07,63.96,Minority,High_poverty,HPM,40.8233611,-73.9480706
360610231002,2025.0,20.49,25.63,74.77,Minority,Low_poverty,LPM,40.8265271,-73.9457557
360610090006,1543.0,79.78,22.1,5.63,White,Low_poverty,LPW,40.7531602,-73.9712385
360610093006,2687.0,9.04,19.87,47.3,Other,Low_poverty,LPO,40.7486801,-74.0015846
360610098005,1230.0,59.35,3.5,24.39,White,Low_poverty,LPW,40.7565696,-73.9657376
360610098006,1613.0,86.48,2.17,7.25,White,Low_poverty,LPW,40.7556331,-73.9664251
360050093003,2356.0,1.4,46.49,98.56,Minority,High_poverty,HPM,40.8152792,-73.889215
360050132003,1655.0,34.38,6.29,63.63,Minority,Low_poverty,LPM,40.8151962,-73.8170505
360050133004,1870.0,0.0,32.46,96.21,Minority,High_poverty,HPM,40.8223495,-73.9053386
360050145004,1583.0,0.0,47.69,100.0,Minority,High_poverty,HPM,40.8308753,-73.9081323
360050147021,860.0,2.09,43.02,95.0,Minority,High_poverty,HPM,40.8370888,-73.9043416
360050147023,790.0,0.0,28.35,98.48,Minority,Low_poverty,LPM,40.8363414,-73.9063825
360050152002,1501.0,35.51,18.39,57.37,Minority,Low_poverty,LPM,40.8261356,-73.8232338
360050462013,9963.0,5.14,10.26,89.7,Minority,Low_poverty,LPM,40.8769358,-73.8307591
360050462019,1231.0,3.41,10.72,89.36,Minority,Low_poverty,LPM,40.8709158,-73.8319047
360050462023,1939.0,1.39,9.12,98.61,Minority,Low_poverty,LPM,40.872914,-73.835331
360470001004,1772.0,59.09,7.34,31.71,White,Low_poverty,LPW,40.6987647,-73.9917888
360470005022,1180.0,88.64,2.96,4.23,White,Low_poverty,LPW,40.6941043,-73.9935821
360470007003,1203.0,81.46,1.37,7.39,White,Low_poverty,LPW,40.6917443,-73.9946805
360470015002,2876.0,0.24,35.26,82.33,Minority,High_poverty,HPM,40.695312,-73.9812314
360470044002,1191.0,84.72,6.63,4.53,White,Low_poverty,LPW,40.6302376,-74.0327057
360810094002,1300.0,6.92,12.55,36.38,Other,Low_poverty,LPO,40.6828131,-73.8362534
360811277003,846.0,80.61,0.47,9.81,White,Low_poverty,LPW,40.7236543,-73.7808237
360811291044,641.0,46.8,0.16,22.31,Other,Low_poverty,LPO,40.7361424,-73.751527
360050177011,2277.0,0.48,38.85,98.33,Minority,High_poverty,HPM,40.8340626,-73.9120928
360050179013,1695.0,2.83,48.97,83.96,Minority,High_poverty,HPM,40.8348218,-73.9162822
360050181024,1141.0,0.79,16.74,83.61,Minority,Low_poverty,LPM,40.8335506,-73.9177866
360050185004,861.0,0.0,34.96,94.54,Minority,High_poverty,HPM,40.8249324,-73.907028
360050193002,1571.0,0.0,34.56,100.0,Minority,High_poverty,HPM,40.8370952,-73.9291927
360050199006,1030.0,5.15,18.64,93.3,Minority,Low_poverty,LPM,40.8374972,-73.925495
360050200003,916.0,1.31,24.09,82.86,Minority,Low_poverty,LPM,40.841554,-73.8478002
360050205012,2482.0,0.0,50.89,99.56,Minority,High_poverty,HPM,40.8464496,-73.9226781
360050209002,919.0,1.09,48.1,97.83,Minority,High_poverty,HPM,40.8431538,-73.9150219
360050288003,472.0,65.25,13.98,28.82,White,Low_poverty,LPW,40.855732,-73.8548529
360050300004,1066.0,16.04,15.63,83.95,Minority,Low_poverty,LPM,40.8545412,-73.8293128
360050301002,696.0,47.99,0.0,41.38,Other,Low_poverty,LPO,40.8828629,-73.9168234
360050302004,448.0,0.0,0.0,100.0,Minority,Low_poverty,LPM,40.8631183,-73.8204185
360050302006,802.0,0.12,0.5,99.87,Minority,Low_poverty,LPM,40.8639266,-73.8234588
360050309004,976.0,59.53,12.3,29.3,White,Low_poverty,LPW,40.8881254,-73.9145419
360050328004,995.0,23.42,34.07,76.58,Minority,High_poverty,HPM,40.8622008,-73.8631201
360050330003,2130.0,71.92,15.84,21.55,White,Low_poverty,LPW,40.859859,-73.8667186
360050332023,394.0,12.69,4.82,77.41,Minority,Low_poverty,LPM,40.8623186,-73.8699633
360471150003,992.0,1.92,28.93,88.92,Minority,Low_poverty,LPM,40.673936,-73.8865257
360471190002,1019.0,4.02,51.82,73.7,Minority,High_poverty,HPM,40.6788495,-73.8698894
360471208004,2876.0,0.73,22.74,96.8,Minority,Low_poverty,LPM,40.6700416,-73.864375
360470247002,1063.0,26.81,24.18,53.63,Minority,Low_poverty,LPM,40.679589,-73.952102
360810158012,1245.0,0.08,4.86,41.29,Other,Low_poverty,LPO,40.688438,-73.8121746
360810158022,2233.0,0.99,2.2,40.21,Other,Low_poverty,LPO,40.686572,-73.8199037
360810161002,1220.0,26.56,15.0,59.84,Minority,Low_poverty,LPM,40.7548171,-73.9135796
360810185012,1461.0,37.65,7.57,33.13,Other,Low_poverty,LPO,40.7387097,-73.9224338
360810185022,1822.0,25.3,16.03,50.66,Minority,Low_poverty,LPM,40.7403389,-73.9202099
360050079006,1258.0,0.0,62.4,100.0,Minority,High_poverty,HPM,40.8163558,-73.9063903
360050085004,339.0,0.0,26.55,100.0,Minority,Low_poverty,LPM,40.8163356,-73.898126
360050090002,332.0,14.46,42.35,85.54,Minority,High_poverty,HPM,40.823591,-73.8374382
360050092002,958.0,10.33,31.61,76.72,Minority,High_poverty,HPM,40.8321349,-73.8495099
360050092005,816.0,3.43,12.13,83.95,Minority,Low_poverty,LPM,40.8305628,-73.8489237
360050335001,365.0,92.6,8.26,6.03,White,Low_poverty,LPW,40.8975888,-73.9050515
360050425006,525.0,15.81,39.05,68.96,Minority,High_poverty,HPM,40.8732514,-73.8792339
360050426004,1170.0,0.0,11.23,81.54,Minority,Low_poverty,LPM,40.8925557,-73.838319
360050429013,871.0,18.83,34.1,49.83,Other,High_poverty,HPO,40.8743622,-73.8757096
360050430002,1073.0,0.0,14.26,59.83,Minority,Low_poverty,LPM,40.8947117,-73.8501382
360050434002,703.0,1.56,11.81,93.17,Minority,Low_poverty,LPM,40.8974045,-73.8533141
360050458004,2652.0,0.0,24.53,98.72,Minority,Low_poverty,LPM,40.8848516,-73.8464627
360470808001,1326.0,8.82,50.13,81.07,Minority,High_poverty,HPM,40.6573033,-73.9394864
360470820003,1415.0,1.41,21.48,96.26,Minority,Low_poverty,LPM,40.6516509,-73.9511168
360470822003,2130.0,8.26,19.34,86.29,Minority,Low_poverty,LPM,40.6531399,-73.9544107
360470892002,867.0,4.04,40.25,95.96,Minority,High_poverty,HPM,40.6635872,-73.9227977
360470908003,505.0,0.0,51.88,88.12,Minority,High_poverty,HPM,40.6688381,-73.9050028
360470912002,1578.0,0.0,32.19,100.0,Minority,High_poverty,HPM,40.6651411,-73.90764
360470920001,529.0,0.0,48.58,100.0,Minority,High_poverty,HPM,40.6580835,-73.9063199
360470928001,1195.0,5.36,12.3,92.3,Minority,Low_poverty,LPM,40.6529469,-73.913131
360470954002,1570.0,0.0,10.7,97.71,Minority,Low_poverty,LPM,40.6387848,-73.9144187
360470982002,1765.0,0.0,56.2,100.0,Minority,High_poverty,HPM,40.6521862,-73.8936054
360471058041,272.0,0.0,7.66,100.0,Minority,Low_poverty,LPM,40.6450342,-73.8846215
360471110002,1096.0,10.58,29.74,89.41,Minority,Low_poverty,LPM,40.6597395,-73.880753
360810739005,1603.0,41.42,1.04,11.16,Other,Low_poverty,LPO,40.7212253,-73.8419756
360810779062,1463.0,89.54,3.28,1.57,White,Low_poverty,LPW,40.7289601,-73.8205238
360810779082,1540.0,10.58,17.4,52.14,Minority,Low_poverty,LPM,40.7267498,-73.8147308
360811551025,1575.0,44.51,21.71,33.08,Other,Low_poverty,LPO,40.749658,-73.7182489
360470610044,883.0,98.3,23.9,1.7,White,Low_poverty,LPW,40.5782044,-73.9548927
360810444003,718.0,3.06,13.79,52.09,Minority,Low_poverty,LPM,40.7054972,-73.7799226
360810455003,3109.0,2.86,17.6,85.56,Minority,Low_poverty,LPM,40.7373729,-73.860839
360810466002,1375.0,11.35,2.69,39.93,Other,Low_poverty,LPO,40.7130405,-73.7844399
360810467004,886.0,8.24,7.11,44.25,Other,Low_poverty,LPO,40.7435434,-73.8761937
360810473003,1136.0,24.3,16.93,21.83,Other,Low_poverty,LPO,40.7386053,-73.8757608
360810954001,2299.0,1.22,32.63,90.82,Minority,High_poverty,HPM,40.5971411,-73.7998484
360810998011,1574.0,5.15,2.7,88.63,Minority,Low_poverty,LPM,40.5990043,-73.7602555
360811008011,779.0,65.47,8.99,34.53,White,Low_poverty,LPW,40.6088081,-73.7674503
360811010011,2907.0,30.37,20.64,64.19,Minority,Low_poverty,LPM,40.5983884,-73.7515334
360811032013,2308.0,5.42,40.94,84.53,Minority,High_poverty,HPM,40.6092652,-73.7519872
360811059004,1097.0,51.41,2.28,3.1,White,Low_poverty,LPW,40.7735923,-73.8014498
360811093003,982.0,47.56,14.87,16.5,Other,Low_poverty,LPO,40.7738675,-73.7742417
360811277001,1034.0,58.41,1.3,14.31,White,Low_poverty,LPW,40.7224279,-73.7873402
360810596002,364.0,2.75,8.24,95.33,Minority,Low_poverty,LPM,40.6968711,-73.7361876
360810407004,2478.0,4.84,20.95,94.27,Minority,Low_poverty,LPM,40.7488808,-73.8650302
360810409004,786.0,3.82,18.45,75.7,Minority,Low_poverty,LPM,40.7466327,-73.8656068
360810437021,2352.0,17.39,4.34,52.89,Minority,Low_poverty,LPM,40.7371679,-73.8578056
360810443011,1222.0,3.6,38.33,71.03,Minority,High_poverty,HPM,40.7414716,-73.8601097
360810664008,842.0,0.0,24.51,95.96,Minority,Low_poverty,LPM,40.6506143,-73.736476
360810683003,1155.0,9.0,12.12,31.86,Other,Low_poverty,LPO,40.7340118,-73.8674147
360810713051,2488.0,47.67,7.15,26.24,Other,Low_poverty,LPO,40.7232878,-73.8496444
360810717013,916.0,46.4,16.7,14.52,Other,Low_poverty,LPO,40.7316038,-73.8617003
360810443021,643.0,12.29,15.4,36.39,Other,Low_poverty,LPO,40.7413723,-73.8648461
360050383023,2261.0,0.75,57.81,96.95,Minority,High_poverty,HPM,40.8579195,-73.8954216
360610247005,779.0,41.21,26.57,58.8,Minority,Low_poverty,LPM,40.8393352,-73.9448147
360610257001,752.0,39.63,20.75,54.39,Minority,Low_poverty,LPM,40.8097634,-73.9527606
360610265005,1028.0,30.84,35.41,67.32,Minority,High_poverty,HPM,40.8502287,-73.9390963
360610299002,824.0,3.64,22.33,94.17,Minority,Low_poverty,LPM,40.8652217,-73.9163129
360610196003,918.0,14.05,37.58,82.13,Minority,High_poverty,HPM,40.8038387,-73.9376769
360610121001,1528.0,43.46,10.67,25.98,Other,Low_poverty,LPO,40.7584812,-73.9907369
360610161001,1308.0,72.17,4.89,12.62,White,Low_poverty,LPW,40.7812316,-73.9778653
360610166005,633.0,9.48,11.22,90.52,Minority,Low_poverty,LPM,40.7912842,-73.9480363
360610169004,1644.0,43.43,15.21,45.62,Other,Low_poverty,LPO,40.7851349,-73.9750185
360050387003,1438.0,17.04,40.98,80.59,Minority,High_poverty,HPM,40.8573124,-73.8883956
360050393006,1077.0,4.55,14.21,95.45,Minority,Low_poverty,LPM,40.8503842,-73.8833562
360050399013,1178.0,5.69,40.26,82.09,Minority,High_poverty,HPM,40.8629173,-73.8915205
360050399015,690.0,6.81,55.07,93.18,Minority,High_poverty,HPM,40.8634894,-73.8932191
360050399024,1372.0,7.43,28.64,92.57,Minority,Low_poverty,LPM,40.8615137,-73.8956242
360050403042,1229.0,1.79,31.08,91.46,Minority,High_poverty,HPM,40.8676784,-73.8952278
360050405012,654.0,4.59,41.13,90.06,Minority,High_poverty,HPM,40.8679165,-73.8908129
360050405026,1360.0,0.22,32.57,91.55,Minority,High_poverty,HPM,40.8673867,-73.8883265
360050407013,1723.0,2.67,25.25,96.23,Minority,Low_poverty,LPM,40.8714198,-73.8900063
360050408003,1102.0,11.43,19.2,87.02,Minority,Low_poverty,LPM,40.890621,-73.8628129
360050408004,2138.0,15.67,26.53,78.01,Minority,Low_poverty,LPM,40.8889373,-73.8623137
360050413007,1522.0,11.04,23.1,79.24,Minority,Low_poverty,LPM,40.8724254,-73.8866279
360050414004,1479.0,3.38,10.61,87.76,Minority,Low_poverty,LPM,40.904252,-73.8553305
360050415005,1889.0,0.69,29.65,97.19,Minority,Low_poverty,LPM,40.8689346,-73.8835369
360050050022,831.0,6.02,32.85,93.99,Minority,High_poverty,HPM,40.8271562,-73.8802727
360050053002,1951.0,0.0,46.23,98.31,Minority,High_poverty,HPM,40.8530749,-73.9214883
360050056003,722.0,0.69,23.41,81.3,Minority,Low_poverty,LPM,40.8327545,-73.8803503
360050062002,1446.0,0.0,40.18,100.0,Minority,High_poverty,HPM,40.8350569,-73.8776314
360050065003,1050.0,8.19,6.0,88.66,Minority,Low_poverty,LPM,40.8180074,-73.9206789
360610241001,1646.0,32.38,8.44,62.09,Minority,Low_poverty,LPM,40.8351464,-73.9480107
360610168002,2397.0,17.94,46.89,74.51,Minority,High_poverty,HPM,40.7897938,-73.9522973
360610207011,1369.0,42.73,40.45,36.23,Other,High_poverty,HPO,40.808378,-73.9588306
360610036011,999.0,7.71,24.12,61.17,Minority,Low_poverty,LPM,40.7218441,-73.9896236
360610140004,525.0,96.76,0.0,3.24,White,Low_poverty,LPW,40.7746425,-73.9601857
360610136001,2455.0,86.44,1.02,5.09,White,Low_poverty,LPW,40.7744526,-73.9496736
360610108001,867.0,92.04,0.0,4.15,White,Low_poverty,LPW,40.7597936,-73.9633752
360610189004,1075.0,40.74,47.16,51.72,Minority,High_poverty,HPM,40.7982878,-73.9626607
360610223021,3175.0,8.06,36.3,70.52,Minority,High_poverty,HPM,40.8202176,-73.9573769
360610144022,568.0,78.35,5.11,5.99,White,Low_poverty,LPW,40.7773927,-73.9475254
360610114021,1026.0,81.68,4.87,5.65,White,Low_poverty,LPW,40.7631421,-73.9664706
360610167003,1532.0,71.28,11.16,12.66,White,Low_poverty,LPW,40.7847319,-73.9801042
360610210002,1841.0,2.77,15.92,92.56,Minority,Low_poverty,LPM,40.8130634,-73.9354549
360610034004,1092.0,68.96,9.52,20.6,White,Low_poverty,LPW,40.7302273,-73.9819393
360610222001,1784.0,25.39,32.66,61.61,Minority,High_poverty,HPM,40.8089397,-73.9502096
360610230003,1477.0,23.83,17.87,72.91,Minority,Low_poverty,LPM,40.8184486,-73.9432656
360610111001,2378.0,44.58,14.21,21.7,Other,Low_poverty,LPO,40.7540487,-73.9939669
360610112032,325.0,76.0,0.0,3.08,White,Low_poverty,LPW,40.7615821,-73.9697137
360610152002,1171.0,32.28,31.0,53.12,Minority,High_poverty,HPM,40.7805561,-73.9453046
360610183004,1683.0,79.44,7.04,12.54,White,Low_poverty,LPW,40.7956065,-73.9720228
360610212001,1952.0,4.97,20.84,90.47,Minority,Low_poverty,LPM,40.8153562,-73.9378288
360610160021,1810.0,67.07,5.52,21.93,White,Low_poverty,LPW,40.7875656,-73.9539168
360610219003,3253.0,1.63,58.96,97.32,Minority,High_poverty,HPM,40.8170696,-73.9550649
360610171005,1831.0,87.93,4.36,7.81,White,Low_poverty,LPW,40.7873713,-73.9801954
360610181001,1356.0,53.83,15.63,37.61,White,Low_poverty,LPW,40.7931178,-73.9691911
360610161003,965.0,78.65,10.78,12.74,White,Low_poverty,LPW,40.779083,-73.9757168
360610174011,2148.0,0.0,53.35,94.93,Minority,High_poverty,HPM,40.7945399,-73.9477735
360610178002,1287.0,15.85,17.28,82.28,Minority,Low_poverty,LPM,40.795526,-73.9342859
360610223011,2026.0,8.54,19.79,88.9,Minority,Low_poverty,LPM,40.8191618,-73.9538466
360610169002,1871.0,88.67,0.0,7.7,White,Low_poverty,LPW,40.7848895,-73.9714834
360610219001,1096.0,20.99,58.73,67.34,Minority,High_poverty,HPM,40.8178434,-73.958588
360610030014,824.0,42.48,11.65,31.92,Other,Low_poverty,LPO,40.720034,-73.9860103
360610149001,881.0,60.27,8.18,13.62,White,Low_poverty,LPW,40.7728123,-73.9838211
360610243012,2036.0,20.92,11.69,70.43,Minority,Low_poverty,LPM,40.8349002,-73.9389441
360610112011,843.0,76.39,7.59,9.37,White,Low_poverty,LPW,40.7639781,-73.9753455
360610191001,1177.0,78.59,8.16,9.34,White,Low_poverty,LPW,40.8014942,-73.9718352
360610058001,4315.0,65.65,4.17,10.36,White,Low_poverty,LPW,40.7431498,-73.9905172
360610103001,2065.0,60.63,11.48,11.67,White,Low_poverty,LPW,40.7521351,-73.9972172
360610108002,1259.0,86.02,10.56,10.56,White,Low_poverty,LPW,40.7591458,-73.963863
360610077004,1536.0,90.1,5.6,6.32,White,Low_poverty,LPW,40.7368181,-74.0046636
360610098002,680.0,91.47,4.41,8.53,White,Low_poverty,LPW,40.7566038,-73.9687282
360610078002,767.0,59.45,0.0,2.87,White,Low_poverty,LPW,40.7471571,-73.9756186
360610120001,478.0,89.75,2.3,2.3,White,Low_poverty,LPW,40.7668901,-73.9637313
360610146021,1238.0,76.98,9.61,7.11,White,Low_poverty,LPW,40.779338,-73.9521422
360610072004,1196.0,49.67,33.11,3.26,Other,High_poverty,HPO,40.7432344,-73.9809846
360610078001,1627.0,63.61,3.63,4.85,White,Low_poverty,LPW,40.7480814,-73.9749379
360610148011,1389.0,78.04,0.43,9.07,White,Low_poverty,LPW,40.7785004,-73.9563232
360610218002,1251.0,2.64,43.49,88.97,Minority,High_poverty,HPM,40.8019708,-73.9515786
360610057002,1701.0,82.42,1.06,4.94,White,Low_poverty,LPW,40.7290027,-73.9927203
360610054001,1590.0,75.53,8.81,11.38,White,Low_poverty,LPW,40.7394735,-73.9931956
360610026021,1650.0,43.39,15.57,41.15,Other,Low_poverty,LPO,40.7238935,-73.9774381
360610077003,1477.0,76.71,2.1,9.69,White,Low_poverty,LPW,40.7390805,-74.0044657
360610090003,1156.0,56.23,0.17,12.72,White,Low_poverty,LPW,40.7525102,-73.9687623
360610071001,864.0,76.39,22.8,15.62,White,Low_poverty,LPW,40.7376107,-73.9985101
360610089002,827.0,72.31,3.84,20.56,White,Low_poverty,LPW,40.7434373,-74.0016959
360610022021,2099.0,61.93,21.63,23.78,White,Low_poverty,LPW,40.7212597,-73.9811412
360610160014,1006.0,79.82,0.5,9.25,White,Low_poverty,LPW,40.7869171,-73.955441
360610263001,2826.0,4.1,18.79,93.46,Minority,Low_poverty,LPM,40.8484666,-73.9358856
360610135001,4920.0,34.37,23.19,45.2,Other,Low_poverty,LPO,40.7699012,-73.9934048
360610142004,504.0,75.2,0.0,0.0,White,Low_poverty,LPW,40.7763402,-73.9631581
360610067001,1400.0,83.86,4.79,6.79,White,Low_poverty,LPW,40.731641,-74.002278
360610065002,1105.0,75.75,9.63,10.86,White,Low_poverty,LPW,40.7299423,-74.0005141
360610029004,1527.0,28.68,13.39,31.04,Other,Low_poverty,LPO,40.7127359,-74.0018772
360610016002,771.0,7.26,10.25,14.27,Other,Low_poverty,LPO,40.717079,-73.992558
360610309002,1457.0,11.05,21.69,86.61,Minority,Low_poverty,LPM,40.8752837,-73.9101836
360610067003,898.0,76.84,3.34,16.04,White,Low_poverty,LPW,40.7306928,-74.0037509
360610263004,2098.0,20.35,34.51,74.74,Minority,High_poverty,HPM,40.8460105,-73.9390197
360610013001,1856.0,60.61,2.59,11.63,White,Low_poverty,LPW,40.7106221,-74.0123168
360610269005,1762.0,3.69,27.59,90.86,Minority,Low_poverty,LPM,40.8511509,-73.9314823
360610267001,1994.0,54.46,16.66,42.23,White,Low_poverty,LPW,40.8503283,-73.9286454
360610208001,2074.0,9.16,44.6,86.55,Minority,High_poverty,HPM,40.8108948,-73.9410962
360610154004,1589.0,75.52,8.94,24.48,White,Low_poverty,LPW,40.7824754,-73.9498502
360610106012,1053.0,70.75,12.25,3.04,White,Low_poverty,LPW,40.7581727,-73.9615527
360610139003,1249.0,41.23,6.41,24.5,Other,Low_poverty,LPO,40.7672145,-73.9880836
360610279004,2431.0,5.39,22.71,92.02,Minority,Low_poverty,LPM,40.8553395,-73.9322879
360610164003,1715.0,5.42,27.87,75.1,Minority,Low_poverty,LPM,40.7875856,-73.9461231
360610201023,510.0,28.43,12.75,54.7,Minority,Low_poverty,LPM,40.8046964,-73.9577211
360610225001,2425.0,31.88,24.74,58.39,Minority,Low_poverty,LPM,40.8247211,-73.9558832
360610255002,1262.0,17.83,8.16,76.78,Minority,Low_poverty,LPM,40.8469451,-73.9411285
360610251002,1480.0,8.24,13.04,87.37,Minority,Low_poverty,LPM,40.8404497,-73.938196
360610303003,1670.0,67.54,3.23,25.87,White,Low_poverty,LPW,40.8705176,-73.9180679
360610156021,2433.0,20.22,32.94,66.3,Minority,High_poverty,HPM,40.7851821,-73.9463253
360610216005,2805.0,29.88,28.48,59.75,Minority,Low_poverty,LPM,40.8006454,-73.956273
360610229001,1242.0,21.18,14.17,76.49,Minority,Low_poverty,LPM,40.8267216,-73.9511968
360610230001,2061.0,3.93,26.64,90.29,Minority,Low_poverty,LPM,40.8188098,-73.9392869
360610175001,2102.0,86.63,4.04,13.37,White,Low_poverty,LPW,40.7914465,-73.9791196
360610184004,1989.0,0.0,52.09,98.19,Minority,High_poverty,HPM,40.7987061,-73.9468347
360610195002,1365.0,70.7,7.69,24.55,White,Low_poverty,LPW,40.8024878,-73.9686893
360610193002,1338.0,46.94,12.15,43.8,Other,Low_poverty,LPO,40.7989998,-73.9602777
360610160011,714.0,89.22,3.22,6.58,White,Low_poverty,LPW,40.7862371,-73.9538328
360610095001,1704.0,77.76,8.04,9.8,White,Low_poverty,LPW,40.746637,-73.9919388
360610121003,684.0,67.4,14.47,27.34,White,Low_poverty,LPW,40.760015,-73.993334
360610016001,2180.0,7.25,30.73,1.83,Other,High_poverty,HPO,40.7160302,-73.9951093
360610052002,2400.0,66.5,3.06,10.25,White,Low_poverty,LPW,40.7375603,-73.9913768
360610038001,1667.0,63.05,19.04,10.68,White,Low_poverty,LPW,40.7287704,-73.9890097
360610093003,1047.0,76.79,13.18,17.1,White,Low_poverty,LPW,40.7472443,-74.0026328
360610102001,122.0,54.92,17.21,17.22,White,Low_poverty,LPW,40.7594238,-73.9744493
360610006001,1982.0,3.83,46.12,1.76,Other,High_poverty,HPO,40.71351,-73.9912811
360610047001,885.0,71.53,8.81,6.67,White,Low_poverty,LPW,40.7242106,-74.0029514
360610057001,1055.0,92.13,6.16,0.0,White,Low_poverty,LPW,40.7306448,-73.9914123
360610136003,1821.0,94.12,0.0,3.79,White,Low_poverty,LPW,40.7728643,-73.950831
360610043001,1474.0,56.38,12.59,13.43,White,Low_poverty,LPW,40.7237811,-73.9944064
360610111002,804.0,61.94,12.81,26.86,White,Low_poverty,LPW,40.7546268,-73.9972536
360610093002,1452.0,79.27,6.82,9.09,White,Low_poverty,LPW,40.7458058,-73.9999697
360610034003,1501.0,71.15,15.72,18.32,White,Low_poverty,LPW,40.7286404,-73.9830997
360610029002,1236.0,5.58,33.17,6.39,Other,High_poverty,HPO,40.7165366,-73.9989579
360610279003,2842.0,6.58,27.51,92.57,Minority,Low_poverty,LPM,40.854245,-73.9309357
360610076002,334.0,64.37,2.1,7.49,White,Low_poverty,LPW,40.7462889,-73.9882323
360610066002,795.0,36.1,6.54,38.11,Other,Low_poverty,LPO,40.7411833,-73.979962
360610235011,1837.0,14.37,15.62,81.66,Minority,Low_poverty,LPM,40.8289712,-73.9418577
360610039001,2901.0,74.08,6.15,13.89,White,Low_poverty,LPW,40.7231931,-74.0101086
360610033002,615.0,57.24,1.95,27.48,White,Low_poverty,LPW,40.7183485,-74.0061303
360610043003,1488.0,64.45,9.95,5.44,White,Low_poverty,LPW,40.7234615,-73.9966992
360610036021,1271.0,82.53,14.87,9.13,White,Low_poverty,LPW,40.7244295,-73.9891606
360610049001,1710.0,80.64,4.8,12.69,White,Low_poverty,LPW,40.7244229,-73.9996745
360610186002,2541.0,16.53,45.68,74.54,Minority,High_poverty,HPM,40.7981806,-73.9503845
360610261006,874.0,4.12,11.21,95.88,Minority,Low_poverty,LPM,40.8448816,-73.9342063
360810269011,1776.0,4.11,14.36,59.68,Minority,Low_poverty,LPM,40.7468288,-73.8843427
360470674002,930.0,18.6,9.14,63.12,Minority,Low_poverty,LPM,40.6206499,-73.9310039
360810622001,969.0,1.55,6.31,97.62,Minority,Low_poverty,LPM,40.6938064,-73.7285549
360810871001,1758.0,2.56,33.6,45.68,Other,High_poverty,HPO,40.7565529,-73.8363194
360610024001,2466.0,0.93,62.61,81.63,Minority,High_poverty,HPM,40.7232503,-73.9739011
360610027001,1341.0,16.78,26.63,1.79,Other,Low_poverty,LPO,40.7125508,-73.9990121
360610201022,1262.0,38.19,25.91,48.97,Other,Low_poverty,LPO,40.8040731,-73.9565731
360610038002,592.0,58.78,0.0,19.09,White,Low_poverty,LPW,40.7275761,-73.9899004
360610142006,939.0,82.96,1.38,0.0,White,Low_poverty,LPW,40.7792516,-73.9610368
360610118003,628.0,69.27,9.24,0.16,White,Low_poverty,LPW,40.7663996,-73.9615807
360610039002,1646.0,83.9,4.62,11.42,White,Low_poverty,LPW,40.7204981,-74.0122662
360610216003,1099.0,10.74,9.01,80.71,Minority,Low_poverty,LPM,40.8009,-73.9532456
360610043002,1006.0,37.77,8.55,44.34,Other,Low_poverty,LPO,40.7219842,-73.994356
360610193006,1505.0,32.23,42.26,51.96,Minority,High_poverty,HPM,40.8004901,-73.9638137
360610087002,961.0,74.3,8.32,10.4,White,Low_poverty,LPW,40.7425335,-73.9986409
360610211003,3429.0,40.04,19.29,32.13,Other,Low_poverty,LPO,40.8136839,-73.9604045
360610164001,1382.0,23.15,34.66,68.23,Minority,High_poverty,HPM,40.7881873,-73.9426693
360610198001,2645.0,19.74,21.49,65.34,Minority,Low_poverty,LPM,40.804169,-73.9413899
360610116001,1356.0,58.11,0.97,10.7,White,Low_poverty,LPW,40.7635129,-73.9557417
360610265004,2982.0,22.67,5.94,76.15,Minority,Low_poverty,LPM,40.8498755,-73.9375028
360610128004,1011.0,94.76,4.15,5.24,White,Low_poverty,LPW,40.7727148,-73.9615916
360610127003,2398.0,44.04,24.56,37.12,Other,Low_poverty,LPO,40.7622092,-73.9917345
360610271003,2131.0,27.12,27.31,72.87,Minority,Low_poverty,LPM,40.8518278,-73.9342368
360610012002,1164.0,79.3,24.48,9.62,White,Low_poverty,LPW,40.7157119,-73.9819679
360610142002,1665.0,82.04,4.62,2.34,White,Low_poverty,LPW,40.7769568,-73.9606081
360610079003,1253.0,84.36,10.93,7.9,White,Low_poverty,LPW,40.7378304,-74.0073474
360610158011,1887.0,80.18,1.01,6.3,White,Low_poverty,LPW,40.7845647,-73.9508359
360610228004,1285.0,28.48,5.14,70.43,Minority,Low_poverty,LPM,40.8172004,-73.9441769
360610014011,1582.0,64.85,7.84,12.65,White,Low_poverty,LPW,40.7152717,-73.9885099
360610247002,2424.0,9.9,14.23,73.64,Minority,Low_poverty,LPM,40.8359792,-73.9453349
360610295002,1851.0,19.5,10.97,74.99,Minority,Low_poverty,LPM,40.8665216,-73.926467
360610165003,1607.0,92.91,0.93,3.42,White,Low_poverty,LPW,40.7822071,-73.9771515
360610189005,1268.0,27.13,13.14,55.44,Minority,Low_poverty,LPM,40.7991799,-73.9647666
360610190001,3734.0,18.48,20.41,67.35,Minority,Low_poverty,LPM,40.8019616,-73.9476194
360610161002,795.0,59.37,20.25,17.86,White,Low_poverty,LPW,40.7797307,-73.975235
360610188003,1884.0,11.62,33.86,87.26,Minority,High_poverty,HPM,40.7974659,-73.9389003
360610210001,1720.0,0.0,7.09,100.0,Minority,Low_poverty,LPM,40.8160297,-73.934558
360610317032,5187.0,69.83,2.6,4.55,White,Low_poverty,LPW,40.7159704,-74.0147013
360470478002,1235.0,83.48,24.21,16.52,White,Low_poverty,LPW,40.6324439,-73.9798883
360610108005,963.0,63.45,2.49,0.0,White,Low_poverty,LPW,40.7571947,-73.9652853
360810717011,1162.0,53.01,15.4,18.76,White,Low_poverty,LPW,40.7327883,-73.8584596
360470563003,1030.0,65.15,8.55,16.41,White,Low_poverty,LPW,40.7342926,-73.956625
360470399001,1692.0,8.22,18.74,90.43,Minority,Low_poverty,LPM,40.6888852,-73.9150463
360850319011,1593.0,10.04,55.87,89.96,Minority,High_poverty,HPM,40.6322148,-74.1632494
360470516012,1141.0,13.15,11.51,85.36,Minority,Low_poverty,LPM,40.6384848,-73.9572823
360050285003,451.0,25.94,44.68,55.21,Minority,High_poverty,HPM,40.8883685,-73.9004836
360810997013,802.0,83.54,6.11,9.73,White,Low_poverty,LPW,40.7796212,-73.7926181
360050205011,1094.0,1.46,31.44,96.61,Minority,High_poverty,HPM,40.8472292,-73.925147
360810472002,1074.0,39.01,5.03,23.18,Other,Low_poverty,LPO,40.7186318,-73.7776303
360610110002,1469.0,94.55,7.7,2.52,White,Low_poverty,LPW,40.7632725,-73.9638645
360810667011,1423.0,65.99,11.03,33.73,White,Low_poverty,LPW,40.7211863,-73.8925171
360810403002,1776.0,1.24,14.19,93.19,Minority,Low_poverty,LPM,40.7503372,-73.8602531
360810664006,1572.0,6.55,3.37,88.87,Minority,Low_poverty,LPM,40.6529852,-73.7343459
360050381006,2660.0,0.49,38.76,98.05,Minority,High_poverty,HPM,40.8497332,-73.9019716
360610140005,1272.0,100.0,4.01,0.0,White,Low_poverty,LPW,40.7762763,-73.9589933
360050160002,741.0,70.31,10.12,29.69,White,Low_poverty,LPW,40.8322683,-73.8204886
360471194001,1277.0,9.95,19.19,90.06,Minority,Low_poverty,LPM,40.6739525,-73.8774189
360810001001,9505.0,54.57,4.27,13.99,White,Low_poverty,LPW,40.7410475,-73.9434565
360610173006,1094.0,85.01,0.0,14.99,White,Low_poverty,LPW,40.7868799,-73.9700331
360050386002,618.0,0.0,6.63,100.0,Minority,Low_poverty,LPM,40.8791355,-73.8460806
360470281002,1682.0,7.07,40.12,87.51,Minority,High_poverty,HPM,40.6921197,-73.938365
360810942011,3236.0,27.13,12.48,65.89,Minority,Low_poverty,LPM,40.5847084,-73.8206698
360050393004,1663.0,0.0,57.37,98.67,Minority,High_poverty,HPM,40.8527041,-73.8837238
360470443003,1268.0,19.79,23.26,57.73,Minority,Low_poverty,LPM,40.7026207,-73.9185543
360610179006,1173.0,42.97,24.38,44.59,Other,Low_poverty,LPO,40.7924252,-73.9724849
360810566002,695.0,11.51,9.5,56.41,Minority,Low_poverty,LPM,40.7192803,-73.7394961
360810271004,1383.0,0.0,6.8,44.47,Other,Low_poverty,LPO,40.7435155,-73.8815329
360810745001,2287.0,56.67,13.16,30.82,White,Low_poverty,LPW,40.7365463,-73.8497021
360610249001,1047.0,14.61,25.78,73.54,Minority,Low_poverty,LPM,40.8391286,-73.9364494
360610155003,795.0,100.0,3.14,0.0,White,Low_poverty,LPW,40.778632,-73.9863861
360470696011,1023.0,68.62,4.99,26.98,White,Low_poverty,LPW,40.6249104,-73.9158608
360470676002,890.0,4.16,16.18,92.02,Minority,Low_poverty,LPM,40.624571,-73.9284287
360810916011,937.0,96.16,0.0,3.84,White,Low_poverty,LPW,40.5526839,-73.9245263
360050381003,910.0,0.0,11.32,100.0,Minority,Low_poverty,LPM,40.8537131,-73.9010152
360810010001,1937.0,9.55,9.32,55.39,Minority,Low_poverty,LPM,40.6916571,-73.8593732
360050401004,899.0,0.0,21.13,100.0,Minority,Low_poverty,LPM,40.8634895,-73.8983312
360050293021,774.0,69.51,0.0,28.29,White,Low_poverty,LPW,40.8777278,-73.9158061
360850027001,1751.0,30.73,38.13,56.54,Minority,High_poverty,HPM,40.6235871,-74.0764274
360470616001,1465.0,89.9,12.01,10.1,White,Low_poverty,LPW,40.5767201,-73.9428777
360810679002,2742.0,32.46,12.35,54.38,Minority,Low_poverty,LPM,40.7254168,-73.8710941
360810512002,718.0,0.0,3.2,81.2,Minority,Low_poverty,LPM,40.7094717,-73.7496496
360810184011,2114.0,0.0,14.86,89.83,Minority,Low_poverty,LPM,40.6751913,-73.7922208
360810555002,1322.0,10.67,19.58,74.66,Minority,Low_poverty,LPM,40.6965973,-73.903828
360811429002,1455.0,31.07,0.96,12.44,Other,Low_poverty,LPO,40.7516553,-73.7845647
360470269001,1169.0,12.32,22.7,76.05,Minority,Low_poverty,LPM,40.6819395,-73.9421832
360810289003,2807.0,34.77,10.51,29.53,Other,Low_poverty,LPO,40.7489662,-73.8917712
360470542001,1640.0,90.61,12.38,5.79,White,Low_poverty,LPW,40.6124921,-73.9597711
360610224001,1986.0,21.85,21.1,71.85,Minority,Low_poverty,LPM,40.8109075,-73.9450522
360470129021,708.0,36.16,19.49,50.28,Minority,Low_poverty,LPM,40.6821125,-73.9752699
360610281002,2409.0,61.44,8.28,24.41,White,Low_poverty,LPW,40.8573058,-73.9342129
360810058003,2030.0,24.38,6.5,59.86,Minority,Low_poverty,LPM,40.673313,-73.8498179
360050375043,1561.0,1.47,40.5,98.53,Minority,High_poverty,HPM,40.8475844,-73.8943078
360050144001,369.0,0.0,78.59,100.0,Minority,High_poverty,HPM,40.8221057,-73.8280959
360050391001,1160.0,0.0,63.45,98.45,Minority,High_poverty,HPM,40.8521438,-73.8852392
360850112011,2781.0,74.36,0.0,16.26,White,Low_poverty,LPW,40.5806091,-74.0854085
360470238001,1048.0,100.0,19.47,0.0,White,Low_poverty,LPW,40.6291808,-73.9892351
360810621003,1113.0,50.22,13.96,46.81,White,Low_poverty,LPW,40.7104649,-73.8729018
360610245004,2850.0,8.95,29.3,85.41,Minority,Low_poverty,LPM,40.8365616,-73.9412809
360850226002,2823.0,78.07,2.47,21.93,White,Low_poverty,LPW,40.5411517,-74.2206186
360810277005,2304.0,8.12,15.41,69.23,Minority,Low_poverty,LPM,40.7503234,-73.8782639
360470349004,1220.0,2.38,25.98,96.15,Minority,Low_poverty,LPM,40.6656045,-73.9300305
360810334011,1322.0,0.0,12.02,88.43,Minority,Low_poverty,LPM,40.6814839,-73.7687278
360470159005,921.0,83.71,8.01,3.04,White,Low_poverty,LPW,40.6759165,-73.9729399
360050135002,1397.0,0.0,43.88,100.0,Minority,High_poverty,HPM,40.8256355,-73.902747
360470530002,1405.0,72.6,19.43,8.61,White,Low_poverty,LPW,40.6274171,-73.9632348
360470642001,1210.0,63.72,10.99,15.87,White,Low_poverty,LPW,40.6118736,-73.9458608
360810992001,3426.0,9.43,25.64,83.97,Minority,Low_poverty,LPM,40.5976547,-73.7645575
360470562002,695.0,92.37,1.87,2.3,White,Low_poverty,LPW,40.604414,-73.9484485
360810560001,1033.0,15.78,0.29,41.91,Other,Low_poverty,LPO,40.7266224,-73.7350245
360610063002,1025.0,73.66,5.56,4.0,White,Low_poverty,LPW,40.7347324,-73.9966507
360470133003,1366.0,47.51,0.88,21.89,Other,Low_poverty,LPO,40.6747755,-73.9813243
360810473002,1633.0,19.04,11.39,14.82,Other,Low_poverty,LPO,40.7367994,-73.8770596
360470552003,717.0,72.52,4.18,2.65,White,Low_poverty,LPW,40.607933,-73.9572322
360050056001,956.0,4.71,37.97,95.3,Minority,High_poverty,HPM,40.8325658,-73.8777149
360610070005,1185.0,68.27,22.09,4.39,White,Low_poverty,LPW,40.7429596,-73.9754501
360470726001,2343.0,2.39,1.96,94.15,Minority,Low_poverty,LPM,40.6324139,-73.9338762
360811265002,842.0,23.4,22.21,17.57,Other,Low_poverty,LPO,40.7198155,-73.806391
360050060001,1386.0,0.65,37.59,93.15,Minority,High_poverty,HPM,40.8377073,-73.8779705
360470201001,716.0,40.08,1.68,52.93,Minority,Low_poverty,LPM,40.684767,-73.9625674
360470561002,873.0,83.39,3.67,4.23,White,Low_poverty,LPW,40.7280264,-73.955553
360610074001,1594.0,46.05,7.34,7.9,Other,Low_poverty,LPO,40.7475417,-73.9837511
360470445003,1685.0,23.8,22.31,69.02,Minority,Low_poverty,LPM,40.7062972,-73.9195794
360050250001,1594.0,47.24,11.04,36.51,Other,Low_poverty,LPO,40.8519553,-73.8541146
360810463001,1698.0,1.0,14.26,59.13,Minority,Low_poverty,LPM,40.7448034,-73.8726964
360470361003,867.0,1.61,29.3,97.35,Minority,Low_poverty,LPM,40.6700763,-73.9211784
360470560003,1005.0,93.53,4.28,0.0,White,Low_poverty,LPW,40.6052946,-73.9515268
360811507023,913.0,79.41,2.0,3.94,White,Low_poverty,LPW,40.7659359,-73.726609
360811451011,1127.0,51.64,9.51,2.93,White,Low_poverty,LPW,40.755138,-73.7846965
360470435001,1539.0,2.86,31.58,93.31,Minority,High_poverty,HPM,40.695907,-73.9110804
360810916012,693.0,88.6,4.04,11.4,White,Low_poverty,LPW,40.5572912,-73.9215209
360810506002,914.0,0.0,12.8,80.64,Minority,Low_poverty,LPM,40.7049072,-73.7595532
360810656001,1009.0,2.28,15.66,81.07,Minority,Low_poverty,LPM,40.6639512,-73.7322661
360810792001,1127.0,0.0,6.03,52.98,Minority,Low_poverty,LPM,40.6687221,-73.7943023
360471104002,1135.0,2.38,32.64,97.62,Minority,High_poverty,HPM,40.6577078,-73.889986
360470553003,1073.0,74.74,11.28,21.71,White,Low_poverty,LPW,40.7173867,-73.9592771
360050204001,750.0,17.07,34.4,63.2,Minority,High_poverty,HPM,40.8418158,-73.8521887
360811017003,451.0,41.46,1.77,47.45,Other,Low_poverty,LPO,40.7794454,-73.8003144
360810240002,2396.0,1.75,18.93,61.51,Minority,Low_poverty,LPM,40.7036235,-73.8031883
360470592002,1843.0,54.42,9.06,16.88,White,Low_poverty,LPW,40.5924097,-73.9514724
360050431005,1387.0,0.0,36.99,86.88,Minority,High_poverty,HPM,40.8794772,-73.8722488
360850181003,894.0,83.11,9.84,1.23,White,Low_poverty,LPW,40.5890358,-74.1148796
360850291034,1422.0,57.31,7.38,32.07,White,Low_poverty,LPW,40.5995847,-74.1651777
360050376002,992.0,8.67,10.74,81.35,Minority,Low_poverty,LPM,40.8754631,-73.8691423
360810838003,1482.0,6.75,0.0,46.7,Other,Low_poverty,LPO,40.6709197,-73.8216102
360470549002,2009.0,62.92,3.8,23.09,White,Low_poverty,LPW,40.7114902,-73.9658107
360810187003,799.0,51.44,3.76,24.03,White,Low_poverty,LPW,40.7371161,-73.9277909
360050337002,1085.0,52.81,3.5,33.55,White,Low_poverty,LPW,40.909869,-73.9012575
360810697024,1298.0,31.28,10.71,14.95,Other,Low_poverty,LPO,40.7202712,-73.8636174
360050392002,529.0,3.78,17.39,96.22,Minority,Low_poverty,LPM,40.8833929,-73.8640715
360810016002,1026.0,11.89,4.0,71.93,Minority,Low_poverty,LPM,40.6884318,-73.8543223
360810028002,1553.0,8.69,21.88,57.89,Minority,Low_poverty,LPM,40.690928,-73.8434492
360810973002,510.0,68.04,0.99,24.51,White,Low_poverty,LPW,40.790341,-73.818635
360811085002,833.0,27.25,9.95,23.77,Other,Low_poverty,LPO,40.7702196,-73.790233
360810181012,1142.0,45.45,10.68,25.3,Other,Low_poverty,LPO,40.7447521,-73.9240779
360470163002,1215.0,72.84,8.07,18.77,White,Low_poverty,LPW,40.6788743,-73.9701263
360810779061,1925.0,19.74,9.29,13.56,Other,Low_poverty,LPO,40.729908,-73.8167057
360610271002,1003.0,18.54,17.65,81.45,Minority,Low_poverty,LPM,40.8501204,-73.9339523
360470477001,1452.0,84.99,2.43,6.82,White,Low_poverty,LPW,40.7197737,-73.9427857
360811483003,608.0,71.38,0.0,6.41,White,Low_poverty,LPW,40.7770784,-73.750772
360050267021,2002.0,1.6,18.33,98.41,Minority,Low_poverty,LPM,40.8729781,-73.8993841
360850156022,733.0,96.59,0.0,0.95,White,Low_poverty,LPW,40.5337525,-74.158128
360811571021,1130.0,21.86,18.32,18.4,Other,Low_poverty,LPO,40.7321977,-73.7248769
360811333003,919.0,58.11,6.31,12.95,White,Low_poverty,LPW,40.7298484,-73.7840792
360470401002,852.0,24.88,26.76,66.67,Minority,Low_poverty,LPM,40.6857232,-73.9134629
360471120001,817.0,0.0,34.76,92.78,Minority,High_poverty,HPM,40.6676055,-73.8813999
360471170001,931.0,1.29,28.89,93.24,Minority,Low_poverty,LPM,40.6786216,-73.8857427
360470858001,849.0,0.0,3.42,100.0,Minority,Low_poverty,LPM,40.6500894,-73.9373973
360050403023,502.0,6.37,28.09,82.07,Minority,Low_poverty,LPM,40.8694939,-73.8907928
360610049002,1285.0,70.04,12.45,12.84,White,Low_poverty,LPW,40.7257156,-74.0025252
360810434001,1795.0,3.68,3.62,90.53,Minority,Low_poverty,LPM,40.6961991,-73.7786464
360470890006,843.0,14.0,58.76,84.57,Minority,High_poverty,HPM,40.6552088,-73.9120023
360610159004,746.0,84.18,3.49,3.08,White,Low_poverty,LPW,40.7802077,-73.9823267
360610131002,1712.0,66.94,7.18,11.04,White,Low_poverty,LPW,40.7632561,-73.9835422
360810284001,2597.0,0.35,2.26,94.19,Minority,Low_poverty,LPM,40.6826401,-73.7765626
360050023003,1449.0,0.0,45.34,98.35,Minority,High_poverty,HPM,40.8082723,-73.9249668
360050371004,710.0,1.97,28.87,98.03,Minority,Low_poverty,LPM,40.8489311,-73.8873375
360470279004,548.0,8.03,32.48,90.51,Minority,High_poverty,HPM,40.6886602,-73.9391295
360810216001,2070.0,45.41,8.33,26.62,Other,Low_poverty,LPO,40.7134463,-73.8271475
360470702014,2349.0,69.86,2.04,29.04,White,Low_poverty,LPW,40.6090093,-73.9108725
360470628001,1357.0,93.44,7.3,4.5,White,Low_poverty,LPW,40.5910458,-73.9274415
360810069003,694.0,49.57,4.47,21.47,Other,Low_poverty,LPO,40.7714339,-73.9204939
360811301003,519.0,8.48,5.39,59.73,Minority,Low_poverty,LPM,40.7337905,-73.7376932
360810884003,646.0,100.0,6.81,0.0,White,Low_poverty,LPW,40.6586786,-73.8372976
360810538001,888.0,0.79,6.87,94.03,Minority,Low_poverty,LPM,40.7080948,-73.7428381
360471152003,765.0,4.44,27.71,86.67,Minority,Low_poverty,LPM,40.6720144,-73.890612
360470555001,7696.0,60.86,6.78,18.02,White,Low_poverty,LPW,40.7180847,-73.9632609
360810929001,3911.0,16.13,4.45,51.65,Minority,Low_poverty,LPM,40.7894491,-73.851641
360810232001,906.0,33.77,0.99,27.93,Other,Low_poverty,LPO,40.7123925,-73.8132013
360610010021,1459.0,3.56,27.0,81.22,Minority,Low_poverty,LPM,40.718476,-73.9785898
360810717021,1584.0,14.39,20.33,12.5,Other,Low_poverty,LPO,40.7332972,-73.863684
360470138002,892.0,53.92,8.41,31.72,White,Low_poverty,LPW,40.6243105,-74.0262416
360050449012,1002.0,86.73,4.72,12.88,White,Low_poverty,LPW,40.8967625,-73.8738264
360810711003,1582.0,36.47,11.42,11.38,Other,Low_poverty,LPO,40.7209082,-73.8537119
360810238001,716.0,0.0,17.46,71.93,Minority,Low_poverty,LPM,40.7062588,-73.8093697
360470515001,2443.0,66.07,5.12,22.96,White,Low_poverty,LPW,40.7191277,-73.9505297
360050225004,439.0,0.0,27.89,87.24,Minority,Low_poverty,LPM,40.8392117,-73.9118118
360050396004,912.0,4.17,25.3,86.07,Minority,Low_poverty,LPM,40.8859385,-73.8598099
360810102002,1673.0,9.92,19.52,26.71,Other,Low_poverty,LPO,40.6798381,-73.823147
360050281002,1037.0,25.75,7.29,73.2,Minority,Low_poverty,LPM,40.884746,-73.8930805
360050002002,1569.0,0.7,28.55,95.48,Minority,Low_poverty,LPM,40.8116309,-73.8605956
360610124008,288.0,62.15,0.0,29.86,White,Low_poverty,LPW,40.7653455,-73.9532596
360050144002,703.0,0.0,53.2,100.0,Minority,High_poverty,HPM,40.8234058,-73.825357
360050399023,966.0,1.55,21.43,98.45,Minority,Low_poverty,LPM,40.8595326,-73.8952846
360470122002,2520.0,2.14,43.29,63.85,Minority,High_poverty,HPM,40.6386389,-74.0170896
360811377004,1024.0,10.74,25.2,15.53,Other,Low_poverty,LPO,40.7439227,-73.748909
360470133002,1212.0,69.06,6.77,16.67,White,Low_poverty,LPW,40.6754762,-73.9811448
360810317004,1288.0,91.3,11.99,6.99,White,Low_poverty,LPW,40.768578,-73.8966887
360610221021,1074.0,32.4,5.77,58.38,Minority,Low_poverty,LPM,40.8198327,-73.9454895
360050144005,1133.0,8.65,31.58,86.31,Minority,High_poverty,HPM,40.8189622,-73.8229224
360810216002,1289.0,26.76,9.0,58.42,Minority,Low_poverty,LPM,40.7087174,-73.8230028
360810285001,911.0,38.42,14.38,47.31,Other,Low_poverty,LPO,40.7538113,-73.8867808
360810291001,1172.0,4.27,0.68,37.89,Other,Low_poverty,LPO,40.7535489,-73.8958791
360810497001,1837.0,41.37,7.13,14.04,Other,Low_poverty,LPO,40.7324775,-73.8898045
360470117003,1135.0,50.93,20.88,33.4,White,Low_poverty,LPW,40.667561,-73.9942574
360810779051,1883.0,40.47,5.59,43.92,Other,Low_poverty,LPO,40.7170385,-73.8134871
360470858002,1258.0,0.48,8.66,99.52,Minority,Low_poverty,LPM,40.6503392,-73.9408462
360610158021,2118.0,50.57,6.09,24.46,White,Low_poverty,LPW,40.7862077,-73.9506871
360470313003,1961.0,8.41,39.32,90.72,Minority,High_poverty,HPM,40.6758139,-73.9457674
360470342004,1100.0,71.09,60.8,27.46,White,High_poverty,HPW,40.5739312,-74.0015114
360811017005,700.0,37.14,7.71,19.0,Other,Low_poverty,LPO,40.7767467,-73.800791
360470447001,1851.0,24.26,30.46,69.91,Minority,High_poverty,HPM,40.707557,-73.9216779
360050407023,2773.0,9.48,28.51,85.72,Minority,Low_poverty,LPM,40.8707694,-73.8888784
360470066002,994.0,70.12,16.1,26.26,White,Low_poverty,LPW,40.6311041,-74.0279184
360050246001,811.0,46.86,26.76,39.83,Other,Low_poverty,LPO,40.8534949,-73.8613045
360470127001,1280.0,55.39,15.81,33.83,White,Low_poverty,LPW,40.6826573,-73.9817981
360610093001,1859.0,58.58,7.96,30.61,White,Low_poverty,LPW,40.7470837,-73.9990411
360810320004,817.0,2.33,1.35,88.86,Minority,Low_poverty,LPM,40.662399,-73.7627641
360050516001,610.0,67.87,3.11,28.85,White,Low_poverty,LPW,40.8541925,-73.7889079
360810496003,761.0,0.0,15.11,56.11,Minority,Low_poverty,LPM,40.7151782,-73.7518407
360050211002,1517.0,0.53,39.95,96.97,Minority,High_poverty,HPM,40.8424296,-73.9234416
360050263004,796.0,0.0,25.0,100.0,Minority,Low_poverty,LPM,40.8649955,-73.9054671
360810169004,903.0,38.43,14.06,21.15,Other,Low_poverty,LPO,40.7474166,-73.912578
360050399021,1805.0,5.21,32.02,86.7,Minority,High_poverty,HPM,40.8611288,-73.8935458
360470374022,1605.0,45.98,26.11,18.75,Other,Low_poverty,LPO,40.5846612,-73.9728181
360470065001,895.0,85.36,4.03,2.01,White,Low_poverty,LPW,40.6819322,-73.9982913
360810100001,1310.0,5.65,5.8,53.89,Minority,Low_poverty,LPM,40.6789334,-73.8277324
360610228003,1766.0,12.74,10.57,81.6,Minority,Low_poverty,LPM,40.815904,-73.9451229
360810288004,1254.0,1.2,10.13,94.18,Minority,Low_poverty,LPM,40.6801653,-73.7895917
360610317042,2174.0,54.51,8.37,13.89,White,Low_poverty,LPW,40.7099066,-74.0174851
360610056003,1317.0,85.73,11.39,6.91,White,Low_poverty,LPW,40.7398909,-73.988684
360470317023,1316.0,43.47,16.87,38.07,Other,Low_poverty,LPO,40.6717142,-73.9517185
360610041004,1583.0,32.28,22.05,0.0,Other,Low_poverty,LPO,40.7186211,-73.9972276
360050300001,1080.0,23.52,14.35,58.61,Minority,Low_poverty,LPM,40.8507252,-73.829165
360811151001,915.0,49.29,1.1,16.72,Other,Low_poverty,LPO,40.7690541,-73.8079843
360850141001,1013.0,36.62,9.28,40.08,Other,Low_poverty,LPO,40.629094,-74.125058
360470425001,1326.0,27.45,21.37,69.01,Minority,Low_poverty,LPM,40.7014543,-73.9290638
360470330003,2195.0,1.18,35.26,87.75,Minority,High_poverty,HPM,40.5792194,-73.9967923
360050237021,1180.0,0.93,40.08,98.82,Minority,High_poverty,HPM,40.8606441,-73.8973195
360610144023,1038.0,87.76,4.34,10.79,White,Low_poverty,LPW,40.7770488,-73.94477
360810884006,1398.0,58.01,3.65,41.99,White,Low_poverty,LPW,40.6542703,-73.8297225
360610275001,1177.0,68.05,5.35,25.83,White,Low_poverty,LPW,40.8548361,-73.9405398
360810014001,1537.0,11.19,4.1,73.52,Minority,Low_poverty,LPM,40.6965131,-73.8554614
360470988001,1850.0,6.0,10.15,93.25,Minority,Low_poverty,LPM,40.6438177,-73.8982241
360810865001,2001.0,21.54,26.99,8.0,Other,Low_poverty,LPO,40.7624807,-73.8263234
360610261003,1810.0,1.55,13.04,97.63,Minority,Low_poverty,LPM,40.8470756,-73.9335088
360470005021,1517.0,72.31,1.66,8.96,White,Low_poverty,LPW,40.695992,-73.9922614
360050218005,527.0,0.0,16.13,100.0,Minority,Low_poverty,LPM,40.8373705,-73.8722927
360050279002,1108.0,5.42,9.31,88.45,Minority,Low_poverty,LPM,40.880597,-73.8985472
360610243011,1691.0,1.12,35.1,97.88,Minority,High_poverty,HPM,40.8368042,-73.9379635
360850273011,915.0,47.21,33.66,5.79,Other,High_poverty,HPO,40.6079035,-74.1511568
360810598001,444.0,4.73,1.38,89.87,Minority,Low_poverty,LPM,40.6979447,-73.73968
360610163004,626.0,76.04,14.06,9.9,White,Low_poverty,LPW,40.7813591,-73.9821925
360470561001,920.0,88.37,3.59,0.0,White,Low_poverty,LPW,40.7266269,-73.9579798
360470370002,972.0,84.98,5.04,1.13,White,Low_poverty,LPW,40.5882443,-73.9618032
360050079004,1763.0,0.0,4.88,93.76,Minority,Low_poverty,LPM,40.8140662,-73.9058308
360810713053,1447.0,46.65,6.15,19.28,Other,Low_poverty,LPO,40.7252758,-73.8517154
360050086001,649.0,8.47,6.01,86.44,Minority,Low_poverty,LPM,40.8219853,-73.8502987
360050403041,1021.0,0.0,41.92,89.91,Minority,High_poverty,HPM,40.8681263,-73.8961806
360810481004,1310.0,4.12,9.31,12.91,Other,Low_poverty,LPO,40.7422952,-73.8829898
360810220021,728.0,43.96,0.0,24.04,Other,Low_poverty,LPO,40.7151226,-73.8131376
360811227016,1074.0,55.49,0.0,37.34,White,Low_poverty,LPW,40.7354255,-73.8077302
360850021002,1165.0,22.49,16.99,60.6,Minority,Low_poverty,LPM,40.6322437,-74.0733937
360050403033,1417.0,2.19,22.02,94.57,Minority,Low_poverty,LPM,40.8698702,-73.894663
360811201001,1559.0,12.32,15.52,14.11,Other,Low_poverty,LPO,40.7532121,-73.8140593
360470075001,1130.0,86.64,2.39,8.23,White,Low_poverty,LPW,40.6826181,-73.9912695
360471220001,2587.0,1.93,31.43,96.45,Minority,High_poverty,HPM,40.6664005,-73.8585588
360610162005,1655.0,25.8,31.18,58.67,Minority,High_poverty,HPM,40.7857855,-73.9411562
360810703002,1076.0,44.05,1.58,28.63,Other,Low_poverty,LPO,40.7145298,-73.85903
360050383022,1236.0,0.0,24.68,100.0,Minority,Low_poverty,LPM,40.8557654,-73.8969001
360470329002,1527.0,37.39,35.43,60.84,Minority,High_poverty,HPM,40.6634006,-73.946782
360610287001,710.0,50.85,9.44,43.8,White,Low_poverty,LPW,40.8635566,-73.9324786
360610175005,1204.0,68.94,0.5,21.09,White,Low_poverty,LPW,40.7892442,-73.9766761
360050157003,1766.0,1.81,31.54,94.28,Minority,High_poverty,HPM,40.831667,-73.8857229
360470296002,1729.0,40.89,20.24,3.47,Other,Low_poverty,LPO,40.601505,-73.992855
360050074003,1195.0,0.67,18.49,95.06,Minority,Low_poverty,LPM,40.8194672,-73.852856
360470366003,1168.0,32.62,22.53,35.7,Other,Low_poverty,LPO,40.582323,-73.9631118
360810122001,1684.0,1.6,24.37,34.2,Other,Low_poverty,LPO,40.6967736,-73.8302964
360470077002,933.0,59.91,0.11,1.4,White,Low_poverty,LPW,40.6775306,-73.9930884
360470444001,1366.0,99.49,6.88,0.0,White,Low_poverty,LPW,40.6160015,-73.9671986
360850319012,1223.0,20.69,3.23,62.39,Minority,Low_poverty,LPM,40.6289663,-74.1633713
360810520001,1410.0,1.21,6.39,87.8,Minority,Low_poverty,LPM,40.7011396,-73.7546876
360810741001,526.0,70.72,11.22,4.37,White,Low_poverty,LPW,40.7300182,-73.8478655
360810620001,1431.0,1.75,2.6,93.64,Minority,Low_poverty,LPM,40.6810561,-73.7378195
360850146081,1436.0,89.62,2.99,7.73,White,Low_poverty,LPW,40.5605673,-74.1573835
360810461001,2464.0,7.71,12.9,52.92,Minority,Low_poverty,LPM,40.7417148,-73.8712656
360610163001,1775.0,91.49,5.35,7.27,White,Low_poverty,LPW,40.7832251,-73.9850648
360470317013,1229.0,20.42,0.9,66.97,Minority,Low_poverty,LPM,40.672976,-73.9502069
360810031002,343.0,28.57,13.41,47.82,Other,Low_poverty,LPO,40.7526675,-73.933011
360610210004,1789.0,0.0,51.31,94.86,Minority,High_poverty,HPM,40.8107899,-73.935808
360810192001,620.0,3.39,1.61,70.8,Minority,Low_poverty,LPM,40.6830046,-73.8020061
360810925001,1350.0,16.74,10.3,46.45,Other,Low_poverty,LPO,40.7840882,-73.844223
360050229023,1104.0,0.0,22.14,100.0,Minority,Low_poverty,LPM,40.8431154,-73.9063599
360050231001,1537.0,2.6,43.88,97.4,Minority,High_poverty,HPM,40.8462192,-73.9024562
360050462012,732.0,0.0,0.0,100.0,Minority,Low_poverty,LPM,40.879172,-73.8238041
360610154007,706.0,89.38,0.0,0.0,White,Low_poverty,LPW,40.7812228,-73.9507691
360810606002,716.0,0.84,4.61,97.21,Minority,Low_poverty,LPM,40.6909901,-73.7357144
360810259001,2535.0,19.61,10.89,42.21,Other,Low_poverty,LPO,40.7497257,-73.9029922
360810263001,1108.0,11.46,17.51,16.16,Other,Low_poverty,LPO,40.747412,-73.8970537
360810273001,783.0,12.52,3.98,73.57,Minority,Low_poverty,LPM,40.7550983,-73.8740939
360810279002,2511.0,5.22,14.02,86.9,Minority,Low_poverty,LPM,40.7505846,-73.8795726
360810288003,978.0,0.72,0.72,63.6,Minority,Low_poverty,LPM,40.6776817,-73.7889759
360610148012,1421.0,81.56,5.28,5.28,White,Low_poverty,LPW,40.779159,-73.9558428
360471200002,1233.0,2.11,28.07,93.26,Minority,Low_poverty,LPM,40.6741989,-73.8663567
360610309004,2284.0,7.79,10.11,89.97,Minority,Low_poverty,LPM,40.8769437,-73.9121078
360810892001,975.0,94.15,1.85,4.0,White,Low_poverty,LPW,40.6603065,-73.8482817
360470513003,2126.0,59.97,5.17,20.13,White,Low_poverty,LPW,40.7118224,-73.9524328
360470321004,1528.0,20.88,10.34,56.48,Minority,Low_poverty,LPM,40.6646408,-73.9524198
360850277063,844.0,49.76,4.62,25.23,Other,Low_poverty,LPO,40.5885045,-74.1644244
360610138002,2332.0,75.04,21.23,4.68,White,Low_poverty,LPW,40.775446,-73.9549809
360470253003,455.0,20.0,10.11,76.48,Minority,Low_poverty,LPM,40.6911522,-73.9500439
360810797011,1026.0,11.5,20.47,7.5,Other,Low_poverty,LPO,40.7545572,-73.8255594
360811551022,946.0,22.41,8.29,37.74,Other,Low_poverty,LPO,40.754167,-73.7186761
360050096001,2189.0,4.84,21.09,70.76,Minority,Low_poverty,LPM,40.8317776,-73.8462069
360050239004,1743.0,0.0,45.46,99.83,Minority,High_poverty,HPM,40.8589889,-73.9041038
360610169006,1455.0,71.0,3.09,1.51,White,Low_poverty,LPW,40.7836216,-73.9724099
360050251003,634.0,0.0,22.87,63.56,Minority,Low_poverty,LPM,40.8551527,-73.9071345
360610041006,1227.0,47.43,25.85,10.1,Other,Low_poverty,LPO,40.7212348,-73.9965617
360470413002,1352.0,22.56,12.06,67.16,Minority,Low_poverty,LPM,40.6902021,-73.9106295
360810163001,660.0,59.7,11.82,18.18,White,Low_poverty,LPW,40.758778,-73.9080495
360810295002,1906.0,24.61,10.85,21.77,Other,Low_poverty,LPO,40.7549006,-73.907054
360810134004,231.0,15.15,0.0,74.89,Minority,Low_poverty,LPM,40.7033588,-73.8333686
360811435001,1300.0,31.54,3.08,8.69,Other,Low_poverty,LPO,40.7537772,-73.7701762
360050220001,2007.0,1.49,33.74,93.22,Minority,High_poverty,HPM,40.8434761,-73.8723188
360470167001,1535.0,86.06,1.37,9.32,White,Low_poverty,LPW,40.6663903,-73.9770241
360470169004,934.0,76.77,0.0,11.46,White,Low_poverty,LPW,40.6585394,-73.9819959
360470204002,993.0,66.26,7.65,1.81,White,Low_poverty,LPW,40.6224897,-74.014119
360470214002,1056.0,20.45,46.57,15.34,Other,High_poverty,HPO,40.6322572,-74.0043028
360050216011,1774.0,3.16,30.67,96.84,Minority,High_poverty,HPM,40.8386961,-73.8650746
360810245004,916.0,32.64,10.37,40.17,Other,Low_poverty,LPO,40.7376571,-73.907013
360810192002,1349.0,0.37,6.0,91.63,Minority,Low_poverty,LPM,40.6852735,-73.7981763
360811008012,1746.0,25.32,5.96,64.72,Minority,Low_poverty,LPM,40.611341,-73.7661007
360810317002,1234.0,81.2,3.73,13.69,White,Low_poverty,LPW,40.7696755,-73.8916882
360810601002,895.0,49.83,17.32,44.36,Other,Low_poverty,LPO,40.7147445,-73.9041693
360810595002,1704.0,47.48,35.56,47.77,Other,High_poverty,HPO,40.7114169,-73.9061617
360811032023,3340.0,49.67,25.97,45.9,Other,Low_poverty,LPO,40.6059761,-73.7473173
360810063002,1961.0,60.68,10.86,26.92,White,Low_poverty,LPW,40.7648639,-73.9208282
360610106011,1030.0,82.72,0.0,6.12,White,Low_poverty,LPW,40.7588264,-73.9610787
360470167004,1539.0,69.66,4.66,27.29,White,Low_poverty,LPW,40.6624915,-73.9802951
360470043003,795.0,70.31,4.13,16.85,White,Low_poverty,LPW,40.6872461,-73.9887335
360470054002,521.0,74.47,9.6,9.6,White,Low_poverty,LPW,40.6176803,-74.0350402
360050118002,1163.0,86.59,5.76,13.41,White,Low_poverty,LPW,40.8128581,-73.8087462
360050132002,1982.0,19.12,3.28,79.92,Minority,Low_poverty,LPM,40.8131357,-73.8246705
360050069001,3541.0,1.64,34.83,96.13,Minority,High_poverty,HPM,40.8212261,-73.9139053
360050138001,1591.0,64.36,7.98,31.68,White,Low_poverty,LPW,40.8220273,-73.8111336
360470222001,1513.0,100.0,54.2,0.0,White,High_poverty,HPW,40.6376506,-73.9911803
360470232001,1248.0,96.39,73.43,3.61,White,High_poverty,HPW,40.6342211,-73.9839896
360470240001,1467.0,73.01,47.24,27.0,White,High_poverty,HPW,40.627781,-73.9906936
360470178001,1286.0,27.84,25.41,33.29,Other,Low_poverty,LPO,40.6083113,-74.0036147
360050135003,1537.0,0.0,24.72,100.0,Minority,Low_poverty,LPM,40.8285586,-73.9006873
360470084002,1863.0,15.78,17.39,73.43,Minority,Low_poverty,LPM,40.6523695,-74.0052895
360811193002,953.0,10.28,17.94,19.41,Other,Low_poverty,LPO,40.7574632,-73.8029655
360810083002,1763.0,21.67,16.05,46.06,Other,Low_poverty,LPO,40.7721507,-73.9292389
360470576002,1497.0,39.81,9.05,11.56,Other,Low_poverty,LPO,40.5997668,-73.9485343
360050093005,859.0,4.89,40.88,95.11,Minority,High_poverty,HPM,40.8132347,-73.8863708
360811621001,974.0,10.06,5.65,23.72,Other,Low_poverty,LPO,40.7314173,-73.7331875
360810254001,1753.0,0.0,16.31,77.07,Minority,Low_poverty,LPM,40.6996287,-73.7904643
360810158011,1274.0,0.71,18.45,48.27,Other,Low_poverty,LPO,40.6891729,-73.8103786
360810253022,1121.0,30.69,7.76,35.77,Other,Low_poverty,LPO,40.7437419,-73.9134238
360811579014,1210.0,31.16,7.27,19.01,Other,Low_poverty,LPO,40.7413346,-73.7040019
360610171006,1748.0,87.41,2.35,0.97,White,Low_poverty,LPW,40.7888031,-73.9812835
360610183003,794.0,41.06,3.78,50.63,Minority,Low_poverty,LPM,40.7947152,-73.9749907
360470169003,936.0,75.85,9.72,22.44,White,Low_poverty,LPW,40.6592232,-73.9811513
360610018004,905.0,18.67,19.72,15.69,Other,Low_poverty,LPO,40.7201749,-73.9909796
360470503002,830.0,53.98,25.66,36.62,White,Low_poverty,LPW,40.7106961,-73.9474082
360470650001,561.0,39.57,7.66,31.91,Other,Low_poverty,LPO,40.6190931,-73.9342948
360610152001,1387.0,17.3,38.86,82.7,Minority,High_poverty,HPM,40.781848,-73.94497
360610157005,1497.0,85.3,20.44,5.41,White,Low_poverty,LPW,40.7790102,-73.9794824
360610162004,2907.0,0.0,44.34,96.84,Minority,High_poverty,HPM,40.7874875,-73.9399962
360470119003,534.0,55.99,10.86,39.32,White,Low_poverty,LPW,40.6770946,-73.9847802
360470449002,2419.0,1.98,61.31,93.76,Minority,High_poverty,HPM,40.7181169,-73.9385165
360470561004,957.0,66.77,3.91,19.02,White,Low_poverty,LPW,40.7251778,-73.9553139
360470798012,1173.0,34.61,5.8,56.01,Minority,Low_poverty,LPM,40.6592531,-73.9586481
360471214001,2610.0,0.0,55.4,99.43,Minority,High_poverty,HPM,40.6682271,-73.8653616
360470932001,1124.0,2.31,7.12,94.93,Minority,Low_poverty,LPM,40.6375676,-73.9295091
360810991003,485.0,100.0,0.0,0.0,White,Low_poverty,LPW,40.789152,-73.7962785
360610038007,1282.0,73.09,8.87,17.55,White,Low_poverty,LPW,40.7280897,-73.9864959
360810254006,1873.0,0.0,8.6,59.15,Minority,Low_poverty,LPM,40.693554,-73.7973357
360810809007,1373.0,52.73,7.13,18.28,White,Low_poverty,LPW,40.7365588,-73.8201266
360810589002,1854.0,55.23,10.63,43.15,White,Low_poverty,LPW,40.7064382,-73.9039054
360471522002,1235.0,37.98,19.35,25.83,Other,Low_poverty,LPO,40.6413705,-73.9676611
360470185014,1395.0,0.0,54.19,97.28,Minority,High_poverty,HPM,40.6937701,-73.9744038
360470510023,1199.0,12.76,13.18,74.4,Minority,Low_poverty,LPM,40.6478783,-73.9612034
360810855001,1137.0,25.33,9.94,13.02,Other,Low_poverty,LPO,40.7607008,-73.8241371
360610063005,1323.0,91.08,18.07,1.51,White,Low_poverty,LPW,40.732525,-73.9981803
360050216023,2499.0,5.04,12.74,80.03,Minority,Low_poverty,LPM,40.8388243,-73.8619664
360470798023,1361.0,24.17,2.72,67.82,Minority,Low_poverty,LPM,40.6567406,-73.9609446
360470910001,1398.0,0.0,77.68,100.0,Minority,High_poverty,HPM,40.6671517,-73.9047714
360470924001,1306.0,0.46,30.52,99.16,Minority,High_poverty,HPM,40.6692402,-73.9120537
360471058044,3064.0,12.99,30.09,74.09,Minority,High_poverty,HPM,40.6444645,-73.880219
360470233001,1654.0,56.89,15.3,24.3,White,Low_poverty,LPW,40.6879382,-73.9584229
360810087001,1170.0,6.58,33.68,88.03,Minority,High_poverty,HPM,40.7735544,-73.9366582
360470782001,1351.0,0.0,3.63,96.23,Minority,Low_poverty,LPM,40.6379435,-73.9400065
360810178002,1245.0,0.48,7.63,66.51,Minority,Low_poverty,LPM,40.6778423,-73.8061575
360810235004,838.0,42.36,13.37,30.07,Other,Low_poverty,LPO,40.7407608,-73.9183867
360810309031,2789.0,7.28,9.63,54.86,Minority,Low_poverty,LPM,40.7561805,-73.889742
360810444002,1344.0,8.18,10.94,33.78,Other,Low_poverty,LPO,40.7074028,-73.7838913
360810622002,1114.0,0.0,5.59,98.83,Minority,Low_poverty,LPM,40.6896314,-73.7292863
360810713052,927.0,57.93,4.53,12.73,White,Low_poverty,LPW,40.7239556,-73.8525966
360810837004,1333.0,4.8,9.31,14.48,Other,Low_poverty,LPO,40.7408004,-73.8170572
360810871002,885.0,4.29,4.29,34.69,Other,Low_poverty,LPO,40.7599332,-73.8336922
360810454002,2836.0,4.83,11.81,23.8,Other,Low_poverty,LPO,40.7139622,-73.7962995
360810934013,859.0,90.92,15.95,6.52,White,Low_poverty,LPW,40.5757071,-73.8468161
360811417001,1136.0,49.03,16.29,11.71,Other,Low_poverty,LPO,40.74893,-73.794137
360811008021,2999.0,14.9,24.92,83.46,Minority,Low_poverty,LPM,40.6031935,-73.7556574
360050430003,958.0,3.76,39.77,87.27,Minority,High_poverty,HPM,40.8933786,-73.8528689
360810757011,2151.0,39.56,9.16,21.29,Other,Low_poverty,LPO,40.7191402,-73.8356462
360050442002,863.0,0.0,20.28,98.96,Minority,Low_poverty,LPM,40.9046149,-73.8478515
360810779043,1527.0,40.21,1.77,20.03,Other,Low_poverty,LPO,40.7194646,-73.8156257
360470692002,1013.0,10.17,0.7,80.55,Minority,Low_poverty,LPM,40.6227894,-73.9219434
360610189003,2368.0,3.89,44.47,95.02,Minority,High_poverty,HPM,40.7963742,-73.9640462
360470547003,3271.0,81.5,22.75,11.46,White,Low_poverty,LPW,40.7088785,-73.9672425
360470594012,1201.0,54.45,35.3,28.89,White,High_poverty,HPW,40.5941323,-73.9474463
360810288002,868.0,2.07,2.19,83.07,Minority,Low_poverty,LPM,40.6786338,-73.7830418
360470206001,979.0,54.24,17.88,31.05,White,Low_poverty,LPW,40.6260485,-74.013994
360470265001,1367.0,13.9,23.99,84.94,Minority,Low_poverty,LPM,40.6880036,-73.944839
360850151003,755.0,62.78,2.72,37.21,White,Low_poverty,LPW,40.6194648,-74.1281523
360050448002,767.0,8.08,1.98,82.4,Minority,Low_poverty,LPM,40.8951747,-73.8426248
360470443001,1104.0,22.1,30.16,61.59,Minority,High_poverty,HPM,40.703734,-73.9148566
360470591004,729.0,87.79,11.25,6.04,White,Low_poverty,LPW,40.7240994,-73.9439171
360850277023,1739.0,63.71,7.99,24.44,White,Low_poverty,LPW,40.5807354,-74.1607603
360810749002,667.0,69.27,12.44,5.55,White,Low_poverty,LPW,40.7126429,-73.8388312
360470013001,1556.0,63.88,6.3,22.17,White,Low_poverty,LPW,40.697426,-73.9884253
360610048006,927.0,80.04,18.74,11.33,White,Low_poverty,LPW,40.7343357,-73.9819126
360811367001,2365.0,12.01,23.89,51.29,Minority,Low_poverty,LPM,40.7465838,-73.7581456
360050051002,2894.0,0.0,42.64,100.0,Minority,High_poverty,HPM,40.8135837,-73.9261356
360850156031,1196.0,89.8,16.64,7.44,White,Low_poverty,LPW,40.5312186,-74.1551016
360810235002,1904.0,19.91,7.98,49.79,Other,Low_poverty,LPO,40.7417527,-73.9160507
360610155001,1646.0,73.45,5.83,7.11,White,Low_poverty,LPW,40.7788096,-73.9890168
360810460001,2087.0,0.0,16.24,42.31,Other,Low_poverty,LPO,40.7098299,-73.7929429
360810025005,1347.0,0.0,20.27,89.08,Minority,Low_poverty,LPM,40.7545635,-73.9455119
360610192001,632.0,12.18,14.72,82.59,Minority,Low_poverty,LPM,40.8012058,-73.930183
360470608001,1021.0,89.23,5.87,1.57,White,Low_poverty,LPW,40.5840832,-73.9464807
360810775002,632.0,64.56,9.02,16.14,White,Low_poverty,LPW,40.7089202,-73.8336996
360470277004,1602.0,12.05,24.34,86.14,Minority,Low_poverty,LPM,40.6873935,-73.9403684
360810539003,2099.0,28.3,9.64,40.21,Other,Low_poverty,LPO,40.7083368,-73.9166788
360810214001,2216.0,15.57,13.85,35.11,Other,Low_poverty,LPO,40.7089187,-73.8153657
360810637003,903.0,86.93,4.65,12.4,White,Low_poverty,LPW,40.7071815,-73.8651055
360470446001,962.0,38.67,32.08,19.13,Other,High_poverty,HPO,40.615608,-73.9750815
360470133004,993.0,79.86,6.55,2.92,White,Low_poverty,LPW,40.6743162,-73.9820579
360850231002,792.0,12.75,24.37,78.91,Minority,Low_poverty,LPM,40.6322074,-74.1578842
360610236003,1099.0,0.0,17.47,92.81,Minority,Low_poverty,LPM,40.82505,-73.9353037
360810719002,1231.0,41.1,18.6,10.15,Other,Low_poverty,LPO,40.7339777,-73.855223
360610199001,1263.0,67.3,9.81,14.49,White,Low_poverty,LPW,40.8065455,-73.9682052
360470762002,1595.0,45.71,14.8,29.97,Other,Low_poverty,LPO,40.6251225,-73.9575609
360850029001,966.0,21.33,31.78,57.56,Minority,High_poverty,HPM,40.6208094,-74.0837886
360610162002,1704.0,9.39,4.46,66.08,Minority,Low_poverty,LPM,40.7905039,-73.9380446
360810121002,739.0,67.93,5.82,23.01,White,Low_poverty,LPW,40.7737676,-73.9049424
360471172021,1417.0,12.0,13.05,79.68,Minority,Low_poverty,LPM,40.6837528,-73.8838073
360610092001,1474.0,66.89,4.21,5.56,White,Low_poverty,LPW,40.7536476,-73.9747422
360470304001,1329.0,31.45,10.68,6.93,Other,Low_poverty,LPO,40.5915344,-73.9948254
360050222002,689.0,9.87,27.43,64.3,Minority,Low_poverty,LPM,40.8341162,-73.8593477
360610170002,1168.0,8.82,19.52,81.07,Minority,Low_poverty,LPM,40.7904388,-73.9440356
360610018001,1169.0,43.54,29.6,44.49,Other,Low_poverty,LPO,40.7174073,-73.9896466
360470101003,1244.0,16.88,36.51,66.08,Minority,High_poverty,HPM,40.6596355,-74.0003768
360810711002,2851.0,50.37,3.72,22.73,White,Low_poverty,LPW,40.7217644,-73.8516773
360050065002,2318.0,4.01,48.36,92.96,Minority,High_poverty,HPM,40.8191983,-73.9229074
360050129011,1356.0,6.19,29.49,93.51,Minority,Low_poverty,LPM,40.8230002,-73.897207
360050183011,1861.0,1.93,26.49,92.64,Minority,Low_poverty,LPM,40.827493,-73.9214434
360810889016,1486.0,9.56,59.29,29.88,Other,High_poverty,HPO,40.7666558,-73.8298204
360810942022,1875.0,31.41,8.27,53.17,Minority,Low_poverty,LPM,40.5888584,-73.8142073
360810997051,2470.0,42.47,5.51,9.92,Other,Low_poverty,LPO,40.7874545,-73.7859776
360811227017,2713.0,29.49,5.64,67.27,Minority,Low_poverty,LPM,40.7340342,-73.8061179
360610106016,1219.0,96.64,1.72,3.36,White,Low_poverty,LPW,40.7569694,-73.9604229
360850248003,1989.0,88.64,2.97,11.36,White,Low_poverty,LPW,40.5177819,-74.2398199
360850040005,847.0,19.48,0.0,72.6,Minority,Low_poverty,LPM,40.613997,-74.0792571
360850146052,2025.0,86.96,6.7,4.3,White,Low_poverty,LPW,40.5553429,-74.1485666
360850156033,2283.0,71.18,4.07,24.84,White,Low_poverty,LPW,40.5431353,-74.1420697
360850208012,2727.0,76.13,4.47,15.58,White,Low_poverty,LPW,40.5477446,-74.2142526
360850223002,1409.0,16.18,33.22,79.56,Minority,High_poverty,HPM,40.6366982,-74.149025
360050004004,711.0,8.3,0.0,82.98,Minority,Low_poverty,LPM,40.8132154,-73.8480559
360050039005,1346.0,6.32,25.74,93.69,Minority,Low_poverty,LPM,40.8089926,-73.9206221
360050027024,1219.0,0.0,68.42,100.0,Minority,High_poverty,HPM,40.8078689,-73.9149825
360610081005,1355.0,67.75,9.52,25.98,White,Low_poverty,LPW,40.7401615,-74.0003664
360610093005,904.0,69.91,7.08,2.99,White,Low_poverty,LPW,40.7480604,-74.0020418
360610110003,2104.0,47.43,0.76,39.06,Other,Low_poverty,LPO,40.7620175,-73.9647757
360610136006,1953.0,53.15,4.51,41.37,White,Low_poverty,LPW,40.7718932,-73.9485289
360610215001,1431.0,16.91,12.86,76.24,Minority,Low_poverty,LPM,40.8119945,-73.9506435
360610029001,1539.0,18.58,16.67,41.0,Other,Low_poverty,LPO,40.7157609,-74.0002544
360610145004,810.0,77.16,6.17,1.73,White,Low_poverty,LPW,40.7686629,-73.9835289
360610212004,1334.0,13.12,7.87,79.84,Minority,Low_poverty,LPM,40.8127737,-73.9397183
360050386007,2679.0,0.0,32.14,75.66,Minority,High_poverty,HPM,40.8771983,-73.8495857
360050399025,668.0,0.45,36.23,94.76,Minority,High_poverty,HPM,40.8597181,-73.8963759
360050407024,1189.0,4.96,12.67,81.16,Minority,Low_poverty,LPM,40.8701685,-73.8875325
360050413006,974.0,5.85,39.47,90.14,Minority,High_poverty,HPM,40.8727857,-73.8844768
360050054004,1191.0,0.0,36.52,93.36,Minority,High_poverty,HPM,40.8303401,-73.8762463
360050068003,1207.0,0.0,20.63,92.3,Minority,Low_poverty,LPM,40.8283037,-73.8698778
360050238003,1146.0,12.39,18.64,73.21,Minority,Low_poverty,LPM,40.8442642,-73.8643957
360050293022,1458.0,54.25,5.62,41.63,White,Low_poverty,LPW,40.8787729,-73.9183604
360050360002,957.0,17.66,9.4,75.65,Minority,Low_poverty,LPM,40.8663915,-73.8451914
360050375041,729.0,9.33,34.74,90.68,Minority,High_poverty,HPM,40.8520804,-73.8916468
360050338003,1276.0,1.65,20.85,98.35,Minority,Low_poverty,LPM,40.8672153,-73.8648836
360050374004,782.0,1.53,31.97,93.09,Minority,High_poverty,HPM,40.8761755,-73.8663435
360610015013,941.0,45.16,28.91,5.31,Other,Low_poverty,LPO,40.7076681,-74.0019786
360610040005,1620.0,76.42,2.1,1.3,White,Low_poverty,LPW,40.7299,-73.9851778
360610059002,362.0,70.44,0.0,5.52,White,Low_poverty,LPW,40.7314918,-73.9959019
360610068004,1884.0,52.18,21.52,29.51,White,Low_poverty,LPW,40.7391684,-73.9839481
360050462015,2588.0,5.02,3.58,87.71,Minority,Low_poverty,LPM,40.8740341,-73.8254683
360050484003,503.0,8.55,6.5,91.45,Minority,Low_poverty,LPM,40.8870598,-73.8380005
360050295004,751.0,39.28,11.72,51.53,Minority,Low_poverty,LPM,40.8824644,-73.9102234
360050302003,480.0,39.79,51.88,60.21,Minority,High_poverty,HPM,40.8610028,-73.8257704
360050330004,1003.0,15.25,31.21,80.96,Minority,High_poverty,HPM,40.86184,-73.8657965
360050426005,1187.0,5.05,13.86,93.76,Minority,Low_poverty,LPM,40.8896656,-73.8399862
360811277002,456.0,97.37,5.7,0.0,White,Low_poverty,LPW,40.7262414,-73.7846402
360810711001,1073.0,67.38,1.3,10.44,White,Low_poverty,LPW,40.7235952,-73.8584478
360470301003,1180.0,7.97,14.92,92.03,Minority,Low_poverty,LPM,40.6777948,-73.9190388
360470309001,1183.0,0.0,24.34,91.55,Minority,Low_poverty,LPM,40.6768093,-73.9331574
360470363003,2169.0,7.7,38.27,91.61,Minority,High_poverty,HPM,40.6719826,-73.9155162
360470464001,1114.0,84.11,18.94,4.85,White,Low_poverty,LPW,40.624729,-73.977794
360470476003,1569.0,93.31,18.29,5.03,White,Low_poverty,LPW,40.6319683,-73.9825341
360470486001,1076.0,26.39,39.31,15.52,Other,High_poverty,HPO,40.6404834,-73.9784041
360470493004,2009.0,0.0,66.25,100.0,Minority,High_poverty,HPM,40.7058947,-73.9402251
360470500001,1121.0,57.09,1.69,17.04,White,Low_poverty,LPW,40.6486685,-73.9794393
360470428003,911.0,51.7,2.74,8.23,White,Low_poverty,LPW,40.6065691,-73.9860873
360470434001,1408.0,43.39,32.7,16.9,Other,High_poverty,HPO,40.6099932,-73.9753819
360810069001,1030.0,50.68,10.1,30.0,White,Low_poverty,LPW,40.7700213,-73.9214536
360810081001,1269.0,38.3,9.03,45.79,Other,Low_poverty,LPO,40.7700756,-73.9335826
360810095002,1355.0,60.37,7.31,19.12,White,Low_poverty,LPW,40.7749028,-73.921436
360610142005,481.0,100.0,0.0,0.0,White,Low_poverty,LPW,40.777975,-73.9619659
360470756001,1083.0,67.41,4.43,13.67,White,Low_poverty,LPW,40.6170668,-73.9470426
360470920003,784.0,0.0,14.8,86.74,Minority,Low_poverty,LPM,40.6587647,-73.901587
360470958001,1537.0,4.23,14.05,95.77,Minority,Low_poverty,LPM,40.6423743,-73.9133624
360471004001,2677.0,4.45,7.96,94.44,Minority,Low_poverty,LPM,40.6306493,-73.9038
360471024001,2255.0,4.17,2.35,91.27,Minority,Low_poverty,LPM,40.6329284,-73.8932756
360471126003,877.0,1.94,10.15,91.79,Minority,Low_poverty,LPM,40.664621,-73.8949839
360810147002,748.0,75.8,2.54,12.56,White,Low_poverty,LPW,40.7629953,-73.9107532
360810007001,1230.0,50.16,12.52,25.37,White,Low_poverty,LPW,40.7462261,-73.9491794
360810456001,1446.0,4.01,16.11,16.04,Other,Low_poverty,LPO,40.7166298,-73.7939898
360470046001,1301.0,76.63,3.92,14.53,White,Low_poverty,LPW,40.6269928,-74.0363209
360810540001,1837.0,0.71,10.7,78.5,Minority,Low_poverty,LPM,40.7123665,-73.746148
360810365001,1343.0,1.34,23.68,85.63,Minority,Low_poverty,LPM,40.7604761,-73.8659371
360810371001,1335.0,1.42,11.84,77.38,Minority,Low_poverty,LPM,40.7641434,-73.8636241
360810399001,1422.0,0.0,1.83,97.96,Minority,Low_poverty,LPM,40.7502587,-73.8529144
360810629003,1165.0,39.83,5.24,46.27,Other,Low_poverty,LPO,40.7004651,-73.8874679
360471166001,740.0,0.81,8.51,96.35,Minority,Low_poverty,LPM,40.6758291,-73.8825244
360471174001,1710.0,0.53,14.21,93.98,Minority,Low_poverty,LPM,40.6844123,-73.8798836
360810884008,1438.0,75.73,3.62,22.05,White,Low_poverty,LPW,40.6617005,-73.8331562
360810916013,989.0,83.82,2.22,10.62,White,Low_poverty,LPW,40.5590757,-73.915684
360810142022,1050.0,6.29,24.19,70.57,Minority,Low_poverty,LPM,40.6975367,-73.8213461
360810517001,897.0,64.21,10.56,34.0,White,Low_poverty,LPW,40.7249497,-73.8993117
360810595003,1148.0,71.78,7.06,19.51,White,Low_poverty,LPW,40.712108,-73.9090265
360810608001,1564.0,3.71,3.79,95.14,Minority,Low_poverty,LPM,40.6936037,-73.7413143
360810618001,784.0,5.99,1.99,91.58,Minority,Low_poverty,LPM,40.677123,-73.7346621
360471142022,1208.0,2.48,8.11,96.69,Minority,Low_poverty,LPM,40.6816644,-73.8910236
360810489001,983.0,6.1,16.89,62.16,Minority,Low_poverty,LPM,40.7376067,-73.8923891
360810502021,1421.0,1.41,8.9,80.78,Minority,Low_poverty,LPM,40.7101892,-73.7592925
360810554001,1274.0,11.85,17.58,26.46,Other,Low_poverty,LPO,40.7283641,-73.7416655
360810583002,1634.0,62.48,0.67,30.6,White,Low_poverty,LPW,40.7018628,-73.8979192
360470182002,2356.0,31.62,14.05,16.98,Other,Low_poverty,LPO,40.6115063,-74.0033372
360470192001,1268.0,64.12,41.4,25.24,White,High_poverty,HPW,40.6295694,-73.9982582
360470197003,1283.0,65.0,5.09,28.22,White,Low_poverty,LPW,40.6872476,-73.9676554
360810457001,1455.0,8.52,10.13,41.79,Other,Low_poverty,LPO,40.7380108,-73.8685159
360810469004,1482.0,2.36,15.79,23.08,Other,Low_poverty,LPO,40.7421534,-73.8796708
360810481002,2376.0,1.22,9.43,51.77,Minority,Low_poverty,LPM,40.742179,-73.8853761
360810635001,1008.0,73.91,15.74,24.4,White,Low_poverty,LPW,40.7053353,-73.8658064
360810654003,810.0,0.37,2.96,87.54,Minority,Low_poverty,LPM,40.6625826,-73.7431388
360810737002,1181.0,63.84,3.47,16.76,White,Low_poverty,LPW,40.7178441,-73.8436332
360810773001,1188.0,57.07,2.69,30.13,White,Low_poverty,LPW,40.7101558,-73.8369449
360810790001,1153.0,0.78,15.44,74.94,Minority,Low_poverty,LPM,40.6721494,-73.7938987
360470002001,1167.0,12.51,30.52,79.7,Minority,High_poverty,HPM,40.6532475,-74.0110678
360050059021,866.0,5.54,18.24,80.37,Minority,Low_poverty,LPM,40.8259297,-73.9223611
360050052001,733.0,0.0,49.39,98.91,Minority,High_poverty,HPM,40.8254145,-73.8826181
360050396003,1286.0,0.0,1.71,99.38,Minority,Low_poverty,LPM,40.8841793,-73.8607879
360050083002,833.0,1.56,51.26,98.44,Minority,High_poverty,HPM,40.8150131,-73.9019618
360050161002,1182.0,1.44,45.26,98.57,Minority,High_poverty,HPM,40.8351878,-73.8842368
360810694002,1596.0,3.2,21.28,92.48,Minority,Low_poverty,LPM,40.6571501,-73.7540749
360810709002,1450.0,48.07,1.31,7.31,Other,Low_poverty,LPO,40.7183991,-73.8552119
360050227021,1607.0,0.0,34.04,88.62,Minority,High_poverty,HPM,40.8445224,-73.9132321
360470129023,830.0,78.67,2.67,8.92,White,Low_poverty,LPW,40.6791899,-73.9769992
360470131001,1142.0,66.81,9.11,16.81,White,Low_poverty,LPW,40.6787023,-73.9789746
360470138003,879.0,58.36,17.29,21.16,White,Low_poverty,LPW,40.6228592,-74.0268774
360610124001,1752.0,81.51,3.25,3.77,White,Low_poverty,LPW,40.7677625,-73.9528083
360610236001,1812.0,1.99,25.28,87.58,Minority,Low_poverty,LPM,40.8276625,-73.9372862
360610214002,1662.0,11.61,10.47,85.2,Minority,Low_poverty,LPM,40.8172256,-73.9374627
360610212003,770.0,10.65,16.62,77.01,Minority,Low_poverty,LPM,40.8118332,-73.9404308
360610201024,1029.0,29.06,5.15,66.76,Minority,Low_poverty,LPM,40.8059748,-73.9570364
360610237003,1400.0,8.79,34.86,84.21,Minority,High_poverty,HPM,40.8319538,-73.9478123
360470033001,1030.0,72.52,10.61,17.57,White,Low_poverty,LPW,40.6884123,-73.9758603
360470243001,1610.0,30.62,15.59,57.64,Minority,Low_poverty,LPM,40.6889213,-73.9531479
360470248002,1132.0,38.78,10.51,15.02,Other,Low_poverty,LPO,40.6222586,-73.9911903
360470253002,1490.0,21.07,23.09,76.51,Minority,Low_poverty,LPM,40.6929835,-73.950408
360470373002,763.0,33.81,22.28,46.13,Other,Low_poverty,LPO,40.6830346,-73.9131077
360470383003,942.0,5.31,15.61,85.98,Minority,Low_poverty,LPM,40.684158,-73.9261334
360470391002,1382.0,57.16,21.78,31.41,White,Low_poverty,LPW,40.6984442,-73.9320824
360470395002,1646.0,24.67,18.59,57.53,Minority,Low_poverty,LPM,40.6920713,-73.9246491
360610309001,4109.0,1.31,42.3,97.71,Minority,High_poverty,HPM,40.874466,-73.9083483
360610148021,1256.0,76.67,4.22,9.23,White,Low_poverty,LPW,40.7817187,-73.9529193
360610087001,2389.0,65.93,5.44,14.9,White,Low_poverty,LPW,40.7416446,-73.9955753
360050462021,2690.0,0.0,41.64,93.31,Minority,High_poverty,HPM,40.8849325,-73.8281853
360050365011,1076.0,1.12,42.94,97.12,Minority,High_poverty,HPM,40.8472761,-73.8842183
360470335001,1203.0,71.65,17.29,25.85,White,Low_poverty,LPW,40.6673571,-73.9382142
360810838002,924.0,14.07,16.77,35.93,Other,Low_poverty,LPO,40.6698338,-73.8183122
360811301001,651.0,56.99,1.08,9.83,White,Low_poverty,LPW,40.735962,-73.7394076
360811341001,1144.0,24.04,16.7,21.68,Other,Low_poverty,LPO,40.7365729,-73.7891405
360811429003,965.0,27.77,10.45,5.28,Other,Low_poverty,LPO,40.7497057,-73.7812984
360810987001,1583.0,85.53,3.85,5.87,White,Low_poverty,LPW,40.7945125,-73.8079292
360811017001,1153.0,57.07,1.3,22.46,White,Low_poverty,LPW,40.7782075,-73.7955513
360050372002,1421.0,1.27,18.68,83.88,Minority,Low_poverty,LPM,40.8739663,-73.864062
360050516003,1399.0,42.53,15.3,50.32,Minority,Low_poverty,LPM,40.845002,-73.7840573
360050252001,1326.0,43.36,20.89,43.89,Other,Low_poverty,LPO,40.8485994,-73.8561272
360050025001,841.0,0.0,50.61,97.86,Minority,High_poverty,HPM,40.8070151,-73.9190014
360470264002,989.0,33.57,17.41,15.17,Other,Low_poverty,LPO,40.6146936,-73.9965812
360470287003,1204.0,4.98,27.08,85.55,Minority,Low_poverty,LPM,40.6944464,-73.9343861
360470293001,538.0,1.86,36.8,98.14,Minority,High_poverty,HPM,40.6885958,-73.9331774
360470352001,1254.0,61.08,49.7,33.17,White,High_poverty,HPW,40.573211,-73.9807326
360470401001,988.0,14.17,30.91,81.88,Minority,High_poverty,HPM,40.6859872,-73.9112568
360470409003,1533.0,9.72,55.12,88.91,Minority,High_poverty,HPM,40.6919628,-73.906166
360470416001,1444.0,95.5,11.22,2.01,White,Low_poverty,LPW,40.6029335,-73.962738
360470419003,1113.0,15.18,4.13,69.81,Minority,Low_poverty,LPM,40.695959,-73.9221612
360470453002,849.0,45.11,9.54,51.47,Minority,Low_poverty,LPM,40.7055031,-73.9318049
360050213012,992.0,5.85,46.07,92.24,Minority,High_poverty,HPM,40.8454089,-73.920732
360050216025,506.0,2.57,32.61,53.75,Minority,High_poverty,HPM,40.8342831,-73.8621433
360050240002,714.0,19.47,47.76,80.53,Minority,High_poverty,HPM,40.8432337,-73.8687979
360050245014,1388.0,0.0,58.86,99.14,Minority,High_poverty,HPM,40.8530392,-73.9160452
360050267025,919.0,0.0,4.9,100.0,Minority,Low_poverty,LPM,40.8712633,-73.9007805
360050284001,554.0,57.58,59.63,42.42,White,High_poverty,HPW,40.8494364,-73.8386905
360610166002,1710.0,27.84,29.71,68.31,Minority,Low_poverty,LPM,40.7893477,-73.9473458
360050225006,2093.0,0.48,34.64,96.18,Minority,High_poverty,HPM,40.8419136,-73.9117384
360811139003,980.0,42.86,18.47,14.18,Other,Low_poverty,LPO,40.7618482,-73.7893849
360811113002,657.0,64.08,9.13,23.74,White,Low_poverty,LPW,40.7650197,-73.7651119
360470882004,1852.0,0.0,8.64,100.0,Minority,Low_poverty,LPM,40.6575804,-73.9234052
360470075004,845.0,55.03,4.38,43.43,White,Low_poverty,LPW,40.6804605,-73.9933138
360810105003,1415.0,45.37,4.45,33.86,Other,Low_poverty,LPO,40.7823286,-73.9123189
360050123003,1172.0,0.77,21.46,98.89,Minority,Low_poverty,LPM,40.8271232,-73.8856222
360810580004,700.0,1.29,0.0,98.71,Minority,Low_poverty,LPM,40.7059302,-73.7327685
360050115021,1609.0,1.18,65.67,98.82,Minority,High_poverty,HPM,40.8206974,-73.8866685
360050316002,898.0,37.19,11.47,26.39,Other,Low_poverty,LPO,40.8602799,-73.8485909
360850176004,1445.0,94.12,2.21,4.7,White,Low_poverty,LPW,40.5286856,-74.1674136
360050131001,1670.0,1.14,33.59,97.66,Minority,High_poverty,HPM,40.8271016,-73.8995581
360050451022,1066.0,65.2,4.41,26.92,White,Low_poverty,LPW,40.9001138,-73.8626591
360050096002,603.0,12.11,20.23,62.52,Minority,Low_poverty,LPM,40.8359078,-73.8433714
360050147013,2147.0,0.0,63.11,97.44,Minority,High_poverty,HPM,40.8343826,-73.9058561
360050179012,539.0,2.41,29.87,97.58,Minority,Low_poverty,LPM,40.8358954,-73.9156399
360610247003,1379.0,8.56,7.03,82.53,Minority,Low_poverty,LPM,40.8372186,-73.9456081
360610317031,596.0,60.91,0.0,34.23,White,Low_poverty,LPW,40.7129807,-74.0155059
360050183023,938.0,0.32,20.47,99.68,Minority,Low_poverty,LPM,40.829366,-73.9178896
360050205023,861.0,2.56,22.88,97.45,Minority,Low_poverty,LPM,40.8516282,-73.920515
360810484004,1050.0,0.0,4.0,74.86,Minority,Low_poverty,LPM,40.714552,-73.7569364
360850213004,912.0,28.18,12.61,66.44,Minority,Low_poverty,LPM,40.6316669,-74.1411025
360610039003,1234.0,94.41,0.0,2.11,White,Low_poverty,LPW,40.7178039,-74.0115534
360810254005,1910.0,0.0,21.03,70.83,Minority,Low_poverty,LPM,40.6957913,-73.797837
360470278001,1400.0,57.86,17.0,10.85,White,Low_poverty,LPW,40.6082436,-73.9996895
360811403002,1349.0,33.73,2.59,7.12,Other,Low_poverty,LPO,40.7475332,-73.7711869
360470118001,1132.0,5.04,23.23,8.39,Other,Low_poverty,LPO,40.6342409,-74.0088323
360050336003,526.0,3.8,82.51,96.19,Minority,High_poverty,HPM,40.8686951,-73.8681833
360050266021,1189.0,40.03,24.31,51.98,Minority,Low_poverty,LPM,40.8453589,-73.828536
360050264003,1580.0,37.66,0.0,56.77,Minority,Low_poverty,LPM,40.8400524,-73.8345776
360050385001,1233.0,0.57,50.36,99.43,Minority,High_poverty,HPM,40.858275,-73.8918781
360050236001,995.0,31.16,28.62,52.66,Minority,Low_poverty,LPM,40.846085,-73.8675589
360470068003,731.0,62.65,7.54,23.53,White,Low_poverty,LPW,40.6344972,-74.0279773
360470076002,1478.0,23.88,28.08,61.5,Minority,Low_poverty,LPM,40.6429877,-74.0143606
360470092001,1790.0,10.28,27.56,29.27,Other,Low_poverty,LPO,40.6458777,-73.9987569
360470100003,2100.0,8.14,18.0,44.86,Other,Low_poverty,LPO,40.6416407,-74.0121306
360470108003,1553.0,3.8,27.88,17.97,Other,Low_poverty,LPO,40.6406839,-74.0047586
360811039001,1133.0,19.68,19.59,31.95,Other,Low_poverty,LPO,40.7826697,-73.8204254
360811123001,958.0,30.38,9.92,22.75,Other,Low_poverty,LPO,40.7674565,-73.7710387
360811157001,1021.0,32.91,8.13,11.06,Other,Low_poverty,LPO,40.7694834,-73.8151716
360811175001,1057.0,26.96,4.82,18.92,Other,Low_poverty,LPO,40.7639188,-73.797645
360811203001,570.0,17.37,29.65,13.86,Other,Low_poverty,LPO,40.7495254,-73.8111962
360811241001,1374.0,24.6,12.52,5.68,Other,Low_poverty,LPO,40.7288601,-73.8021919
360811467003,863.0,25.49,9.04,12.4,Other,Low_poverty,LPO,40.7605966,-73.7763781
360811529022,577.0,35.53,0.0,0.0,Other,Low_poverty,LPO,40.7606185,-73.7201356
360811579033,1832.0,21.45,4.37,11.03,Other,Low_poverty,LPO,40.7332472,-73.7080973
360810769012,2171.0,50.07,3.45,29.15,White,Low_poverty,LPW,40.717703,-73.8377901
360470573002,963.0,76.53,17.24,10.8,White,Low_poverty,LPW,40.7272426,-73.9492617
360470439002,1255.0,8.21,20.19,74.42,Minority,Low_poverty,LPM,40.6975525,-73.9102996
360470442001,1810.0,78.4,9.39,0.99,White,Low_poverty,LPW,40.6130711,-73.9646474
360470506004,1446.0,26.35,13.34,69.85,Minority,Low_poverty,LPM,40.6478111,-73.969869
360470517001,921.0,73.07,12.92,9.67,White,Low_poverty,LPW,40.7204816,-73.9537385
360470553001,981.0,86.95,9.06,3.97,White,Low_poverty,LPW,40.7168804,-73.9576765
360470558002,1422.0,51.34,9.77,27.22,White,Low_poverty,LPW,40.6038197,-73.9560907
360810190002,1204.0,1.16,2.66,73.09,Minority,Low_poverty,LPM,40.6853754,-73.7961374
360810212002,1664.0,11.66,42.81,78.6,Minority,High_poverty,HPM,40.7007834,-73.8138455
360470315001,1211.0,52.85,21.72,39.63,White,Low_poverty,LPW,40.6776363,-73.9483809
360470325002,819.0,29.06,24.05,64.83,Minority,Low_poverty,LPM,40.6677511,-73.9575752
360470265003,1115.0,24.84,8.74,68.43,Minority,Low_poverty,LPM,40.6865376,-73.9445485
360470272003,1118.0,45.35,23.17,10.29,Other,Low_poverty,LPO,40.6076903,-73.994452
360470281003,1415.0,26.08,27.63,53.92,Minority,Low_poverty,LPM,40.6925204,-73.9413896
360470284001,1274.0,48.04,9.5,18.36,Other,Low_poverty,LPO,40.6075512,-73.9969845
360470579002,462.0,42.21,41.56,50.87,Minority,High_poverty,HPM,40.732829,-73.9472828
360470592001,1070.0,51.03,14.49,25.23,White,Low_poverty,LPW,40.5959489,-73.9518521
360470598001,2227.0,72.79,26.4,9.65,White,Low_poverty,LPW,40.5886949,-73.9372323
360470531002,3384.0,95.98,52.3,4.02,White,High_poverty,HPW,40.7009888,-73.9543518
360470537001,963.0,97.92,27.41,0.0,White,Low_poverty,LPW,40.7017249,-73.9598911
360810220023,2425.0,30.19,6.19,49.19,Other,Low_poverty,LPO,40.7108664,-73.8165086
360850177001,355.0,61.41,0.0,0.0,White,Low_poverty,LPW,40.6078655,-74.1142674
360850201003,953.0,62.64,0.0,30.22,White,Low_poverty,LPW,40.6214847,-74.1362152
360850251002,1330.0,75.86,0.0,8.72,White,Low_poverty,LPW,40.618745,-74.1461783
360850279001,869.0,82.16,4.14,9.79,White,Low_poverty,LPW,40.5752205,-74.1552188
360850170071,1712.0,83.82,8.41,11.27,White,Low_poverty,LPW,40.5578753,-74.18905
360810036002,1793.0,1.62,11.1,46.29,Other,Low_poverty,LPO,40.6825604,-73.8610512
360810309021,500.0,34.8,8.51,50.2,Minority,Low_poverty,LPM,40.7611256,-73.8955913
360810330002,1092.0,2.56,2.47,93.5,Minority,Low_poverty,LPM,40.6686894,-73.7601454
360810352002,1543.0,10.56,8.1,85.09,Minority,Low_poverty,LPM,40.6777162,-73.7603191
360470547001,1220.0,44.02,36.07,54.1,Minority,High_poverty,HPM,40.7078279,-73.9665142
360470626001,654.0,23.7,13.61,32.41,Other,Low_poverty,LPO,40.5958399,-73.9336938
360470654002,767.0,67.41,7.82,5.61,White,Low_poverty,LPW,40.6114967,-73.9308109
360470686001,1022.0,30.82,5.58,66.24,Minority,Low_poverty,LPM,40.615844,-73.9160118
360470784001,1124.0,2.67,1.28,86.39,Minority,Low_poverty,LPM,40.6354315,-73.9430812
360470800003,1300.0,16.0,8.53,82.69,Minority,Low_poverty,LPM,40.6598257,-73.9531428
360470820001,2385.0,3.06,30.78,91.19,Minority,High_poverty,HPM,40.6551171,-73.9514888
360470834001,854.0,0.0,21.19,90.17,Minority,Low_poverty,LPM,40.6427198,-73.9386
360470856001,970.0,4.12,3.61,95.87,Minority,Low_poverty,LPM,40.6501628,-73.944178
360470872001,835.0,2.51,29.09,92.93,Minority,Low_poverty,LPM,40.6555805,-73.9370862
360470706001,1426.0,89.9,3.44,7.85,White,Low_poverty,LPW,40.6159772,-73.90316
360470738001,2181.0,32.78,16.51,65.06,Minority,Low_poverty,LPM,40.6237671,-73.9398495
360850141002,1274.0,31.0,15.65,54.32,Minority,Low_poverty,LPM,40.6286061,-74.1289121
360850151001,1755.0,64.84,14.7,21.54,White,Low_poverty,LPW,40.6242444,-74.1282617
360850169012,2333.0,73.68,9.22,17.75,White,Low_poverty,LPW,40.6128172,-74.1032354
360850017001,748.0,40.91,36.5,42.92,Other,High_poverty,HPO,40.634279,-74.0803529
360850132041,1240.0,94.27,1.69,5.0,White,Low_poverty,LPW,40.5606996,-74.1263689
360850070001,4265.0,64.29,24.89,23.56,White,Low_poverty,LPW,40.5866944,-74.07841
360850081002,1287.0,30.38,18.31,54.39,Minority,Low_poverty,LPM,40.6407418,-74.0952941
360850114023,1025.0,86.83,13.85,6.93,White,Low_poverty,LPW,40.5825726,-74.1071254
360850132033,2079.0,84.13,2.41,13.81,White,Low_poverty,LPW,40.5490584,-74.1445542
360470872002,1062.0,14.5,21.0,85.5,Minority,Low_poverty,LPM,40.6541821,-73.936934
360470886002,1301.0,0.69,29.59,92.24,Minority,Low_poverty,LPM,40.6579228,-73.9192103
360470890001,619.0,0.0,23.1,100.0,Minority,Low_poverty,LPM,40.6603107,-73.9189403
360050044002,520.0,0.0,42.5,100.0,Minority,High_poverty,HPM,40.8265865,-73.8689328
360810432001,1244.0,0.0,5.62,92.92,Minority,Low_poverty,LPM,40.6913472,-73.7758935
360050043003,1396.0,0.0,64.04,100.0,Minority,High_poverty,HPM,40.8122406,-73.9172907
360810166001,2255.0,5.72,11.91,22.4,Other,Low_poverty,LPO,40.6836622,-73.8218827
360810140002,1775.0,61.01,7.85,18.31,White,Low_poverty,LPW,40.7044319,-73.8301458
360471162001,376.0,0.0,25.8,89.1,Minority,Low_poverty,LPM,40.671475,-73.8854276
360050048002,2608.0,1.07,20.59,90.03,Minority,Low_poverty,LPM,40.8261454,-73.8745189
360470670002,2058.0,21.91,10.25,57.78,Minority,Low_poverty,LPM,40.6124484,-73.9218355
360610317043,1637.0,61.27,7.88,16.68,White,Low_poverty,LPW,40.7089572,-74.0159691
360470254002,786.0,47.33,27.99,0.0,Other,Low_poverty,LPO,40.6167141,-73.983865
360050183012,958.0,2.09,22.86,97.07,Minority,Low_poverty,LPM,40.8288607,-73.9206911
360810757012,1350.0,60.22,7.78,12.0,White,Low_poverty,LPW,40.7199046,-73.8376184
360850146062,2225.0,90.25,2.43,6.74,White,Low_poverty,LPW,40.5560202,-74.1427871
360610185002,2545.0,68.49,10.37,18.55,White,Low_poverty,LPW,40.7950993,-73.9677482
360050405024,1496.0,0.0,62.48,100.0,Minority,High_poverty,HPM,40.8654389,-73.8874053
360810337002,1291.0,4.18,2.56,60.26,Minority,Low_poverty,LPM,40.7569639,-73.8823068
360810212001,770.0,0.0,19.38,78.83,Minority,Low_poverty,LPM,40.7010496,-73.809147
360050401001,1307.0,3.75,29.15,94.42,Minority,Low_poverty,LPM,40.8650253,-73.8958818
360050307014,1591.0,81.4,0.0,14.71,White,Low_poverty,LPW,40.8864536,-73.9136072
360810404004,1341.0,0.0,0.68,92.84,Minority,Low_poverty,LPM,40.7036425,-73.7720493
360470106002,1587.0,9.96,32.01,25.77,Other,High_poverty,HPO,40.6384434,-74.007087
360050279003,2033.0,6.35,23.53,91.54,Minority,Low_poverty,LPM,40.8804976,-73.8975322
360050414003,1261.0,1.67,12.94,95.8,Minority,Low_poverty,LPM,40.9056984,-73.8509031
360470228002,1453.0,84.72,56.49,10.32,White,High_poverty,HPW,40.63772,-73.9806283
360610169003,1265.0,83.24,0.0,7.27,White,Low_poverty,LPW,40.7864283,-73.9740754
360470293004,779.0,14.25,13.86,83.44,Minority,Low_poverty,LPM,40.6863975,-73.932741
360050212004,1006.0,1.59,14.12,70.58,Minority,Low_poverty,LPM,40.8351359,-73.8594606
360610080003,570.0,77.54,0.0,3.16,White,Low_poverty,LPW,40.7470384,-73.9782125
360471010001,1343.0,3.28,18.11,89.57,Minority,Low_poverty,LPM,40.6369225,-73.8958355
360470147001,874.0,53.43,19.44,38.21,White,Low_poverty,LPW,40.66073,-73.9888442
360470049003,651.0,69.28,4.92,8.6,White,Low_poverty,LPW,40.685991,-73.9994072
360610222002,1585.0,39.81,22.15,49.28,Other,Low_poverty,LPO,40.807741,-73.9473663
360610177006,977.0,86.28,13.61,6.14,White,Low_poverty,LPW,40.7888996,-73.9689712
360471522001,1395.0,31.25,9.25,32.69,Other,Low_poverty,LPO,40.6447153,-73.9687465
360470403003,912.0,12.06,21.27,85.74,Minority,Low_poverty,LPM,40.685465,-73.909035
360050229022,1082.0,2.96,24.21,84.11,Minority,Low_poverty,LPM,40.8442004,-73.9062265
360610064002,1368.0,77.49,18.13,10.31,White,Low_poverty,LPW,40.737092,-73.9829493
360470792001,1248.0,2.64,16.35,93.43,Minority,Low_poverty,LPM,40.6455287,-73.9535104
360811579011,757.0,21.8,0.0,29.06,Other,Low_poverty,LPO,40.7470703,-73.7053277
360610147001,3475.0,52.35,4.96,15.22,White,Low_poverty,LPW,40.7713285,-73.9888036
360050160001,1663.0,50.27,9.4,46.9,White,Low_poverty,LPW,40.8313923,-73.8170385
360610097003,766.0,43.73,8.36,49.35,Other,Low_poverty,LPO,40.7485963,-73.9981152
360610089004,953.0,64.64,9.06,11.54,White,Low_poverty,LPW,40.7458221,-74.0036736
360610055011,1683.0,65.89,10.01,5.47,White,Low_poverty,LPW,40.728814,-73.9951603
360610062001,1928.0,35.48,57.99,51.5,Minority,High_poverty,HPM,40.7392964,-73.9751446
360610088001,622.0,83.28,13.99,3.05,White,Low_poverty,LPW,40.7502026,-73.9728661
360610002023,1364.0,0.0,62.39,75.74,Minority,High_poverty,HPM,40.7123364,-73.98296
360610232004,3268.0,10.4,30.11,88.31,Minority,High_poverty,HPM,40.8222363,-73.9404974
360470512001,1953.0,23.66,32.54,68.51,Minority,High_poverty,HPM,40.6479428,-73.9633956
360050063002,253.0,0.0,1.98,94.87,Minority,Low_poverty,LPM,40.8217153,-73.9297088
360470584002,2337.0,62.43,5.73,15.06,White,Low_poverty,LPW,40.5938099,-73.9592817
360470594015,1367.0,89.1,32.77,1.17,White,High_poverty,HPW,40.5906922,-73.9492328
360470533001,902.0,88.8,60.98,2.77,White,High_poverty,HPW,40.7031287,-73.9553979
360470650002,1081.0,14.71,14.68,71.5,Minority,Low_poverty,LPM,40.6207766,-73.9330624
360470682001,1536.0,19.79,1.78,66.74,Minority,Low_poverty,LPM,40.6174568,-73.9250458
360810121001,1295.0,73.44,4.71,19.69,White,Low_poverty,LPW,40.7722446,-73.9027864
360810134001,1766.0,55.38,16.53,21.06,White,Low_poverty,LPW,40.7056827,-73.8333392
360810155002,820.0,73.29,7.68,12.68,White,Low_poverty,LPW,40.7604756,-73.9183272
360810542002,1352.0,23.15,2.14,42.01,Other,Low_poverty,LPO,40.7194506,-73.7460117
360810367002,1527.0,5.24,14.97,82.77,Minority,Low_poverty,LPM,40.7628563,-73.8678257
360850122003,833.0,97.6,4.45,2.4,White,Low_poverty,LPW,40.5765916,-74.115609
360610124002,1504.0,84.91,4.39,5.78,White,Low_poverty,LPW,40.7676691,-73.9546245
360810266001,1745.0,1.38,23.15,90.95,Minority,Low_poverty,LPM,40.6918812,-73.7816949
360810283001,1023.0,23.56,24.54,56.4,Minority,Low_poverty,LPM,40.7546446,-73.8852017
360810169003,1626.0,25.03,8.43,42.56,Other,Low_poverty,LPO,40.7475321,-73.9140209
360810103001,1505.0,63.26,16.74,32.22,White,Low_poverty,LPW,40.7831843,-73.9176095
360470181002,637.0,67.82,2.51,24.8,White,Low_poverty,LPW,40.6877638,-73.9732509
360470235001,2822.0,59.67,24.63,33.74,White,Low_poverty,LPW,40.6917198,-73.9576265
360610166001,366.0,27.05,22.13,72.95,Minority,Low_poverty,LPM,40.7906033,-73.9464276
360850156023,729.0,95.61,0.0,2.47,White,Low_poverty,LPW,40.5378627,-74.1642802
360850170081,2754.0,81.52,5.37,9.19,White,Low_poverty,LPW,40.5612502,-74.1769704
360470754001,633.0,97.79,17.54,2.21,White,Low_poverty,LPW,40.6226691,-73.9509375
360470912001,1454.0,0.0,34.18,96.97,Minority,High_poverty,HPM,40.6666665,-73.9080285
360470988002,1515.0,6.4,6.53,74.25,Minority,Low_poverty,LPM,40.6421749,-73.8963941
360471098001,1489.0,5.84,14.64,93.35,Minority,Low_poverty,LPM,40.6545238,-73.897599
360810057002,492.0,32.32,0.0,49.8,Other,Low_poverty,LPO,40.7589007,-73.9278767
360470794001,1037.0,9.35,8.97,87.75,Minority,Low_poverty,LPM,40.6489048,-73.9556083
360470229003,560.0,42.5,3.21,46.79,Other,Low_poverty,LPO,40.6861064,-73.9580598
360470856002,1033.0,4.94,12.1,92.74,Minority,Low_poverty,LPM,40.6482219,-73.9443291
360470724001,1109.0,4.51,6.85,93.87,Minority,Low_poverty,LPM,40.6342874,-73.9241457
360810462002,2362.0,1.61,10.63,50.6,Minority,Low_poverty,LPM,40.7099047,-73.787923
360811129003,869.0,61.68,7.83,14.73,White,Low_poverty,LPW,40.7633819,-73.7753254
360050169001,1633.0,0.31,47.33,99.69,Minority,High_poverty,HPM,40.8377899,-73.9027247
360470232005,1194.0,53.18,62.16,28.64,White,High_poverty,HPW,40.6363909,-73.985318
360470846002,898.0,5.23,9.69,94.1,Minority,Low_poverty,LPM,40.6411133,-73.9273931
360610150021,1764.0,73.7,5.56,15.64,White,Low_poverty,LPW,40.7827626,-73.9563705
360610232002,2804.0,7.1,29.96,88.13,Minority,Low_poverty,LPM,40.8197423,-73.9385995
360610253002,2709.0,11.44,33.56,88.55,Minority,High_poverty,HPM,40.8432257,-73.937273
360610173001,808.0,93.94,4.46,6.06,White,Low_poverty,LPW,40.7874239,-73.9733477
360610165001,1349.0,76.8,5.63,5.93,White,Low_poverty,LPW,40.7816849,-73.9738226
360610235021,1986.0,12.39,18.88,84.09,Minority,Low_poverty,LPM,40.8278881,-73.9389277
360610070002,1541.0,72.74,2.53,18.3,White,Low_poverty,LPW,40.7433457,-73.9783601
360610139007,1208.0,87.42,10.26,0.0,White,Low_poverty,LPW,40.7676559,-73.984046
360470582003,1214.0,64.17,25.45,20.92,White,Low_poverty,LPW,40.599586,-73.9598689
360470382001,644.0,6.68,22.59,21.89,Other,Low_poverty,LPO,40.5902622,-73.9825644
360810997032,1456.0,50.89,4.24,11.81,White,Low_poverty,LPW,40.7842856,-73.7742654
360470314003,718.0,98.75,2.09,1.25,White,Low_poverty,LPW,40.588743,-73.9911361
360050225003,1560.0,5.9,21.03,94.1,Minority,Low_poverty,LPM,40.8380525,-73.9101141
360050159001,1540.0,0.58,44.9,98.96,Minority,High_poverty,HPM,40.8225543,-73.8927741
360470398002,845.0,21.07,26.27,6.75,Other,Low_poverty,LPO,40.5952887,-73.9787311
360050385004,1890.0,1.11,54.09,98.04,Minority,High_poverty,HPM,40.8543695,-73.8932007
360050324002,1600.0,16.31,35.31,64.57,Minority,High_poverty,HPM,40.8641827,-73.8601562
360811301002,1331.0,18.03,3.83,61.23,Minority,Low_poverty,LPM,40.7323616,-73.7432845
360811291045,1283.0,41.62,5.07,20.27,Other,Low_poverty,LPO,40.7404959,-73.7543947
360610120004,1440.0,90.14,7.78,8.4,White,Low_poverty,LPW,40.7681845,-73.9641993
360610174012,1605.0,11.09,58.16,77.76,Minority,High_poverty,HPM,40.7945969,-73.9498327
360610080001,837.0,60.45,7.29,10.63,White,Low_poverty,LPW,40.7498429,-73.976168
360610045001,980.0,63.88,8.78,7.55,White,Low_poverty,LPW,40.7205701,-73.9993912
360610075002,1178.0,75.64,4.16,11.72,White,Low_poverty,LPW,40.7355056,-74.0083973
360810466001,2507.0,9.73,18.19,50.22,Minority,Low_poverty,LPM,40.714445,-73.7853967
360470171003,945.0,68.68,4.66,11.86,White,Low_poverty,LPW,40.6562594,-73.9767264
360050235022,832.0,0.0,24.4,94.83,Minority,Low_poverty,LPM,40.8505956,-73.9038617
360610287003,1756.0,17.2,25.11,79.78,Minority,Low_poverty,LPM,40.8641795,-73.9274659
360610233001,1971.0,29.88,7.76,55.0,Minority,Low_poverty,LPM,40.8289458,-73.9513615
360610157003,1621.0,82.97,2.59,0.0,White,Low_poverty,LPW,40.7764716,-73.9776191
360610220004,1342.0,15.5,14.53,61.92,Minority,Low_poverty,LPM,40.8058256,-73.9529099
360050147011,3211.0,0.78,60.28,96.98,Minority,High_poverty,HPM,40.8348255,-73.9072394
360050189002,2226.0,12.22,48.18,82.26,Minority,High_poverty,HPM,40.8321087,-73.9270099
360610086011,1450.0,49.72,1.1,4.28,Other,Low_poverty,LPO,40.746702,-73.9700902
360610186003,2333.0,1.2,36.35,87.74,Minority,High_poverty,HPM,40.8000968,-73.9501208
360610237002,2258.0,20.15,25.14,67.54,Minority,Low_poverty,LPM,40.8306255,-73.94856
360050403043,1343.0,1.12,58.71,98.89,Minority,High_poverty,HPM,40.8672397,-73.8942342
360050409002,2715.0,9.32,17.24,85.93,Minority,Low_poverty,LPM,40.8754635,-73.8896415
360050079005,536.0,0.0,53.54,95.9,Minority,High_poverty,HPM,40.8160448,-73.9046912
360610153001,1551.0,82.14,0.0,14.18,White,Low_poverty,LPW,40.7763909,-73.9813937
360610121004,1229.0,68.76,2.77,26.36,White,Low_poverty,LPW,40.7600418,-73.9914554
360610165002,1207.0,90.64,8.04,1.41,White,Low_poverty,LPW,40.7828905,-73.9766563
360610230004,2258.0,0.75,43.62,99.25,Minority,High_poverty,HPM,40.8196948,-73.9423536
360610237001,3024.0,22.09,23.78,71.9,Minority,Low_poverty,LPM,40.8296239,-73.9462587
360470182001,1145.0,30.13,22.45,14.41,Other,Low_poverty,LPO,40.6138519,-74.0017235
360610002022,2169.0,16.41,24.04,74.14,Minority,Low_poverty,LPM,40.7107822,-73.9830604
360610081003,772.0,55.7,0.0,31.35,White,Low_poverty,LPW,40.7389632,-73.9975276
360610041005,1361.0,30.57,15.65,14.7,Other,Low_poverty,LPO,40.7189369,-73.9983201
360610071004,1251.0,83.85,6.55,3.12,White,Low_poverty,LPW,40.7351036,-74.0009157
360610067002,1743.0,84.45,3.73,7.17,White,Low_poverty,LPW,40.7293005,-74.0035579
360610138004,1771.0,97.18,5.93,0.0,White,Low_poverty,LPW,40.7755799,-73.9533323
360050296001,1342.0,19.52,9.31,55.44,Minority,Low_poverty,LPM,40.8560913,-73.8405938
360470065007,425.0,85.18,0.0,7.53,White,Low_poverty,LPW,40.6758759,-74.0000906
360610130003,903.0,82.28,0.0,13.73,White,Low_poverty,LPW,40.7721244,-73.966233
360610137004,1219.0,89.01,4.18,8.94,White,Low_poverty,LPW,40.7667471,-73.9809318
360610180002,1500.0,10.67,18.73,87.0,Minority,Low_poverty,LPM,40.7930106,-73.9391448
360610168001,1729.0,2.6,63.91,86.76,Minority,High_poverty,HPM,40.7919889,-73.9496341
360610008001,1682.0,2.85,28.78,0.12,Other,Low_poverty,LPO,40.7135207,-73.9959652
360610114011,703.0,84.5,4.58,7.83,White,Low_poverty,LPW,40.7645019,-73.9696933
360610108007,1841.0,71.48,3.01,15.42,White,Low_poverty,LPW,40.7588178,-73.9671135
360810707003,1093.0,57.18,4.94,9.52,White,Low_poverty,LPW,40.7166337,-73.8550025
360810065021,1440.0,52.36,15.76,32.22,White,Low_poverty,LPW,40.765437,-73.9159443
360470323003,1161.0,21.27,25.93,76.4,Minority,Low_poverty,LPM,40.6646195,-73.9555227
360610115002,2141.0,27.93,20.46,36.71,Other,Low_poverty,LPO,40.757767,-73.9949686
360810073003,1160.0,65.78,12.24,15.69,White,Low_poverty,LPW,40.7661687,-73.9260513
360810352001,1237.0,1.05,18.77,89.98,Minority,Low_poverty,LPM,40.681006,-73.7552484
360470800001,1166.0,23.84,19.55,63.73,Minority,Low_poverty,LPM,40.661767,-73.953884
360470231002,1212.0,35.81,3.31,58.82,Minority,Low_poverty,LPM,40.6856302,-73.9605652
360050153003,1054.0,0.0,25.62,100.0,Minority,Low_poverty,LPM,40.8313101,-73.8948321
360470369001,1800.0,13.61,30.06,80.83,Minority,High_poverty,HPM,40.6800218,-73.9074585
360810779042,1416.0,45.55,0.0,7.91,Other,Low_poverty,LPO,40.7206576,-73.811477
360470776001,1276.0,6.11,7.52,82.05,Minority,Low_poverty,LPM,40.6315862,-73.9425888
360810051002,605.0,43.64,22.15,6.62,Other,Low_poverty,LPO,40.7551739,-73.9330145
360470442002,1135.0,95.86,14.1,2.47,White,Low_poverty,LPW,40.6116587,-73.9666285
360850177004,1018.0,91.75,0.0,4.52,White,Low_poverty,LPW,40.5938028,-74.1044316
360050194001,2375.0,15.07,18.19,76.0,Minority,Low_poverty,LPM,40.8330686,-73.8363043
360470219002,1124.0,21.09,20.82,62.9,Minority,Low_poverty,LPM,40.6721704,-73.9548208
360050273002,1768.0,4.41,17.31,84.27,Minority,Low_poverty,LPM,40.8756943,-73.9015121
360610059001,1223.0,95.09,2.45,4.9,White,Low_poverty,LPW,40.7325108,-73.9951038
360050098001,653.0,3.06,2.39,91.88,Minority,Low_poverty,LPM,40.8248716,-73.8509712
360470431004,1254.0,33.25,17.78,55.42,Minority,Low_poverty,LPM,40.7005151,-73.9212024
360470169002,1273.0,73.61,8.17,5.65,White,Low_poverty,LPW,40.6609695,-73.9815802
360470213003,1462.0,13.47,22.23,78.73,Minority,Low_poverty,LPM,40.6658808,-73.96063
360050210026,1045.0,3.35,17.89,73.2,Minority,Low_poverty,LPM,40.8381168,-73.8559601
360050145002,2380.0,0.0,35.71,100.0,Minority,High_poverty,HPM,40.8328489,-73.9083581
360050215021,1234.0,0.0,32.17,100.0,Minority,High_poverty,HPM,40.8492259,-73.9148595
360050145001,2716.0,6.74,26.72,91.06,Minority,Low_poverty,LPM,40.8309816,-73.905087
360470033002,3172.0,35.09,11.51,44.23,Other,Low_poverty,LPO,40.6885532,-73.979062
360470244003,1299.0,81.91,30.87,11.39,White,High_poverty,HPW,40.6229769,-73.9880886
360470250002,781.0,19.85,16.03,13.06,Other,Low_poverty,LPO,40.622266,-73.9968456
360610170004,2672.0,3.22,13.13,77.92,Minority,Low_poverty,LPM,40.7907658,-73.9407845
360810492003,2115.0,2.46,8.98,33.85,Other,Low_poverty,LPO,40.720715,-73.7554795
360470112003,1480.0,54.26,56.01,25.4,White,High_poverty,HPW,40.6419207,-73.9974934
360050365013,815.0,0.0,11.86,100.0,Minority,Low_poverty,LPM,40.8439928,-73.8871172
360050239002,1031.0,0.0,21.74,74.68,Minority,Low_poverty,LPM,40.8577198,-73.9032267
360810846021,925.0,10.27,24.86,50.49,Minority,Low_poverty,LPM,40.6651262,-73.8165809
360811409021,1370.0,28.1,12.41,3.94,Other,Low_poverty,LPO,40.7443136,-73.7842874
360810981002,1105.0,58.01,4.8,12.04,White,Low_poverty,LPW,40.7910079,-73.8146861
360470408003,1535.0,21.82,7.36,6.32,Other,Low_poverty,LPO,40.6013185,-73.9802224
360470415002,1546.0,17.98,13.78,73.22,Minority,Low_poverty,LPM,40.6910012,-73.9147281
360470262001,1236.0,32.93,12.06,16.26,Other,Low_poverty,LPO,40.6195412,-73.9963502
360470295002,1067.0,13.21,29.43,81.16,Minority,Low_poverty,LPM,40.6840012,-73.9307692
360470302001,1630.0,27.91,10.74,5.64,Other,Low_poverty,LPO,40.5970575,-73.9928431
360470375003,988.0,4.96,18.46,86.34,Minority,Low_poverty,LPM,40.6870016,-73.9208654
360470394002,814.0,80.84,25.92,19.16,White,Low_poverty,LPW,40.5990978,-73.9644673
360050319001,633.0,50.55,76.39,41.7,White,High_poverty,HPW,40.9128602,-73.9069116
360050442005,614.0,0.16,18.24,92.35,Minority,Low_poverty,LPM,40.9030036,-73.8476254
360470003015,472.0,95.55,0.0,4.44,White,Low_poverty,LPW,40.69741,-73.9976667
360810455005,3887.0,13.09,18.19,60.31,Minority,Low_poverty,LPM,40.7355872,-73.8622281
360810954003,1878.0,23.8,26.46,65.97,Minority,Low_poverty,LPM,40.589948,-73.799685
360810779071,1704.0,56.46,14.73,34.91,White,Low_poverty,LPW,40.7259522,-73.8189992
360810972031,789.0,5.7,4.18,87.96,Minority,Low_poverty,LPM,40.5974311,-73.7778468
360470052021,1033.0,87.8,6.84,7.84,White,Low_poverty,LPW,40.6199914,-74.0399197
360470119001,390.0,68.46,10.0,26.92,White,Low_poverty,LPW,40.6735403,-73.9909398
360050212002,956.0,0.0,10.77,67.15,Minority,Low_poverty,LPM,40.8370689,-73.8592321
360050237043,1088.0,0.0,54.69,100.0,Minority,High_poverty,HPM,40.8554479,-73.9018566
360050274011,701.0,70.19,5.14,26.68,White,Low_poverty,LPW,40.8454072,-73.8233802
360470292001,1196.0,33.53,21.49,42.98,Other,Low_poverty,LPO,40.597132,-74.0007017
360050227031,1688.0,4.38,31.64,89.51,Minority,High_poverty,HPM,40.8440365,-73.9105204
360811483002,584.0,43.49,5.65,8.56,Other,Low_poverty,LPO,40.7697181,-73.750208
360811571013,521.0,50.86,2.5,26.68,White,Low_poverty,LPW,40.743114,-73.7241553
360470445002,1752.0,17.12,28.2,75.74,Minority,Low_poverty,LPM,40.7039484,-73.9207835
360470511002,1129.0,65.72,21.26,22.23,White,Low_poverty,LPW,40.7075553,-73.9485855
360470556001,1376.0,93.97,19.12,0.29,White,Low_poverty,LPW,40.6033433,-73.9582027
360470902005,654.0,1.38,33.94,97.71,Minority,High_poverty,HPM,40.6677987,-73.9146295
360470186001,1234.0,45.38,17.67,4.94,Other,Low_poverty,LPO,40.6149784,-74.0040053
360470194003,591.0,61.93,6.47,1.86,White,Low_poverty,LPW,40.626648,-74.0026225
360050243002,1636.0,1.04,22.49,95.66,Minority,Low_poverty,LPM,40.8525132,-73.9126134
360811047005,1072.0,33.49,7.65,19.96,Other,Low_poverty,LPO,40.7769793,-73.8217659
360811195001,1453.0,30.9,8.05,24.44,Other,Low_poverty,LPO,40.7548673,-73.799471
360811227013,2199.0,34.15,5.23,5.77,Other,Low_poverty,LPO,40.7292634,-73.8082093
360470482004,2026.0,63.43,8.0,16.23,White,Low_poverty,LPW,40.6328337,-73.970823
360470498003,636.0,51.57,1.26,18.87,White,Low_poverty,LPW,40.6443693,-73.9859486
360050363001,1061.0,5.18,63.71,94.81,Minority,High_poverty,HPM,40.8456151,-73.8804823
360050233021,1652.0,1.88,28.63,94.19,Minority,Low_poverty,LPM,40.8483927,-73.9042003
360470226001,1242.0,51.85,26.01,36.23,White,Low_poverty,LPW,40.6414423,-73.9854314
360470233003,1223.0,63.12,17.99,22.41,White,Low_poverty,LPW,40.6888989,-73.9560669
360470954003,1172.0,0.77,19.8,99.24,Minority,Low_poverty,LPM,40.6371987,-73.9126553
360471104001,1078.0,0.0,7.05,100.0,Minority,Low_poverty,LPM,40.6548253,-73.8903341
360810185023,981.0,73.7,4.63,5.51,White,Low_poverty,LPW,40.7406084,-73.9225271
360850303023,2272.0,24.34,21.61,60.12,Minority,Low_poverty,LPM,40.624234,-74.159645
360610016005,1245.0,31.16,19.0,5.47,Other,Low_poverty,LPO,40.7151811,-73.9913783
360610050004,919.0,88.03,13.6,7.4,White,Low_poverty,LPW,40.734293,-73.9874986
360610075001,1549.0,72.63,3.94,7.69,White,Low_poverty,LPW,40.7338139,-74.0095895
360470608003,1348.0,71.36,11.05,10.39,White,Low_poverty,LPW,40.5839808,-73.9531593
360050019003,866.0,10.85,33.94,84.65,Minority,High_poverty,HPM,40.8025369,-73.9110671
360050051001,365.0,0.0,61.64,100.0,Minority,High_poverty,HPM,40.8125253,-73.9296789
360050179011,2597.0,0.0,34.31,97.85,Minority,High_poverty,HPM,40.8346397,-73.9144041
360850128042,1305.0,82.61,11.34,7.05,White,Low_poverty,LPW,40.5623418,-74.0998638
360850146043,2451.0,74.58,6.0,9.34,White,Low_poverty,LPW,40.551041,-74.1639505
360850170111,2543.0,81.68,11.3,15.89,White,Low_poverty,LPW,40.5475116,-74.1703829
360050002003,1219.0,0.82,7.55,93.03,Minority,Low_poverty,LPM,40.8081798,-73.8566782
360850067001,956.0,81.9,1.06,8.89,White,Low_poverty,LPW,40.6372068,-74.0986913
360810552001,1697.0,3.48,8.66,76.96,Minority,Low_poverty,LPM,40.7281891,-73.7502168
360810567002,1601.0,33.92,0.0,62.15,Minority,Low_poverty,LPM,40.6958539,-73.8913752
360811291042,1102.0,47.73,2.63,37.48,Other,Low_poverty,LPO,40.7375181,-73.7443083
360810062025,1288.0,58.93,17.78,31.75,White,Low_poverty,LPW,40.6650777,-73.8529895
360810271005,2307.0,5.29,19.46,23.49,Other,Low_poverty,LPO,40.7430857,-73.8805994
360810603001,2095.0,58.52,13.7,35.94,White,Low_poverty,LPW,40.7139219,-73.8990012
360810616022,457.0,3.94,2.63,84.91,Minority,Low_poverty,LPM,40.6757243,-73.7306952
360050348002,2634.0,0.0,37.17,96.58,Minority,High_poverty,HPM,40.8703117,-73.8522441
360050342002,1173.0,7.59,15.0,80.48,Minority,Low_poverty,LPM,40.8675503,-73.8600535
360050380003,1554.0,8.11,56.63,91.9,Minority,High_poverty,HPM,40.8794211,-73.8632298
360810639002,641.0,49.3,7.96,29.33,Other,Low_poverty,LPO,40.7027352,-73.8556774
360850114012,2382.0,35.35,29.64,43.28,Other,Low_poverty,LPO,40.5857452,-74.1004282
360050184002,1267.0,39.62,10.73,50.28,Minority,Low_poverty,LPM,40.8364917,-73.8274216
360050397001,3137.0,67.8,32.87,21.14,White,High_poverty,HPW,40.8617888,-73.88515
360470145001,1282.0,53.59,5.62,31.2,White,Low_poverty,LPW,40.6601235,-73.992902
360470274001,1403.0,33.5,16.16,20.74,Other,Low_poverty,LPO,40.6097876,-73.9946575
360810721005,903.0,78.41,26.47,8.08,White,Low_poverty,LPW,40.7299077,-73.8527446
360810779021,994.0,96.68,13.38,0.0,White,Low_poverty,LPW,40.7279207,-73.823583
