origin_geoid,Tot_Population_ACS_15_19,pct_NH_White_alone_ACS_15_19,pct_Prs_Blw_Pov_Lev_ACS_15_19,pct_Minority,Race,Poverty,origin_geoid_type,latitude,longitude
421010149003,734.0,0.0,71.66,98.23,Minority,High_poverty,HPM,39.9814415,-75.1787628
421010305012,2416.0,10.55,33.73,82.37,Minority,High_poverty,HPM,40.0408809,-75.0998777
421010110004,1551.0,3.68,41.97,78.53,Minority,High_poverty,HPM,39.9731947,-75.2016854
421010318004,895.0,6.48,35.31,79.1,Minority,High_poverty,HPM,40.0311358,-75.0817104
421010315022,939.0,54.74,15.87,22.79,White,Low_poverty,LPW,40.0414531,-75.0526151
421010008034,376.0,97.34,0.0,0.0,White,Low_poverty,LPW,39.9496594,-75.1734583
421010169011,1274.0,0.71,40.5,99.29,Minority,High_poverty,HPM,39.9947971,-75.1734841
421010012014,897.0,81.27,5.57,6.02,White,Low_poverty,LPW,39.9464336,-75.1800053
421010372001,755.0,92.98,0.0,2.78,White,Low_poverty,LPW,39.9139961,-75.1690391
421010362021,1159.0,63.93,9.57,36.07,White,Low_poverty,LPW,40.0915151,-74.9795362
421010294001,876.0,2.4,56.16,97.6,Minority,High_poverty,HPM,40.0122674,-75.0830242
421010115001,1156.0,4.33,7.01,93.43,Minority,Low_poverty,LPM,39.9796773,-75.2510582
421010071021,894.0,0.56,30.65,97.32,Minority,High_poverty,HPM,39.9428894,-75.2254638
421010212002,1171.0,76.0,10.69,23.57,White,Low_poverty,LPW,40.0324461,-75.2103177
421010028022,1303.0,86.72,5.6,4.68,White,Low_poverty,LPW,39.9271524,-75.1642307
421010376001,855.0,12.05,60.41,58.13,Minority,High_poverty,HPM,39.9595825,-75.1517468
421010286002,299.0,0.0,19.06,100.0,Minority,Low_poverty,LPM,40.0251025,-75.1305046
421010084003,414.0,1.21,30.71,98.8,Minority,High_poverty,HPM,39.9571335,-75.2367224
421010180012,1263.0,73.48,15.12,14.56,White,Low_poverty,LPW,39.9828809,-75.111172
421010300002,880.0,6.59,26.48,89.77,Minority,Low_poverty,LPM,40.0201045,-75.074565
421010176021,1745.0,4.24,47.45,94.27,Minority,High_poverty,HPM,39.9967516,-75.12766
421010310004,1194.0,20.94,42.04,64.57,Minority,High_poverty,HPM,40.0450827,-75.0747364
421010289011,1889.0,4.08,41.93,77.29,Minority,High_poverty,HPM,40.0207631,-75.1183592
421010101005,455.0,0.0,0.0,100.0,Minority,Low_poverty,LPM,39.9704053,-75.2456527
421010179003,1185.0,23.04,24.22,76.96,Minority,Low_poverty,LPM,39.9847086,-75.1136157
421010001001,1910.0,74.19,6.65,16.29,White,Low_poverty,LPW,39.9503535,-75.1452986
421010290003,3372.0,3.2,51.6,76.98,Minority,High_poverty,HPM,40.0303486,-75.1204667
421010169022,690.0,0.0,64.64,100.0,Minority,High_poverty,HPM,39.9909531,-75.1832003
421010372004,1564.0,11.38,26.92,38.37,Other,Low_poverty,LPO,39.9121363,-75.1543358
421010019002,1647.0,69.1,19.61,28.54,White,Low_poverty,LPW,39.9401848,-75.1753318
421010210003,1143.0,86.61,7.61,13.38,White,Low_poverty,LPW,40.0244115,-75.2100133
421010028023,936.0,64.74,10.9,11.0,White,Low_poverty,LPW,39.9287981,-75.1600909
421010134023,1626.0,78.84,5.66,15.01,White,Low_poverty,LPW,39.9643154,-75.1690125
421010147002,1616.0,44.86,73.26,41.83,Other,High_poverty,HPO,39.9787263,-75.1610477
421010042013,899.0,85.98,9.79,14.02,White,Low_poverty,LPW,39.9204246,-75.1489595
421010341003,996.0,52.91,6.53,25.4,White,Low_poverty,LPW,40.072752,-75.0805688
421010027012,1232.0,31.01,20.7,62.99,Minority,Low_poverty,LPM,39.9261142,-75.1542479
421010172022,1026.0,0.0,22.32,100.0,Minority,Low_poverty,LPM,39.9984674,-75.1751387
421010164001,1081.0,0.0,33.95,100.0,Minority,High_poverty,HPM,39.9906068,-75.1410087
421010100002,1193.0,4.11,14.42,90.11,Minority,Low_poverty,LPM,39.9706075,-75.2485211
421010180011,1006.0,84.79,7.65,11.33,White,Low_poverty,LPW,39.9796236,-75.1133588
421010248002,1354.0,2.73,15.73,97.27,Minority,Low_poverty,LPM,40.0461452,-75.1679738
421010314011,2284.0,25.48,26.05,50.7,Minority,Low_poverty,LPM,40.048905,-75.0662618
421010109001,1106.0,4.52,44.12,89.15,Minority,High_poverty,HPM,39.9660014,-75.1922776
421010040011,1354.0,52.88,9.75,47.12,White,Low_poverty,LPW,39.9249151,-75.1641807
421010136022,1391.0,80.37,9.92,6.54,White,Low_poverty,LPW,39.9720481,-75.1830155
421010379002,732.0,100.0,3.55,0.0,White,Low_poverty,LPW,39.9880874,-75.0998424
421010337012,976.0,67.01,15.47,8.09,White,Low_poverty,LPW,40.0654581,-75.0516183
421010158004,809.0,100.0,13.1,0.0,White,Low_poverty,LPW,39.9704278,-75.1328532
421010067002,744.0,4.7,11.83,40.59,Other,Low_poverty,LPO,39.9195422,-75.2246281
421010202002,597.0,0.0,29.31,100.0,Minority,Low_poverty,LPM,40.0075532,-75.1665703
421010359001,2815.0,68.06,14.21,11.16,White,Low_poverty,LPW,40.1167479,-75.0163152
421010266001,880.0,0.0,18.75,100.0,Minority,Low_poverty,LPM,40.0616292,-75.1446125
421010040012,887.0,78.8,19.95,14.66,White,Low_poverty,LPW,39.9224562,-75.1647155
421010175003,1191.0,0.0,70.03,94.03,Minority,High_poverty,HPM,39.9934287,-75.1442938
421010013004,1183.0,30.43,1.94,67.88,Minority,Low_poverty,LPM,39.9429661,-75.1819568
421010195023,422.0,0.0,55.69,100.0,Minority,High_poverty,HPM,40.0026911,-75.1309215
421010071025,953.0,0.0,19.83,98.32,Minority,Low_poverty,LPM,39.9403532,-75.2313861
421010074004,1618.0,4.02,13.29,83.56,Minority,Low_poverty,LPM,39.9408443,-75.2181493
421010074003,1122.0,2.14,38.68,92.6,Minority,High_poverty,HPM,39.9410925,-75.2151804
421010298003,519.0,24.86,13.1,69.56,Minority,Low_poverty,LPM,40.0160718,-75.0683023
421010195012,1788.0,11.02,35.18,88.98,Minority,High_poverty,HPM,39.9998304,-75.1269981
421010012025,732.0,77.05,9.15,13.8,White,Low_poverty,LPW,39.9472612,-75.1729066
421010064002,1391.0,8.27,32.57,91.73,Minority,High_poverty,HPM,39.9282061,-75.241602
421010174001,1490.0,1.95,26.59,93.28,Minority,Low_poverty,LPM,39.9963476,-75.1486962
421010356021,1286.0,77.22,0.0,2.18,White,Low_poverty,LPW,40.1034947,-75.0464169
421010010023,1258.0,83.86,12.72,10.33,White,Low_poverty,LPW,39.9466591,-75.1468593
421010013003,621.0,55.56,2.42,39.77,White,Low_poverty,LPW,39.9405712,-75.1796252
421010263013,791.0,3.79,8.72,96.21,Minority,Low_poverty,LPM,40.0736319,-75.1611634
421010378002,443.0,78.33,16.08,18.51,White,Low_poverty,LPW,39.9825948,-75.0924344
421010190002,2046.0,12.07,20.09,85.83,Minority,Low_poverty,LPM,40.0111265,-75.0989041
421010085004,477.0,12.79,39.2,79.45,Minority,High_poverty,HPM,39.9544247,-75.2290774
421010164004,1316.0,10.41,43.31,89.59,Minority,High_poverty,HPM,39.9880032,-75.1437985
421010256002,723.0,50.35,0.0,45.37,White,Low_poverty,LPW,40.063575,-75.1895962
421010330002,763.0,38.4,18.35,51.51,Minority,Low_poverty,LPM,40.0359991,-75.0326434
421010102003,1312.0,0.0,33.54,97.56,Minority,High_poverty,HPM,39.969392,-75.2304648
421010365011,1948.0,72.95,18.32,23.61,White,Low_poverty,LPW,40.1261055,-75.0111649
421010201023,1002.0,0.0,39.32,100.0,Minority,High_poverty,HPM,40.0113183,-75.156507
421010365013,988.0,48.18,25.3,31.48,Other,Low_poverty,LPO,40.1262866,-75.0178343
421010262004,1198.0,2.25,13.44,96.49,Minority,Low_poverty,LPM,40.0647199,-75.1706407
421010372002,1688.0,65.4,10.55,1.24,White,Low_poverty,LPW,39.9134049,-75.1626612
421010300003,1391.0,2.95,76.06,90.44,Minority,High_poverty,HPM,40.0173532,-75.0770672
421010110002,709.0,2.96,29.06,97.04,Minority,Low_poverty,LPM,39.9753585,-75.2113476
421010207002,1028.0,79.38,19.84,5.93,White,Low_poverty,LPW,40.0141851,-75.1886079
421010320005,956.0,42.68,0.0,57.32,Minority,Low_poverty,LPM,40.026253,-75.0598548
421010388003,689.0,59.51,10.6,35.56,White,Low_poverty,LPW,40.0565026,-75.1916464
421010372003,695.0,94.1,10.07,0.0,White,Low_poverty,LPW,39.9147781,-75.165994
421010257001,1993.0,28.9,14.6,61.82,Minority,Low_poverty,LPM,40.0738157,-75.194458
421010119001,1436.0,0.0,33.91,98.89,Minority,High_poverty,HPM,39.9854144,-75.2305955
421010133002,1135.0,46.26,28.11,49.7,Other,Low_poverty,LPO,39.9683951,-75.1623497
421010039022,893.0,92.39,11.42,0.0,White,Low_poverty,LPW,39.9163814,-75.1731737
421010106001,759.0,6.32,47.46,81.82,Minority,High_poverty,HPM,39.9655363,-75.2098288
421010030022,710.0,34.37,35.07,60.85,Minority,High_poverty,HPM,39.9334004,-75.1716147
421010314014,880.0,32.73,33.86,16.6,Other,High_poverty,HPO,40.0438373,-75.0682869
421010062002,1415.0,7.14,39.22,92.87,Minority,High_poverty,HPM,39.9191022,-75.2316551
421010137005,1297.0,42.48,19.81,47.96,Other,Low_poverty,LPO,39.9779768,-75.1866322
421010209001,847.0,85.24,8.37,12.52,White,Low_poverty,LPW,40.0204913,-75.2090054
421010357012,2720.0,44.49,22.98,16.29,Other,Low_poverty,LPO,40.1127389,-75.0266948
421010166001,1723.0,11.38,37.61,84.62,Minority,High_poverty,HPM,39.9895152,-75.1531872
421010277005,409.0,7.58,18.34,92.42,Minority,Low_poverty,LPM,40.049722,-75.1555387
421010063003,1119.0,4.38,48.61,88.56,Minority,High_poverty,HPM,39.9229634,-75.2373256
421010122031,633.0,22.43,29.23,33.96,Other,Low_poverty,LPO,40.0074672,-75.2093449
421010104001,696.0,17.24,88.65,82.76,Minority,High_poverty,HPM,39.9682441,-75.2216924
421010149004,420.0,24.29,30.48,49.76,Other,High_poverty,HPO,39.9817402,-75.181082
421010078001,1136.0,42.96,54.03,50.44,Minority,High_poverty,HPM,39.9454443,-75.2133123
421010095003,346.0,0.0,28.32,93.06,Minority,Low_poverty,LPM,39.9631392,-75.2387501
421010210005,1231.0,80.91,17.66,12.83,White,Low_poverty,LPW,40.0229226,-75.2125741
421010301003,838.0,49.28,35.32,50.71,Minority,High_poverty,HPM,40.0199991,-75.0895926
421010329002,623.0,54.9,16.56,41.9,White,Low_poverty,LPW,40.034818,-75.0241337
421010252007,1371.0,0.0,29.32,95.92,Minority,Low_poverty,LPM,40.0497991,-75.1762204
421010261002,989.0,7.58,15.51,92.42,Minority,Low_poverty,LPM,40.0676553,-75.1775124
421010316005,858.0,45.92,7.58,54.08,Minority,Low_poverty,LPM,40.0328411,-75.0595993
421010178001,989.0,32.76,67.44,62.59,Minority,High_poverty,HPM,39.9946981,-75.11358
421010033002,885.0,40.9,25.99,39.32,Other,Low_poverty,LPO,39.9400973,-75.1971737
421010195021,1157.0,3.11,59.98,91.79,Minority,High_poverty,HPM,40.0039208,-75.1327657
421010168003,654.0,0.31,66.14,99.7,Minority,High_poverty,HPM,39.9889979,-75.1649617
421010314022,1685.0,12.11,42.73,50.68,Minority,High_poverty,HPM,40.0404167,-75.0620784
421010267002,403.0,0.0,10.92,94.04,Minority,Low_poverty,LPM,40.0539834,-75.1443724
421010345022,2614.0,66.14,22.49,21.15,White,Low_poverty,LPW,40.080414,-75.0342989
421010336004,1276.0,56.82,25.1,29.7,White,Low_poverty,LPW,40.0631412,-75.0616768
421010313003,1209.0,26.55,35.24,46.15,Other,High_poverty,HPO,40.038185,-75.0717185
421010200001,364.0,0.55,24.18,94.24,Minority,Low_poverty,LPM,39.9999436,-75.1511448
421010004021,1881.0,84.69,1.59,4.41,White,Low_poverty,LPW,39.9541786,-75.1722383
421010271002,1057.0,1.61,8.04,66.41,Minority,Low_poverty,LPM,40.0473915,-75.1241688
421010302004,1898.0,0.84,0.0,99.15,Minority,Low_poverty,LPM,40.0264836,-75.0868034
421010380001,1135.0,50.66,27.74,47.49,White,Low_poverty,LPW,40.0036406,-75.0842385
421010311011,1697.0,22.45,34.0,66.23,Minority,High_poverty,HPM,40.0433125,-75.076424
421010018002,2212.0,63.34,5.74,27.58,White,Low_poverty,LPW,39.9402902,-75.1610854
421010362014,1097.0,82.13,4.47,13.58,White,Low_poverty,LPW,40.0779469,-74.9867596
421010007002,1665.0,70.45,14.07,14.71,White,Low_poverty,LPW,39.950701,-75.1689153
421010080002,721.0,31.76,17.75,61.17,Minority,Low_poverty,LPM,39.9490058,-75.225227
421010282003,1935.0,5.94,32.36,75.71,Minority,High_poverty,HPM,40.0366822,-75.1417641
421010078002,430.0,57.67,24.19,42.32,White,Low_poverty,LPW,39.9451441,-75.216386
421010188001,1324.0,10.8,64.73,89.2,Minority,High_poverty,HPM,39.9992509,-75.1004104
421010362023,1538.0,71.26,0.46,12.68,White,Low_poverty,LPW,40.0773385,-74.9807978
421010379001,367.0,89.1,13.16,8.17,White,Low_poverty,LPW,39.9867399,-75.1029931
421010031005,764.0,8.64,13.09,88.61,Minority,Low_poverty,LPM,39.9319467,-75.1780356
421010157002,974.0,54.0,20.23,43.33,White,Low_poverty,LPW,39.9788673,-75.1352374
421010379005,613.0,93.8,3.1,6.2,White,Low_poverty,LPW,39.9863212,-75.0974779
421010042024,951.0,76.34,3.15,4.31,White,Low_poverty,LPW,39.9190501,-75.1531633
421010135004,1923.0,42.33,21.63,55.39,Minority,Low_poverty,LPM,39.9691756,-75.167297
421010266006,814.0,0.12,5.53,97.79,Minority,Low_poverty,LPM,40.0614446,-75.1495717
421010032001,780.0,12.18,29.74,79.62,Minority,Low_poverty,LPM,39.9348162,-75.1825357
421010308002,1243.0,48.27,6.36,35.39,Other,Low_poverty,LPO,40.0582419,-75.080991
421010192002,1438.0,30.88,45.73,59.39,Minority,High_poverty,HPM,40.0017582,-75.1133041
421010317005,1124.0,41.19,29.09,53.02,Minority,Low_poverty,LPM,40.0284604,-75.0708162
421010331024,1218.0,81.94,10.51,11.09,White,Low_poverty,LPW,40.0462736,-75.0298075
421010377002,2085.0,10.26,41.87,82.74,Minority,High_poverty,HPM,39.9814728,-75.1479146
421010024004,676.0,54.29,5.62,6.07,White,Low_poverty,LPW,39.9360574,-75.1569139
421010202006,1125.0,3.38,35.28,95.91,Minority,High_poverty,HPM,40.0076205,-75.163159
421010218002,2300.0,47.0,19.17,38.57,Other,Low_poverty,LPO,40.053008,-75.2333246
421010286006,970.0,4.33,62.89,95.67,Minority,High_poverty,HPM,40.0288666,-75.129593
421010041022,3257.0,18.51,36.48,32.51,Other,High_poverty,HPO,39.9165275,-75.1590378
421010320003,1127.0,38.78,13.84,54.12,Minority,Low_poverty,LPM,40.0278751,-75.0565805
421010081025,634.0,14.2,37.25,83.28,Minority,High_poverty,HPM,39.9534956,-75.2322655
421010300005,779.0,0.0,31.84,91.14,Minority,High_poverty,HPM,40.0141557,-75.0801649
421010273005,1800.0,4.17,17.94,67.45,Minority,Low_poverty,LPM,40.0414903,-75.1211609
421010213003,1017.0,79.84,6.81,13.86,White,Low_poverty,LPW,40.0306773,-75.2144891
421010253001,1360.0,8.01,35.15,88.31,Minority,High_poverty,HPM,40.0542428,-75.1788858
421010377003,650.0,6.77,29.85,93.23,Minority,Low_poverty,LPM,39.9835429,-75.147266
421010028025,1017.0,51.52,13.57,22.91,White,Low_poverty,LPW,39.9313119,-75.1594229
421010118003,1186.0,0.0,50.0,95.45,Minority,High_poverty,HPM,39.9822377,-75.2332026
421010276001,1531.0,0.65,21.1,97.13,Minority,Low_poverty,LPM,40.0422932,-75.1367655
421010331011,1572.0,76.59,16.09,17.24,White,Low_poverty,LPW,40.0396895,-75.0417774
421010289021,1560.0,8.78,41.22,91.15,Minority,High_poverty,HPM,40.0212839,-75.1071038
421010316003,811.0,25.4,30.19,26.64,Other,High_poverty,HPO,40.0291194,-75.0590297
421010033006,723.0,43.29,33.2,52.7,Minority,High_poverty,HPM,39.9352574,-75.1956987
421010265004,717.0,0.0,36.68,98.61,Minority,High_poverty,HPM,40.0575082,-75.152438
421010214003,552.0,91.85,9.06,2.89,White,Low_poverty,LPW,40.0277114,-75.2240078
421010311024,1581.0,14.86,6.39,73.12,Minority,Low_poverty,LPM,40.0379358,-75.0815402
421010279011,833.0,6.24,9.84,91.48,Minority,Low_poverty,LPM,40.0475935,-75.1529589
421010191001,942.0,4.99,4.14,59.55,Minority,Low_poverty,LPM,40.0118956,-75.1092516
421010276004,1091.0,0.0,7.97,95.42,Minority,Low_poverty,LPM,40.0456153,-75.1405361
421010176012,545.0,0.0,25.69,100.0,Minority,Low_poverty,LPM,39.9942548,-75.1387715
421010265001,743.0,6.86,7.67,93.14,Minority,Low_poverty,LPM,40.0623201,-75.1540415
421010078005,1262.0,61.57,23.45,18.3,White,Low_poverty,LPW,39.9477987,-75.2140426
421010246001,643.0,26.28,60.31,64.55,Minority,High_poverty,HPM,40.035134,-75.1696422
421010188005,519.0,5.78,47.4,94.22,Minority,High_poverty,HPM,39.9949464,-75.1107676
421010190004,1507.0,9.36,18.18,78.43,Minority,Low_poverty,LPM,40.0113951,-75.1009623
421010061001,2034.0,7.28,20.99,82.3,Minority,Low_poverty,LPM,39.9144534,-75.2289979
421010290002,2742.0,8.86,25.6,91.14,Minority,Low_poverty,LPM,40.0298782,-75.1140267
421010308003,2070.0,33.53,8.74,46.09,Other,Low_poverty,LPO,40.0544245,-75.0808156
421010197003,951.0,8.62,42.69,91.37,Minority,High_poverty,HPM,40.0184461,-75.1377887
421010033004,576.0,16.67,8.68,83.34,Minority,Low_poverty,LPM,39.9377697,-75.1951399
421010305011,1107.0,8.4,59.44,68.29,Minority,High_poverty,HPM,40.0448755,-75.0975071
421010243002,1343.0,21.15,28.82,75.57,Minority,Low_poverty,LPM,40.0222022,-75.1728836
421010041023,1408.0,51.21,48.08,5.54,White,High_poverty,HPW,39.9170307,-75.1629502
421010198002,974.0,2.05,82.44,85.01,Minority,High_poverty,HPM,40.0113317,-75.1428816
421010176013,1932.0,1.45,51.09,94.82,Minority,High_poverty,HPM,39.9920113,-75.1307181
421010192004,2687.0,6.92,51.84,88.09,Minority,High_poverty,HPM,40.0001699,-75.109289
421010301005,1450.0,20.9,35.38,75.65,Minority,High_poverty,HPM,40.0231249,-75.0889129
421010288001,1862.0,4.83,66.29,93.61,Minority,High_poverty,HPM,40.0202975,-75.1259111
421010377001,2578.0,49.69,53.38,35.76,Other,High_poverty,HPO,39.9831377,-75.1536135
421010172013,953.0,0.31,18.36,78.49,Minority,Low_poverty,LPM,40.0019434,-75.1678311
421010201011,1596.0,4.2,47.49,87.66,Minority,High_poverty,HPM,40.0057383,-75.155173
421010215002,1346.0,84.1,11.07,9.51,White,Low_poverty,LPW,40.031128,-75.230897
421010388004,1290.0,51.71,0.74,33.34,White,Low_poverty,LPW,40.0522921,-75.1970861
421010286001,2157.0,2.36,30.23,86.97,Minority,High_poverty,HPM,40.0283561,-75.1248049
421010283004,1584.0,0.0,28.6,92.11,Minority,Low_poverty,LPM,40.0232331,-75.1435077
421010008043,1197.0,76.11,20.22,9.27,White,Low_poverty,LPW,39.9482897,-75.1667707
421010025002,851.0,88.13,7.05,4.82,White,Low_poverty,LPW,39.9334457,-75.1467523
421010030015,732.0,21.31,25.99,56.7,Minority,Low_poverty,LPM,39.9304568,-75.1730479
421010373001,2030.0,88.08,1.87,2.61,White,Low_poverty,LPW,39.9104388,-75.1744804
421010081012,470.0,8.94,21.7,91.06,Minority,Low_poverty,LPM,39.9475059,-75.2378986
421010098011,1071.0,11.86,16.32,85.34,Minority,Low_poverty,LPM,39.9781951,-75.2653901
421010104003,1178.0,0.76,14.37,95.24,Minority,Low_poverty,LPM,39.9663262,-75.2192549
421010158003,1046.0,88.43,6.41,4.68,White,Low_poverty,LPW,39.9722853,-75.1269765
421010165002,655.0,0.15,28.09,99.84,Minority,Low_poverty,LPM,39.9905107,-75.1512853
421010209003,711.0,62.59,19.55,23.07,White,Low_poverty,LPW,40.0160625,-75.2090047
421010219001,1434.0,91.14,4.39,6.35,White,Low_poverty,LPW,40.0505488,-75.2468962
421010355001,2729.0,79.85,1.96,2.06,White,Low_poverty,LPW,40.0925747,-75.0222526
421010272002,2651.0,5.92,14.75,87.74,Minority,Low_poverty,LPM,40.0459315,-75.114602
421010361003,1729.0,76.58,15.38,22.73,White,Low_poverty,LPW,40.0942704,-74.9860371
421010351002,2239.0,79.9,5.84,13.0,White,Low_poverty,LPW,40.0466202,-74.9842838
421010348011,1423.0,94.87,3.58,3.51,White,Low_poverty,LPW,40.0540528,-75.0147916
421010340001,1284.0,67.45,0.0,29.98,White,Low_poverty,LPW,40.073371,-75.0714364
421010008031,659.0,81.64,13.66,11.99,White,Low_poverty,LPW,39.9496909,-75.1767849
421010356013,543.0,95.95,1.47,1.29,White,Low_poverty,LPW,40.0962989,-75.0439127
421010015002,2239.0,63.33,9.24,25.19,White,Low_poverty,LPW,39.9421477,-75.1611428
421010024003,1212.0,68.56,5.45,20.14,White,Low_poverty,LPW,39.9374869,-75.1593439
421010023002,1980.0,71.52,8.38,8.99,White,Low_poverty,LPW,39.9344077,-75.1625932
421010063004,1962.0,4.59,34.36,90.17,Minority,High_poverty,HPM,39.9196434,-75.2420076
421010067007,958.0,21.82,38.26,78.19,Minority,High_poverty,HPM,39.9274954,-75.223028
421010084001,935.0,3.74,9.84,95.08,Minority,Low_poverty,LPM,39.9559505,-75.2334768
421010091003,1257.0,23.31,69.93,60.38,Minority,High_poverty,HPM,39.9598442,-75.2006344
421010094004,1531.0,0.13,50.78,99.35,Minority,High_poverty,HPM,39.9641907,-75.2342929
421010111005,652.0,4.75,23.62,95.25,Minority,Low_poverty,LPM,39.974971,-75.2238138
421010113002,973.0,6.06,56.63,93.94,Minority,High_poverty,HPM,39.9782979,-75.2322545
421010120002,1411.0,31.89,14.83,56.42,Minority,Low_poverty,LPM,39.9965784,-75.2302799
421010131001,961.0,20.08,40.99,66.7,Minority,High_poverty,HPM,39.9656482,-75.1509037
421010132002,1703.0,15.8,32.3,68.23,Minority,High_poverty,HPM,39.9660046,-75.1581759
421010202005,663.0,3.62,15.23,93.82,Minority,Low_poverty,LPM,40.0116639,-75.1587894
421010241001,1445.0,19.72,52.52,75.09,Minority,High_poverty,HPM,40.0332734,-75.1759175
421010264005,607.0,0.0,4.12,100.0,Minority,Low_poverty,LPM,40.0620777,-75.1654101
421010268004,1256.0,9.47,26.35,87.1,Minority,Low_poverty,LPM,40.0503073,-75.1403109
421010278004,1296.0,1.7,45.68,97.68,Minority,High_poverty,HPM,40.0466579,-75.1467488
421010285001,2480.0,1.77,34.27,82.54,Minority,High_poverty,HPM,40.0287154,-75.1337359
421010318001,1370.0,23.5,21.39,64.01,Minority,Low_poverty,LPM,40.0325276,-75.0753176
421010332002,1138.0,59.93,10.22,17.22,White,Low_poverty,LPW,40.0435627,-75.0429756
421010325004,961.0,51.2,49.32,39.13,White,High_poverty,HPW,40.0228733,-75.0436912
421010348023,1580.0,86.65,14.68,4.37,White,Low_poverty,LPW,40.0620958,-75.0112637
421010367002,1568.0,67.28,4.66,26.98,White,Low_poverty,LPW,39.9638927,-75.1454753
421010036001,1809.0,31.62,10.17,26.59,Other,Low_poverty,LPO,39.9287176,-75.1894914
421010072001,786.0,0.25,12.17,99.75,Minority,Low_poverty,LPM,39.9423235,-75.2343355
421010136011,1237.0,88.04,5.01,5.66,White,Low_poverty,LPW,39.9686438,-75.1767734
421010138002,1500.0,17.07,21.49,71.93,Minority,Low_poverty,LPM,39.9751174,-75.1775876
421010145002,978.0,1.43,50.41,98.57,Minority,High_poverty,HPM,39.9745057,-75.1479259
421010153004,1433.0,50.94,78.44,34.26,White,High_poverty,HPW,39.982621,-75.1622496
421010149006,558.0,3.76,42.65,96.24,Minority,High_poverty,HPM,39.9825129,-75.1858683
421010163004,1039.0,19.54,68.62,80.46,Minority,High_poverty,HPM,39.9868157,-75.1353385
421010163002,505.0,0.0,12.08,100.0,Minority,Low_poverty,LPM,39.9899557,-75.1359536
421010202001,1338.0,3.36,45.74,96.19,Minority,High_poverty,HPM,40.0049338,-75.1620487
421010137001,1201.0,12.24,20.57,80.77,Minority,Low_poverty,LPM,39.9764694,-75.1833621
421010142001,1469.0,65.96,1.84,29.95,White,Low_poverty,LPW,39.9679219,-75.1454831
421010111001,464.0,7.97,29.96,92.03,Minority,Low_poverty,LPM,39.9770532,-75.2189632
421010112005,604.0,1.66,35.9,98.35,Minority,High_poverty,HPM,39.974667,-75.2370319
421010114004,617.0,6.65,56.56,93.36,Minority,High_poverty,HPM,39.9771722,-75.2425749
421010114005,1462.0,2.46,33.45,96.31,Minority,High_poverty,HPM,39.9785825,-75.2446
421010118005,1058.0,4.82,26.37,89.04,Minority,Low_poverty,LPM,39.9868282,-75.2415497
421010119002,1684.0,1.96,22.9,89.19,Minority,Low_poverty,LPM,39.9856321,-75.2281722
421010125003,820.0,59.39,7.44,6.95,White,Low_poverty,LPW,39.961747,-75.1767869
421010135003,886.0,68.51,1.92,16.93,White,Low_poverty,LPW,39.9705222,-75.1718482
421010006001,1222.0,73.9,11.31,15.88,White,Low_poverty,LPW,39.9493845,-75.1583355
421010009022,1506.0,74.7,5.19,14.01,White,Low_poverty,LPW,39.9474028,-75.1584407
421010011022,1737.0,63.21,19.53,13.01,White,Low_poverty,LPW,39.94497,-75.1581611
421010012012,1099.0,67.88,6.82,8.65,White,Low_poverty,LPW,39.9478149,-75.1773236
421010012023,1147.0,69.92,5.18,16.47,White,Low_poverty,LPW,39.9455923,-75.1732726
421010013002,963.0,79.75,0.0,18.18,White,Low_poverty,LPW,39.9425505,-75.1791942
421010021002,1645.0,35.38,14.04,58.18,Minority,Low_poverty,LPM,39.9370006,-75.1757149
421010022002,636.0,47.33,15.35,44.81,Other,Low_poverty,LPO,39.9351279,-75.1698144
421010027024,982.0,86.66,2.95,8.76,White,Low_poverty,LPW,39.9257314,-75.1511477
421010028024,1041.0,83.09,6.34,10.95,White,Low_poverty,LPW,39.929408,-75.1627146
421010028011,1135.0,31.19,18.41,35.06,Other,Low_poverty,LPO,39.9289721,-75.1568338
421010030023,447.0,36.02,25.73,57.49,Minority,Low_poverty,LPM,39.9330383,-75.1735775
421010031002,363.0,44.08,19.56,54.0,Minority,Low_poverty,LPM,39.9314037,-75.1755511
421010032005,296.0,15.2,8.45,84.8,Minority,Low_poverty,LPM,39.931582,-75.1866707
421010033001,1958.0,24.11,40.55,70.22,Minority,High_poverty,HPM,39.9333604,-75.1907383
421010036002,1419.0,11.84,44.82,69.98,Minority,High_poverty,HPM,39.9307754,-75.1969428
421010037021,1803.0,22.02,12.48,30.89,Other,Low_poverty,LPO,39.9245655,-75.1797171
421010362024,1950.0,88.0,6.82,10.87,White,Low_poverty,LPW,40.08752,-74.975409
421010039012,1447.0,68.42,20.32,24.81,White,Low_poverty,LPW,39.9221025,-75.1718956
421010040014,977.0,80.76,25.49,18.42,White,Low_poverty,LPW,39.9251818,-75.167411
421010146003,824.0,5.83,26.46,76.09,Minority,Low_poverty,LPM,39.9732582,-75.154404
421010149002,307.0,0.0,7.82,100.0,Minority,Low_poverty,LPM,39.9811435,-75.1764645
421010151023,794.0,0.38,61.59,91.94,Minority,High_poverty,HPM,39.9880922,-75.1814499
421010151011,1248.0,0.24,51.66,99.12,Minority,High_poverty,HPM,39.9854183,-75.1860868
421010153002,581.0,32.36,56.97,64.72,Minority,High_poverty,HPM,39.9844833,-75.1607617
421010160006,993.0,73.62,16.41,25.07,White,Low_poverty,LPW,39.975998,-75.1227131
421010160004,798.0,93.23,1.5,6.77,White,Low_poverty,LPW,39.9819284,-75.1230028
421010162003,412.0,23.79,25.0,76.22,Minority,Low_poverty,LPM,39.9837056,-75.1362709
421010165003,2327.0,0.43,66.39,97.04,Minority,High_poverty,HPM,39.9879679,-75.1482199
421010167011,861.0,2.79,35.66,86.07,Minority,High_poverty,HPM,39.9923581,-75.1606598
421010168002,190.0,0.0,53.16,100.0,Minority,High_poverty,HPM,39.9934946,-75.1696837
421010169021,1570.0,0.0,49.49,98.66,Minority,High_poverty,HPM,39.9957405,-75.180795
421010171002,668.0,1.35,16.17,98.65,Minority,Low_poverty,LPM,40.0022881,-75.1705064
421010172012,933.0,0.0,34.19,90.14,Minority,High_poverty,HPM,39.9967235,-75.1697871
421010175005,1030.0,0.19,43.59,88.45,Minority,High_poverty,HPM,39.9978556,-75.1421468
421010177025,1252.0,0.0,78.59,100.0,Minority,High_poverty,HPM,39.9977724,-75.123332
421010177022,1489.0,6.72,59.5,93.28,Minority,High_poverty,HPM,39.9935419,-75.1214771
421010178003,1033.0,19.75,22.65,73.19,Minority,Low_poverty,LPM,39.991296,-75.1147376
421010178002,1150.0,11.57,63.13,88.43,Minority,High_poverty,HPM,39.9922653,-75.1119617
421010215003,751.0,90.01,8.26,3.6,White,Low_poverty,LPW,40.0350696,-75.2244018
421010217003,877.0,81.41,10.6,13.91,White,Low_poverty,LPW,40.0421859,-75.2219758
421010236002,1105.0,39.46,4.87,53.3,Minority,Low_poverty,LPM,40.0415225,-75.1917712
421010238004,888.0,28.38,13.74,66.1,Minority,Low_poverty,LPM,40.0367261,-75.1841338
421010238005,1687.0,20.39,13.43,76.35,Minority,Low_poverty,LPM,40.0400545,-75.1861383
421010242004,837.0,15.77,10.27,77.9,Minority,Low_poverty,LPM,40.0261638,-75.1694702
421010243001,1028.0,7.98,72.08,82.78,Minority,High_poverty,HPM,40.0240968,-75.1753864
421010245003,945.0,8.57,66.24,90.79,Minority,High_poverty,HPM,40.036506,-75.1611206
421010247003,1291.0,5.34,7.75,92.56,Minority,Low_poverty,LPM,40.0380564,-75.1664464
421010180023,2757.0,86.07,12.01,7.87,White,Low_poverty,LPW,39.9842284,-75.108434
421010183002,1095.0,95.98,2.95,3.01,White,Low_poverty,LPW,39.9986371,-75.0718398
421010188006,1220.0,19.92,70.66,80.09,Minority,High_poverty,HPM,39.9965762,-75.1092403
421010190001,1514.0,17.7,51.25,82.3,Minority,High_poverty,HPM,40.0075552,-75.1011888
421010191003,1957.0,24.12,19.47,64.03,Minority,Low_poverty,LPM,40.0079067,-75.1044662
421010192003,2288.0,14.38,33.57,85.63,Minority,High_poverty,HPM,39.9993558,-75.1145127
421010197006,1067.0,0.0,27.65,100.0,Minority,Low_poverty,LPM,40.0179924,-75.1397873
421010198004,1553.0,5.09,51.82,88.92,Minority,High_poverty,HPM,40.0106846,-75.1394372
421010201013,1313.0,4.57,56.16,94.28,Minority,High_poverty,HPM,40.0012696,-75.156288
421010201022,585.0,0.0,4.96,97.78,Minority,Low_poverty,LPM,40.008764,-75.1538082
421010204001,660.0,0.0,47.42,100.0,Minority,High_poverty,HPM,40.0214073,-75.1565614
421010207001,1488.0,77.89,4.34,12.97,White,Low_poverty,LPW,40.0157234,-75.1935808
421010209002,446.0,87.0,1.79,13.01,White,Low_poverty,LPW,40.0187057,-75.2054042
421010213001,467.0,74.95,0.86,2.36,White,Low_poverty,LPW,40.0349756,-75.2193702
421010248001,878.0,2.28,19.69,84.63,Minority,Low_poverty,LPM,40.0482427,-75.1646969
421010249001,1081.0,0.0,29.68,100.0,Minority,Low_poverty,LPM,40.0537507,-75.1594063
421010253005,959.0,14.6,15.85,83.42,Minority,Low_poverty,LPM,40.0554134,-75.1817284
421010254002,1288.0,7.61,16.69,82.3,Minority,Low_poverty,LPM,40.0576776,-75.1769863
421010255001,898.0,26.06,6.35,66.15,Minority,Low_poverty,LPM,40.0637161,-75.1852991
421010259001,803.0,1.99,4.36,98.01,Minority,Low_poverty,LPM,40.0803398,-75.1727722
421010259006,601.0,3.33,6.99,96.67,Minority,Low_poverty,LPM,40.0829992,-75.1753169
421010262001,410.0,11.22,6.34,88.78,Minority,Low_poverty,LPM,40.0678466,-75.1647018
421010263021,1319.0,0.0,18.57,100.0,Minority,Low_poverty,LPM,40.0691604,-75.1542478
421010264006,522.0,0.0,0.0,100.0,Minority,Low_poverty,LPM,40.0653378,-75.163768
421010264002,902.0,1.44,19.32,98.56,Minority,Low_poverty,LPM,40.0588216,-75.1603809
421010264004,1448.0,1.59,9.53,96.9,Minority,Low_poverty,LPM,40.0625959,-75.1608946
421010266002,735.0,0.0,25.47,100.0,Minority,Low_poverty,LPM,40.0650566,-75.1464154
421010266005,678.0,0.15,74.34,99.85,Minority,High_poverty,HPM,40.0638642,-75.1494266
421010267003,729.0,0.14,39.09,97.81,Minority,High_poverty,HPM,40.0519413,-75.1468712
421010269001,976.0,27.15,14.13,66.4,Minority,Low_poverty,LPM,40.0541485,-75.1285231
421010041021,2881.0,7.74,30.3,32.9,Other,High_poverty,HPO,39.9190594,-75.1582048
421010042012,1980.0,70.76,18.74,3.38,White,Low_poverty,LPW,39.9209194,-75.1527583
421010037012,1068.0,20.88,57.91,66.3,Minority,High_poverty,HPM,39.9262296,-75.1774898
421010055002,732.0,15.3,5.6,84.7,Minority,Low_poverty,LPM,39.9088486,-75.2451735
421010060002,1460.0,18.36,30.34,56.98,Minority,High_poverty,HPM,39.9093846,-75.2343857
421010063002,1007.0,0.0,37.74,65.74,Minority,High_poverty,HPM,39.9239437,-75.2354856
421010065001,367.0,0.0,55.59,100.0,Minority,High_poverty,HPM,39.9337791,-75.2299087
421010066003,743.0,7.13,62.72,85.06,Minority,High_poverty,HPM,39.92849,-75.2338843
421010067001,1590.0,6.29,18.49,79.43,Minority,Low_poverty,LPM,39.9238317,-75.2205288
421010067003,634.0,11.36,37.54,71.29,Minority,High_poverty,HPM,39.9216789,-75.2275612
421010071012,930.0,2.26,41.61,97.74,Minority,High_poverty,HPM,39.937865,-75.2254182
421010072006,835.0,1.44,41.5,78.33,Minority,High_poverty,HPM,39.9453231,-75.2363352
421010073001,524.0,11.64,23.85,84.54,Minority,Low_poverty,LPM,39.9432152,-75.2201074
421010077001,1155.0,47.88,37.1,24.59,Other,High_poverty,HPO,39.9482081,-75.2086618
421010078003,603.0,52.4,30.35,28.69,White,High_poverty,HPW,39.9463761,-75.2203433
421010080003,759.0,15.68,19.89,78.92,Minority,Low_poverty,LPM,39.9488639,-75.229198
421010081021,677.0,1.48,52.29,98.52,Minority,High_poverty,HPM,39.9509451,-75.2369846
421010082007,548.0,0.0,22.81,90.33,Minority,Low_poverty,LPM,39.9505452,-75.2462215
421010082003,1118.0,1.61,39.71,96.87,Minority,High_poverty,HPM,39.9470884,-75.2418402
421010083012,2069.0,2.66,27.59,95.46,Minority,Low_poverty,LPM,39.9579611,-75.2456843
421010084002,1300.0,0.0,51.77,91.77,Minority,High_poverty,HPM,39.9578803,-75.2336509
421010085002,1178.0,12.99,52.04,87.02,Minority,High_poverty,HPM,39.9565173,-75.2235756
421010086022,1287.0,19.89,16.63,78.94,Minority,Low_poverty,LPM,39.9556928,-75.2173364
421010088012,408.0,33.82,52.21,22.55,Other,High_poverty,HPO,39.9555033,-75.1981133
421010090004,1970.0,64.16,67.5,15.43,White,High_poverty,HPW,39.9572985,-75.1914596
421010094003,668.0,1.2,5.84,92.51,Minority,Low_poverty,LPM,39.9618853,-75.2344907
421010098012,1247.0,7.54,17.32,90.78,Minority,Low_poverty,LPM,39.9770696,-75.2673944
421010101007,338.0,0.0,8.88,100.0,Minority,Low_poverty,LPM,39.9725646,-75.2434042
421010104002,381.0,4.72,22.8,93.44,Minority,Low_poverty,LPM,39.9692514,-75.2189869
421010105001,265.0,0.0,74.34,100.0,Minority,High_poverty,HPM,39.9658948,-75.2150164
421010108002,605.0,9.42,41.82,86.45,Minority,High_poverty,HPM,39.9665475,-75.2004455
421010110003,658.0,1.22,82.37,92.25,Minority,High_poverty,HPM,39.9743352,-75.2073541
421010338003,429.0,86.01,11.42,13.99,White,Low_poverty,LPW,40.0600276,-75.0757693
421010339001,759.0,65.88,21.08,28.33,White,Low_poverty,LPW,40.0675664,-75.0816265
421010341002,1504.0,59.71,9.04,29.85,White,Low_poverty,LPW,40.0750082,-75.0770554
421010346001,2496.0,37.94,16.95,45.91,Other,Low_poverty,LPO,40.0708314,-75.0207264
421010348022,1339.0,69.6,23.75,29.13,White,Low_poverty,LPW,40.0637885,-75.0143985
421010349004,1071.0,54.53,25.12,37.53,White,Low_poverty,LPW,40.0416957,-75.0183705
421010352003,1543.0,91.25,5.77,6.48,White,Low_poverty,LPW,40.0544626,-74.9994459
421010356022,2375.0,64.21,0.95,14.82,White,Low_poverty,LPW,40.108707,-75.046216
421010358002,1699.0,92.58,27.25,0.65,White,Low_poverty,LPW,40.1243694,-75.0282175
421010347021,2167.0,47.35,6.97,35.3,Other,Low_poverty,LPO,40.0615727,-75.0261303
421010363021,1827.0,54.41,8.94,41.27,White,Low_poverty,LPW,40.0948735,-74.978265
421010292001,2948.0,5.02,22.18,85.0,Minority,Low_poverty,LPM,40.0266525,-75.1091614
421010358003,2258.0,74.18,1.9,1.95,White,Low_poverty,LPW,40.1192182,-75.0302068
421010083024,1161.0,0.26,16.45,98.88,Minority,Low_poverty,LPM,39.954614,-75.2412828
421010273002,696.0,7.04,23.71,80.6,Minority,Low_poverty,LPM,40.0346129,-75.1206537
421010274013,1040.0,5.58,26.44,80.68,Minority,Low_poverty,LPM,40.0344505,-75.1294715
421010274023,683.0,8.35,16.69,78.77,Minority,Low_poverty,LPM,40.0373561,-75.1255042
421010275003,895.0,7.6,42.91,88.72,Minority,High_poverty,HPM,40.0349236,-75.1329219
421010275001,1705.0,5.28,12.61,83.0,Minority,Low_poverty,LPM,40.0435557,-75.1320212
421010277003,1016.0,0.98,20.77,99.02,Minority,Low_poverty,LPM,40.0505085,-75.1518157
421010279012,1040.0,0.0,9.33,97.7,Minority,Low_poverty,LPM,40.0449658,-75.1518716
421010280001,715.0,1.82,36.4,98.18,Minority,High_poverty,HPM,40.0234968,-75.1552132
421010283002,1186.0,0.0,64.67,100.0,Minority,High_poverty,HPM,40.026903,-75.1414882
421010286005,1416.0,2.47,62.92,79.74,Minority,High_poverty,HPM,40.0310061,-75.1264894
421010289024,1666.0,2.22,70.65,81.99,Minority,High_poverty,HPM,40.0243618,-75.1186257
421010289013,837.0,1.19,21.84,98.8,Minority,Low_poverty,LPM,40.0195934,-75.1146717
421010298002,935.0,17.43,63.85,76.69,Minority,High_poverty,HPM,40.0161575,-75.0651103
421010300007,1368.0,29.24,41.08,56.73,Minority,High_poverty,HPM,40.0191443,-75.0800991
421010301001,572.0,9.27,42.13,90.73,Minority,High_poverty,HPM,40.0207252,-75.0840367
421010302002,2014.0,3.33,23.63,96.67,Minority,Low_poverty,LPM,40.0275587,-75.0804503
421010390003,1105.0,25.16,21.94,71.85,Minority,Low_poverty,LPM,40.034263,-75.0887464
421010305021,1381.0,7.53,20.85,76.76,Minority,Low_poverty,LPM,40.0463551,-75.1020428
421010306003,621.0,25.44,3.7,46.7,Other,Low_poverty,LPO,40.0485355,-75.0951187
421010307001,952.0,39.81,11.45,50.11,Minority,Low_poverty,LPM,40.0582999,-75.0866471
421010308001,670.0,61.04,15.67,28.36,White,Low_poverty,LPW,40.0564435,-75.0823486
421010310007,1203.0,23.28,24.96,44.8,Other,Low_poverty,LPO,40.0515097,-75.0757776
421010311021,932.0,8.8,22.64,85.63,Minority,Low_poverty,LPM,40.0389305,-75.0838666
421010313004,1543.0,48.02,39.66,30.4,Other,High_poverty,HPO,40.0407349,-75.0746115
421010313006,929.0,17.22,59.2,47.79,Other,High_poverty,HPO,40.0408804,-75.0697403
421010314021,1332.0,36.94,18.54,33.78,Other,Low_poverty,LPO,40.0431865,-75.0577439
421010315012,2192.0,40.01,9.31,30.11,Other,Low_poverty,LPO,40.035461,-75.0470085
421010316001,1113.0,59.3,27.67,27.4,White,Low_poverty,LPW,40.0347147,-75.05784
421010317003,720.0,23.75,6.94,65.0,Minority,Low_poverty,LPM,40.0286521,-75.0638176
421010319002,1181.0,22.1,9.65,76.89,Minority,Low_poverty,LPM,40.0219434,-75.0604341
421010320002,1064.0,77.35,15.41,9.3,White,Low_poverty,LPW,40.0265536,-75.0536995
421010321002,862.0,54.41,4.52,27.26,White,Low_poverty,LPW,40.0175633,-75.0566105
421010325002,2112.0,44.7,22.73,38.02,Other,Low_poverty,LPO,40.0257923,-75.0479143
421010326005,336.0,33.04,0.0,66.97,Minority,Low_poverty,LPM,40.029489,-75.0365044
421010329004,722.0,67.59,27.56,27.15,White,Low_poverty,LPW,40.0364841,-75.028803
421010330003,1557.0,69.88,60.85,15.48,White,High_poverty,HPW,40.0368062,-75.0368776
421010331022,885.0,74.46,2.49,21.58,White,Low_poverty,LPW,40.0435703,-75.0278361
421010333002,1460.0,62.88,4.93,30.55,White,Low_poverty,LPW,40.0531618,-75.0436323
421010336003,3883.0,47.39,38.48,46.97,Other,High_poverty,HPO,40.0593304,-75.062509
421010338001,3070.0,56.64,19.0,32.32,White,Low_poverty,LPW,40.0641382,-75.0684168
421010112003,1008.0,0.0,49.9,100.0,Minority,High_poverty,HPM,39.9720522,-75.233174
421010030013,1034.0,37.23,17.5,17.99,Other,Low_poverty,LPO,39.9284555,-75.1721526
421010143002,776.0,85.7,9.02,10.31,White,Low_poverty,LPW,39.9698962,-75.1278126
421010220001,1534.0,84.81,1.71,12.45,White,Low_poverty,LPW,40.056369,-75.2524593
421010214004,650.0,93.85,20.25,2.15,White,Low_poverty,LPW,40.0295734,-75.2262319
421010172021,1255.0,0.72,44.46,99.28,Minority,High_poverty,HPM,40.0001778,-75.1726566
421010365012,2395.0,88.77,8.02,5.06,White,Low_poverty,LPW,40.1323211,-75.0166329
421010384002,1032.0,79.36,3.88,11.63,White,Low_poverty,LPW,40.0659218,-75.2361817
421010168005,349.0,7.45,39.26,74.79,Minority,High_poverty,HPM,39.9950335,-75.1693427
421010331012,1205.0,61.83,31.87,29.87,White,High_poverty,HPW,40.0387122,-75.0382636
421010178004,419.0,0.0,100.0,100.0,Minority,High_poverty,HPM,39.9900296,-75.1167125
421010016002,1404.0,80.48,3.77,8.55,White,Low_poverty,LPW,39.9399131,-75.1461089
421010037013,1747.0,30.74,12.82,63.71,Minority,Low_poverty,LPM,39.9270893,-75.1810185
421010030024,580.0,30.34,35.86,66.03,Minority,High_poverty,HPM,39.9314041,-75.1706709
421010259005,767.0,1.56,8.47,94.4,Minority,Low_poverty,LPM,40.0813447,-75.1769335
421010083022,1961.0,0.82,34.88,92.71,Minority,High_poverty,HPM,39.9598684,-75.2411966
421010071011,1107.0,0.0,47.97,97.65,Minority,High_poverty,HPM,39.9363685,-75.2275428
421010270002,1906.0,3.46,14.9,89.4,Minority,Low_poverty,LPM,40.0495299,-75.1349364
421010175001,2194.0,2.01,37.6,97.99,Minority,High_poverty,HPM,39.9981373,-75.144996
421010165001,198.0,0.0,32.32,100.0,Minority,High_poverty,HPM,39.9926632,-75.1509831
421010042023,1963.0,62.81,12.28,11.21,White,Low_poverty,LPW,39.9178007,-75.1534287
421010188004,564.0,56.91,48.23,41.85,White,High_poverty,HPW,39.9953045,-75.1061562
421010042014,1481.0,77.79,4.25,2.16,White,Low_poverty,LPW,39.9233564,-75.1522278
421010024002,1182.0,76.14,3.89,1.69,White,Low_poverty,LPW,39.9339222,-75.1560816
421010362012,784.0,81.38,2.17,16.71,White,Low_poverty,LPW,40.0851675,-74.9847464
421010111003,446.0,2.69,8.52,95.74,Minority,Low_poverty,LPM,39.9722444,-75.2259171
421010169012,424.0,0.0,16.51,100.0,Minority,Low_poverty,LPM,39.9913569,-75.1749356
421010281003,1093.0,0.0,73.56,95.8,Minority,High_poverty,HPM,40.0261594,-75.1489657
421010288002,1118.0,0.0,25.22,77.82,Minority,Low_poverty,LPM,40.0219131,-75.1212873
421010356012,1718.0,70.72,7.16,4.65,White,Low_poverty,LPW,40.1008162,-75.0358715
421010284004,497.0,2.41,7.65,97.58,Minority,Low_poverty,LPM,40.0217884,-75.1386598
421010039023,881.0,96.71,7.26,3.29,White,Low_poverty,LPW,39.9137647,-75.1748428
421010168006,475.0,0.0,44.42,100.0,Minority,High_poverty,HPM,39.9928727,-75.1657601
421010098023,2439.0,8.0,32.14,90.57,Minority,High_poverty,HPM,39.9760262,-75.2709376
421010176015,1064.0,0.85,70.21,99.15,Minority,High_poverty,HPM,39.993954,-75.1365052
421010309002,1502.0,14.18,13.12,85.82,Minority,Low_poverty,LPM,40.0417833,-75.0845396
421010133001,1965.0,59.54,10.18,19.44,White,Low_poverty,LPW,39.9647153,-75.1635797
421010169023,1448.0,0.0,53.04,100.0,Minority,High_poverty,HPM,39.9932824,-75.1829809
421010135002,556.0,91.73,7.19,8.27,White,Low_poverty,LPW,39.9694139,-75.1703359
421010178007,1052.0,56.65,22.34,34.13,White,Low_poverty,LPW,39.9905565,-75.1213662
421010238003,977.0,34.7,7.16,62.54,Minority,Low_poverty,LPM,40.0360497,-75.1795665
421010270001,729.0,28.4,12.89,55.14,Minority,Low_poverty,LPM,40.0489157,-75.1296365
421010305013,2556.0,13.3,12.44,83.22,Minority,Low_poverty,LPM,40.0419394,-75.1014852
421010334001,839.0,72.23,10.31,14.54,White,Low_poverty,LPW,40.0582174,-75.0480545
421010277006,807.0,0.0,16.85,55.39,Minority,Low_poverty,LPM,40.0525229,-75.1565727
421010244001,1502.0,14.85,49.73,81.23,Minority,High_poverty,HPM,40.0228107,-75.1651512
421010180013,984.0,86.18,1.12,13.82,White,Low_poverty,LPW,39.9818416,-75.1134417
421010078004,732.0,83.47,7.51,11.88,White,Low_poverty,LPW,39.9471782,-75.2179737
421010320007,1071.0,48.74,45.56,45.47,Other,High_poverty,HPO,40.0297831,-75.0534419
421010245002,1089.0,17.08,51.5,79.8,Minority,High_poverty,HPM,40.0306585,-75.1601493
421010330007,537.0,59.96,19.18,36.32,White,Low_poverty,LPW,40.0347269,-75.0350105
421010305022,1273.0,6.36,25.61,86.88,Minority,Low_poverty,LPM,40.0474068,-75.1053
421010065003,1216.0,0.0,32.65,100.0,Minority,High_poverty,HPM,39.9353937,-75.2308739
421010167021,603.0,0.0,28.36,100.0,Minority,Low_poverty,LPM,39.9898312,-75.159189
421010069001,1681.0,3.15,75.13,96.85,Minority,High_poverty,HPM,39.9309698,-75.2123888
421010179001,415.0,6.27,17.11,93.74,Minority,Low_poverty,LPM,39.9866801,-75.1142559
421010363032,1142.0,86.78,1.49,13.22,White,Low_poverty,LPW,40.1001494,-74.9733066
421010336001,542.0,36.72,28.23,37.63,Other,Low_poverty,LPO,40.0621607,-75.0545279
421010086023,785.0,22.55,20.76,68.15,Minority,Low_poverty,LPM,39.9572891,-75.2203736
421010103002,908.0,3.96,16.52,91.41,Minority,Low_poverty,LPM,39.9662541,-75.2251675
421010335003,1043.0,30.39,15.92,49.48,Other,Low_poverty,LPO,40.0559656,-75.0692349
421010175002,769.0,0.0,42.65,100.0,Minority,High_poverty,HPM,39.9968322,-75.1401747
421010093003,686.0,6.27,30.47,76.53,Minority,High_poverty,HPM,39.9604287,-75.2220118
421010118001,1229.0,0.0,40.28,100.0,Minority,High_poverty,HPM,39.9898764,-75.2354589
421010326003,1979.0,50.13,5.41,16.98,White,Low_poverty,LPW,40.0320148,-75.040978
421010063001,424.0,0.0,65.57,91.51,Minority,High_poverty,HPM,39.9251631,-75.2349827
421010137004,768.0,45.05,15.49,52.34,Minority,Low_poverty,LPM,39.9742432,-75.183549
421010074002,769.0,15.08,25.88,76.46,Minority,Low_poverty,LPM,39.9416178,-75.2117569
421010134022,648.0,61.73,0.0,19.6,White,Low_poverty,LPW,39.9662232,-75.1671253
421010326006,1487.0,65.37,23.54,31.47,White,Low_poverty,LPW,40.0279525,-75.0394377
421010093001,868.0,26.04,15.44,73.96,Minority,Low_poverty,LPM,39.9634907,-75.2218118
421010315013,471.0,92.36,0.0,7.64,White,Low_poverty,LPW,40.0338248,-75.0509816
421010360001,3472.0,54.18,13.34,14.9,White,Low_poverty,LPW,40.105942,-75.0081512
421010151022,1801.0,0.0,36.65,98.73,Minority,High_poverty,HPM,39.9848429,-75.1815212
421010101003,2099.0,0.0,12.01,100.0,Minority,Low_poverty,LPM,39.9741171,-75.2420028
421010087022,1275.0,55.69,23.84,19.53,White,Low_poverty,LPW,39.951031,-75.207601
421010090002,2273.0,58.82,70.58,12.84,White,High_poverty,HPW,39.9597607,-75.1914912
421010071024,920.0,0.0,56.09,100.0,Minority,High_poverty,HPM,39.9423823,-75.2286315
421010008042,1263.0,78.15,4.43,3.8,White,Low_poverty,LPW,39.9484875,-75.1653478
421010298004,1163.0,25.11,25.88,67.84,Minority,Low_poverty,LPM,40.0131072,-75.066223
421010259004,778.0,0.0,12.47,100.0,Minority,Low_poverty,LPM,40.0795855,-75.1792363
421010313001,1311.0,30.97,22.58,41.42,Other,Low_poverty,LPO,40.039821,-75.0678105
421010114003,925.0,0.0,11.14,100.0,Minority,Low_poverty,LPM,39.9774501,-75.2400712
421010301002,2531.0,13.39,59.42,80.32,Minority,High_poverty,HPM,40.0180861,-75.0867447
421010202003,443.0,0.0,0.0,61.63,Minority,Low_poverty,LPM,40.0083129,-75.1595995
421010008032,971.0,64.98,9.78,8.55,White,Low_poverty,LPW,39.949474,-75.1750316
421010166002,518.0,10.42,34.89,84.55,Minority,High_poverty,HPM,39.987686,-75.1548316
421010096004,1068.0,0.75,39.23,98.5,Minority,High_poverty,HPM,39.9648522,-75.2447946
421010348021,2566.0,27.98,9.16,68.66,Minority,Low_poverty,LPM,40.0671138,-75.016179
421010347013,1733.0,64.34,8.19,22.5,White,Low_poverty,LPW,40.0701404,-75.0360251
421010268002,678.0,6.19,19.7,72.42,Minority,Low_poverty,LPM,40.0557524,-75.1387843
421010198005,1041.0,1.15,35.64,98.85,Minority,High_poverty,HPM,40.0114078,-75.1410896
421010094001,773.0,2.07,73.74,97.93,Minority,High_poverty,HPM,39.963954,-75.2312216
421010001002,2208.0,82.43,6.07,11.36,White,Low_poverty,LPW,39.9534683,-75.1473928
421010031006,785.0,17.96,28.54,78.21,Minority,Low_poverty,LPM,39.9334881,-75.1803143
421010195011,1111.0,9.27,28.98,90.73,Minority,Low_poverty,LPM,40.0008694,-75.1350124
421010352002,1005.0,94.83,3.08,5.17,White,Low_poverty,LPW,40.0509905,-74.9937724
421010145001,890.0,6.52,42.08,89.32,Minority,High_poverty,HPM,39.9769401,-75.1486924
421010178005,837.0,22.7,15.77,77.3,Minority,Low_poverty,LPM,39.9928327,-75.1170624
421010291003,1480.0,0.74,42.09,55.95,Minority,High_poverty,HPM,40.0321889,-75.1051004
421010334003,1171.0,48.25,42.37,25.79,Other,High_poverty,HPO,40.0583264,-75.0526156
421010119003,828.0,0.0,45.05,100.0,Minority,High_poverty,HPM,39.9811947,-75.226844
421010283007,543.0,0.0,48.25,12.71,Other,High_poverty,HPO,40.028097,-75.1459308
421010246003,599.0,8.01,51.25,89.15,Minority,High_poverty,HPM,40.0390054,-75.174408
421010118002,1008.0,1.39,33.33,98.61,Minority,High_poverty,HPM,39.9872845,-75.2348925
421010156002,785.0,0.89,59.11,96.05,Minority,High_poverty,HPM,39.9806567,-75.1425324
421010342001,1476.0,73.44,13.69,24.46,White,Low_poverty,LPW,40.0816344,-75.0743812
421010136024,708.0,78.25,1.55,1.84,White,Low_poverty,LPW,39.9709696,-75.1754117
421010283001,732.0,0.0,9.56,100.0,Minority,Low_poverty,LPM,40.0299231,-75.1408226
421010038002,870.0,90.34,7.47,6.89,White,Low_poverty,LPW,39.9176829,-75.184103
421010103001,1908.0,0.0,36.43,100.0,Minority,High_poverty,HPM,39.9688966,-75.225621
421010231001,1275.0,90.51,1.57,5.72,White,Low_poverty,LPW,40.0666637,-75.2038514
421010002001,2860.0,20.8,23.07,11.19,Other,Low_poverty,LPO,39.9553999,-75.1569774
421010007001,931.0,68.42,3.33,14.93,White,Low_poverty,LPW,39.9514597,-75.1750048
421010218003,1076.0,31.13,9.11,49.16,Other,Low_poverty,LPO,40.0567592,-75.2309662
421010005001,2543.0,31.22,32.05,42.55,Other,High_poverty,HPO,39.9519534,-75.1581776
421010147001,1070.0,14.21,78.79,81.58,Minority,High_poverty,HPM,39.9781743,-75.1640867
421010160001,459.0,100.0,2.83,0.0,White,Low_poverty,LPW,39.9831454,-75.1206057
421010164002,394.0,0.0,69.54,100.0,Minority,High_poverty,HPM,39.9873915,-75.1402732
421010172024,726.0,0.0,22.04,84.16,Minority,Low_poverty,LPM,39.9980722,-75.1722414
421010177013,1066.0,3.56,48.69,96.44,Minority,High_poverty,HPM,39.9978028,-75.1172191
421010188007,2255.0,11.93,37.16,80.23,Minority,High_poverty,HPM,39.9980651,-75.1069196
421010008041,2439.0,77.86,5.25,6.98,White,Low_poverty,LPW,39.9487606,-75.1693487
421010012022,917.0,91.6,7.74,3.71,White,Low_poverty,LPW,39.9452497,-75.1698554
421010025004,1469.0,32.4,32.61,34.31,Other,High_poverty,HPO,39.9353879,-75.152212
421010030014,946.0,23.89,17.65,43.87,Other,Low_poverty,LPO,39.9287264,-75.1742272
421010363033,1571.0,76.64,1.1,23.36,White,Low_poverty,LPW,40.098704,-74.9717108
421010192001,754.0,4.91,51.33,95.09,Minority,High_poverty,HPM,40.0010436,-75.1180245
421010201012,643.0,4.67,44.78,95.33,Minority,High_poverty,HPM,40.0009629,-75.1538985
421010213002,519.0,69.75,18.3,24.47,White,Low_poverty,LPW,40.0328991,-75.2173245
421010236001,585.0,79.66,2.05,14.53,White,Low_poverty,LPW,40.0477953,-75.1946378
421010262003,1586.0,0.0,12.3,100.0,Minority,Low_poverty,LPM,40.0675107,-75.1691862
421010265003,849.0,1.3,15.78,81.86,Minority,Low_poverty,LPM,40.0596439,-75.1515421
421010245001,1245.0,0.8,46.43,99.2,Minority,High_poverty,HPM,40.030934,-75.1639305
421010252003,770.0,0.0,35.58,95.71,Minority,High_poverty,HPM,40.0450755,-75.1781738
421010259003,980.0,1.53,33.85,88.27,Minority,High_poverty,HPM,40.0772767,-75.1772501
421010274021,1617.0,2.78,33.79,88.81,Minority,High_poverty,HPM,40.0427527,-75.1245404
421010277004,607.0,0.0,18.95,100.0,Minority,Low_poverty,LPM,40.0519475,-75.1542269
421010290004,1866.0,0.11,29.53,84.08,Minority,Low_poverty,LPM,40.0277513,-75.1180543
421010302001,1713.0,20.02,38.43,79.98,Minority,High_poverty,HPM,40.0242722,-75.0788173
421010040022,1818.0,69.25,25.52,15.57,White,Low_poverty,LPW,39.917401,-75.165814
421010067006,484.0,0.0,35.54,100.0,Minority,High_poverty,HPM,39.9234917,-75.2242425
421010072005,840.0,1.31,36.79,97.38,Minority,High_poverty,HPM,39.9443327,-75.2324871
421010080001,1185.0,41.18,25.91,54.43,Minority,Low_poverty,LPM,39.9517501,-75.2245703
421010306005,433.0,22.4,17.09,77.6,Minority,Low_poverty,LPM,40.0510739,-75.1003158
421010310005,1388.0,29.9,17.8,36.38,Other,Low_poverty,LPO,40.0473825,-75.078014
421010314013,1450.0,34.76,30.48,17.24,Other,High_poverty,HPO,40.0424197,-75.0657157
421010317001,1012.0,39.53,11.86,48.02,Other,Low_poverty,LPO,40.0290846,-75.0661327
421010323001,728.0,29.53,26.1,66.76,Minority,Low_poverty,LPM,40.0188274,-75.0522468
421010330001,595.0,37.98,19.66,62.02,Minority,Low_poverty,LPM,40.0380118,-75.0341818
421010084006,748.0,6.68,19.25,93.32,Minority,Low_poverty,LPM,39.959147,-75.2380597
421010087011,1303.0,69.3,12.74,5.53,White,Low_poverty,LPW,39.9504183,-75.2110926
421010091001,817.0,48.71,40.51,19.34,Other,High_poverty,HPO,39.9616079,-75.1966261
421010108005,713.0,0.0,22.44,100.0,Minority,Low_poverty,LPM,39.964596,-75.2000812
421010112007,451.0,0.0,29.93,100.0,Minority,Low_poverty,LPM,39.9750586,-75.232582
421010119004,681.0,13.36,22.42,86.64,Minority,Low_poverty,LPM,39.9905176,-75.229735
421010339003,498.0,81.33,7.03,4.82,White,Low_poverty,LPW,40.0699082,-75.0901569
421010341006,494.0,80.97,8.5,2.83,White,Low_poverty,LPW,40.0806141,-75.0798337
421010349003,1021.0,54.55,7.84,41.43,White,Low_poverty,LPW,40.0407644,-75.0138028
421010090001,455.0,74.29,31.65,11.43,White,High_poverty,HPW,39.9616601,-75.1923616
421010020002,646.0,20.12,8.82,76.01,Minority,Low_poverty,LPM,39.9381958,-75.1865669
421010109003,1227.0,26.49,42.87,65.94,Minority,High_poverty,HPM,39.9637916,-75.1921387
421010114006,480.0,0.0,23.75,97.08,Minority,Low_poverty,LPM,39.9835111,-75.2433499
421010146001,2595.0,47.71,46.97,31.1,Other,High_poverty,HPO,39.9773974,-75.1551879
421010174002,902.0,2.11,29.36,91.25,Minority,Low_poverty,LPM,39.9960756,-75.152075
421010176023,1893.0,5.18,62.23,94.82,Minority,High_poverty,HPM,39.9977061,-75.1331783
421010288003,1639.0,14.03,42.46,57.11,Minority,High_poverty,HPM,40.0236803,-75.1238961
421010281001,2087.0,3.21,14.23,92.72,Minority,Low_poverty,LPM,40.0330281,-75.148673
421010332001,1822.0,51.81,3.57,27.71,White,Low_poverty,LPW,40.0447763,-75.0489166
421010008011,1514.0,82.23,8.4,6.81,White,Low_poverty,LPW,39.9497374,-75.1804054
421010158001,1536.0,87.24,3.78,8.65,White,Low_poverty,LPW,39.9756728,-75.1301755
421010380002,1296.0,50.62,38.94,48.69,White,High_poverty,HPW,40.0080442,-75.0743308
421010389002,1076.0,1.58,14.03,97.02,Minority,Low_poverty,LPM,40.0581035,-75.1688893
421010275002,1395.0,3.01,35.29,86.45,Minority,High_poverty,HPM,40.0391995,-75.131255
421010306006,1210.0,30.33,3.47,69.67,Minority,Low_poverty,LPM,40.0541069,-75.0960272
421010240002,1100.0,37.18,22.64,58.36,Minority,Low_poverty,LPM,40.0298952,-75.1791639
421010260001,820.0,1.1,3.41,95.85,Minority,Low_poverty,LPM,40.0772287,-75.1680502
421010300001,785.0,24.2,5.86,62.93,Minority,Low_poverty,LPM,40.0228013,-75.0725074
421010134012,1460.0,84.93,9.34,7.6,White,Low_poverty,LPW,39.9656817,-75.1741564
421010306007,1359.0,27.52,14.94,65.19,Minority,Low_poverty,LPM,40.0520124,-75.092521
421010031003,472.0,14.41,28.6,84.95,Minority,Low_poverty,LPM,39.9296758,-75.1767362
421010389003,1276.0,2.59,32.45,94.36,Minority,High_poverty,HPM,40.0541792,-75.1732799
421010179004,1417.0,38.53,16.94,59.49,Minority,Low_poverty,LPM,39.989371,-75.1110635
421010279021,1463.0,30.21,32.77,66.37,Minority,High_poverty,HPM,40.0415045,-75.1522543
421010363022,1878.0,76.94,3.19,23.06,White,Low_poverty,LPW,40.0989277,-74.9820011
421010031001,1271.0,34.38,9.76,47.84,Other,Low_poverty,LPO,39.9340708,-75.1767676
421010007003,1140.0,45.44,17.37,20.44,Other,Low_poverty,LPO,39.9520765,-75.1785591
421010167012,619.0,2.58,43.94,97.41,Minority,High_poverty,HPM,39.9929777,-75.162475
421010206001,1695.0,61.42,15.26,29.15,White,Low_poverty,LPW,40.0197999,-75.182774
421010122041,2058.0,14.29,16.42,78.52,Minority,Low_poverty,LPM,40.0016037,-75.2066127
421010010022,839.0,97.26,0.0,0.0,White,Low_poverty,LPW,39.9441146,-75.147641
421010085003,1034.0,6.77,19.15,93.23,Minority,Low_poverty,LPM,39.9544253,-75.2240114
421010017002,1856.0,82.76,4.36,9.0,White,Low_poverty,LPW,39.938254,-75.1507217
421010238001,648.0,1.7,15.9,70.83,Minority,Low_poverty,LPM,40.0432716,-75.1830297
421010041012,1774.0,17.93,38.67,17.81,Other,High_poverty,HPO,39.9211473,-75.1577546
421010030011,530.0,45.47,15.59,6.42,Other,Low_poverty,LPO,39.9300455,-75.1698791
421010082006,1255.0,0.0,0.0,100.0,Minority,Low_poverty,LPM,39.9482658,-75.2466075
421010340003,705.0,83.55,29.5,16.46,White,Low_poverty,LPW,40.0690559,-75.0773326
421010312002,1839.0,13.81,12.29,77.76,Minority,Low_poverty,LPM,40.0366461,-75.0750532
421010132001,1075.0,31.16,27.3,67.44,Minority,Low_poverty,LPM,39.9665997,-75.1550685
421010244002,1150.0,4.52,22.43,95.48,Minority,Low_poverty,LPM,40.0245913,-75.1620146
421010263023,812.0,2.46,11.33,97.54,Minority,Low_poverty,LPM,40.0682974,-75.1607149
421010085005,1190.0,0.0,37.31,90.42,Minority,High_poverty,HPM,39.9558461,-75.2287812
421010095002,813.0,3.2,64.94,96.8,Minority,High_poverty,HPM,39.9648231,-75.2369857
421010112001,1616.0,0.25,43.32,99.76,Minority,High_poverty,HPM,39.9753874,-75.2305228
421010009011,1112.0,72.66,26.98,10.07,White,Low_poverty,LPW,39.9477493,-75.161189
421010027013,1955.0,46.24,27.93,26.24,Other,Low_poverty,LPO,39.9285551,-75.153702
421010379004,1072.0,97.95,23.13,2.05,White,Low_poverty,LPW,39.984693,-75.1011779
421010201021,1018.0,0.49,15.82,98.73,Minority,Low_poverty,LPM,40.0103441,-75.1535351
421010010012,1090.0,90.46,7.06,4.13,White,Low_poverty,LPW,39.9437558,-75.1519192
421010210004,1311.0,71.7,28.41,27.15,White,Low_poverty,LPW,40.0229216,-75.2183537
421010014003,2060.0,49.17,17.91,36.6,Other,Low_poverty,LPO,39.9426575,-75.1685398
421010022003,969.0,29.62,7.95,58.41,Minority,Low_poverty,LPM,39.9368436,-75.171942
421010107002,1444.0,4.5,44.81,93.7,Minority,High_poverty,HPM,39.9666798,-75.2056259
421010278002,1132.0,6.18,42.67,92.84,Minority,High_poverty,HPM,40.0427141,-75.1456627
421010010021,1347.0,81.37,2.82,7.65,White,Low_poverty,LPW,39.9428235,-75.144538
421010382001,1006.0,48.21,50.1,48.41,Other,High_poverty,HPO,39.9938935,-75.101515
421010066004,1206.0,6.47,36.74,69.9,Minority,High_poverty,HPM,39.9269016,-75.2316672
421010162001,798.0,5.39,39.47,89.72,Minority,High_poverty,HPM,39.9834095,-75.1339886
421010184002,1434.0,94.7,11.16,5.3,White,Low_poverty,LPW,40.0013454,-75.0608039
421010197005,1434.0,5.93,50.35,94.07,Minority,High_poverty,HPM,40.0141919,-75.1406097
421010030012,717.0,59.14,23.85,9.06,White,Low_poverty,LPW,39.9281881,-75.1700469
421010341001,786.0,58.91,0.0,37.91,White,Low_poverty,LPW,40.0779109,-75.0748317
421010121001,1286.0,23.64,22.08,65.78,Minority,Low_poverty,LPM,40.0012917,-75.2225613
421010110001,631.0,13.15,51.51,74.16,Minority,High_poverty,HPM,39.9724202,-75.2051689
421010252002,695.0,9.93,4.46,89.21,Minority,Low_poverty,LPM,40.042438,-75.1787945
421010287001,1355.0,3.17,43.62,91.29,Minority,High_poverty,HPM,40.0219665,-75.13313
421010299003,790.0,21.01,32.33,77.59,Minority,High_poverty,HPM,40.0128721,-75.0718679
421010341005,999.0,69.37,1.0,27.33,White,Low_poverty,LPW,40.0785238,-75.0827407
421010349001,883.0,28.09,32.39,61.27,Minority,High_poverty,HPM,40.0479275,-75.0046254
421010361002,929.0,85.25,0.54,7.11,White,Low_poverty,LPW,40.1037295,-74.9965625
421010274011,1022.0,4.5,20.94,70.15,Minority,Low_poverty,LPM,40.0429606,-75.1279041
421010284001,1554.0,2.12,24.25,83.2,Minority,Low_poverty,LPM,40.0293965,-75.138018
421010390002,1771.0,2.32,34.66,97.68,Minority,High_poverty,HPM,40.0353257,-75.0900128
421010314023,2904.0,26.86,25.74,37.36,Other,Low_poverty,LPO,40.0453706,-75.0608732
421010331023,953.0,58.66,26.86,32.53,White,Low_poverty,LPW,40.04231,-75.0308744
421010042021,1360.0,84.19,13.97,9.05,White,Low_poverty,LPW,39.9172178,-75.1489095
421010065005,574.0,5.05,2.61,91.11,Minority,Low_poverty,LPM,39.9438705,-75.2428965
421010069002,777.0,0.0,37.45,96.65,Minority,High_poverty,HPM,39.9315388,-75.2191775
421010073002,973.0,6.78,61.66,86.13,Minority,High_poverty,HPM,39.9425777,-75.2225743
421010163003,800.0,3.63,23.63,96.38,Minority,Low_poverty,LPM,39.9894742,-75.1322238
421010175004,651.0,2.0,85.92,98.0,Minority,High_poverty,HPM,39.9950358,-75.1444661
421010240003,412.0,0.0,10.92,100.0,Minority,Low_poverty,LPM,40.0272277,-75.1753384
421010289025,1226.0,0.33,17.05,75.78,Minority,Low_poverty,LPM,40.025726,-75.1155615
421010306001,1206.0,50.58,4.91,19.98,White,Low_poverty,LPW,40.0488304,-75.0889711
421010213004,809.0,85.54,6.18,14.46,White,Low_poverty,LPW,40.0297017,-75.2173843
421010259002,480.0,0.0,17.08,100.0,Minority,Low_poverty,LPM,40.0781898,-75.1748901
421010108004,1166.0,11.49,47.51,78.9,Minority,High_poverty,HPM,39.9628646,-75.1998545
421010191006,361.0,5.82,14.4,94.18,Minority,Low_poverty,LPM,40.0096856,-75.1085936
421010081022,1207.0,0.0,40.02,100.0,Minority,High_poverty,HPM,39.952467,-75.2366609
421010261001,717.0,3.91,13.39,95.82,Minority,Low_poverty,LPM,40.0705615,-75.1738647
421010156001,811.0,25.89,17.51,69.54,Minority,Low_poverty,LPM,39.9778443,-75.1414393
421010102002,1364.0,1.17,39.59,98.31,Minority,High_poverty,HPM,39.9669162,-75.2316975
421010253003,652.0,3.53,5.16,84.82,Minority,Low_poverty,LPM,40.0535453,-75.1847696
421010013005,3643.0,66.79,7.07,17.85,White,Low_poverty,LPW,39.9427269,-75.1861767
421010060005,2003.0,1.05,15.33,88.32,Minority,Low_poverty,LPM,39.9169511,-75.2385573
421010344003,2272.0,72.76,4.36,6.34,White,Low_poverty,LPW,40.0958894,-75.0535269
421010108003,1072.0,12.59,47.76,73.88,Minority,High_poverty,HPM,39.965259,-75.1962756
421010390008,688.0,22.53,62.79,77.48,Minority,High_poverty,HPM,40.0326372,-75.0925803
421010336005,798.0,90.48,0.0,1.38,White,Low_poverty,LPW,40.065534,-75.0592513
421010286003,874.0,2.97,9.27,90.39,Minority,Low_poverty,LPM,40.0268606,-75.1305315
421010139003,865.0,47.51,10.75,45.78,Other,Low_poverty,LPO,39.9732813,-75.1720433
421010178006,382.0,20.68,98.17,75.66,Minority,High_poverty,HPM,39.9886878,-75.1207075
421010183004,555.0,92.97,18.38,4.86,White,Low_poverty,LPW,39.9965172,-75.0771795
421010087021,1347.0,44.69,26.4,17.52,Other,Low_poverty,LPO,39.9550251,-75.2068
421010072004,843.0,2.73,57.53,78.89,Minority,High_poverty,HPM,39.9446371,-75.2289277
421010204003,753.0,0.13,31.74,95.49,Minority,High_poverty,HPM,40.0209083,-75.1511329
421010019003,1206.0,43.2,18.49,47.02,Other,Low_poverty,LPO,39.939515,-75.1687661
421010278003,870.0,0.0,15.4,97.36,Minority,Low_poverty,LPM,40.0384306,-75.1473538
421010252004,989.0,4.15,7.58,95.85,Minority,Low_poverty,LPM,40.0464878,-75.1763694
421010244003,578.0,11.25,43.94,88.75,Minority,High_poverty,HPM,40.0264336,-75.1646196
421010064001,1161.0,1.98,42.81,84.84,Minority,High_poverty,HPM,39.9284674,-75.2386378
421010367001,2044.0,82.97,5.19,8.22,White,Low_poverty,LPW,39.9596079,-75.1434644
421010326004,1263.0,66.83,13.54,17.26,White,Low_poverty,LPW,40.0304585,-75.0396627
421010217001,1980.0,82.68,4.75,15.61,White,Low_poverty,LPW,40.0483703,-75.2235488
421010153001,1135.0,63.61,52.54,27.84,White,High_poverty,HPW,39.983356,-75.1577411
421010267001,1081.0,0.0,13.32,100.0,Minority,Low_poverty,LPM,40.0568565,-75.1441235
421010017001,1258.0,78.22,2.07,17.96,White,Low_poverty,LPW,39.9373125,-75.1461358
421010382003,1032.0,19.48,73.45,80.03,Minority,High_poverty,HPM,40.0013377,-75.0939221
421010199003,860.0,0.0,20.0,100.0,Minority,Low_poverty,LPM,40.0069354,-75.1457814
421010247004,736.0,0.0,36.68,93.61,Minority,High_poverty,HPM,40.0460774,-75.1615314
421010041013,1533.0,19.31,35.81,36.86,Other,High_poverty,HPO,39.9221255,-75.1612312
421010090003,1503.0,60.41,55.63,19.56,White,High_poverty,HPW,39.9603018,-75.1887475
421010366001,2604.0,64.78,6.13,17.43,White,Low_poverty,LPW,39.9469291,-75.1404797
421010125001,1845.0,72.47,12.47,10.62,White,Low_poverty,LPW,39.9604281,-75.1658752
421010284003,956.0,3.66,48.74,94.14,Minority,High_poverty,HPM,40.0248439,-75.1380354
421010293002,1475.0,26.64,52.73,69.56,Minority,High_poverty,HPM,40.0107913,-75.0924216
421010316006,1236.0,64.08,0.0,35.92,White,Low_poverty,LPW,40.0328625,-75.0543437
421010363012,1971.0,71.94,36.53,1.73,White,High_poverty,HPW,40.0955199,-74.964372
421010060003,567.0,3.53,12.87,53.97,Minority,Low_poverty,LPM,39.9139602,-75.237219
421010065006,1085.0,2.3,29.68,95.02,Minority,Low_poverty,LPM,39.9404954,-75.2382278
421010211001,1171.0,85.91,18.53,11.19,White,Low_poverty,LPW,40.022637,-75.205495
421010382002,1029.0,69.78,11.86,22.06,White,Low_poverty,LPW,39.9901972,-75.1026825
421010337022,2431.0,47.88,4.11,7.44,Other,Low_poverty,LPO,40.0704691,-75.0613526
421010070004,338.0,0.0,7.69,100.0,Minority,Low_poverty,LPM,39.9350337,-75.2238087
421010319005,1814.0,24.09,25.58,64.33,Minority,Low_poverty,LPM,40.0244648,-75.0679096
421010243003,877.0,7.53,0.0,89.74,Minority,Low_poverty,LPM,40.0217782,-75.1670674
421010004011,2516.0,63.35,17.84,15.19,White,Low_poverty,LPW,39.9541871,-75.1758082
421010070003,652.0,4.6,37.12,93.56,Minority,High_poverty,HPM,39.9333434,-75.2225746
421010015001,988.0,79.05,4.66,10.93,White,Low_poverty,LPW,39.9413501,-75.154516
421010263022,1095.0,3.93,6.21,96.07,Minority,Low_poverty,LPM,40.0657131,-75.155635
421010191004,2002.0,9.94,26.17,84.77,Minority,Low_poverty,LPM,40.015047,-75.1033724
421010356014,876.0,82.08,51.37,5.37,White,High_poverty,HPW,40.100139,-75.0283251
421010180024,1106.0,72.78,22.06,11.57,White,Low_poverty,LPW,39.98083,-75.1080805
421010158006,1112.0,91.37,7.91,5.31,White,Low_poverty,LPW,39.9742278,-75.1262476
421010310001,694.0,29.54,16.71,64.98,Minority,Low_poverty,LPM,40.0509976,-75.0690902
421010216002,1374.0,52.47,9.1,33.55,White,Low_poverty,LPW,40.0441528,-75.2416354
421010330006,1105.0,22.9,35.29,73.67,Minority,High_poverty,HPM,40.0348017,-75.0380389
421010183001,627.0,97.13,6.06,0.0,White,Low_poverty,LPW,39.9929998,-75.0720521
421010081023,959.0,5.42,25.65,94.58,Minority,Low_poverty,LPM,39.9540052,-75.2363455
421010152001,927.0,2.59,54.58,97.41,Minority,High_poverty,HPM,39.9859183,-75.1656326
421010289012,1330.0,5.26,25.34,85.12,Minority,Low_poverty,LPM,40.0156129,-75.1141831
421010101002,515.0,3.5,13.98,93.4,Minority,Low_poverty,LPM,39.9714684,-75.2392903
421010269002,1171.0,9.74,14.3,85.14,Minority,Low_poverty,LPM,40.0560793,-75.1336844
421010333003,1096.0,56.66,19.62,29.38,White,Low_poverty,LPW,40.0516464,-75.0479499
421010347023,755.0,94.97,0.0,0.0,White,Low_poverty,LPW,40.053979,-75.0318746
421010292003,876.0,20.32,5.02,74.09,Minority,Low_poverty,LPM,40.0279627,-75.0900097
421010312003,1440.0,22.71,15.21,65.34,Minority,Low_poverty,LPM,40.0338771,-75.0792871
421010041014,1783.0,38.03,16.04,51.54,Minority,Low_poverty,LPM,39.9244042,-75.1602692
421010101001,1544.0,0.0,30.89,97.67,Minority,High_poverty,HPM,39.9743937,-75.2394971
421010025003,585.0,54.53,1.03,12.82,White,Low_poverty,LPW,39.9327204,-75.1519636
421010038003,959.0,72.99,2.82,21.9,White,Low_poverty,LPW,39.9228156,-75.1781049
421010016001,967.0,83.45,10.44,11.9,White,Low_poverty,LPW,39.9405366,-75.1501322
421010308004,1587.0,24.39,1.58,46.06,Other,Low_poverty,LPO,40.0512963,-75.0837888
421010237003,716.0,16.2,14.25,67.18,Minority,Low_poverty,LPM,40.0473108,-75.1903852
421010088023,2824.0,50.35,74.8,27.76,White,High_poverty,HPW,39.9534933,-75.2026385
421010011013,1180.0,74.15,26.36,20.34,White,Low_poverty,LPW,39.9453105,-75.160914
421010347011,2844.0,47.68,8.16,29.43,Other,Low_poverty,LPO,40.0600521,-75.0308621
421010098021,1788.0,1.79,12.17,96.98,Minority,Low_poverty,LPM,39.9742762,-75.262621
421010245004,544.0,7.54,40.99,92.46,Minority,High_poverty,HPM,40.0336968,-75.1659107
421010255002,1151.0,37.88,6.17,56.12,Minority,Low_poverty,LPM,40.0642394,-75.1815013
421010325001,835.0,44.43,0.96,38.92,Other,Low_poverty,LPO,40.0315852,-75.047743
421010029002,936.0,77.35,4.7,19.55,White,Low_poverty,LPW,39.9303517,-75.1673311
421010062001,1108.0,6.23,37.33,91.88,Minority,High_poverty,HPM,39.9203539,-75.2298785
421010093004,1016.0,0.0,15.65,96.36,Minority,Low_poverty,LPM,39.9617093,-75.2258445
421010092001,1684.0,9.32,42.46,83.02,Minority,High_poverty,HPM,39.9598588,-75.2088195
421010012024,1025.0,72.29,9.69,22.15,White,Low_poverty,LPW,39.9452005,-75.1665534
421010055001,1527.0,21.41,21.09,72.43,Minority,Low_poverty,LPM,39.9107637,-75.2488492
421010190003,1219.0,14.6,23.05,83.51,Minority,Low_poverty,LPM,40.0124566,-75.0966197
421010038004,905.0,61.55,7.73,4.2,White,Low_poverty,LPW,39.9214888,-75.1810848
421010095001,722.0,4.29,39.06,94.73,Minority,High_poverty,HPM,39.968167,-75.2365079
421010263014,653.0,2.76,20.37,96.17,Minority,Low_poverty,LPM,40.070416,-75.164398
421010218001,1765.0,79.66,6.86,14.67,White,Low_poverty,LPW,40.0612774,-75.2322445
421010120001,479.0,15.66,16.02,80.16,Minority,Low_poverty,LPM,39.9931153,-75.2285145
421010283005,1235.0,0.0,11.16,30.45,Other,Low_poverty,LPO,40.0272089,-75.1438528
421010135001,622.0,96.95,3.54,3.05,White,Low_poverty,LPW,39.9691436,-75.1733907
421010314012,1626.0,19.56,30.57,49.94,Other,High_poverty,HPO,40.0462531,-75.0645366
421010079001,850.0,54.0,10.94,25.76,White,Low_poverty,LPW,39.9514216,-75.2155369
421010208001,1576.0,38.39,31.43,43.21,Other,High_poverty,HPO,40.0253059,-75.1879433
421010362011,1571.0,75.75,7.69,18.59,White,Low_poverty,LPW,40.080892,-74.9834336
421010139002,816.0,2.21,30.02,93.14,Minority,High_poverty,HPM,39.976588,-75.169493
421010379003,1044.0,77.39,15.9,17.72,White,Low_poverty,LPW,39.9935723,-75.0883382
421010337013,3859.0,41.31,22.6,46.07,Other,Low_poverty,LPO,40.0645762,-75.0469886
421010210002,550.0,82.0,5.09,14.18,White,Low_poverty,LPW,40.0255074,-75.2168831
421010319004,661.0,39.33,37.95,57.79,Minority,High_poverty,HPM,40.0218552,-75.0653829
421010148001,804.0,1.87,52.86,83.58,Minority,High_poverty,HPM,39.9802047,-75.169161
421010158002,1172.0,93.43,13.65,6.57,White,Low_poverty,LPW,39.9758043,-75.1277993
421010087012,1029.0,37.32,34.5,38.29,Other,High_poverty,HPO,39.956577,-75.2099008
421010161003,684.0,50.44,12.07,11.55,White,Low_poverty,LPW,39.9866897,-75.1271894
421010311012,513.0,16.96,33.53,78.75,Minority,High_poverty,HPM,40.041854,-75.0778155
421010112004,1186.0,0.0,15.85,100.0,Minority,Low_poverty,LPM,39.9717287,-75.2360924
421010252005,1888.0,1.54,59.9,96.13,Minority,High_poverty,HPM,40.0481423,-75.1736793
421010107004,1068.0,4.59,30.24,93.16,Minority,High_poverty,HPM,39.9695946,-75.2058187
421010363011,1998.0,81.68,7.15,11.16,White,Low_poverty,LPW,40.0895349,-74.9667387
421010069003,1021.0,4.51,25.07,95.49,Minority,Low_poverty,LPM,39.9325658,-75.218542
421010363034,1423.0,93.68,8.85,3.44,White,Low_poverty,LPW,40.1000935,-74.9648512
421010258001,1778.0,5.74,11.14,91.79,Minority,Low_poverty,LPM,40.0739801,-75.1823113
421010158005,1294.0,78.13,7.65,12.21,White,Low_poverty,LPW,39.9730268,-75.1319366
421010348033,674.0,65.58,0.3,32.05,White,Low_poverty,LPW,40.0614663,-75.0076712
421010299004,2093.0,10.8,43.8,80.93,Minority,High_poverty,HPM,40.0163743,-75.0730799
421010036004,1088.0,3.68,40.9,91.46,Minority,High_poverty,HPM,39.9320233,-75.1949047
421010180022,917.0,93.68,11.12,0.0,White,Low_poverty,LPW,39.9827311,-75.1042816
421010096002,776.0,0.0,40.59,99.1,Minority,High_poverty,HPM,39.9636303,-75.2414233
421010088021,987.0,46.3,47.5,33.44,Other,High_poverty,HPO,39.9498402,-75.2039773
421010173002,1668.0,3.84,38.65,93.52,Minority,High_poverty,HPM,39.9985829,-75.1603784
421010079003,1394.0,50.65,30.63,37.81,White,High_poverty,HPW,39.9493319,-75.2211712
421010160003,1625.0,93.6,9.54,3.32,White,Low_poverty,LPW,39.9796103,-75.1205117
421010064003,1878.0,9.27,25.98,83.12,Minority,Low_poverty,LPM,39.9244676,-75.2427398
421010298001,1497.0,13.69,33.78,86.31,Minority,High_poverty,HPM,40.0192655,-75.0698214
421010337024,915.0,76.17,2.95,18.47,White,Low_poverty,LPW,40.0690232,-75.0562318
421010131002,804.0,25.25,34.45,63.43,Minority,High_poverty,HPM,39.9632738,-75.1501434
421010316007,816.0,59.68,26.96,17.52,White,Low_poverty,LPW,40.0352516,-75.0618466
421010263012,689.0,0.0,10.45,98.4,Minority,Low_poverty,LPM,40.0750241,-75.1636638
421010340002,1093.0,46.02,7.76,31.57,Other,Low_poverty,LPO,40.0691193,-75.0730278
421010315011,1144.0,74.56,15.0,1.66,White,Low_poverty,LPW,40.0374717,-75.0442992
421010235001,1300.0,66.46,6.77,27.92,White,Low_poverty,LPW,40.0394435,-75.2007925
421010293001,1695.0,19.76,61.99,80.23,Minority,High_poverty,HPM,40.017119,-75.0928144
421010055003,4062.0,10.86,11.8,85.25,Minority,Low_poverty,LPM,39.9044252,-75.2474436
421010086012,1839.0,57.69,16.37,26.21,White,Low_poverty,LPW,39.9536482,-75.2139015
421010100001,1368.0,5.34,32.31,93.93,Minority,High_poverty,HPM,39.967691,-75.2488291
421010375002,1573.0,38.59,12.84,57.53,Minority,Low_poverty,LPM,39.9816788,-75.2601298
421010376002,2432.0,52.88,19.88,19.53,White,Low_poverty,LPW,39.9601948,-75.1583259
421010378001,945.0,93.97,6.14,2.43,White,Low_poverty,LPW,39.9712308,-75.1170104
421010183003,1728.0,98.84,10.07,1.15,White,Low_poverty,LPW,39.9998359,-75.0773764
421010390001,1008.0,15.67,50.89,69.64,Minority,High_poverty,HPM,40.0363269,-75.0956739
421010342002,1878.0,71.88,9.03,21.93,White,Low_poverty,LPW,40.082829,-75.071616
421010390004,569.0,8.61,60.28,82.43,Minority,High_poverty,HPM,40.0327374,-75.0866109
421010237002,1575.0,42.92,10.51,46.04,Other,Low_poverty,LPO,40.0524409,-75.1900606
421010273003,1035.0,12.56,27.92,71.21,Minority,Low_poverty,LPM,40.0428438,-75.1176474
421010390005,717.0,21.34,21.48,78.66,Minority,Low_poverty,LPM,40.030169,-75.08978
421010302005,1219.0,6.56,45.37,83.18,Minority,High_poverty,HPM,40.0294547,-75.0838907
421010311023,1106.0,6.33,22.24,66.27,Minority,Low_poverty,LPM,40.0347149,-75.0834668
421019891001,1811.0,10.82,60.78,88.13,Minority,High_poverty,HPM,40.0363474,-75.005486
421010373003,1585.0,34.26,6.51,61.39,Minority,Low_poverty,LPM,39.9024981,-75.1879361
421010195022,2153.0,17.28,45.61,78.68,Minority,High_poverty,HPM,40.0031547,-75.1262635
421010029001,1130.0,57.96,46.64,33.28,White,High_poverty,HPW,39.928115,-75.1670533
421010175006,1108.0,5.87,57.85,94.13,Minority,High_poverty,HPM,40.0011937,-75.1414096
421010062004,1823.0,1.59,36.64,86.67,Minority,High_poverty,HPM,39.9195583,-75.2349589
421010153003,937.0,31.91,39.91,44.29,Other,High_poverty,HPO,39.9861261,-75.1612105
421010157003,1160.0,52.33,26.64,36.29,White,Low_poverty,LPW,39.9768522,-75.1353407
421010179005,2126.0,3.1,58.42,96.89,Minority,High_poverty,HPM,39.9858499,-75.1177492
421010164003,1842.0,0.0,37.24,80.3,Minority,High_poverty,HPM,39.9912585,-75.1457119
421010168001,752.0,0.8,25.8,99.2,Minority,Low_poverty,LPM,39.990966,-75.1705158
421010199004,1192.0,1.09,69.21,98.91,Minority,High_poverty,HPM,40.0031634,-75.1446793
421010080004,1142.0,4.55,42.03,88.27,Minority,High_poverty,HPM,39.9518475,-75.228512
421010084004,622.0,1.13,41.64,89.39,Minority,High_poverty,HPM,39.9597108,-75.2340921
421010093005,988.0,0.91,20.75,97.88,Minority,Low_poverty,LPM,39.9636231,-75.2264739
421010092002,1661.0,23.36,32.45,55.09,Minority,High_poverty,HPM,39.960855,-75.2043756
421010094002,1280.0,2.27,43.05,97.74,Minority,High_poverty,HPM,39.9626116,-75.2298448
421010101004,1154.0,7.71,42.63,90.21,Minority,High_poverty,HPM,39.9697741,-75.2418872
421010106002,945.0,3.28,30.37,96.08,Minority,High_poverty,HPM,39.9639639,-75.2065093
421010115003,1477.0,0.54,15.1,97.23,Minority,Low_poverty,LPM,39.9764992,-75.249954
421010117001,1957.0,42.62,36.06,41.39,Other,High_poverty,HPO,39.991907,-75.240437
421010207004,1406.0,63.3,28.08,21.27,White,Low_poverty,LPW,40.0118269,-75.1993314
421010170001,1473.0,30.75,15.0,64.09,Minority,Low_poverty,LPM,40.003321,-75.1889807
421010141001,1600.0,22.25,24.19,65.01,Minority,Low_poverty,LPM,39.9704366,-75.1498426
421010140001,1898.0,27.03,34.98,65.91,Minority,High_poverty,HPM,39.9726276,-75.1641295
421010140003,1409.0,21.58,45.28,59.19,Minority,High_poverty,HPM,39.9743216,-75.1604967
421010144003,1282.0,32.68,25.12,65.37,Minority,Low_poverty,LPM,39.9733173,-75.144464
421010142002,3729.0,67.93,5.2,18.18,White,Low_poverty,LPW,39.9652375,-75.1359612
421010020001,1182.0,37.99,17.94,49.5,Other,Low_poverty,LPO,39.938099,-75.1825438
421010021001,576.0,34.38,23.26,61.98,Minority,Low_poverty,LPM,39.9375818,-75.1788225
421010024005,835.0,46.11,30.3,48.63,Other,High_poverty,HPO,39.9379937,-75.1639764
421019800001,416.0,60.1,0.0,31.26,White,Low_poverty,LPW,39.9880151,-75.1968
421010369002,1645.0,60.55,0.0,27.11,White,Low_poverty,LPW,39.9471283,-75.1970015
421010282002,2252.0,2.84,41.47,95.7,Minority,High_poverty,HPM,40.03405,-75.1371491
421010281002,1318.0,1.37,28.68,98.63,Minority,Low_poverty,LPM,40.0293629,-75.1498968
421010280003,1234.0,0.0,22.69,94.08,Minority,Low_poverty,LPM,40.0283671,-75.153604
421010294002,1323.0,17.54,51.25,66.44,Minority,High_poverty,HPM,40.0072363,-75.0886881
421010294003,1675.0,9.91,50.15,81.97,Minority,High_poverty,HPM,40.0104468,-75.0836473
421010309001,1570.0,34.39,24.2,39.43,Other,Low_poverty,LPO,40.0443208,-75.0811345
421010335002,1903.0,48.5,34.42,25.33,Other,High_poverty,HPO,40.0527521,-75.0624595
421010325003,2235.0,47.02,20.1,36.42,Other,Low_poverty,LPO,40.027458,-75.0440475
421010323003,1577.0,45.66,13.57,52.95,Minority,Low_poverty,LPM,40.0222676,-75.0499467
421010326007,821.0,81.85,0.37,15.47,White,Low_poverty,LPW,40.0262601,-75.0366155
421010362033,2352.0,96.34,3.93,3.66,White,Low_poverty,LPW,40.0738045,-74.9752895
421010359002,2733.0,63.12,12.88,13.75,White,Low_poverty,LPW,40.1091461,-75.0163486
421010027021,1465.0,85.05,7.37,3.28,White,Low_poverty,LPW,39.9301613,-75.1488268
421010036003,2826.0,14.83,51.14,74.38,Minority,High_poverty,HPM,39.924337,-75.1904733
421010060004,543.0,16.57,16.76,83.43,Minority,Low_poverty,LPM,39.9147934,-75.2414253
421010369003,4099.0,48.26,54.3,17.96,Other,High_poverty,HPO,39.9546914,-75.1884127
421010010011,1580.0,90.13,4.56,4.94,White,Low_poverty,LPW,39.947348,-75.1513245
421010004022,2216.0,74.82,11.46,10.64,White,Low_poverty,LPW,39.9531558,-75.1681264
421010200002,956.0,6.49,42.05,91.84,Minority,High_poverty,HPM,40.0042065,-75.1507409
421010203001,1235.0,0.97,29.47,95.62,Minority,Low_poverty,LPM,40.0091183,-75.1492793
421010192005,1183.0,10.57,64.41,84.7,Minority,High_poverty,HPM,39.9998618,-75.1209002
421010299002,582.0,32.3,62.54,67.7,Minority,High_poverty,HPM,40.010643,-75.0747267
421010190005,1464.0,13.52,47.2,85.66,Minority,High_poverty,HPM,40.0058534,-75.0992042
421010198006,922.0,5.1,20.39,71.26,Minority,Low_poverty,LPM,40.0096903,-75.1374693
421010198001,1157.0,2.33,26.97,97.67,Minority,Low_poverty,LPM,40.0112663,-75.1451465
421010199002,1305.0,7.05,60.77,92.95,Minority,High_poverty,HPM,40.0059581,-75.142241
421010211002,1310.0,82.29,7.78,12.06,White,Low_poverty,LPW,40.0283073,-75.2070306
421010242003,1353.0,5.69,30.75,92.24,Minority,High_poverty,HPM,40.0287189,-75.166673
421010252006,1599.0,11.63,27.92,87.74,Minority,Low_poverty,LPM,40.0493281,-75.179925
421010267005,1290.0,0.0,7.13,100.0,Minority,Low_poverty,LPM,40.0538404,-75.1522064
421010389001,899.0,12.79,62.18,80.65,Minority,High_poverty,HPM,40.0531856,-75.1661868
421010375001,2163.0,49.24,23.59,39.76,Other,Low_poverty,LPO,39.9866312,-75.2503444
421010345011,2199.0,49.66,28.06,36.29,Other,Low_poverty,LPO,40.0719469,-75.039765
421010345023,1776.0,35.87,20.36,58.17,Minority,Low_poverty,LPM,40.0817363,-75.0410351
421010348013,1676.0,86.04,11.45,12.59,White,Low_poverty,LPW,40.0558286,-75.0098736
421010161001,2915.0,77.43,12.08,16.12,White,Low_poverty,LPW,39.9825574,-75.1299775
421010353012,2157.0,89.15,2.87,10.29,White,Low_poverty,LPW,40.0659313,-74.9934646
421010008033,768.0,80.73,4.56,7.42,White,Low_poverty,LPW,39.9490038,-75.172209
421010091002,884.0,31.22,37.56,29.98,Other,High_poverty,HPO,39.958616,-75.1968051
421010014001,1561.0,78.41,14.78,18.19,White,Low_poverty,LPW,39.9429965,-75.1733438
421010136012,1595.0,75.55,3.32,6.9,White,Low_poverty,LPW,39.9692575,-75.180172
421010167023,764.0,11.65,34.42,88.35,Minority,High_poverty,HPM,39.9912574,-75.156554
421010381001,682.0,61.73,27.71,35.05,White,Low_poverty,LPW,40.0109506,-75.0566108
421010381002,163.0,21.47,38.04,78.53,Minority,High_poverty,HPM,40.0220782,-75.0317454
421010373002,2144.0,88.85,4.1,3.03,White,Low_poverty,LPW,39.9107388,-75.1854488
421010214001,978.0,76.07,21.89,11.56,White,Low_poverty,LPW,40.0268567,-75.226299
421010386001,1395.0,78.71,0.43,15.63,White,Low_poverty,LPW,40.0582762,-75.2110913
421010279022,2612.0,39.36,39.14,50.3,Minority,High_poverty,HPM,40.0366394,-75.1547122
421010279014,1552.0,0.19,32.22,88.46,Minority,High_poverty,HPM,40.0443361,-75.1558026
421010317004,1376.0,49.64,26.86,34.23,Other,Low_poverty,LPO,40.0334869,-75.0656024
421010003002,2507.0,63.38,9.23,12.88,White,Low_poverty,LPW,39.9574824,-75.1765013
421010009021,1312.0,65.02,19.36,6.55,White,Low_poverty,LPW,39.9469479,-75.1550714
421010009012,944.0,75.64,18.75,4.24,White,Low_poverty,LPW,39.9480323,-75.1634791
421010011014,936.0,59.08,29.77,21.91,White,Low_poverty,LPW,39.9457537,-75.1628422
421010011011,642.0,64.33,14.33,14.18,White,Low_poverty,LPW,39.945546,-75.1642618
421010012013,1044.0,68.3,4.31,19.93,White,Low_poverty,LPW,39.9460109,-75.1766014
421010024001,742.0,90.97,8.89,9.03,White,Low_poverty,LPW,39.9371545,-75.1548337
421010027011,1047.0,33.24,12.8,43.75,Other,Low_poverty,LPO,39.9309915,-75.1531592
421010027022,732.0,85.38,14.48,7.38,White,Low_poverty,LPW,39.9258882,-75.1484342
421010028012,2046.0,19.79,22.63,45.8,Other,Low_poverty,LPO,39.9265305,-75.1573728
421010028013,1414.0,38.68,20.8,29.21,Other,Low_poverty,LPO,39.9314118,-75.1562901
421010030021,1083.0,37.49,4.8,53.64,Minority,Low_poverty,LPM,39.9331076,-75.1692263
421010032006,936.0,10.79,51.28,69.98,Minority,High_poverty,HPM,39.9331168,-75.1888987
421010032003,918.0,3.81,8.06,90.85,Minority,Low_poverty,LPM,39.9311513,-75.1833284
421010033005,1138.0,56.24,22.5,27.42,White,Low_poverty,LPW,39.9341616,-75.19276
421010033003,923.0,43.77,20.37,54.28,Minority,Low_poverty,LPM,39.9365761,-75.1913748
421010037014,1473.0,4.07,22.81,79.63,Minority,Low_poverty,LPM,39.92797,-75.1844511
421010039024,2088.0,94.35,8.62,0.0,White,Low_poverty,LPW,39.9175987,-75.1761838
421010365022,1498.0,79.17,2.27,13.35,White,Low_poverty,LPW,40.1228668,-75.0031484
421010039011,1376.0,55.81,13.67,9.01,White,Low_poverty,LPW,39.9251855,-75.1712223
421010039013,2124.0,89.78,24.62,6.68,White,Low_poverty,LPW,39.9218853,-75.1751949
421010040021,997.0,86.36,3.91,4.81,White,Low_poverty,LPW,39.9199674,-75.1652565
421010253002,762.0,5.64,19.16,88.32,Minority,Low_poverty,LPM,40.0510004,-75.1823608
421010254001,1015.0,0.0,7.23,98.22,Minority,Low_poverty,LPM,40.0599996,-75.1716441
421010256003,1140.0,56.4,2.19,27.28,White,Low_poverty,LPW,40.0694469,-75.1907962
421010257002,977.0,58.85,0.92,23.54,White,Low_poverty,LPW,40.0708984,-75.1967613
421010260003,1435.0,5.71,11.5,84.95,Minority,Low_poverty,LPM,40.0755732,-75.1726483
421010260002,800.0,0.25,14.63,98.5,Minority,Low_poverty,LPM,40.0737736,-75.1695557
421010262002,597.0,9.88,23.45,90.12,Minority,Low_poverty,LPM,40.0695919,-75.16799
421010348012,1501.0,67.95,4.73,20.06,White,Low_poverty,LPW,40.0580544,-75.0215174
421010263024,1701.0,3.94,5.47,93.12,Minority,Low_poverty,LPM,40.0711059,-75.1579945
421010264007,485.0,0.0,11.13,100.0,Minority,Low_poverty,LPM,40.0651056,-75.1594497
421010264003,966.0,0.0,3.11,100.0,Minority,Low_poverty,LPM,40.0597128,-75.1629288
421010265005,467.0,0.0,14.99,100.0,Minority,Low_poverty,LPM,40.0556969,-75.1553655
421010265006,1585.0,0.0,12.38,100.0,Minority,Low_poverty,LPM,40.0570162,-75.1580845
421010266003,508.0,0.0,24.02,91.54,Minority,Low_poverty,LPM,40.066938,-75.1484192
421010267007,829.0,0.0,7.36,79.85,Minority,Low_poverty,LPM,40.0571744,-75.1474844
421010268003,851.0,1.76,21.38,94.01,Minority,Low_poverty,LPM,40.0549188,-75.1418466
421010271003,1106.0,2.8,12.21,80.1,Minority,Low_poverty,LPM,40.0484793,-75.1263611
421010307002,1337.0,31.49,38.22,47.57,Other,High_poverty,HPO,40.0535742,-75.0886794
421010309003,1481.0,12.22,15.6,64.48,Minority,Low_poverty,LPM,40.0428546,-75.0865187
421010310006,1316.0,33.89,7.75,36.17,Other,Low_poverty,LPO,40.0483018,-75.0806503
421010310002,1185.0,20.93,13.5,55.28,Minority,Low_poverty,LPM,40.0535501,-75.0733609
421010311014,1925.0,15.17,35.9,72.42,Minority,High_poverty,HPM,40.0437869,-75.0800409
421010312001,1753.0,8.78,29.38,73.93,Minority,Low_poverty,LPM,40.0356324,-75.0794592
421010313005,918.0,42.92,27.67,57.08,Minority,Low_poverty,LPM,40.042401,-75.0716948
421010314015,821.0,11.21,0.0,64.67,Minority,Low_poverty,LPM,40.0456924,-75.0698824
421010315014,1251.0,53.24,9.67,10.47,White,Low_poverty,LPW,40.0369305,-75.0507828
421010316002,481.0,71.73,33.26,28.28,White,High_poverty,HPW,40.0311489,-75.0565233
421010316004,683.0,72.04,7.04,27.96,White,Low_poverty,LPW,40.0304442,-75.0614459
421010317002,943.0,38.18,0.32,50.16,Minority,Low_poverty,LPM,40.0327672,-75.0697934
421010318002,898.0,30.62,34.08,69.38,Minority,High_poverty,HPM,40.0291087,-75.0762674
421010319003,878.0,41.8,26.99,55.47,Minority,Low_poverty,LPM,40.0196671,-75.0640771
421010320006,1532.0,39.56,5.29,47.98,Other,Low_poverty,LPO,40.0246552,-75.0559271
421010320001,593.0,74.03,4.89,25.97,White,Low_poverty,LPW,40.0292586,-75.0505031
421010323002,1314.0,36.07,15.86,62.55,Minority,Low_poverty,LPM,40.0215614,-75.054642
421010326001,918.0,51.96,44.77,45.64,White,High_poverty,HPW,40.0345595,-75.0431064
421010329003,886.0,37.81,21.9,34.77,Other,Low_poverty,LPO,40.0337722,-75.0275666
421010329005,1054.0,53.13,25.05,42.22,White,Low_poverty,LPW,40.0391686,-75.0301401
421010330005,1657.0,63.97,5.02,31.14,White,Low_poverty,LPW,40.0322709,-75.0339284
421010331021,992.0,89.82,32.69,10.18,White,High_poverty,HPW,40.0459446,-75.023745
421010331014,1282.0,84.4,6.47,11.15,White,Low_poverty,LPW,40.0420205,-75.0369459
421010333001,1591.0,75.49,21.75,16.16,White,Low_poverty,LPW,40.0591511,-75.0414197
421010335001,1029.0,40.52,36.15,33.63,Other,High_poverty,HPO,40.0577905,-75.0652299
421010336002,789.0,79.09,29.15,13.31,White,Low_poverty,LPW,40.0590427,-75.0571426
421010337021,1014.0,47.24,9.76,35.01,Other,Low_poverty,LPO,40.0738707,-75.0515234
421010179002,1136.0,53.35,27.99,43.75,White,Low_poverty,LPW,39.9877602,-75.1087679
421010180021,1258.0,83.23,34.52,13.59,White,High_poverty,HPW,39.9857439,-75.1056803
421010037022,1307.0,23.03,24.4,59.14,Minority,Low_poverty,LPM,39.9245611,-75.1834958
421010184001,808.0,89.23,24.97,6.81,White,Low_poverty,LPW,40.0060424,-75.070846
421010188002,1290.0,21.86,20.31,78.06,Minority,Low_poverty,LPM,39.9975515,-75.1023594
421010188003,1533.0,5.54,43.77,92.63,Minority,High_poverty,HPM,39.9999472,-75.1039272
421010191002,756.0,11.77,23.63,73.02,Minority,Low_poverty,LPM,40.0109925,-75.1038227
421010192006,371.0,21.83,23.18,72.78,Minority,Low_poverty,LPM,40.0015632,-75.1220256
421010383003,565.0,2.48,43.19,97.52,Minority,High_poverty,HPM,40.0150953,-75.1334639
421010197004,787.0,5.08,19.19,94.92,Minority,Low_poverty,LPM,40.0154511,-75.1383097
421010198003,1231.0,1.3,28.19,95.86,Minority,Low_poverty,LPM,40.0087403,-75.1405627
421010199001,1141.0,3.24,61.7,95.09,Minority,High_poverty,HPM,40.0060857,-75.1390074
421010201024,810.0,1.98,20.37,98.03,Minority,Low_poverty,LPM,40.0130032,-75.1537984
421010202004,638.0,16.3,62.85,83.7,Minority,High_poverty,HPM,40.0102594,-75.1634456
421010204002,840.0,0.0,40.0,100.0,Minority,High_poverty,HPM,40.0183323,-75.15105
421010205002,1017.0,3.54,34.71,84.27,Minority,High_poverty,HPM,40.0110248,-75.1702143
421010209004,1081.0,84.74,11.01,15.27,White,Low_poverty,LPW,40.0195035,-75.2121781
421010210001,1107.0,87.26,11.74,3.62,White,Low_poverty,LPW,40.0272965,-75.2129267
421010213005,673.0,90.34,14.12,9.65,White,Low_poverty,LPW,40.0332193,-75.222444
421010215004,785.0,74.01,10.32,8.79,White,Low_poverty,LPW,40.0360507,-75.2306917
421010215001,997.0,68.81,0.8,30.7,White,Low_poverty,LPW,40.0389298,-75.225838
421010216001,998.0,91.28,19.94,4.11,White,Low_poverty,LPW,40.0397929,-75.2319386
421010217002,1972.0,63.34,8.54,21.45,White,Low_poverty,LPW,40.0469404,-75.229554
421010388001,707.0,61.1,15.7,33.66,White,Low_poverty,LPW,40.0602959,-75.1987496
421010237001,986.0,28.19,11.13,70.18,Minority,Low_poverty,LPM,40.0440553,-75.187915
421010238002,433.0,58.89,22.17,41.11,White,Low_poverty,LPW,40.0396907,-75.1810508
421010239001,955.0,26.7,23.87,69.63,Minority,Low_poverty,LPM,40.0350839,-75.1862932
421010272001,800.0,4.75,14.75,92.5,Minority,Low_poverty,LPM,40.0482409,-75.1150993
421010272003,1196.0,9.36,18.31,70.65,Minority,Low_poverty,LPM,40.0485121,-75.1207703
421010274022,625.0,17.6,36.8,82.4,Minority,High_poverty,HPM,40.0340607,-75.1260967
421010274012,913.0,3.61,4.38,69.88,Minority,Low_poverty,LPM,40.0385567,-75.1285712
421010274024,2436.0,2.63,21.8,91.38,Minority,Low_poverty,LPM,40.0404826,-75.1247048
421010136021,617.0,74.55,3.57,5.67,White,Low_poverty,LPW,39.9712086,-75.1772803
421010137003,1044.0,5.08,45.69,94.92,Minority,High_poverty,HPM,39.9790105,-75.1827944
421010140002,581.0,10.84,38.9,89.16,Minority,High_poverty,HPM,39.974904,-75.163549
421010144002,2387.0,64.26,20.25,23.37,White,Low_poverty,LPW,39.9721079,-75.1379442
421010149001,1028.0,0.0,60.8,97.08,Minority,High_poverty,HPM,39.9808433,-75.1740767
421010149005,844.0,11.26,23.93,88.75,Minority,Low_poverty,LPM,39.9815408,-75.1830865
421010151021,1647.0,0.0,51.24,96.41,Minority,High_poverty,HPM,39.9860485,-75.1768251
421010152003,1277.0,9.71,61.24,90.29,Minority,High_poverty,HPM,39.9853069,-75.1731038
421010160005,917.0,89.86,9.49,5.56,White,Low_poverty,LPW,39.9792872,-75.1280028
421010160002,1052.0,81.08,8.17,17.59,White,Low_poverty,LPW,39.9776765,-75.1258155
421010274025,1464.0,2.53,39.21,94.87,Minority,High_poverty,HPM,40.0442834,-75.1241985
421010275004,1138.0,0.18,19.51,96.49,Minority,Low_poverty,LPM,40.0388491,-75.1334582
421010276003,1204.0,1.74,30.07,98.25,Minority,High_poverty,HPM,40.0426428,-75.1413722
421010277001,1205.0,2.57,38.26,86.14,Minority,High_poverty,HPM,40.0495761,-75.1452206
421010279013,776.0,0.0,45.88,100.0,Minority,High_poverty,HPM,40.0472114,-75.1565933
421010280002,1012.0,0.0,20.95,98.32,Minority,Low_poverty,LPM,40.0272814,-75.1571076
421010282001,997.0,3.01,12.24,77.53,Minority,Low_poverty,LPM,40.032638,-75.1439323
421010283006,956.0,0.0,42.57,100.0,Minority,High_poverty,HPM,40.0300661,-75.1431337
421010284002,866.0,0.0,31.06,94.92,Minority,High_poverty,HPM,40.0273321,-75.137418
421010289023,1160.0,9.22,7.97,79.65,Minority,Low_poverty,LPM,40.0235494,-75.1160706
421010289022,1431.0,14.33,55.0,69.18,Minority,High_poverty,HPM,40.0241254,-75.1128868
421010290001,144.0,20.83,29.86,63.89,Minority,Low_poverty,LPM,40.0336382,-75.1126431
421010338002,909.0,41.8,9.35,50.27,Minority,Low_poverty,LPM,40.0584588,-75.0729939
421010338005,1236.0,69.58,2.1,12.63,White,Low_poverty,LPW,40.0644161,-75.0768393
421010339002,1876.0,43.07,23.08,40.3,Other,Low_poverty,LPO,40.0662909,-75.085025
421010341004,950.0,64.84,4.11,19.37,White,Low_poverty,LPW,40.0750609,-75.0858439
421010344002,1682.0,76.4,0.57,16.52,White,Low_poverty,LPW,40.0890929,-75.0526839
421010344001,1309.0,72.12,22.0,22.38,White,Low_poverty,LPW,40.0846178,-75.0490675
421010347012,2302.0,48.96,4.04,37.53,Other,Low_poverty,LPO,40.0660148,-75.0325653
421010067005,1190.0,0.0,44.71,91.93,Minority,High_poverty,HPM,39.9252675,-75.226912
421010067004,1482.0,3.58,35.16,96.42,Minority,High_poverty,HPM,39.9238398,-75.2296654
421010240001,1275.0,48.78,18.5,43.37,Other,Low_poverty,LPO,40.0283083,-75.182625
421010242001,964.0,22.3,26.76,77.7,Minority,Low_poverty,LPM,40.0307172,-75.1700734
421010243004,647.0,11.9,5.56,80.37,Minority,Low_poverty,LPM,40.0196803,-75.1685527
421010263011,1355.0,0.07,26.42,95.12,Minority,Low_poverty,LPM,40.0721541,-75.165503
421010247002,706.0,8.5,53.14,87.25,Minority,High_poverty,HPM,40.0420879,-75.1614416
421010247001,1096.0,1.28,45.16,97.9,Minority,High_poverty,HPM,40.0424195,-75.1653371
421010247005,464.0,14.87,21.73,84.92,Minority,Low_poverty,LPM,40.0407896,-75.1690888
421010160007,1152.0,76.04,32.69,14.32,White,High_poverty,HPW,39.9804484,-75.1249784
421010161004,1008.0,15.08,26.59,57.84,Minority,Low_poverty,LPM,39.9851367,-75.1275979
421010161002,1596.0,48.25,28.26,31.83,Other,Low_poverty,LPO,39.9860453,-75.1238952
421010163001,661.0,1.51,69.66,72.62,Minority,High_poverty,HPM,39.9893194,-75.1290888
421010167024,709.0,12.41,35.68,86.46,Minority,High_poverty,HPM,39.9873918,-75.1584804
421010167022,628.0,3.82,51.59,96.18,Minority,High_poverty,HPM,39.992713,-75.1587254
421010168004,545.0,0.0,65.32,100.0,Minority,High_poverty,HPM,39.9893145,-75.1671341
421010039014,1239.0,41.49,25.91,17.03,Other,Low_poverty,LPO,39.9256027,-75.1743917
421010171001,813.0,0.0,39.24,90.9,Minority,High_poverty,HPM,40.0035359,-75.1742584
421010172011,949.0,6.11,39.3,65.65,Minority,High_poverty,HPM,39.9989093,-75.1684885
421010172023,835.0,0.0,44.07,96.29,Minority,High_poverty,HPM,39.9976349,-75.1773448
421010173001,870.0,6.9,32.99,93.1,Minority,High_poverty,HPM,39.9984779,-75.1651515
421010176014,1090.0,8.44,55.5,91.56,Minority,High_poverty,HPM,39.9941688,-75.1328518
421010177024,1371.0,5.11,50.91,94.9,Minority,High_poverty,HPM,39.9946911,-75.123994
421010177011,1128.0,16.05,60.37,79.52,Minority,High_poverty,HPM,39.9952892,-75.1183424
421010177012,1009.0,13.48,56.49,83.55,Minority,High_poverty,HPM,39.9969022,-75.1143569
421010249003,559.0,1.97,50.63,98.03,Minority,High_poverty,HPM,40.0481538,-75.1596036
421010252001,481.0,25.16,17.76,61.12,Minority,Low_poverty,LPM,40.0443587,-75.1740474
421010253004,903.0,24.03,1.24,74.86,Minority,Low_poverty,LPM,40.0570673,-75.183575
421010363031,2456.0,97.68,3.71,0.12,White,Low_poverty,LPW,40.1075844,-74.9707987
421010169013,1394.0,0.0,31.63,100.0,Minority,High_poverty,HPM,39.9930154,-75.1778935
421010349002,2341.0,46.95,3.16,41.56,Other,Low_poverty,LPO,40.0441344,-75.0111545
421010352001,2138.0,88.21,8.95,6.37,White,Low_poverty,LPW,40.0553,-74.9901521
421010355003,2600.0,60.81,12.46,12.08,White,Low_poverty,LPW,40.0929757,-75.0294999
421010357022,2460.0,80.04,20.33,5.28,White,Low_poverty,LPW,40.1171202,-75.0352367
421010358001,2849.0,67.88,10.33,8.63,White,Low_poverty,LPW,40.1202329,-75.0220046
421010353021,1805.0,86.09,7.42,12.03,White,Low_poverty,LPW,40.0776196,-74.9915315
421010365021,2715.0,89.17,5.16,4.64,White,Low_poverty,LPW,40.1245562,-74.9940344
421010012011,998.0,75.65,3.21,13.03,White,Low_poverty,LPW,39.9479795,-75.1834409
421010014002,578.0,82.7,5.36,4.15,White,Low_poverty,LPW,39.943664,-75.1762978
421010019001,1186.0,55.9,7.34,39.29,White,Low_poverty,LPW,39.9407635,-75.1722668
421010022001,658.0,66.41,20.29,20.67,White,Low_poverty,LPW,39.9370184,-75.1686337
421010070001,1193.0,0.0,9.96,100.0,Minority,Low_poverty,LPM,39.9378063,-75.2198582
421010071022,1271.0,6.22,36.9,91.1,Minority,High_poverty,HPM,39.9386767,-75.2293249
421010071013,558.0,12.9,26.19,87.1,Minority,Low_poverty,LPM,39.9396502,-75.2228736
421010072003,451.0,5.1,33.48,92.68,Minority,High_poverty,HPM,39.943003,-75.2313126
421010073003,471.0,30.36,18.47,69.64,Minority,Low_poverty,LPM,39.9451912,-75.2219603
421010074001,687.0,32.31,33.62,56.62,Minority,High_poverty,HPM,39.9437261,-75.2101211
421010077002,717.0,36.68,25.45,48.11,Other,Low_poverty,LPO,39.9445468,-75.2078658
421010079002,1300.0,62.54,9.23,19.77,White,Low_poverty,LPW,39.9496946,-75.2162711
421010079004,919.0,35.36,14.8,56.26,Minority,Low_poverty,LPM,39.9516574,-75.2205538
421010081024,1877.0,11.08,35.43,88.92,Minority,High_poverty,HPM,39.9512162,-75.2327417
421010082005,591.0,0.0,12.69,87.31,Minority,Low_poverty,LPM,39.9509605,-75.2501145
421010082002,1610.0,0.68,36.4,99.32,Minority,High_poverty,HPM,39.9491549,-75.2412749
421010082004,259.0,6.95,11.2,93.05,Minority,Low_poverty,LPM,39.9452774,-75.2445452
421010176011,341.0,3.23,82.7,96.77,Minority,High_poverty,HPM,39.9970824,-75.1365833
421010041024,1125.0,52.44,14.04,13.33,White,Low_poverty,LPW,39.9195625,-75.162115
421010037023,1111.0,15.57,40.49,56.44,Minority,High_poverty,HPM,39.9244247,-75.1856625
421010042022,1377.0,42.85,38.79,23.9,Other,High_poverty,HPO,39.915515,-75.1526053
421010042011,966.0,97.0,23.6,3.0,White,Low_poverty,LPW,39.9228584,-75.1484194
421010040013,947.0,77.19,46.36,4.33,White,High_poverty,HPW,39.9229027,-75.1681557
421010054001,1577.0,11.67,17.69,77.99,Minority,Low_poverty,LPM,39.8886712,-75.2523536
421010060001,1894.0,13.67,39.44,77.78,Minority,High_poverty,HPM,39.9095322,-75.2381385
421010121002,1903.0,16.08,28.16,81.56,Minority,Low_poverty,LPM,39.9964998,-75.2223795
421010125002,2710.0,55.83,11.0,18.38,White,Low_poverty,LPW,39.9624444,-75.1712136
421010062003,648.0,1.7,25.15,98.3,Minority,Low_poverty,LPM,39.9179572,-75.233286
421010065004,673.0,0.0,17.68,100.0,Minority,Low_poverty,LPM,39.9368095,-75.2325286
421010066001,1242.0,1.13,29.02,97.43,Minority,Low_poverty,LPM,39.9307216,-75.2269744
421010066002,280.0,0.0,33.57,96.43,Minority,High_poverty,HPM,39.9308219,-75.2299124
421010087013,1335.0,43.22,17.08,31.84,Other,Low_poverty,LPO,39.9533348,-75.2105683
421010088024,903.0,62.02,57.91,13.84,White,High_poverty,HPW,39.9513178,-75.2026724
421010088011,1881.0,50.19,40.46,22.92,White,High_poverty,HPW,39.9527969,-75.1986892
421010093002,1163.0,0.0,70.16,100.0,Minority,High_poverty,HPM,39.9620112,-75.2219721
421010096003,729.0,0.0,21.81,97.12,Minority,Low_poverty,LPM,39.9632412,-75.2445787
421010098022,1963.0,17.98,17.17,78.8,Minority,Low_poverty,LPM,39.9737984,-75.2689428
421010100003,798.0,6.02,6.64,84.96,Minority,Low_poverty,LPM,39.9737177,-75.2484491
421010101006,820.0,1.83,25.0,93.9,Minority,Low_poverty,LPM,39.9739461,-75.2456145
421010104004,1572.0,2.16,64.46,92.75,Minority,High_poverty,HPM,39.9623362,-75.2180361
421010107003,419.0,4.53,23.63,91.89,Minority,Low_poverty,LPM,39.9698545,-75.2098755
421010108001,702.0,0.0,52.71,100.0,Minority,High_poverty,HPM,39.9687579,-75.199725
421010109002,457.0,14.44,38.29,80.31,Minority,High_poverty,HPM,39.9642929,-75.1896435
421010111002,696.0,8.19,17.39,71.26,Minority,Low_poverty,LPM,39.9716393,-75.220945
421010112002,667.0,0.0,35.98,100.0,Minority,High_poverty,HPM,39.9723544,-75.2304396
421010134021,814.0,71.38,1.35,24.32,White,Low_poverty,LPW,39.9661221,-75.1705384
421010240004,872.0,26.49,20.07,67.31,Minority,Low_poverty,LPM,40.0253497,-75.1785078
421010112006,407.0,0.0,33.91,98.03,Minority,High_poverty,HPM,39.9750282,-75.2347353
421010113003,1202.0,0.25,33.78,99.75,Minority,High_poverty,HPM,39.9772316,-75.2362911
421010114001,3026.0,0.13,36.29,98.98,Minority,High_poverty,HPM,39.9794637,-75.24779
421010115002,1241.0,0.97,11.28,99.03,Minority,Low_poverty,LPM,39.9778933,-75.2534512
421010118006,426.0,5.63,3.29,86.38,Minority,Low_poverty,LPM,39.9883117,-75.2384315
421010119005,532.0,0.0,0.0,100.0,Minority,Low_poverty,LPM,39.9890103,-75.2294972
421010291001,952.0,8.51,30.57,69.96,Minority,High_poverty,HPM,40.0374996,-75.106752
421010299001,859.0,8.61,42.26,86.38,Minority,High_poverty,HPM,40.0133102,-75.0766837
421010300004,1422.0,8.3,47.83,91.7,Minority,High_poverty,HPM,40.0219437,-75.0765491
421010301004,593.0,21.92,29.01,58.85,Minority,Low_poverty,LPM,40.0206338,-75.0924898
421010302003,2068.0,9.48,12.91,65.33,Minority,Low_poverty,LPM,40.0248082,-75.0833856
421010390006,1492.0,3.62,5.82,90.81,Minority,Low_poverty,LPM,40.0383908,-75.0904448
421010305023,1405.0,15.23,44.91,71.46,Minority,High_poverty,HPM,40.0498838,-75.1033525
421010305024,2327.0,9.11,35.28,84.36,Minority,High_poverty,HPM,40.0426764,-75.1046264
421010306002,1152.0,12.07,4.25,79.6,Minority,Low_poverty,LPM,40.0474165,-75.093349
421010306004,1007.0,34.96,3.67,58.78,Minority,Low_poverty,LPM,40.0496018,-75.0975677
421010083013,1030.0,2.52,21.01,93.88,Minority,Low_poverty,LPM,39.9548563,-75.2473481
421010085001,274.0,4.74,14.6,95.26,Minority,Low_poverty,LPM,39.9586067,-75.2231356
421010085006,1307.0,1.38,41.85,91.28,Minority,High_poverty,HPM,39.9574091,-75.2284566
421010347022,913.0,95.29,0.0,4.16,White,Low_poverty,LPW,40.0539383,-75.0258029
421010362013,1701.0,86.18,7.41,9.11,White,Low_poverty,LPW,40.0810424,-74.9901791
421010362031,1568.0,77.36,2.61,16.58,White,Low_poverty,LPW,40.0825049,-74.9719695
421010038001,1281.0,97.97,6.09,2.03,White,Low_poverty,LPW,39.9204169,-75.1787299
421010353022,2711.0,74.95,9.63,18.7,White,Low_poverty,LPW,40.0693988,-75.0001617
421010083023,1027.0,0.0,54.63,97.85,Minority,High_poverty,HPM,39.9566372,-75.2418692
421010083021,984.0,0.0,48.07,94.11,Minority,High_poverty,HPM,39.9530831,-75.2416016
421010136023,1111.0,74.53,5.31,11.16,White,Low_poverty,LPW,39.9715081,-75.1796693
421010122042,2207.0,16.86,27.13,76.26,Minority,Low_poverty,LPM,39.9981534,-75.2145288
421010330004,2180.0,21.28,38.26,70.64,Minority,High_poverty,HPM,40.0308756,-75.0313573
421010384001,1452.0,88.15,7.17,11.44,White,Low_poverty,LPW,40.0732845,-75.2322555
421010146002,886.0,5.3,16.59,91.53,Minority,Low_poverty,LPM,39.9751906,-75.1531844
421010266007,525.0,0.0,6.48,100.0,Minority,Low_poverty,LPM,40.0656975,-75.151963
421010278001,1266.0,0.0,6.56,97.16,Minority,Low_poverty,LPM,40.0429597,-75.1486578
421010319001,1107.0,41.46,27.55,46.71,Other,Low_poverty,LPO,40.0252933,-75.0625662
421010280004,1150.0,3.04,33.65,95.3,Minority,High_poverty,HPM,40.0239962,-75.1514122
421010387001,861.0,59.35,3.14,32.4,White,Low_poverty,LPW,40.0766599,-75.2023573
421010072002,711.0,6.89,14.24,88.89,Minority,Low_poverty,LPM,39.946387,-75.2312757
421010003001,878.0,65.83,10.38,9.0,White,Low_poverty,LPW,39.956712,-75.1675614
421010032004,805.0,3.35,30.81,96.65,Minority,High_poverty,HPM,39.9348365,-75.1863107
421010088022,1589.0,23.98,74.64,44.68,Other,High_poverty,HPO,39.9559911,-75.2021804
421010214002,960.0,71.56,12.6,26.04,White,Low_poverty,LPW,40.0281127,-75.2190087
421010387002,1955.0,79.8,7.15,11.87,White,Low_poverty,LPW,40.0833124,-75.213076
421010176022,965.0,2.38,94.47,97.62,Minority,High_poverty,HPM,39.9940209,-75.1278574
421010273004,1729.0,1.62,18.6,77.62,Minority,Low_poverty,LPM,40.0384973,-75.1220845
421010025001,1338.0,51.27,23.67,36.7,White,Low_poverty,LPW,39.9346329,-75.1489044
421010070005,986.0,2.74,10.75,96.45,Minority,Low_poverty,LPM,39.9354189,-75.2193595
421010286004,867.0,7.04,16.49,92.96,Minority,Low_poverty,LPM,40.0313888,-75.1301293
421010378003,1086.0,77.72,15.29,18.97,White,Low_poverty,LPW,39.9791643,-75.1169049
421010271001,643.0,16.64,11.04,63.92,Minority,Low_poverty,LPM,40.0523631,-75.1245871
421010292002,1093.0,19.21,5.86,78.87,Minority,Low_poverty,LPM,40.024946,-75.1021543
421010353013,623.0,62.28,0.0,30.98,White,Low_poverty,LPW,40.0627233,-74.9895262
421010082001,501.0,2.79,7.39,97.01,Minority,Low_poverty,LPM,39.951123,-75.2410572
421010040023,1185.0,93.33,5.57,0.0,White,Low_poverty,LPW,39.9178531,-75.1692557
421010379006,1178.0,98.9,19.44,0.0,White,Low_poverty,LPW,39.9892992,-75.094535
421010107001,681.0,6.31,64.76,93.69,Minority,High_poverty,HPM,39.9716333,-75.2095375
421010267006,388.0,0.0,23.71,96.91,Minority,Low_poverty,LPM,40.0561246,-75.1508288
421010338004,736.0,53.53,0.27,29.76,White,Low_poverty,LPW,40.0616044,-75.0776995
421010177023,521.0,9.6,70.06,90.4,Minority,High_poverty,HPM,39.9973837,-75.1202977
421010307003,1949.0,33.91,16.93,62.39,Minority,Low_poverty,LPM,40.0587648,-75.0897368
421010337011,1754.0,47.78,6.21,47.26,Other,Low_poverty,LPO,40.0726253,-75.0476789
421010351001,1948.0,83.26,18.84,12.53,White,Low_poverty,LPW,40.0518689,-74.9829869
421010105002,2104.0,8.75,56.48,90.87,Minority,High_poverty,HPM,39.970291,-75.2143966
421010084005,1031.0,0.29,32.98,96.9,Minority,High_poverty,HPM,39.9554175,-75.2370602
421010345012,2044.0,49.07,8.07,27.94,Other,Low_poverty,LPO,40.0765975,-75.0388918
421010027023,1240.0,75.81,24.19,23.46,White,Low_poverty,LPW,39.9281365,-75.1504124
421010383001,1661.0,7.59,63.69,90.37,Minority,High_poverty,HPM,40.0101848,-75.1237972
421010114002,354.0,0.0,0.0,100.0,Minority,Low_poverty,LPM,39.9800707,-75.2409494
421010086011,1473.0,32.86,19.48,45.35,Other,Low_poverty,LPO,39.9538132,-75.2190733
421010267004,2267.0,1.15,40.49,98.86,Minority,High_poverty,HPM,40.054415,-75.1476216
421010265002,704.0,3.41,33.95,92.75,Minority,High_poverty,HPM,40.0595921,-75.1549906
421010177021,555.0,1.98,59.28,95.86,Minority,High_poverty,HPM,39.9917593,-75.1251941
421010334002,1368.0,61.18,4.75,20.18,White,Low_poverty,LPW,40.0539499,-75.0520329
421010204004,491.0,8.96,36.25,82.28,Minority,High_poverty,HPM,40.0190621,-75.1539569
421010214005,840.0,72.98,14.88,27.02,White,Low_poverty,LPW,40.0303348,-75.2220985
421010355002,2619.0,68.8,25.46,23.18,White,Low_poverty,LPW,40.085334,-75.0307522
421010315023,1538.0,49.8,30.01,31.73,Other,High_poverty,HPO,40.0361124,-75.055271
421010254003,884.0,15.38,24.48,71.84,Minority,Low_poverty,LPM,40.0594259,-75.1808019
421010291002,1726.0,3.01,52.2,84.7,Minority,High_poverty,HPM,40.0364217,-75.111093
421010023001,938.0,63.65,6.18,13.86,White,Low_poverty,LPW,39.9356471,-75.163751
421010029003,1879.0,76.85,12.29,6.54,White,Low_poverty,LPW,39.9321689,-75.164341
421010073004,991.0,8.48,10.19,89.7,Minority,Low_poverty,LPM,39.9463149,-75.2258519
421010096001,951.0,0.0,24.92,100.0,Minority,Low_poverty,LPM,39.9673696,-75.2426748
421010171004,881.0,0.0,19.07,97.85,Minority,Low_poverty,LPM,40.0008628,-75.1803891
421010137002,845.0,37.99,42.37,59.64,Minority,High_poverty,HPM,39.9767472,-75.180833
421010162002,888.0,0.34,46.17,85.59,Minority,High_poverty,HPM,39.9843381,-75.1407049
421010311013,1139.0,13.17,14.75,66.37,Minority,Low_poverty,LPM,40.040209,-75.0793789
421010315021,1860.0,37.8,22.64,40.0,Other,Low_poverty,LPO,40.039214,-75.0563586
421010320004,1039.0,46.68,24.35,53.32,Minority,Low_poverty,LPM,40.0233844,-75.0576572
421010329001,416.0,35.82,26.68,62.02,Minority,Low_poverty,LPM,40.0407062,-75.0239447
421010331013,1005.0,82.39,0.0,17.61,White,Low_poverty,LPW,40.0411445,-75.0339104
421010191005,2176.0,12.27,23.15,74.68,Minority,Low_poverty,LPM,40.0051466,-75.1084834
421010337023,500.0,66.0,19.0,0.4,White,Low_poverty,LPW,40.06789,-75.0544618
421010385002,1251.0,79.14,8.03,8.31,White,Low_poverty,LPW,40.0780816,-75.2162636
421010348032,2456.0,69.3,20.11,22.02,White,Low_poverty,LPW,40.0651544,-75.004386
421010356011,2135.0,75.6,2.29,6.23,White,Low_poverty,LPW,40.0923618,-75.036926
421010362022,1592.0,81.72,2.95,18.28,White,Low_poverty,LPW,40.0840251,-74.9781476
421010362032,1191.0,74.39,2.69,17.3,White,Low_poverty,LPW,40.0790134,-74.9682406
421010313002,1722.0,25.55,22.82,47.74,Other,Low_poverty,LPO,40.0376935,-75.0656329
421010236003,701.0,72.18,2.57,22.4,White,Low_poverty,LPW,40.0415079,-75.1962202
421010254004,1035.0,20.48,7.38,73.81,Minority,Low_poverty,LPM,40.0621002,-75.1758847
421010321003,1459.0,57.78,22.41,36.39,White,Low_poverty,LPW,40.018566,-75.060411
421010344004,2781.0,58.54,1.13,7.95,White,Low_poverty,LPW,40.0993426,-75.059814
421010086021,868.0,20.85,26.61,53.34,Minority,Low_poverty,LPM,39.9573752,-75.2149973
421010011012,992.0,77.22,31.65,9.98,White,High_poverty,HPW,39.9438301,-75.1627719
421010018001,926.0,98.81,0.97,0.0,White,Low_poverty,LPW,39.9392189,-75.1545297
421010028021,1299.0,42.65,29.79,38.8,Other,Low_poverty,LPO,39.9267515,-75.1605381
421010032002,445.0,17.53,7.42,78.88,Minority,Low_poverty,LPM,39.9329856,-75.1829331
421010039021,1938.0,96.18,10.42,3.41,White,Low_poverty,LPW,39.9196048,-75.1724416
421010041011,547.0,15.36,4.2,49.36,Other,Low_poverty,LPO,39.9234971,-75.1564479
421010096005,953.0,0.52,5.04,97.17,Minority,Low_poverty,LPM,39.9663744,-75.2444695
421010102001,668.0,0.0,10.18,100.0,Minority,Low_poverty,LPM,39.969589,-75.2339594
421010111004,1446.0,2.01,44.16,97.99,Minority,High_poverty,HPM,39.9754452,-75.2281518
421010115004,598.0,3.85,15.72,91.64,Minority,Low_poverty,LPM,39.9755404,-75.2538756
421010134011,1044.0,93.58,10.54,3.74,White,Low_poverty,LPW,39.9664286,-75.1771209
421010012021,1394.0,74.68,14.42,8.1,White,Low_poverty,LPW,39.9467746,-75.1689754
421010261003,1486.0,0.0,19.11,99.19,Minority,Low_poverty,LPM,40.0726865,-75.1772638
421010056001,1158.0,2.68,26.86,91.19,Minority,Low_poverty,LPM,39.8988328,-75.2447347
421010143001,1159.0,81.79,17.95,8.11,White,Low_poverty,LPW,39.9678118,-75.1249943
421010208002,713.0,66.76,11.27,26.65,White,Low_poverty,LPW,40.0184109,-75.1977311
421010291004,1000.0,4.8,19.6,61.7,Minority,Low_poverty,LPM,40.0289888,-75.1092553
421010315015,1585.0,80.69,24.04,8.64,White,Low_poverty,LPW,40.0393437,-75.0485111
421010100004,1504.0,5.85,12.17,91.03,Minority,Low_poverty,LPM,39.9721716,-75.2521587
421010364001,1037.0,72.42,41.32,22.85,White,High_poverty,HPW,40.1127754,-74.9789088
421010345021,1282.0,59.52,12.36,27.14,White,Low_poverty,LPW,40.0839969,-75.0440921
421010256001,932.0,45.28,0.95,50.97,Minority,Low_poverty,LPM,40.0687282,-75.1866107
421010095004,1380.0,0.0,24.49,100.0,Minority,Low_poverty,LPM,39.9674499,-75.238604
421010334004,2241.0,25.12,23.44,38.37,Other,Low_poverty,LPO,40.0492883,-75.0557173
421010152004,1180.0,0.0,55.68,98.81,Minority,High_poverty,HPM,39.9831715,-75.168513
421019802001,554.0,83.75,15.25,14.26,White,Low_poverty,LPW,40.0714709,-75.044391
421010171003,1203.0,2.74,17.12,94.1,Minority,Low_poverty,LPM,40.0057567,-75.1710769
421010305025,868.0,18.78,4.49,73.96,Minority,Low_poverty,LPM,40.0444616,-75.1080793
421010040024,757.0,94.85,17.31,0.0,White,Low_poverty,LPW,39.920413,-75.1687038
421010113001,1169.0,0.0,23.44,100.0,Minority,Low_poverty,LPM,39.9796847,-75.2369675
421010357021,1698.0,52.71,27.97,7.19,White,Low_poverty,LPW,40.112045,-75.0380016
421010170003,896.0,16.07,17.09,80.47,Minority,Low_poverty,LPM,40.0075009,-75.1825911
421010237004,1186.0,15.68,0.0,74.62,Minority,Low_poverty,LPM,40.0475494,-75.1853471
421010037011,508.0,22.44,10.43,58.66,Minority,Low_poverty,LPM,39.9280664,-75.1770825
421010197001,1433.0,0.0,44.03,100.0,Minority,High_poverty,HPM,40.0170829,-75.1359062
421010197002,1392.0,1.29,50.79,98.7,Minority,High_poverty,HPM,40.0129962,-75.137832
421010105003,2175.0,3.95,31.24,88.0,Minority,High_poverty,HPM,39.9631112,-75.2137123
421010118004,711.0,0.0,28.97,100.0,Minority,Low_poverty,LPM,39.9852008,-75.2365588
421010011021,950.0,87.05,6.32,7.68,White,Low_poverty,LPW,39.9438904,-75.1559161
421010277002,916.0,0.44,44.1,99.56,Minority,High_poverty,HPM,40.0496743,-75.1490679
421010298005,716.0,14.39,48.74,85.62,Minority,High_poverty,HPM,40.0152389,-75.0701598
421010348031,1179.0,98.98,1.02,1.02,White,Low_poverty,LPW,40.0600925,-74.9986149
421010249004,919.0,2.94,42.76,95.43,Minority,High_poverty,HPM,40.0507008,-75.1617829
421010257003,904.0,70.46,1.0,29.54,White,Low_poverty,LPW,40.0717146,-75.1999673
421010266004,1682.0,0.0,14.71,90.42,Minority,Low_poverty,LPM,40.0653702,-75.1490343
421010311022,727.0,4.54,2.89,95.46,Minority,Low_poverty,LPM,40.0354187,-75.0861334
421010318003,893.0,23.4,33.03,76.6,Minority,High_poverty,HPM,40.0304082,-75.0787394
421010326002,807.0,85.75,38.91,9.17,White,High_poverty,HPW,40.0333125,-75.0420768
421010195013,1533.0,2.74,57.76,97.19,Minority,High_poverty,HPM,40.0002711,-75.1303865
421010212001,1248.0,64.98,10.42,29.73,White,Low_poverty,LPW,40.0359154,-75.2135306
421010385001,579.0,89.64,4.84,0.86,White,Low_poverty,LPW,40.0715594,-75.2055734
421010144001,801.0,38.33,45.07,60.17,Minority,High_poverty,HPM,39.9711186,-75.142863
421010152005,571.0,0.0,7.53,100.0,Minority,Low_poverty,LPM,39.9830581,-75.1736005
421010169024,704.0,4.55,21.73,95.45,Minority,Low_poverty,LPM,39.9962755,-75.1851704
421010081011,1687.0,4.33,40.6,91.23,Minority,High_poverty,HPM,39.9485132,-75.2335493
421010167013,1329.0,0.38,40.48,99.63,Minority,High_poverty,HPM,39.9886492,-75.1622756
421010138001,472.0,5.93,28.81,91.32,Minority,Low_poverty,LPM,39.9781182,-75.1766635
421010151012,1031.0,9.41,40.18,88.45,Minority,High_poverty,HPM,39.9884672,-75.1854224
421010157001,453.0,29.14,7.95,70.86,Minority,Low_poverty,LPM,39.9808213,-75.1362116
421010357011,2211.0,67.16,18.09,5.88,White,Low_poverty,LPW,40.1072452,-75.0294143
421010061002,725.0,18.34,35.03,81.66,Minority,High_poverty,HPM,39.917971,-75.227773
421010065002,511.0,0.0,35.23,100.0,Minority,High_poverty,HPM,39.9317204,-75.2369831
421010070002,360.0,1.67,18.61,86.39,Minority,Low_poverty,LPM,39.9367197,-75.2220087
421010074005,524.0,2.1,17.56,97.9,Minority,Low_poverty,LPM,39.93792,-75.2153048
421010081013,1022.0,0.0,50.1,100.0,Minority,High_poverty,HPM,39.9494399,-75.2373009
421010083011,1529.0,0.65,27.27,95.36,Minority,Low_poverty,LPM,39.9599182,-75.2462885
421010242002,653.0,5.97,49.0,91.42,Minority,High_poverty,HPM,40.0280178,-75.1726189
421010249002,178.0,0.0,6.18,85.96,Minority,Low_poverty,LPM,40.0507394,-75.1588135
421010255003,715.0,54.69,9.93,23.77,White,Low_poverty,LPW,40.0592375,-75.1873555
421010170002,515.0,11.26,54.37,79.81,Minority,High_poverty,HPM,40.0105299,-75.1760977
421010353011,2770.0,81.88,9.68,13.06,White,Low_poverty,LPW,40.0693963,-74.9846186
421010383002,1126.0,2.4,42.01,95.38,Minority,High_poverty,HPM,40.0160234,-75.1307818
421010203002,1607.0,3.11,23.62,94.22,Minority,Low_poverty,LPM,40.0150725,-75.1498173
421010207003,2020.0,81.73,1.88,10.05,White,Low_poverty,LPW,40.0120755,-75.1873662
421010217004,898.0,78.17,0.0,0.78,White,Low_poverty,LPW,40.0393642,-75.2179609
421010239002,679.0,26.95,25.92,42.57,Other,Low_poverty,LPO,40.0340342,-75.1882445
421010300006,1004.0,4.18,47.81,86.25,Minority,High_poverty,HPM,40.0159186,-75.0831833
421010390007,1291.0,13.09,46.79,86.91,Minority,High_poverty,HPM,40.0315635,-75.0908522
421010273001,759.0,6.59,20.42,60.87,Minority,Low_poverty,LPM,40.0377547,-75.1189432
421010276002,337.0,0.0,4.15,94.96,Minority,Low_poverty,LPM,40.040265,-75.1419024
421010283003,502.0,1.39,18.92,98.61,Minority,Low_poverty,LPM,40.0236714,-75.1469634
421010287002,1222.0,0.49,37.1,98.29,Minority,High_poverty,HPM,40.0216674,-75.1296939
421010246002,1442.0,2.29,48.96,94.59,Minority,High_poverty,HPM,40.0424916,-75.1716316
421010264001,730.0,0.0,7.26,100.0,Minority,Low_poverty,LPM,40.0617259,-75.1580062
421010266008,706.0,1.7,0.0,98.3,Minority,Low_poverty,LPM,40.068554,-75.1503342
421010268001,1404.0,8.9,31.34,74.71,Minority,High_poverty,HPM,40.060683,-75.1391219
421010071023,532.0,5.83,40.04,87.78,Minority,High_poverty,HPM,39.9406646,-75.2265923
421010013001,501.0,69.66,1.8,22.16,White,Low_poverty,LPW,39.9443131,-75.1787472
421010031004,771.0,9.21,45.4,75.23,Minority,High_poverty,HPM,39.9303521,-75.1797336
421010037015,1063.0,4.7,0.56,95.29,Minority,Low_poverty,LPM,39.9289895,-75.1811521
421010152002,1392.0,0.0,59.41,93.54,Minority,High_poverty,HPM,39.9874527,-75.1705833
421010122011,526.0,39.92,45.82,41.25,Other,High_poverty,HPO,40.0046399,-75.2102815
421010361001,1391.0,28.76,23.29,68.08,Minority,Low_poverty,LPM,40.0993951,-74.9909265
421010122012,2250.0,28.18,23.73,50.76,Minority,Low_poverty,LPM,40.0044399,-75.2059118
421010085007,1343.0,10.95,29.41,76.76,Minority,Low_poverty,LPM,39.9592208,-75.2280723
421010141002,1059.0,10.95,48.73,82.43,Minority,High_poverty,HPM,39.971543,-75.1564075
421010321001,1749.0,27.27,33.79,70.84,Minority,High_poverty,HPM,40.0153278,-75.0586408
421010205001,1561.0,2.69,37.8,96.54,Minority,High_poverty,HPM,40.0171678,-75.1629674
421010388002,950.0,76.21,1.26,21.15,White,Low_poverty,LPW,40.0572213,-75.1943895
421010310003,714.0,48.04,0.42,18.77,Other,Low_poverty,LPO,40.0478856,-75.0720688
