origin_geoid,Tot_Population_ACS_15_19,pct_NH_White_alone_ACS_15_19,pct_Prs_Blw_Pov_Lev_ACS_15_19,pct_Minority,Race,Poverty,origin_geoid_type,latitude,longitude
40131124021,3672.0,1.8,9.69,98.01,Minority,Low_poverty,LPM,33.4696048,-112.1821006
40134222211,1244.0,65.27,12.54,28.93,White,Low_poverty,LPW,33.3716293,-111.8693392
40134225022,592.0,100.0,0.0,0.0,White,Low_poverty,LPW,33.3973048,-111.7758023
40131092001,1433.0,8.16,35.73,82.9,Minority,High_poverty,HPM,33.5056518,-112.1399484
40131167254,2434.0,39.28,5.22,26.05,Other,Low_poverty,LPO,33.2942215,-112.0406334
40130610472,1011.0,36.8,0.0,53.02,Minority,Low_poverty,LPM,33.5104156,-112.3488734
40131117004,1118.0,78.09,22.27,9.84,White,Low_poverty,LPW,33.4766106,-112.0607245
40134206031,2732.0,77.23,8.38,18.67,White,Low_poverty,LPW,33.4477616,-111.7790553
40131126012,2234.0,6.36,34.78,92.03,Minority,High_poverty,HPM,33.4636498,-112.1419698
40131097051,1002.0,14.27,14.37,85.72,Minority,Low_poverty,LPM,33.4824354,-112.2237011
40130719153,1772.0,44.47,12.0,48.64,Other,Low_poverty,LPO,33.5779994,-112.2072033
40131158012,1459.0,6.72,31.78,93.28,Minority,High_poverty,HPM,33.3959184,-112.0689812
40131085021,766.0,69.71,0.0,5.87,White,Low_poverty,LPW,33.4966066,-112.0345565
40135229043,1778.0,34.36,36.9,61.7,Minority,High_poverty,HPM,33.3080138,-111.8284465
40134226341,2939.0,71.49,13.27,25.04,White,Low_poverty,LPW,33.3899776,-111.6588216
40132170023,1268.0,84.78,11.91,8.83,White,Low_poverty,LPW,33.5208882,-111.9038632
40136135002,1617.0,87.32,15.65,4.33,White,Low_poverty,LPW,33.6708323,-112.2849456
40132168521,2222.0,79.57,7.34,13.46,White,Low_poverty,LPW,33.6151953,-111.8805118
40131060021,1847.0,45.48,29.16,47.11,Other,Low_poverty,LPO,33.5494866,-112.1081234
40136118002,2252.0,71.98,0.0,19.23,White,Low_poverty,LPW,33.7091071,-112.1479748
40133197053,820.0,76.95,4.76,19.87,White,Low_poverty,LPW,33.3889228,-111.9454506
40133200071,569.0,49.03,0.0,41.48,Other,Low_poverty,LPO,33.3707139,-111.9578238
40130610411,659.0,45.37,11.08,39.0,Other,Low_poverty,LPO,33.6067844,-112.3287233
40131052003,1863.0,41.49,7.09,50.29,Minority,Low_poverty,LPM,33.5641193,-112.0609911
40134211012,1796.0,51.84,9.86,42.26,White,Low_poverty,LPW,33.4427453,-111.8484496
40136189005,1578.0,52.92,20.91,42.08,White,Low_poverty,LPW,33.641978,-112.0763506
40134203032,2143.0,64.16,0.47,20.58,White,Low_poverty,LPW,33.4628981,-111.7618639
40132168464,2048.0,89.94,4.74,6.05,White,Low_poverty,LPW,33.6354404,-111.8505205
40130931054,1818.0,9.85,20.5,89.88,Minority,Low_poverty,LPM,33.5202803,-112.1930042
40136123004,1510.0,61.66,4.72,21.0,White,Low_poverty,LPW,33.7355213,-112.1082699
40138102001,2949.0,47.81,6.21,23.2,Other,Low_poverty,LPO,33.3226953,-111.9022855
40130405256,391.0,95.14,0.0,2.3,White,Low_poverty,LPW,33.6564145,-112.4237727
40133200023,980.0,9.39,48.27,62.55,Minority,High_poverty,HPM,33.3600989,-111.9597964
40131053001,1395.0,75.2,6.74,22.43,White,Low_poverty,LPW,33.5549573,-112.0726403
40131032173,1263.0,76.96,11.33,9.42,White,Low_poverty,LPW,33.6307073,-111.9564045
40134223083,1997.0,62.49,1.6,17.62,White,Low_poverty,LPW,33.3754043,-111.7982257
40130719033,787.0,62.77,3.94,37.23,White,Low_poverty,LPW,33.5905667,-112.2158593
40131110001,1099.0,53.14,22.75,46.86,White,Low_poverty,LPW,33.4932405,-111.9930621
40131042022,2094.0,67.62,12.61,26.7,White,Low_poverty,LPW,33.6214884,-112.1422992
40138116002,1178.0,64.77,4.16,25.21,White,Low_poverty,LPW,33.3025566,-111.8197025
40131086024,1554.0,23.81,23.04,46.72,Other,Low_poverty,LPO,33.5055936,-112.05846
40132174001,515.0,90.87,10.68,6.8,White,Low_poverty,LPW,33.4887773,-111.949527
40136148003,1073.0,75.12,9.79,13.52,White,Low_poverty,LPW,33.6725707,-112.0785172
40131145001,1630.0,4.72,12.76,85.95,Minority,Low_poverty,LPM,33.4476211,-112.1217809
40133199053,1386.0,57.29,0.94,38.89,White,Low_poverty,LPW,33.3529161,-111.9155181
40133188003,1483.0,58.53,22.66,23.33,White,Low_poverty,LPW,33.4237297,-111.9565986
40134226102,1923.0,87.31,8.89,5.51,White,Low_poverty,LPW,33.4009529,-111.6621438
40136185003,1117.0,50.22,11.64,47.45,White,Low_poverty,LPW,33.6419064,-112.1288082
40136170002,2183.0,58.54,34.22,40.45,White,High_poverty,HPW,33.6659958,-112.017528
40131079003,1294.0,62.98,16.31,25.5,White,Low_poverty,LPW,33.5125458,-111.9907091
40138118001,826.0,56.05,5.93,12.95,White,Low_poverty,LPW,33.2877335,-111.8858421
40132176002,1371.0,73.96,11.38,17.21,White,Low_poverty,LPW,33.4835118,-111.9126226
40133190002,804.0,83.83,19.78,11.32,White,Low_poverty,LPW,33.4093424,-111.9354092
40130610333,2126.0,71.64,11.19,26.63,White,Low_poverty,LPW,33.6172245,-112.3796199
40134202081,1600.0,74.25,1.63,21.19,White,Low_poverty,LPW,33.4267348,-111.7233654
40138140003,462.0,99.13,8.87,0.87,White,Low_poverty,LPW,33.2164921,-111.7774802
40133193001,3005.0,47.12,33.49,41.7,Other,High_poverty,HPO,33.417039,-111.8867329
40131167272,1583.0,77.45,1.07,10.42,White,Low_poverty,LPW,33.303923,-112.06374
40131141001,1533.0,63.21,23.05,32.36,White,Low_poverty,LPW,33.4477675,-112.0738956
40131036061,1395.0,54.48,11.63,44.08,White,Low_poverty,LPW,33.629334,-112.0351916
40131136022,1975.0,22.63,30.58,73.32,Minority,High_poverty,HPM,33.4537575,-112.0031471
40131116022,2018.0,20.76,42.96,75.87,Minority,High_poverty,HPM,33.4693427,-112.0433233
40131067012,1418.0,43.51,28.08,49.37,Other,Low_poverty,LPO,33.5329034,-112.0975103
40132168132,883.0,100.0,5.1,0.0,White,Low_poverty,LPW,33.569857,-111.9167801
40138149002,958.0,95.09,2.71,2.19,White,Low_poverty,LPW,33.3137619,-111.7813219
40130715132,863.0,81.11,6.39,18.89,White,Low_poverty,LPW,33.6161853,-112.2095111
40130924022,935.0,44.17,39.25,48.56,Other,High_poverty,HPO,33.5425494,-112.1535893
40131165003,1478.0,11.5,53.52,88.5,Minority,High_poverty,HPM,33.3850002,-112.0689661
40134226181,1308.0,98.78,4.97,0.0,White,Low_poverty,LPW,33.3720931,-111.657302
40131065011,1769.0,67.67,10.23,30.64,White,Low_poverty,LPW,33.5346238,-112.0606556
40136197002,916.0,84.06,19.13,9.06,White,Low_poverty,LPW,33.6534089,-111.9911626
40138155001,4051.0,82.4,1.11,9.72,White,Low_poverty,LPW,33.2979466,-111.7342576
40133194011,478.0,76.36,6.69,19.88,White,Low_poverty,LPW,33.3800978,-111.9115075
40131057021,3146.0,23.74,17.13,60.68,Minority,Low_poverty,LPM,33.5639171,-112.1385784
40136180001,2086.0,70.04,11.55,13.76,White,Low_poverty,LPW,33.6467234,-112.1733365
40134215012,1607.0,36.28,41.63,63.72,Minority,High_poverty,HPM,33.4133102,-111.8119043
40130405222,1252.0,94.97,5.19,3.68,White,Low_poverty,LPW,33.6883897,-112.389994
40136160002,958.0,68.58,28.06,12.63,White,Low_poverty,LPW,33.6653696,-112.1787192
40130609033,2300.0,32.7,14.78,63.78,Minority,Low_poverty,LPM,33.600666,-112.3202964
40131156001,3864.0,14.54,21.53,83.7,Minority,Low_poverty,LPM,33.3994726,-112.1078245
40131116012,1654.0,22.31,9.19,76.18,Minority,Low_poverty,LPM,33.4694095,-112.0345952
40131097022,2544.0,29.01,34.2,70.99,Minority,High_poverty,HPM,33.4832826,-112.2349141
40138156002,3891.0,77.1,0.21,13.57,White,Low_poverty,LPW,33.2994561,-111.7168647
40136132001,1159.0,87.75,10.35,1.12,White,Low_poverty,LPW,33.7553451,-111.9309483
40131111002,1375.0,44.58,16.58,55.41,Minority,Low_poverty,LPM,33.4818884,-111.9737889
40131058002,1595.0,43.26,21.94,40.56,Other,Low_poverty,LPO,33.542147,-112.1386059
40131042171,2393.0,53.03,5.31,38.86,White,Low_poverty,LPW,33.6215266,-112.1727717
40131042123,2084.0,67.75,5.95,9.16,White,Low_poverty,LPW,33.5999593,-112.146963
40133198001,1660.0,43.19,35.96,45.9,Other,High_poverty,HPO,33.3803136,-111.9361066
40130715121,1406.0,75.6,14.37,8.18,White,Low_poverty,LPW,33.6064377,-112.2332573
40133199021,1712.0,57.54,6.06,24.19,White,Low_poverty,LPW,33.3752227,-111.9335892
40134224011,1829.0,56.81,10.43,20.77,White,Low_poverty,LPW,33.3611226,-111.7974417
40131050031,2498.0,82.47,3.28,9.08,White,Low_poverty,LPW,33.5609813,-111.9465958
40131061001,1283.0,96.88,0.0,3.12,White,Low_poverty,LPW,33.5486013,-112.0869773
40131104001,1551.0,48.74,15.47,44.16,Other,Low_poverty,LPO,33.4913102,-112.0873289
40138103002,1094.0,55.48,9.43,35.11,White,Low_poverty,LPW,33.3262621,-111.8795696
40132168472,6018.0,80.74,2.29,8.63,White,Low_poverty,LPW,33.6495786,-111.8782312
40130927182,2303.0,28.48,34.01,61.31,Minority,High_poverty,HPM,33.527366,-112.2074359
40131148002,1764.0,9.13,39.12,88.38,Minority,High_poverty,HPM,33.4335596,-112.088161
40131097052,1447.0,10.64,17.83,84.31,Minority,Low_poverty,LPM,33.4857148,-112.225166
40138130002,2791.0,38.95,0.79,10.35,Other,Low_poverty,LPO,33.2406545,-111.8523693
40134220022,1657.0,13.16,34.87,83.89,Minority,High_poverty,HPM,33.397012,-111.8272051
40131084004,2237.0,86.19,6.15,6.48,White,Low_poverty,LPW,33.5060036,-112.0215645
40131101004,1627.0,19.48,36.08,79.04,Minority,High_poverty,HPM,33.4840835,-112.1407959
40132168091,2626.0,88.12,2.59,5.98,White,Low_poverty,LPW,33.5713606,-111.8222693
40131068023,1051.0,59.66,17.32,39.39,White,Low_poverty,LPW,33.5277435,-112.1018172
40131132032,692.0,16.76,40.61,82.08,Minority,High_poverty,HPM,33.4637685,-112.056406
40131116021,763.0,34.73,18.28,58.06,Minority,Low_poverty,LPM,33.47888,-112.043241
40134209011,2389.0,35.71,14.44,42.94,Other,Low_poverty,LPO,33.4329756,-111.8098804
40132168261,851.0,79.67,11.95,13.17,White,Low_poverty,LPW,33.5861791,-111.8871745
40136196001,1877.0,73.57,8.84,19.12,White,Low_poverty,LPW,33.6471778,-112.0047736
40135229042,1617.0,45.15,13.64,34.26,Other,Low_poverty,LPO,33.3170894,-111.828489
40130715103,1008.0,82.34,1.81,12.6,White,Low_poverty,LPW,33.6007784,-112.2068654
40138107001,1014.0,76.92,1.48,18.05,White,Low_poverty,LPW,33.31791,-111.9047628
40131036041,2578.0,42.13,34.25,56.01,Minority,High_poverty,HPM,33.634118,-112.0931632
40135230032,535.0,54.39,13.23,43.36,White,Low_poverty,LPW,33.3242386,-111.8547537
40131074001,1508.0,66.31,4.31,17.24,White,Low_poverty,LPW,33.5203021,-112.0868056
40131112012,1895.0,47.07,2.89,50.76,Minority,Low_poverty,LPM,33.4766223,-111.974195
40131097041,1404.0,9.97,39.25,90.03,Minority,High_poverty,HPM,33.4894583,-112.2243425
40136185002,1072.0,74.35,9.14,25.66,White,Low_poverty,LPW,33.6414692,-112.132153
40138147001,2599.0,80.95,7.46,16.35,White,Low_poverty,LPW,33.324476,-111.729531
40134205012,1586.0,58.01,6.65,27.61,White,Low_poverty,LPW,33.4412282,-111.8268733
40131091012,1832.0,6.5,33.41,89.41,Minority,High_poverty,HPM,33.5052953,-112.1206606
40134221031,2166.0,26.36,19.53,40.12,Other,Low_poverty,LPO,33.3954405,-111.8674486
40132168221,1547.0,81.06,1.3,8.47,White,Low_poverty,LPW,33.7630252,-111.9085635
40131106001,695.0,62.59,7.48,22.01,White,Low_poverty,LPW,33.4887152,-112.0605522
40134222181,1187.0,63.35,8.85,24.94,White,Low_poverty,LPW,33.353837,-111.8805689
40131167252,759.0,67.19,4.48,24.77,White,Low_poverty,LPW,33.298795,-112.0579412
40135230053,1278.0,58.92,0.63,35.29,White,Low_poverty,LPW,33.3316889,-111.8640675
40131040002,1265.0,40.4,23.0,27.59,Other,Low_poverty,LPO,33.6072345,-112.1208946
40134221052,1668.0,29.08,27.22,64.99,Minority,Low_poverty,LPM,33.3967834,-111.8528539
40131033024,394.0,77.41,15.48,22.59,White,Low_poverty,LPW,33.6245759,-111.9981814
40131073002,1216.0,25.99,42.68,68.42,Minority,High_poverty,HPM,33.5132267,-112.103047
40134217011,2339.0,37.2,26.12,48.09,Other,Low_poverty,LPO,33.4189496,-111.785464
40131115022,2237.0,22.13,16.9,74.74,Minority,Low_poverty,LPM,33.4767682,-112.0172272
40131042241,999.0,47.95,20.62,45.15,Other,Low_poverty,LPO,33.6070814,-112.1698661
40131162042,714.0,33.75,44.4,64.15,Minority,High_poverty,HPM,33.3962636,-111.9841546
40134222091,1251.0,79.46,3.44,8.95,White,Low_poverty,LPW,33.3462605,-111.8547973
40138136001,3877.0,77.02,1.84,10.97,White,Low_poverty,LPW,33.2264862,-111.7723597
40132168181,1187.0,100.0,17.86,0.0,White,Low_poverty,LPW,33.5904942,-111.7197192
40130405251,605.0,83.97,4.13,16.04,White,Low_poverty,LPW,33.6554243,-112.4416047
40130610272,1285.0,74.16,1.48,25.84,White,Low_poverty,LPW,33.6270057,-112.405668
40131123022,1672.0,16.27,33.03,78.53,Minority,High_poverty,HPM,33.4767737,-112.1633352
40134210022,2240.0,51.43,27.77,41.96,White,Low_poverty,LPW,33.4332238,-111.8270127
40131112041,2766.0,39.88,9.35,47.04,Other,Low_poverty,LPO,33.4586576,-111.9551042
40138168002,2709.0,80.32,3.58,12.88,White,Low_poverty,LPW,33.2684144,-111.6622606
40130610101,1687.0,65.86,10.16,28.99,White,Low_poverty,LPW,33.4895,-112.354343
40134202143,847.0,70.37,4.01,19.0,White,Low_poverty,LPW,33.4192672,-111.6974857
40131167122,1962.0,40.62,0.0,30.02,Other,Low_poverty,LPO,33.3015919,-111.9931295
40132181002,1226.0,66.39,18.52,23.98,White,Low_poverty,LPW,33.460204,-111.9328263
40132177002,2014.0,73.83,21.1,26.16,White,Low_poverty,LPW,33.4910192,-111.903955
40133194042,1826.0,80.94,7.08,13.96,White,Low_poverty,LPW,33.3883893,-111.8860932
40131057011,1428.0,54.48,11.9,38.87,White,Low_poverty,LPW,33.5640992,-112.147272
40131121003,816.0,14.09,49.02,85.17,Minority,High_poverty,HPM,33.4677558,-112.1214532
40132172033,729.0,92.46,4.8,3.7,White,Low_poverty,LPW,33.5058425,-111.9152782
40136179002,868.0,91.59,15.21,8.41,White,Low_poverty,LPW,33.6455319,-112.1900931
40132168201,1140.0,96.32,5.61,2.11,White,Low_poverty,LPW,33.602191,-111.7092471
40130610121,3271.0,55.12,2.93,29.62,White,Low_poverty,LPW,33.4715135,-112.3669099
40134224033,888.0,77.48,8.78,20.5,White,Low_poverty,LPW,33.3463483,-111.7947302
40134221072,1538.0,31.01,36.87,59.82,Minority,High_poverty,HPM,33.3950288,-111.8609307
40134209021,1678.0,63.05,9.23,34.09,White,Low_poverty,LPW,33.4260019,-111.8096524
40131083021,1196.0,72.32,3.35,23.83,White,Low_poverty,LPW,33.4988824,-112.0085793
40136137003,1966.0,74.06,4.27,14.04,White,Low_poverty,LPW,33.6703115,-112.2473733
40134201162,873.0,83.62,18.59,6.3,White,Low_poverty,LPW,33.4187062,-111.6028636
40134221021,1230.0,49.35,24.15,49.35,Other,Low_poverty,LPO,33.4055735,-111.8612197
40131144022,1175.0,8.43,23.8,86.38,Minority,Low_poverty,LPM,33.4418563,-112.1040607
40134202083,2134.0,55.06,5.39,32.0,White,Low_poverty,LPW,33.4338874,-111.7252916
40132168332,1434.0,85.36,4.11,6.76,White,Low_poverty,LPW,33.5706817,-111.8468015
40132170014,543.0,100.0,6.45,0.0,White,Low_poverty,LPW,33.520036,-111.9148371
40130923064,1772.0,64.95,15.52,30.42,White,Low_poverty,LPW,33.5711115,-112.1732727
40131042121,637.0,53.69,13.5,34.69,White,Low_poverty,LPW,33.6088443,-112.1486745
40131121002,1206.0,4.73,44.2,92.54,Minority,High_poverty,HPM,33.4695547,-112.1301011
40135229031,2036.0,43.96,30.94,53.05,Minority,High_poverty,HPM,33.3134503,-111.8392853
40131036093,1750.0,54.4,15.11,38.69,White,Low_poverty,LPW,33.617596,-112.1034175
40131055022,1147.0,32.17,52.4,57.98,Minority,High_poverty,HPM,33.565811,-112.1037874
40134222051,1612.0,75.37,3.66,14.51,White,Low_poverty,LPW,33.3837635,-111.878993
40134222172,1535.0,77.59,5.21,9.38,White,Low_poverty,LPW,33.3606237,-111.8552965
40131040001,1607.0,50.72,19.6,41.56,White,Low_poverty,LPW,33.6000201,-112.1209949
40136192002,1141.0,34.18,28.9,56.53,Minority,Low_poverty,LPM,33.6439636,-112.0590223
40131133003,1866.0,9.97,52.14,89.28,Minority,High_poverty,HPM,33.4550026,-112.0338338
40133200022,1869.0,1.55,30.5,80.04,Minority,High_poverty,HPM,33.3647103,-111.9661819
40131129002,1060.0,46.79,17.55,47.26,Other,Low_poverty,LPO,33.4577403,-112.0861586
40130715141,605.0,95.87,6.28,4.13,White,Low_poverty,LPW,33.6309345,-112.2441958
40131114022,2021.0,44.63,23.26,54.78,Minority,Low_poverty,LPM,33.4693877,-111.9998822
40131084001,499.0,48.7,3.01,25.85,Other,Low_poverty,LPO,33.4959533,-112.0187833
40131042161,1723.0,58.33,13.05,22.99,White,Low_poverty,LPW,33.6228465,-112.1882248
40131170002,3252.0,23.86,26.23,72.72,Minority,Low_poverty,LPM,33.4886581,-112.1119801
40131127002,1660.0,1.08,35.81,96.57,Minority,High_poverty,HPM,33.4540944,-112.1217655
40132170021,1410.0,75.89,6.61,15.32,White,Low_poverty,LPW,33.5167487,-111.8937901
40132170015,548.0,92.34,6.75,5.29,White,Low_poverty,LPW,33.5132058,-111.909955
40131042262,1305.0,87.2,18.06,10.73,White,Low_poverty,LPW,33.6360172,-112.1387475
40131167212,1820.0,70.82,1.15,24.67,White,Low_poverty,LPW,33.3095355,-112.00992
40131125072,1663.0,5.17,39.69,94.05,Minority,High_poverty,HPM,33.4643373,-112.1820244
40131127003,2404.0,3.91,32.2,96.09,Minority,High_poverty,HPM,33.455042,-112.1302059
40136192001,810.0,64.07,35.8,20.37,White,High_poverty,HPW,33.6440446,-112.0494099
40134208004,1685.0,76.44,3.33,15.26,White,Low_poverty,LPW,33.4338042,-111.795623
40134212023,487.0,87.06,16.22,10.68,White,Low_poverty,LPW,33.4313729,-111.8607529
40135230052,1266.0,65.88,3.4,16.74,White,Low_poverty,LPW,33.3328713,-111.8716483
40131058001,1500.0,41.47,13.73,58.4,Minority,Low_poverty,LPM,33.5494482,-112.1385996
40134226262,805.0,100.0,7.58,0.0,White,Low_poverty,LPW,33.4115416,-111.663922
40131137003,1514.0,43.53,12.68,50.19,Minority,Low_poverty,LPM,33.457221,-111.983642
40131058003,1672.0,40.19,13.58,46.65,Other,Low_poverty,LPO,33.5420964,-112.1471593
40131143011,565.0,51.33,35.47,41.6,White,High_poverty,HPW,33.4476657,-112.0913092
40138118002,1377.0,67.9,0.87,8.14,White,Low_poverty,LPW,33.2804282,-111.8840804
40134216011,2359.0,40.7,15.26,58.25,Minority,Low_poverty,LPM,33.4190018,-111.792576
40134222192,1855.0,75.96,14.61,15.42,White,Low_poverty,LPW,33.3541279,-111.869366
40138124001,308.0,55.52,7.14,44.48,White,Low_poverty,LPW,33.2686292,-111.8045642
40134226461,6867.0,70.64,2.05,18.1,White,Low_poverty,LPW,33.3354007,-111.5973948
40131123025,1841.0,19.12,17.87,76.43,Minority,Low_poverty,LPM,33.4750056,-112.1563511
40134225073,854.0,84.66,7.96,12.88,White,Low_poverty,LPW,33.3674968,-111.7426705
40131047012,643.0,88.02,15.4,9.8,White,Low_poverty,LPW,33.5801469,-112.0605843
40130715093,800.0,75.38,5.38,21.63,White,Low_poverty,LPW,33.6160382,-112.231513
40130927211,2220.0,47.66,4.14,35.45,Other,Low_poverty,LPO,33.5408805,-112.2472648
40130924023,1052.0,55.51,26.37,33.36,White,Low_poverty,LPW,33.5430463,-112.1579236
40130405121,1776.0,96.23,5.41,1.86,White,Low_poverty,LPW,33.6775607,-112.3909731
40136181003,1465.0,78.63,1.32,13.11,White,Low_poverty,LPW,33.6508915,-112.1562247
40131045012,1202.0,26.21,51.4,64.23,Minority,High_poverty,HPM,33.5731796,-112.0951912
40131083022,1734.0,58.59,7.15,27.8,White,Low_poverty,LPW,33.4988415,-111.9997847
40131097014,2351.0,15.27,49.94,72.82,Minority,High_poverty,HPM,33.4929672,-112.2097375
40133197032,626.0,82.75,4.63,17.25,White,Low_poverty,LPW,33.3901365,-111.9755243
40134202022,2506.0,81.44,17.93,17.76,White,Low_poverty,LPW,33.4277729,-111.6888501
40133188004,2385.0,56.18,36.1,26.38,White,High_poverty,HPW,33.4316824,-111.9481259
40136167002,1219.0,84.58,9.89,11.49,White,Low_poverty,LPW,33.6654809,-112.0765481
40132168101,1673.0,86.73,11.6,3.71,White,Low_poverty,LPW,33.5751643,-111.8802501
40136141003,1135.0,58.33,1.67,10.75,White,Low_poverty,LPW,33.670923,-112.210037
40131100022,2833.0,11.15,25.5,88.21,Minority,Low_poverty,LPM,33.4909367,-112.1581002
40132168422,2478.0,84.75,1.02,9.12,White,Low_poverty,LPW,33.6759337,-111.9183877
40134226092,1493.0,67.31,12.96,30.21,White,Low_poverty,LPW,33.4043763,-111.680595
40130820102,2472.0,10.48,27.96,83.73,Minority,Low_poverty,LPM,33.4843594,-112.2421651
40131047013,515.0,86.8,22.91,13.21,White,Low_poverty,LPW,33.578576,-112.0566547
40130923073,1948.0,51.9,10.2,38.86,White,Low_poverty,LPW,33.5590853,-112.1811098
40130506084,1917.0,59.47,13.3,32.86,White,Low_poverty,LPW,33.4324867,-112.5395168
40131032094,1648.0,86.47,10.98,3.03,White,Low_poverty,LPW,33.5774094,-111.9573438
40131070003,1548.0,41.93,10.3,48.97,Other,Low_poverty,LPO,33.5275602,-112.1471815
40130715054,1866.0,90.03,12.9,9.11,White,Low_poverty,LPW,33.6083559,-112.2949923
40138172001,4053.0,62.92,6.98,35.6,White,Low_poverty,LPW,33.2121804,-111.6603079
40130610371,3527.0,59.37,6.7,32.77,White,Low_poverty,LPW,33.6035154,-112.3868891
40133194013,1827.0,45.54,26.16,41.76,Other,Low_poverty,LPO,33.3892694,-111.9130614
40134226271,1372.0,38.48,9.26,61.52,Minority,Low_poverty,LPM,33.4115303,-111.6552424
40131112013,2341.0,43.1,15.72,55.58,Minority,Low_poverty,LPM,33.4691887,-111.9739509
40136170001,1039.0,58.23,5.49,30.9,White,Low_poverty,LPW,33.6587502,-112.0179334
40130718021,1056.0,91.19,12.5,7.2,White,Low_poverty,LPW,33.5694724,-112.2787666
40132168321,1339.0,93.2,16.65,4.48,White,Low_poverty,LPW,33.5768274,-111.8695507
40134218022,2921.0,40.77,12.22,53.2,Minority,Low_poverty,LPM,33.4025281,-111.796882
40137233082,2705.0,79.85,4.95,18.41,White,Low_poverty,LPW,33.3476556,-112.4391673
40131164002,901.0,8.21,15.32,91.79,Minority,Low_poverty,LPM,33.3886597,-112.0608728
40138116001,2495.0,51.62,7.94,26.53,White,Low_poverty,LPW,33.2956321,-111.8152409
40131044013,1407.0,69.51,11.53,18.55,White,Low_poverty,LPW,33.5947227,-112.1017135
40134226173,925.0,80.86,1.95,11.24,White,Low_poverty,LPW,33.3782934,-111.6769013
40131167131,1284.0,47.51,21.54,19.47,Other,Low_poverty,LPO,33.3018649,-111.9991036
40131077002,577.0,64.3,17.86,31.37,White,Low_poverty,LPW,33.5133432,-112.0361956
40131071023,2066.0,14.81,21.75,78.99,Minority,Low_poverty,LPM,33.5126039,-112.1381215
40131125071,1406.0,2.56,41.0,95.52,Minority,High_poverty,HPM,33.4641729,-112.1641569
40131042052,1580.0,47.91,35.0,46.83,Other,High_poverty,HPO,33.579511,-112.1299063
40131167181,3057.0,53.16,10.97,39.84,White,Low_poverty,LPW,33.3216233,-111.9819003
40136183002,1773.0,70.33,6.97,20.64,White,Low_poverty,LPW,33.6434429,-112.1387691
40134225024,1256.0,60.75,6.37,37.42,White,Low_poverty,LPW,33.3983523,-111.7843394
40136145003,361.0,8.03,32.13,91.97,Minority,High_poverty,HPM,33.6866584,-112.1163944
40133189001,2822.0,39.9,22.61,51.88,Minority,Low_poverty,LPM,33.4143698,-111.9584431
40131167102,1888.0,73.15,6.87,13.35,White,Low_poverty,LPW,33.3378679,-112.003023
40132176003,2522.0,57.53,30.62,38.7,White,High_poverty,HPW,33.4840107,-111.9218407
40131125053,1262.0,0.08,34.23,93.19,Minority,High_poverty,HPM,33.4569976,-112.1907998
40131086012,1311.0,41.5,15.0,56.29,Minority,Low_poverty,LPM,33.4959746,-112.0569306
40131042183,1790.0,57.37,15.51,38.49,White,Low_poverty,LPW,33.6134804,-112.165218
40138123001,1616.0,56.37,9.72,22.52,White,Low_poverty,LPW,33.2654902,-111.8541797
40130608011,802.0,11.1,34.16,82.92,Minority,High_poverty,HPM,33.6289732,-112.3323755
40130610462,4501.0,41.99,17.02,48.27,Other,Low_poverty,LPO,33.5257536,-112.3494512
40139413003,1865.0,71.85,17.27,10.72,White,Low_poverty,LPW,33.4468696,-111.8815211
40135231031,1294.0,58.5,15.69,20.79,White,Low_poverty,LPW,33.3022078,-111.8720737
40130610321,2264.0,73.54,7.41,26.02,White,Low_poverty,LPW,33.6211168,-112.4051509
40131137002,1400.0,14.86,50.29,82.35,Minority,High_poverty,HPM,33.4552334,-111.9922235
40131158021,1872.0,4.11,28.85,93.33,Minority,Low_poverty,LPM,33.4030826,-112.0776925
40138124002,4899.0,61.62,3.41,19.59,White,Low_poverty,LPW,33.2653692,-111.8291759
40135231021,814.0,24.82,18.06,67.07,Minority,Low_poverty,LPM,33.2987925,-111.839255
40134223013,2377.0,32.39,29.11,66.34,Minority,Low_poverty,LPM,33.3860671,-111.8271693
40132175023,1204.0,69.44,9.14,11.3,White,Low_poverty,LPW,33.4839834,-111.9282999
40131160003,2374.0,4.8,21.99,90.02,Minority,Low_poverty,LPM,33.4032406,-112.042376
40131048011,1946.0,75.64,12.0,8.17,White,Low_poverty,LPW,33.5780775,-112.0218745
40133187001,2007.0,63.33,8.24,24.56,White,Low_poverty,LPW,33.4303248,-111.9320189
40131162052,1525.0,22.03,8.26,72.46,Minority,Low_poverty,LPM,33.3823884,-111.9815082
40131135021,3366.0,2.91,33.07,94.65,Minority,High_poverty,HPM,33.4549334,-112.0171819
40131137005,1888.0,17.06,32.94,72.83,Minority,High_poverty,HPM,33.4613542,-111.9806185
40134202092,983.0,89.83,10.76,9.26,White,Low_poverty,LPW,33.4264722,-111.7061197
40134202101,1174.0,80.24,24.96,18.82,White,Low_poverty,LPW,33.4415984,-111.6914864
40131042181,1292.0,64.01,25.0,28.33,White,Low_poverty,LPW,33.6139701,-112.1566567
40134226301,3566.0,62.06,17.88,36.23,White,Low_poverty,LPW,33.3987003,-111.626427
40131074005,715.0,36.08,5.73,42.8,Other,Low_poverty,LPO,33.511191,-112.084673
40136148001,1450.0,58.55,5.42,29.59,White,Low_poverty,LPW,33.67283,-112.0959686
40131166061,2779.0,32.57,21.27,56.14,Minority,Low_poverty,LPM,33.3883614,-112.1466353
40134220012,2129.0,18.55,28.32,77.08,Minority,Low_poverty,LPM,33.4042185,-111.835775
40134222162,1317.0,69.55,13.93,8.43,White,Low_poverty,LPW,33.367912,-111.8553359
40131055031,177.0,18.64,24.86,81.36,Minority,Low_poverty,LPM,33.5551031,-112.1008733
40134207052,2248.0,81.45,7.37,6.71,White,Low_poverty,LPW,33.4445827,-111.7621479
40134215022,1435.0,17.77,54.49,80.0,Minority,High_poverty,HPM,33.4187282,-111.818498
40132168373,1861.0,72.33,17.09,10.96,White,Low_poverty,LPW,33.585274,-111.8297091
40131042213,682.0,70.09,8.23,21.26,White,Low_poverty,LPW,33.5927544,-112.1816858
40130715124,1938.0,52.79,1.68,33.8,White,Low_poverty,LPW,33.6001389,-112.224566
40130405062,1229.0,100.0,6.51,0.0,White,Low_poverty,LPW,33.6588779,-112.33667
40131167023,2279.0,25.58,20.23,70.42,Minority,Low_poverty,LPM,33.3741816,-112.0744562
40130718013,896.0,86.61,25.78,12.05,White,Low_poverty,LPW,33.592805,-112.2862675
40131042224,2405.0,50.31,9.81,38.96,White,Low_poverty,LPW,33.5854913,-112.1904176
40131036092,1150.0,72.78,7.48,21.48,White,Low_poverty,LPW,33.6224036,-112.1103604
40130405253,507.0,93.49,6.51,6.51,White,Low_poverty,LPW,33.6560267,-112.4314231
40131117003,1134.0,53.17,18.96,28.13,White,Low_poverty,LPW,33.4693625,-112.0607306
40136190002,1250.0,74.08,9.92,13.44,White,Low_poverty,LPW,33.651259,-112.0525949
40130715092,1395.0,86.67,7.17,5.38,White,Low_poverty,LPW,33.6224697,-112.2261573
40131139001,1457.0,14.62,63.83,83.39,Minority,High_poverty,HPM,33.4440704,-112.0389279
40131033041,2132.0,22.56,30.46,76.97,Minority,High_poverty,HPM,33.6374147,-112.0171581
40133191011,1946.0,46.87,74.81,22.87,Other,High_poverty,HPO,33.4162856,-111.9227903
40130820211,2457.0,23.57,6.08,70.41,Minority,Low_poverty,LPM,33.486432,-112.2812848
40133199071,902.0,78.71,0.0,11.64,White,Low_poverty,LPW,33.3455506,-111.9241378
40131036091,1514.0,51.59,1.98,34.41,White,Low_poverty,LPW,33.6150316,-112.112044
40134223082,1772.0,63.32,9.26,21.16,White,Low_poverty,LPW,33.3680168,-111.8028312
40133194041,1800.0,81.17,7.8,16.61,White,Low_poverty,LPW,33.398717,-111.887581
40130610232,2984.0,37.57,4.32,45.51,Other,Low_poverty,LPO,33.4283607,-112.4181167
40136172001,1347.0,76.47,0.0,14.92,White,Low_poverty,LPW,33.6582883,-112.003875
40134225132,2103.0,66.62,9.07,28.96,White,Low_poverty,LPW,33.4042603,-111.7488857
40136157002,1729.0,74.55,5.96,11.1,White,Low_poverty,LPW,33.6569389,-112.2252954
40132179003,1536.0,64.65,22.28,22.92,White,Low_poverty,LPW,33.4693905,-111.9218737
40131085011,1152.0,54.77,20.31,36.54,White,Low_poverty,LPW,33.5017494,-112.0457682
40131153002,1178.0,13.5,31.92,84.98,Minority,High_poverty,HPM,33.4122553,-112.0581143
40131143021,1294.0,15.07,44.59,80.22,Minority,High_poverty,HPM,33.440342,-112.0956515
40133199031,2092.0,74.62,8.78,10.76,White,Low_poverty,LPW,33.3752116,-111.9197726
40136194002,1922.0,50.83,9.63,42.41,White,Low_poverty,LPW,33.6422399,-112.0438545
40130405022,621.0,72.14,8.7,27.86,White,Low_poverty,LPW,33.9642211,-112.7274286
40134222151,2254.0,56.65,4.65,35.8,White,Low_poverty,LPW,33.3605651,-111.8678247
40130610353,2053.0,69.12,4.82,21.96,White,Low_poverty,LPW,33.6166771,-112.3482983
40131072011,842.0,66.39,9.09,26.72,White,Low_poverty,LPW,33.5128249,-112.1284038
40131074003,1271.0,10.94,62.86,64.44,Minority,High_poverty,HPM,33.5204069,-112.095454
40133199102,2039.0,73.27,6.96,14.81,White,Low_poverty,LPW,33.3417783,-111.9329588
40131042162,1269.0,71.0,14.97,22.53,White,Low_poverty,LPW,33.6226863,-112.1949681
40136193003,2320.0,48.97,22.41,37.33,Other,Low_poverty,LPO,33.6531892,-112.0351902
40134226091,3063.0,73.07,6.88,18.77,White,Low_poverty,LPW,33.4000033,-111.6730909
40131072012,983.0,19.23,54.12,69.38,Minority,High_poverty,HPM,33.5136278,-112.120131
40138141002,1556.0,78.02,3.02,11.37,White,Low_poverty,LPW,33.2149806,-111.7667766
40131100011,3086.0,7.87,25.7,91.28,Minority,Low_poverty,LPM,33.484778,-112.1646469
40136164005,765.0,37.25,3.4,7.72,Other,Low_poverty,LPO,33.6614322,-112.1205474
40138114001,711.0,89.03,3.23,9.56,White,Low_poverty,LPW,33.3175023,-111.819632
40131167201,1698.0,80.98,10.42,10.54,White,Low_poverty,LPW,33.3202883,-112.0003143
40132170013,1035.0,96.23,2.71,1.74,White,Low_poverty,LPW,33.5202216,-111.9244325
40132168351,1832.0,83.13,11.14,8.19,White,Low_poverty,LPW,33.5508158,-111.9021522
40130506033,606.0,48.02,16.86,51.82,Minority,Low_poverty,LPM,33.2018742,-113.0652651
40131167025,854.0,16.04,47.89,83.95,Minority,High_poverty,HPM,33.3608156,-112.0768765
40133185011,1893.0,64.98,26.62,12.84,White,Low_poverty,LPW,33.4558912,-111.9307318
40133188002,1898.0,48.05,27.56,43.15,Other,Low_poverty,LPO,33.4272906,-111.9566063
40133196004,1904.0,47.43,27.05,41.71,Other,Low_poverty,LPO,33.4037579,-111.939202
40133198002,448.0,85.04,3.57,14.96,White,Low_poverty,LPW,33.3819087,-111.9414548
40133194033,898.0,77.51,12.14,18.93,White,Low_poverty,LPW,33.39505,-111.9070588
40134221032,1462.0,46.92,5.27,35.91,Other,Low_poverty,LPO,33.3994755,-111.870009
40134205013,2454.0,40.71,35.82,52.77,Minority,High_poverty,HPM,33.4478166,-111.8354502
40131042124,1975.0,63.59,19.44,31.85,White,Low_poverty,LPW,33.6071096,-112.1423043
40131040003,2013.0,45.55,25.54,39.94,Other,Low_poverty,LPO,33.6000052,-112.1296274
40130925003,488.0,62.7,12.09,33.4,White,Low_poverty,LPW,33.5421841,-112.1817889
40130923092,1460.0,63.29,10.76,35.07,White,Low_poverty,LPW,33.5639274,-112.1646161
40131058004,2201.0,30.26,41.62,64.15,Minority,High_poverty,HPM,33.549431,-112.1472072
40131071011,1293.0,29.39,24.86,62.96,Minority,Low_poverty,LPM,33.5205567,-112.1471391
40131093003,1256.0,17.75,19.75,82.25,Minority,Low_poverty,LPM,33.5047816,-112.1666715
40131124011,1477.0,3.05,26.07,91.4,Minority,Low_poverty,LPM,33.4786084,-112.1730127
40134218021,1385.0,25.56,50.54,62.89,Minority,High_poverty,HPM,33.406226,-111.7915483
40134218011,1092.0,40.11,16.8,57.69,Minority,Low_poverty,LPM,33.3971501,-111.7925786
40134225021,1572.0,69.27,2.48,26.02,White,Low_poverty,LPW,33.4044583,-111.7751831
40134225031,1524.0,63.78,1.05,32.42,White,Low_poverty,LPW,33.3899031,-111.7755125
40134202091,2334.0,88.22,4.93,7.2,White,Low_poverty,LPW,33.4334478,-111.7097036
40134202023,1432.0,84.01,10.96,5.52,White,Low_poverty,LPW,33.4278641,-111.6974518
40134225082,1837.0,71.09,6.75,25.09,White,Low_poverty,LPW,33.3681278,-111.7817215
40134225111,1357.0,79.07,4.38,15.48,White,Low_poverty,LPW,33.3392582,-111.7642849
40134225064,330.0,77.88,9.7,13.94,White,Low_poverty,LPW,33.3663612,-111.7640665
40131146001,1611.0,9.37,35.72,90.19,Minority,High_poverty,HPM,33.4441453,-112.1431681
40130719037,952.0,96.53,4.52,3.47,White,Low_poverty,LPW,33.5847211,-112.207426
40131042221,1516.0,73.02,14.58,10.16,White,Low_poverty,LPW,33.5927151,-112.1903433
40130820021,3335.0,32.68,10.16,66.15,Minority,Low_poverty,LPM,33.5032283,-112.2811413
40130719063,1200.0,55.83,18.5,40.33,White,Low_poverty,LPW,33.5699723,-112.2507129
40130718022,668.0,93.56,9.43,0.0,White,Low_poverty,LPW,33.5774039,-112.2750109
40131123012,2523.0,3.53,24.42,96.47,Minority,Low_poverty,LPM,33.4690889,-112.1657484
40131121001,1726.0,18.25,19.47,81.63,Minority,Low_poverty,LPM,33.4757349,-112.1248913
40131125051,2324.0,3.23,12.31,87.56,Minority,Low_poverty,LPM,33.4642943,-112.1907691
40131125032,2200.0,6.86,18.05,90.68,Minority,Low_poverty,LPM,33.4695101,-112.2076238
40131099004,1212.0,4.54,7.59,95.46,Minority,Low_poverty,LPM,33.4898702,-112.1730741
40131097013,2759.0,9.46,37.59,89.05,Minority,High_poverty,HPM,33.4832747,-112.2071503
40131096042,2847.0,13.84,24.52,83.45,Minority,Low_poverty,LPM,33.5049534,-112.2070267
40131095002,1609.0,10.81,10.81,88.5,Minority,Low_poverty,LPM,33.49863,-112.1909263
40131094002,2177.0,3.9,46.95,91.13,Minority,High_poverty,HPM,33.5052324,-112.1769146
40130927102,2318.0,46.33,5.0,45.17,Other,Low_poverty,LPO,33.52744,-112.2460843
40130715063,782.0,92.97,3.2,7.03,White,Low_poverty,LPW,33.6197148,-112.2645721
40130715043,684.0,100.0,12.13,0.0,White,Low_poverty,LPW,33.6296818,-112.2760113
40130715034,2327.0,97.25,8.4,1.51,White,Low_poverty,LPW,33.605563,-112.2740237
40130612004,1024.0,22.95,21.39,76.17,Minority,Low_poverty,LPM,33.4389675,-112.3518076
40130612003,2034.0,28.56,49.31,66.72,Minority,High_poverty,HPM,33.4450987,-112.3462478
40130405073,787.0,95.17,11.18,4.83,White,Low_poverty,LPW,33.6506627,-112.3494048
40131155001,2099.0,7.19,27.81,91.81,Minority,Low_poverty,LPM,33.4030261,-112.1422787
40131111003,1915.0,86.06,0.99,6.89,White,Low_poverty,LPW,33.4890357,-111.9719577
40131145002,984.0,3.46,29.57,96.55,Minority,Low_poverty,LPM,33.4477677,-112.1302643
40131145003,1430.0,11.89,30.21,80.21,Minority,High_poverty,HPM,33.4404701,-112.1260219
40131036053,990.0,96.67,4.04,3.33,White,Low_poverty,LPW,33.6119603,-112.0698249
40131130001,1443.0,64.38,8.16,31.88,White,Low_poverty,LPW,33.4622312,-112.0782299
40132181001,1048.0,84.92,8.02,12.21,White,Low_poverty,LPW,33.4638206,-111.9328048
40132179001,1833.0,78.01,4.31,17.84,White,Low_poverty,LPW,33.474334,-111.9109215
40131167134,1655.0,70.63,3.56,12.99,White,Low_poverty,LPW,33.2970394,-112.0094507
40132174003,604.0,85.93,12.5,6.79,White,Low_poverty,LPW,33.4765264,-111.9478405
40131164001,1890.0,4.55,21.46,95.44,Minority,Low_poverty,LPM,33.3887363,-112.0521476
40131032174,2121.0,50.02,6.43,18.48,White,Low_poverty,LPW,33.6386455,-111.9572629
40131167112,1741.0,47.33,10.73,39.75,Other,Low_poverty,LPO,33.3242903,-111.9928368
40131089013,906.0,52.76,17.22,24.62,White,Low_poverty,LPW,33.4974714,-112.0944532
40131112021,2418.0,26.18,27.55,67.7,Minority,Low_poverty,LPM,33.4605544,-111.9738762
40134221041,611.0,26.19,22.42,36.01,Other,Low_poverty,LPO,33.4063045,-111.8768392
40131159001,2513.0,14.84,22.76,82.21,Minority,Low_poverty,LPM,33.4031813,-112.0558871
40134222103,944.0,54.13,5.61,24.36,White,Low_poverty,LPW,33.3384645,-111.8629751
40131110004,694.0,83.29,1.87,10.95,White,Low_poverty,LPW,33.485324,-111.9848339
40131082001,757.0,68.16,6.08,16.11,White,Low_poverty,LPW,33.5053015,-111.9931881
40134223011,1331.0,53.79,10.02,28.1,White,Low_poverty,LPW,33.3864054,-111.8078399
40131077005,979.0,72.01,1.63,26.35,White,Low_poverty,LPW,33.511061,-112.0416677
40131051024,1047.0,98.76,10.22,0.0,White,Low_poverty,LPW,33.5428229,-112.0426365
40131032083,882.0,92.29,7.82,7.71,White,Low_poverty,LPW,33.5927938,-111.989307
40134225041,1949.0,59.93,17.39,34.58,White,Low_poverty,LPW,33.3826996,-111.7625982
40131086022,2419.0,34.81,23.56,40.68,Other,Low_poverty,LPO,33.5009827,-112.0497528
40134222092,1619.0,42.37,7.1,24.58,Other,Low_poverty,LPO,33.3459813,-111.8468409
40131032102,1574.0,65.44,9.53,24.66,White,Low_poverty,LPW,33.6087504,-111.9850546
40134206032,1327.0,86.36,7.61,10.02,White,Low_poverty,LPW,33.440498,-111.7795973
40131033033,851.0,85.31,16.47,3.06,White,Low_poverty,LPW,33.6301366,-112.0093849
40131059003,1564.0,64.45,35.91,30.5,White,High_poverty,HPW,33.5440053,-112.1212939
40131042073,1179.0,69.38,22.73,27.98,White,Low_poverty,LPW,33.6270535,-112.1313603
40131042163,2553.0,67.37,5.3,27.26,White,Low_poverty,LPW,33.6161827,-112.194787
40130931012,1635.0,12.84,13.09,79.63,Minority,Low_poverty,LPM,33.5202649,-112.1588341
40130923081,1463.0,41.97,4.24,53.72,Minority,Low_poverty,LPM,33.5711154,-112.1646092
40131042172,1863.0,69.19,12.73,21.47,White,Low_poverty,LPW,33.6179686,-112.1814322
40133199052,1129.0,71.48,1.74,11.07,White,Low_poverty,LPW,33.3602551,-111.915531
40134223012,1959.0,6.89,16.54,93.11,Minority,Low_poverty,LPM,33.3861137,-111.8185881
40133199072,1364.0,82.48,0.73,7.4,White,Low_poverty,LPW,33.3407027,-111.9183625
40131049001,1470.0,77.76,9.05,13.06,White,Low_poverty,LPW,33.5935074,-112.0001282
40130719061,2215.0,48.62,14.85,38.47,Other,Low_poverty,LPO,33.5769017,-112.2493869
40131039002,663.0,74.51,32.43,23.38,White,High_poverty,HPW,33.5982322,-112.1054889
40131125054,2167.0,0.0,33.69,100.0,Minority,High_poverty,HPM,33.4533634,-112.1949374
40130715094,1022.0,80.33,10.08,14.87,White,Low_poverty,LPW,33.6139354,-112.2243686
40131125052,2666.0,7.28,33.98,92.72,Minority,High_poverty,HPM,33.4595258,-112.1962606
40134209012,1737.0,31.78,16.81,53.31,Minority,Low_poverty,LPM,33.4333916,-111.818319
40134213021,2205.0,52.24,43.36,41.4,White,High_poverty,HPW,33.4186988,-111.8441122
40134220021,1342.0,32.49,32.41,64.39,Minority,High_poverty,HPM,33.3960228,-111.835145
40134214004,897.0,71.91,19.62,18.5,White,Low_poverty,LPW,33.4187354,-111.8357079
40131167084,1277.0,85.75,1.1,6.74,White,Low_poverty,LPW,33.3434387,-111.9859592
40133199033,1084.0,77.21,3.78,18.91,White,Low_poverty,LPW,33.367566,-111.9243455
40135231022,3549.0,16.03,33.31,74.86,Minority,High_poverty,HPM,33.3025592,-111.8305968
40134222101,2400.0,63.96,3.71,24.46,White,Low_poverty,LPW,33.3413141,-111.8725615
40134222163,2334.0,57.03,17.91,41.35,White,Low_poverty,LPW,33.3753827,-111.8549145
40135230034,2296.0,44.47,14.55,32.66,Other,Low_poverty,LPO,33.3311056,-111.8453945
40134223092,2054.0,71.37,6.12,21.37,White,Low_poverty,LPW,33.353479,-111.815712
40134208001,1776.0,60.59,5.57,33.78,White,Low_poverty,LPW,33.4268256,-111.7915718
40134207042,1679.0,83.68,6.19,16.32,White,Low_poverty,LPW,33.4315218,-111.758112
40133199042,994.0,77.26,2.31,12.98,White,Low_poverty,LPW,33.3675219,-111.8979741
40131167251,835.0,89.7,1.8,7.31,White,Low_poverty,LPW,33.2940591,-112.0559087
40131157002,2382.0,4.24,24.06,94.84,Minority,Low_poverty,LPM,33.4031623,-112.0949317
40131164003,3209.0,15.58,13.82,75.38,Minority,Low_poverty,LPM,33.3813688,-112.055966
40133188001,1568.0,54.53,20.79,35.14,White,Low_poverty,LPW,33.4237031,-111.9479068
40131042042,2755.0,51.14,5.33,34.37,White,Low_poverty,LPW,33.5929979,-112.1619386
40130719102,476.0,46.43,15.76,49.58,Other,Low_poverty,LPO,33.5902273,-112.2325561
40135230024,752.0,31.12,59.44,68.88,Minority,High_poverty,HPM,33.3097601,-111.8458572
40131067011,1761.0,30.32,53.89,51.73,Minority,High_poverty,HPM,33.5365572,-112.0971824
40134201112,1187.0,71.02,7.02,28.98,White,Low_poverty,LPW,33.4247673,-111.6285282
40134202062,1836.0,85.46,18.57,10.29,White,Low_poverty,LPW,33.4614638,-111.703677
40134202103,1405.0,85.77,11.02,10.53,White,Low_poverty,LPW,33.448241,-111.6885319
40134203023,2125.0,86.64,7.58,10.21,White,Low_poverty,LPW,33.4632644,-111.7810131
40134205014,1727.0,36.02,13.7,46.38,Other,Low_poverty,LPO,33.4485519,-111.8267687
40134205031,1368.0,40.35,33.11,42.84,Other,High_poverty,HPO,33.4388779,-111.8171059
40130405201,2774.0,81.65,4.72,7.39,White,Low_poverty,LPW,33.7573284,-112.3323214
40130405254,573.0,92.67,0.0,7.33,White,Low_poverty,LPW,33.6691755,-112.4175849
40130405262,256.0,93.36,3.13,6.65,White,Low_poverty,LPW,33.6464804,-112.4436052
40130405283,675.0,96.74,4.0,0.0,White,Low_poverty,LPW,33.6609,-112.411298
40131068011,2123.0,25.39,54.17,69.05,Minority,High_poverty,HPM,33.5358654,-112.1145572
40131068013,873.0,57.04,30.01,38.48,White,High_poverty,HPW,33.5258623,-112.1145402
40131076021,1530.0,68.43,0.0,7.13,White,Low_poverty,LPW,33.5201051,-112.0518634
40131090011,1993.0,8.88,42.4,75.62,Minority,High_poverty,HPM,33.5058915,-112.1147474
40131090032,1920.0,21.88,53.27,62.19,Minority,High_poverty,HPM,33.4980735,-112.1040583
40131091022,2631.0,6.31,9.27,83.58,Minority,Low_poverty,LPM,33.4985792,-112.1213035
40131108022,1274.0,55.34,29.75,40.98,White,Low_poverty,LPW,33.4836476,-112.0245617
40131110005,818.0,87.29,0.0,12.71,White,Low_poverty,LPW,33.4885336,-111.9812862
40131129003,1161.0,29.97,34.71,65.11,Minority,High_poverty,HPM,33.4538068,-112.0883249
40134206023,1589.0,65.2,7.68,27.94,White,Low_poverty,LPW,33.4335278,-111.7751777
40134207041,2037.0,64.51,12.05,30.83,White,Low_poverty,LPW,33.4245055,-111.7644754
40134207063,1301.0,80.4,3.23,8.61,White,Low_poverty,LPW,33.4263758,-111.7490711
40134213032,1673.0,37.18,10.4,56.91,Minority,Low_poverty,LPM,33.4175883,-111.8646064
40134216023,1165.0,16.22,36.22,80.77,Minority,High_poverty,HPM,33.4102173,-111.8025155
40134219024,2459.0,11.14,53.48,87.44,Minority,High_poverty,HPM,33.4049133,-111.820725
40134221063,1579.0,12.67,42.24,77.2,Minority,High_poverty,HPM,33.4041042,-111.8463629
40134224032,1988.0,49.7,4.63,25.15,Other,Low_poverty,LPO,33.3444755,-111.8031969
40132168322,944.0,100.0,8.26,0.0,White,Low_poverty,LPW,33.5777488,-111.861756
40132168361,2139.0,92.71,5.24,4.25,White,Low_poverty,LPW,33.5907139,-111.8617095
40132172042,1962.0,51.68,40.47,42.36,White,High_poverty,HPW,33.4970287,-111.9145538
40132183001,1800.0,81.22,24.78,13.44,White,Low_poverty,LPW,33.455108,-111.90161
40133192022,1779.0,62.96,24.4,19.78,White,Low_poverty,LPW,33.4092844,-111.9002077
40133197061,1613.0,11.84,23.66,85.68,Minority,Low_poverty,LPM,33.381836,-111.9480235
40134225043,1843.0,71.95,14.59,14.76,White,Low_poverty,LPW,33.3898718,-111.7578839
40134225133,1586.0,71.63,13.46,17.78,White,Low_poverty,LPW,33.3972409,-111.7472548
40134226162,1969.0,71.91,11.66,24.89,White,Low_poverty,LPW,33.4006092,-111.5859778
40130719133,873.0,64.38,14.43,35.63,White,Low_poverty,LPW,33.5894752,-112.2520934
40130820161,2843.0,21.32,7.0,61.2,Minority,Low_poverty,LPM,33.4956865,-112.2640759
40130820202,1855.0,57.79,3.5,41.02,White,Low_poverty,LPW,33.4821617,-112.3084363
40130927161,2562.0,22.09,19.4,76.27,Minority,Low_poverty,LPM,33.5128931,-112.2109386
40130927172,2430.0,29.79,15.72,54.45,Minority,Low_poverty,LPM,33.534425,-112.216096
40131167301,1821.0,66.83,0.77,11.48,White,Low_poverty,LPW,33.3013258,-112.1138408
40132168183,1938.0,86.38,7.22,8.0,White,Low_poverty,LPW,33.6129643,-111.7206229
40130927241,1657.0,55.46,10.08,42.91,White,Low_poverty,LPW,33.5579193,-112.2771334
40130927242,1352.0,59.02,5.41,24.41,White,Low_poverty,LPW,33.5564545,-112.2847344
40130928022,948.0,12.34,18.78,78.69,Minority,Low_poverty,LPM,33.5255298,-112.1990515
40130930022,2347.0,23.78,39.47,70.6,Minority,High_poverty,HPM,33.5258971,-112.1575052
40130931051,1223.0,16.76,42.76,82.09,Minority,High_poverty,HPM,33.5197554,-112.1987633
40130931062,1794.0,11.2,63.6,88.79,Minority,High_poverty,HPM,33.5148041,-112.188711
40131063002,1531.0,97.78,6.99,1.77,White,Low_poverty,LPW,33.543636,-112.05377
40132168262,2040.0,90.05,13.17,1.47,White,Low_poverty,LPW,33.5936698,-111.8859959
40132168302,1490.0,87.38,11.52,8.45,White,Low_poverty,LPW,33.5858045,-111.9347674
40132168333,1709.0,54.42,1.91,10.82,White,Low_poverty,LPW,33.5774398,-111.8471795
40132168393,1263.0,84.24,2.45,10.77,White,Low_poverty,LPW,33.6003372,-111.8602635
40134226213,1274.0,81.32,0.63,5.88,White,Low_poverty,LPW,33.3699691,-111.7084338
40134201152,1178.0,60.61,43.63,38.29,White,High_poverty,HPW,33.4170896,-111.6272405
40134201153,1015.0,68.57,28.97,29.36,White,Low_poverty,LPW,33.4189207,-111.6196867
40134207071,956.0,99.06,13.6,0.0,White,Low_poverty,LPW,33.4190945,-111.7661772
40134207082,2611.0,88.55,26.2,8.19,White,Low_poverty,LPW,33.4191111,-111.7409465
40134207101,570.0,85.96,5.09,9.83,White,Low_poverty,LPW,33.4112723,-111.751185
40134222221,1387.0,63.16,15.9,24.59,White,Low_poverty,LPW,33.3747278,-111.8624834
40134226312,2033.0,78.5,4.08,16.77,White,Low_poverty,LPW,33.3827816,-111.6256422
40134226381,3000.0,65.43,3.74,30.77,White,Low_poverty,LPW,33.3900037,-111.7114301
40134226401,936.0,69.87,0.43,22.86,White,Low_poverty,LPW,33.3753553,-111.6506957
40134226412,1164.0,68.64,16.92,29.13,White,Low_poverty,LPW,33.3572295,-111.6573541
40134226432,3596.0,78.53,8.28,16.41,White,Low_poverty,LPW,33.3571842,-111.6098778
40136133004,1939.0,87.57,5.51,5.88,White,Low_poverty,LPW,33.7230443,-111.9838087
40136136002,826.0,79.06,5.36,17.55,White,Low_poverty,LPW,33.6704104,-112.2763235
40136144001,1311.0,76.13,14.19,17.55,White,Low_poverty,LPW,33.6828254,-112.1384688
40136146002,1540.0,89.68,18.9,8.7,White,Low_poverty,LPW,33.6793238,-112.1317628
40136146004,610.0,48.85,18.69,38.04,Other,Low_poverty,LPO,33.6710325,-112.127266
40136151001,1653.0,74.83,1.09,12.89,White,Low_poverty,LPW,33.6861395,-111.98226
40132168403,1455.0,82.54,0.41,4.46,White,Low_poverty,LPW,33.7059181,-111.899312
40135231043,574.0,30.49,26.83,67.07,Minority,Low_poverty,LPM,33.2937116,-111.8431175
40130719143,1463.0,44.91,8.48,35.68,Other,Low_poverty,LPO,33.5706035,-112.2159452
40130614011,890.0,16.63,40.79,80.11,Minority,High_poverty,HPM,33.4331975,-112.346202
40130715143,1987.0,84.85,8.13,13.03,White,Low_poverty,LPW,33.631986,-112.2504008
40130923062,1302.0,57.37,47.77,31.03,White,High_poverty,HPW,33.5711192,-112.1819089
40130931014,1672.0,25.6,38.3,71.17,Minority,High_poverty,HPM,33.5157929,-112.1541957
40131113003,1000.0,21.8,7.1,69.6,Minority,Low_poverty,LPM,33.4675063,-111.9913466
40131127004,948.0,3.59,52.22,89.35,Minority,High_poverty,HPM,33.4639932,-112.1254306
40132168432,1021.0,93.63,16.85,1.57,White,Low_poverty,LPW,33.7198206,-111.8734098
40132168442,2555.0,85.87,7.51,8.38,White,Low_poverty,LPW,33.6632566,-111.9151331
40132168501,584.0,100.0,2.57,0.0,White,Low_poverty,LPW,33.6218971,-111.8796502
40136186003,1717.0,77.05,12.73,17.12,White,Low_poverty,LPW,33.6437917,-112.107858
40136187001,1778.0,47.08,18.17,49.84,Other,Low_poverty,LPO,33.6510264,-112.0871449
40136188002,1906.0,42.29,34.52,50.05,Minority,High_poverty,HPM,33.6428665,-112.0977245
40136190001,805.0,77.14,13.91,7.95,White,Low_poverty,LPW,33.6512098,-112.0633863
40136199002,2002.0,34.87,1.75,1.45,Other,Low_poverty,LPO,33.6462406,-111.9730282
40138101001,1970.0,83.25,1.37,11.07,White,Low_poverty,LPW,33.3273762,-111.9328338
40138105001,2161.0,63.77,1.67,13.24,White,Low_poverty,LPW,33.3156703,-111.933315
40136126002,1362.0,82.97,0.0,3.3,White,Low_poverty,LPW,33.7612698,-111.9920578
40136147003,1513.0,72.17,10.05,23.13,White,Low_poverty,LPW,33.6725492,-112.1065118
40136184002,1890.0,75.77,11.53,17.51,White,Low_poverty,LPW,33.6510616,-112.1202061
40137233061,6413.0,42.51,32.65,47.94,Other,High_poverty,HPO,32.9669436,-112.4340439
40135229041,1400.0,17.36,28.36,75.43,Minority,Low_poverty,LPM,33.3116478,-111.8284569
40136102003,1819.0,93.35,1.7,2.74,White,Low_poverty,LPW,33.8733861,-112.1398629
40136106001,276.0,100.0,0.0,0.0,White,Low_poverty,LPW,33.8081655,-112.1032258
40136110001,2768.0,73.34,1.28,14.05,White,Low_poverty,LPW,33.731013,-112.2365683
40136113002,2758.0,77.92,4.28,14.36,White,Low_poverty,LPW,33.7917368,-112.1090245
40136117003,2369.0,61.8,37.44,36.56,White,High_poverty,HPW,33.7066515,-112.1844159
40136155003,774.0,95.22,15.12,4.78,White,Low_poverty,LPW,33.6600702,-112.2704017
40136164003,1557.0,25.43,6.29,0.0,Other,Low_poverty,LPO,33.6650104,-112.1190128
40136169002,1524.0,76.9,5.51,15.88,White,Low_poverty,LPW,33.6567774,-112.0397894
40136170005,906.0,74.72,4.75,22.63,White,Low_poverty,LPW,33.6586867,-112.0265551
40136173002,822.0,70.56,2.92,22.51,White,Low_poverty,LPW,33.6571309,-111.9919881
40136175004,1094.0,81.81,6.59,13.25,White,Low_poverty,LPW,33.6450032,-112.2573615
40136191002,1602.0,44.26,15.98,37.14,Other,Low_poverty,LPO,33.6460963,-112.0633333
40136194003,1154.0,46.19,9.88,37.61,Other,Low_poverty,LPO,33.6458663,-112.0438745
40136199004,1478.0,65.83,3.47,2.91,White,Low_poverty,LPW,33.6443725,-111.9642958
40136123003,1036.0,93.24,12.36,1.35,White,Low_poverty,LPW,33.7379963,-112.117408
40136125003,1076.0,93.49,0.74,4.27,White,Low_poverty,LPW,33.7905417,-111.9823834
40136131002,1569.0,88.02,9.94,7.52,White,Low_poverty,LPW,33.7917165,-111.9521407
40136132002,1657.0,73.33,14.24,19.25,White,Low_poverty,LPW,33.748086,-111.948622
40138106001,1403.0,93.51,4.69,2.0,White,Low_poverty,LPW,33.323385,-111.9176493
40138108002,2062.0,59.31,5.14,16.29,White,Low_poverty,LPW,33.3095608,-111.8853883
40138104002,838.0,70.88,4.89,20.28,White,Low_poverty,LPW,33.3161931,-111.9675794
40138109002,1706.0,71.98,7.86,10.9,White,Low_poverty,LPW,33.2933278,-111.9376021
40138119003,1059.0,82.72,1.23,10.67,White,Low_poverty,LPW,33.2872904,-111.8716124
40138123003,1060.0,47.17,2.92,31.32,Other,Low_poverty,LPO,33.2656123,-111.8455862
40138126002,1313.0,74.03,0.91,23.08,White,Low_poverty,LPW,33.2517889,-111.8723685
40138129001,2840.0,63.49,8.91,18.31,White,Low_poverty,LPW,33.2391178,-111.869243
40138132001,1712.0,70.39,1.75,4.32,White,Low_poverty,LPW,33.2407908,-111.8109933
40138135001,1908.0,64.68,8.65,15.93,White,Low_poverty,LPW,33.2254384,-111.8004522
40138111001,2977.0,53.71,9.91,37.86,White,Low_poverty,LPW,33.2982927,-111.9026265
40131167091,1791.0,39.31,9.94,39.92,Other,Low_poverty,LPO,33.3603583,-111.9724082
40132168522,967.0,95.45,0.0,4.55,White,Low_poverty,LPW,33.6151039,-111.8870482
40132168533,1294.0,70.48,4.4,11.98,White,Low_poverty,LPW,33.6167604,-111.864354
40132175012,860.0,17.09,45.58,74.54,Minority,High_poverty,HPM,33.4857402,-111.936714
40133191044,974.0,24.02,48.15,0.0,Other,High_poverty,HPO,33.4087283,-111.9222376
40133192014,1840.0,44.62,39.02,45.92,Other,High_poverty,HPO,33.4205719,-111.9048287
40133198004,1943.0,27.95,13.48,57.23,Minority,Low_poverty,LPM,33.3892317,-111.9415136
40134201071,2134.0,88.89,1.97,10.03,White,Low_poverty,LPW,33.4749356,-111.6758777
40130405075,727.0,89.27,2.45,6.19,White,Low_poverty,LPW,33.6636494,-112.3681328
40131032192,1191.0,81.36,3.95,11.92,White,Low_poverty,LPW,33.6339729,-111.9405904
40131037013,1325.0,52.23,34.79,40.0,White,High_poverty,HPW,33.6078907,-112.0402288
40131042141,1466.0,88.13,11.46,9.14,White,Low_poverty,LPW,33.6287793,-112.1813289
40131044021,2703.0,23.31,21.65,31.56,Other,Low_poverty,LPO,33.5782082,-112.1100577
40131047023,1195.0,47.36,8.59,38.41,Other,Low_poverty,LPO,33.5730203,-112.053551
40131060022,919.0,43.42,21.83,48.1,Other,Low_poverty,LPO,33.5494807,-112.1018116
40138139001,1788.0,76.68,0.0,13.59,White,Low_poverty,LPW,33.2155973,-111.8022053
40138141001,2301.0,62.06,2.74,26.42,White,Low_poverty,LPW,33.2079908,-111.7649369
40138144001,2258.0,70.86,3.36,18.69,White,Low_poverty,LPW,33.3258642,-111.7778203
40138145003,1566.0,62.71,3.83,33.65,White,Low_poverty,LPW,33.3248448,-111.7683822
40138151002,3473.0,55.17,4.06,31.27,White,Low_poverty,LPW,33.3176393,-111.7271289
40138153002,1182.0,72.25,1.18,14.8,White,Low_poverty,LPW,33.3029153,-111.7812036
40138154002,2905.0,75.87,3.03,15.32,White,Low_poverty,LPW,33.2943668,-111.7646554
40138157002,2463.0,66.54,1.02,24.56,White,Low_poverty,LPW,33.2854907,-111.7166323
40138160003,3856.0,70.38,2.14,15.59,White,Low_poverty,LPW,33.2412438,-111.7293445
40138162001,757.0,57.2,0.0,21.4,White,Low_poverty,LPW,33.2682066,-111.6906723
40138164001,2304.0,79.17,9.94,11.94,White,Low_poverty,LPW,33.2277068,-111.7105517
40138168001,3439.0,78.95,0.44,15.44,White,Low_poverty,LPW,33.2529825,-111.6556858
40138170002,1545.0,82.52,5.37,6.54,White,Low_poverty,LPW,33.2414034,-111.6431174
40138171004,2953.0,65.22,3.89,23.03,White,Low_poverty,LPW,33.2332369,-111.6258668
40138173003,1740.0,95.23,1.15,4.77,White,Low_poverty,LPW,33.2266825,-111.8647011
40138119001,1075.0,46.6,0.0,34.7,Other,Low_poverty,LPO,33.2796331,-111.8725736
40138142002,1361.0,67.45,6.32,19.18,White,Low_poverty,LPW,33.3293909,-111.8155286
40130610231,3488.0,32.91,16.03,60.49,Minority,Low_poverty,LPM,33.4283728,-112.4354857
40130610261,3482.0,55.28,10.68,38.8,White,Low_poverty,LPW,33.6315646,-112.4225585
40130610274,1133.0,56.4,3.18,36.63,White,Low_poverty,LPW,33.6353953,-112.3969631
40130610291,1174.0,50.43,11.75,48.21,White,Low_poverty,LPW,33.6334472,-112.3567799
40130610302,3018.0,51.76,1.36,41.22,White,Low_poverty,LPW,33.6178253,-112.4403132
40130610324,993.0,57.8,7.35,36.45,White,Low_poverty,LPW,33.6140555,-112.3959623
40131057012,2155.0,35.59,29.64,59.59,Minority,Low_poverty,LPM,33.5568927,-112.1472498
40131088022,331.0,60.42,12.0,25.38,White,Low_poverty,LPW,33.5063801,-112.0682967
40130610344,724.0,64.09,10.27,35.63,White,Low_poverty,LPW,33.6125745,-112.363385
40130610352,1523.0,58.31,0.46,39.59,White,Low_poverty,LPW,33.6126858,-112.3547894
40130610372,2144.0,76.54,6.3,15.95,White,Low_poverty,LPW,33.599029,-112.3808833
40130610401,1569.0,57.11,10.55,40.29,White,Low_poverty,LPW,33.6059781,-112.3383227
40130610412,645.0,40.16,9.15,49.92,Other,Low_poverty,LPO,33.6015064,-112.3310015
40130610422,321.0,100.0,4.67,0.0,White,Low_poverty,LPW,33.5857383,-112.3229617
40130610471,2860.0,48.18,7.87,32.34,Other,Low_poverty,LPO,33.5185444,-112.3501771
40131130002,875.0,63.43,26.29,28.23,White,Low_poverty,LPW,33.4622126,-112.0694852
40132175011,1190.0,77.14,5.55,19.66,White,Low_poverty,LPW,33.4901026,-111.9383037
40136117004,1717.0,77.98,5.3,14.56,White,Low_poverty,LPW,33.7054057,-112.1566466
40136126001,1082.0,90.76,3.42,2.22,White,Low_poverty,LPW,33.7633357,-111.9893706
40136139001,2314.0,84.83,1.64,8.95,White,Low_poverty,LPW,33.6891752,-112.2296145
40136142003,1251.0,81.85,0.0,6.08,White,Low_poverty,LPW,33.6737091,-112.1910105
40130614021,2075.0,11.42,26.65,85.21,Minority,Low_poverty,LPM,33.4240038,-112.3531193
40130715152,889.0,58.94,3.38,35.99,White,Low_poverty,LPW,33.6163568,-112.2554059
40130820182,3137.0,9.6,17.15,84.83,Minority,Low_poverty,LPM,33.47603,-112.2422164
40130820233,2253.0,42.74,11.0,51.18,Minority,Low_poverty,LPM,33.4742052,-112.2936587
40130820251,2799.0,31.51,8.18,60.7,Minority,Low_poverty,LPM,33.4496873,-112.3205947
40130822033,2414.0,16.78,2.7,76.43,Minority,Low_poverty,LPM,33.409794,-112.2812199
40130822051,3068.0,8.41,1.04,80.93,Minority,Low_poverty,LPM,33.4288401,-112.2511722
40131037022,1435.0,89.41,6.13,9.76,White,Low_poverty,LPW,33.5838554,-112.0582687
40131042151,679.0,88.22,14.14,8.98,White,Low_poverty,LPW,33.6287011,-112.1983849
40131055021,864.0,28.01,19.33,43.17,Other,Low_poverty,LPO,33.5622131,-112.1040864
40131085024,728.0,44.09,2.2,50.69,Minority,Low_poverty,LPM,33.5062625,-112.0352666
40131094005,1767.0,30.39,23.6,67.86,Minority,Low_poverty,LPM,33.5004487,-112.1820268
40131097042,1182.0,14.97,19.71,85.03,Minority,Low_poverty,LPM,33.4929989,-112.2249751
40130822091,648.0,21.6,35.65,78.4,Minority,High_poverty,HPM,33.4322611,-112.2917827
40130822112,4019.0,26.4,3.0,69.79,Minority,Low_poverty,LPM,33.4315857,-112.3151314
40130830003,784.0,26.28,1.28,70.54,Minority,Low_poverty,LPM,33.4581562,-112.2468345
40130923121,1104.0,34.06,33.7,56.61,Minority,High_poverty,HPM,33.5654583,-112.198936
40130925004,930.0,44.62,6.63,23.65,Other,Low_poverty,LPO,33.5494637,-112.1818262
40130928011,1444.0,12.74,35.11,86.77,Minority,High_poverty,HPM,33.5330974,-112.190613
40130931042,1226.0,1.96,41.84,98.04,Minority,High_poverty,HPM,33.5149772,-112.1797161
40131125023,1878.0,3.19,26.73,94.83,Minority,Low_poverty,LPM,33.4715218,-112.1905751
40131125093,3936.0,1.19,39.81,85.87,Minority,High_poverty,HPM,33.4641139,-112.2119187
40131125112,5108.0,16.35,13.95,81.4,Minority,Low_poverty,LPM,33.4156891,-112.2169827
40131138011,1496.0,60.09,12.43,31.15,White,Low_poverty,LPW,33.4468519,-111.9848823
40131162053,1695.0,20.94,29.03,66.31,Minority,Low_poverty,LPM,33.3800267,-111.9848889
40131166042,2562.0,8.98,15.65,83.42,Minority,Low_poverty,LPM,33.384467,-112.1719085
40131166062,2030.0,17.83,10.55,72.81,Minority,Low_poverty,LPM,33.3811364,-112.1467257
40131166071,3954.0,10.65,22.25,74.91,Minority,Low_poverty,LPM,33.3990267,-112.123348
40131166122,1077.0,14.02,0.56,83.47,Minority,Low_poverty,LPM,33.3850122,-112.1207043
40131167172,1580.0,52.15,14.09,35.57,White,Low_poverty,LPW,33.33052,-111.9758738
40136148002,1410.0,87.16,6.59,11.7,White,Low_poverty,LPW,33.672812,-112.0874397
40136154001,841.0,95.6,8.68,3.33,White,Low_poverty,LPW,33.6614108,-112.2772928
40136158001,1152.0,71.35,3.21,21.87,White,Low_poverty,LPW,33.655633,-112.2160128
40136159003,1527.0,73.35,7.33,10.8,White,Low_poverty,LPW,33.657905,-112.1907371
40136162002,1564.0,68.73,4.54,25.51,White,Low_poverty,LPW,33.6580334,-112.1563399
40136166001,2290.0,44.06,2.62,45.02,Other,Low_poverty,LPO,33.6657108,-112.0956549
40136167003,1553.0,79.85,6.63,13.97,White,Low_poverty,LPW,33.658733,-112.0788864
40136168004,1091.0,75.44,7.52,15.12,White,Low_poverty,LPW,33.6655229,-112.0613337
40136175003,727.0,100.0,6.19,0.0,White,Low_poverty,LPW,33.6435688,-112.2717441
40136177002,1025.0,86.83,4.49,11.9,White,Low_poverty,LPW,33.6489974,-112.22499
40136179001,1960.0,73.93,6.89,16.63,White,Low_poverty,LPW,33.6437376,-112.1994167
40130717021,669.0,100.0,9.27,0.0,White,Low_poverty,LPW,33.5986031,-112.2928991
40130719123,1279.0,52.46,26.35,44.33,White,Low_poverty,LPW,33.5831237,-112.2508069
40130405291,1060.0,96.7,1.51,0.85,White,Low_poverty,LPW,33.673343,-112.4031556
40130405294,1116.0,95.34,2.42,2.24,White,Low_poverty,LPW,33.6580005,-112.3936621
40134226223,357.0,84.31,0.0,0.0,White,Low_poverty,LPW,33.3744422,-111.6908769
40134226242,1366.0,95.53,10.1,3.44,White,Low_poverty,LPW,33.4119129,-111.7320799
40134226261,1859.0,77.84,18.88,21.73,White,Low_poverty,LPW,33.4116649,-111.6760488
40131043012,1864.0,63.79,13.3,33.31,White,Low_poverty,LPW,33.5857723,-112.1286768
40131065012,1537.0,83.47,15.55,13.6,White,Low_poverty,LPW,33.5273579,-112.0606151
40131065023,1066.0,67.07,17.92,29.08,White,Low_poverty,LPW,33.5255375,-112.0518538
40134226464,3211.0,69.42,0.0,22.14,White,Low_poverty,LPW,33.3281101,-111.5879714
40130506082,1686.0,54.86,4.39,42.23,White,Low_poverty,LPW,33.4244185,-112.5738876
40131076022,1607.0,53.08,25.82,43.31,White,Low_poverty,LPW,33.5128447,-112.0518834
40131091023,1784.0,6.11,12.11,84.08,Minority,Low_poverty,LPM,33.4983796,-112.1279417
40131109021,2445.0,37.18,29.57,57.42,Minority,Low_poverty,LPM,33.4861814,-112.002024
40131138012,756.0,22.88,53.31,75.26,Minority,High_poverty,HPM,33.4478222,-112.0215421
40131170003,2376.0,36.78,36.83,47.94,Other,High_poverty,HPO,33.4840184,-112.1092501
40130609012,2275.0,38.64,20.79,44.84,Other,Low_poverty,LPO,33.6182755,-112.3359255
40130609021,1065.0,30.33,29.11,69.68,Minority,Low_poverty,LPM,33.6111019,-112.3342949
40130609032,1071.0,19.14,48.55,80.86,Minority,High_poverty,HPM,33.6063224,-112.3186939
40130609042,1920.0,42.29,9.5,53.64,Minority,Low_poverty,LPM,33.5989702,-112.3139581
40134205032,2549.0,44.1,35.97,49.51,Other,High_poverty,HPO,33.4470658,-111.8167754
40134207072,1417.0,74.31,13.1,23.65,White,Low_poverty,LPW,33.4191242,-111.7574856
40131042223,991.0,78.41,6.99,14.43,White,Low_poverty,LPW,33.5853874,-112.198772
40130610142,1948.0,50.15,1.2,41.02,White,Low_poverty,LPW,33.4834524,-112.3250332
40130610193,1991.0,50.73,1.1,29.08,White,Low_poverty,LPW,33.4429193,-112.4354822
40130610201,1056.0,62.97,4.73,19.31,White,Low_poverty,LPW,33.4903882,-112.3731589
40131032051,1375.0,88.22,3.93,9.97,White,Low_poverty,LPW,33.6041471,-111.966059
40132170024,1380.0,72.1,6.01,25.21,White,Low_poverty,LPW,33.513388,-111.902795
40131049003,1617.0,77.43,6.56,17.75,White,Low_poverty,LPW,33.5897903,-112.0087869
40130610331,1913.0,63.46,2.02,31.73,White,Low_poverty,LPW,33.6210107,-112.3881457
40131082003,1691.0,70.9,1.24,25.2,White,Low_poverty,LPW,33.4986754,-111.9911398
40134221023,1464.0,53.21,26.71,37.57,White,Low_poverty,LPW,33.4041592,-111.8720185
40134226403,1144.0,74.13,2.97,22.55,White,Low_poverty,LPW,33.3681976,-111.6492189
40137233052,871.0,15.61,37.6,40.53,Other,High_poverty,HPO,32.9198542,-113.1159749
40131056022,2378.0,36.16,43.48,60.22,Minority,High_poverty,HPM,33.5639377,-112.1298942
40136143002,1182.0,67.77,4.82,2.79,White,Low_poverty,LPW,33.6779731,-112.1803815
40132168264,633.0,87.68,2.21,12.32,White,Low_poverty,LPW,33.5928889,-111.8775768
40130822041,2316.0,18.39,6.26,79.88,Minority,Low_poverty,LPM,33.4283984,-112.2641023
40130931063,1961.0,30.75,20.39,67.93,Minority,Low_poverty,LPM,33.5124246,-112.1915313
40131036121,1110.0,65.86,11.35,27.03,White,Low_poverty,LPW,33.6344796,-112.0673472
40131136012,2351.0,5.06,33.77,90.39,Minority,High_poverty,HPM,33.4631718,-112.0074567
40130927243,967.0,56.15,17.17,39.92,White,Low_poverty,LPW,33.561974,-112.286719
40133200014,1393.0,36.25,11.25,57.79,Minority,Low_poverty,LPM,33.3615247,-111.9495702
40131125081,2211.0,10.36,32.56,86.61,Minority,High_poverty,HPM,33.4570499,-112.2121093
40136147001,252.0,92.86,10.71,7.14,White,Low_poverty,LPW,33.6888681,-112.073096
40130610132,3766.0,35.71,3.8,45.83,Other,Low_poverty,LPO,33.5004813,-112.3364892
40134202151,2335.0,72.16,16.42,24.63,White,Low_poverty,LPW,33.4445634,-111.7275522
40130609034,1498.0,59.88,17.49,27.83,White,Low_poverty,LPW,33.5964584,-112.3200256
40132180002,1801.0,63.58,6.11,35.7,White,Low_poverty,LPW,33.4693412,-111.930505
40131113002,1106.0,41.5,3.8,52.63,Minority,Low_poverty,LPM,33.4766858,-111.9912882
40131162024,945.0,6.98,3.39,93.02,Minority,Low_poverty,LPM,33.3882663,-111.9933618
40131054003,1216.0,45.48,18.67,37.91,Other,Low_poverty,LPO,33.5566915,-112.0954633
40131032052,1568.0,87.44,7.97,5.55,White,Low_poverty,LPW,33.6044604,-111.9747175
40131092002,1441.0,25.4,29.42,69.46,Minority,Low_poverty,LPM,33.5017728,-112.1362572
40131046001,1647.0,52.58,13.96,35.4,White,Low_poverty,LPW,33.5786387,-112.0732737
40134216022,1074.0,17.78,9.72,81.56,Minority,Low_poverty,LPM,33.4116568,-111.7914506
40131137001,541.0,0.0,38.63,97.04,Minority,High_poverty,HPM,33.4604417,-111.991013
40134212022,2272.0,33.89,17.39,45.69,Other,Low_poverty,LPO,33.4250026,-111.868224
40134225065,1111.0,47.7,3.6,49.68,Other,Low_poverty,LPO,33.3694215,-111.759375
40131032112,2166.0,81.86,5.59,12.83,White,Low_poverty,LPW,33.6189061,-111.9822
40131033032,997.0,88.97,8.02,5.71,White,Low_poverty,LPW,33.6371585,-112.0087106
40132170022,1959.0,81.11,0.0,18.89,White,Low_poverty,LPW,33.5164838,-111.898092
40138145004,1050.0,71.62,7.62,18.76,White,Low_poverty,LPW,33.3322372,-111.7621672
40131042182,999.0,80.08,6.58,19.82,White,Low_poverty,LPW,33.6208323,-112.1604072
40133196001,1245.0,87.63,13.41,3.78,White,Low_poverty,LPW,33.4038374,-111.9305906
40131051023,1357.0,78.26,4.05,7.3,White,Low_poverty,LPW,33.5514709,-112.0427038
40134220023,1331.0,22.54,43.28,68.22,Minority,High_poverty,HPM,33.3987702,-111.8371188
40132178002,1744.0,86.98,4.01,10.6,White,Low_poverty,LPW,33.4694609,-111.9046583
40133199062,1241.0,70.91,10.56,9.02,White,Low_poverty,LPW,33.353387,-111.9005108
40130717011,3041.0,62.35,18.17,33.77,White,Low_poverty,LPW,33.572708,-112.305068
40131036124,1518.0,65.35,11.78,19.96,White,Low_poverty,LPW,33.6353099,-112.0689546
40138171003,3708.0,62.11,7.68,28.72,White,Low_poverty,LPW,33.2471804,-111.6293247
40130924012,923.0,57.64,34.99,32.5,White,High_poverty,HPW,33.5420847,-112.1643378
40136181001,2066.0,73.91,6.0,18.3,White,Low_poverty,LPW,33.6447081,-112.1606478
40131133002,1179.0,4.66,87.62,92.03,Minority,High_poverty,HPM,33.4550582,-112.0425953
40138122002,2303.0,61.53,7.29,31.14,White,Low_poverty,LPW,33.2651207,-111.8691356
40131167111,579.0,82.38,3.97,11.92,White,Low_poverty,LPW,33.3298842,-111.9920198
40131167191,2379.0,57.71,1.6,26.61,White,Low_poverty,LPW,33.3086938,-111.9844391
40131113004,1723.0,53.8,6.91,41.9,White,Low_poverty,LPW,33.4730703,-111.9803392
40131100021,1231.0,12.19,13.48,87.0,Minority,Low_poverty,LPM,33.4901746,-112.1652886
40136195001,1456.0,85.65,15.86,4.12,White,Low_poverty,LPW,33.651431,-112.0265209
40131172001,314.0,25.16,20.46,74.84,Minority,Low_poverty,LPM,33.426388,-112.0434433
40131122023,1614.0,21.81,29.86,75.53,Minority,Low_poverty,LPM,33.4762611,-112.1480627
40130101021,1139.0,97.63,1.14,2.37,White,Low_poverty,LPW,33.7127644,-111.478901
40130717024,686.0,93.15,5.25,6.85,White,Low_poverty,LPW,33.5746127,-112.2941686
40132168382,1405.0,94.88,1.85,3.77,White,Low_poverty,LPW,33.6079457,-111.8871415
40131105021,1496.0,53.21,15.17,24.8,White,Low_poverty,LPW,33.4911538,-112.0694162
40134225014,2412.0,41.58,12.98,50.54,Minority,Low_poverty,LPM,33.3972689,-111.7582321
40138143002,1613.0,69.93,14.32,14.14,White,Low_poverty,LPW,33.3260746,-111.7941413
40131167152,816.0,77.57,4.41,16.3,White,Low_poverty,LPW,33.3514469,-111.9845165
40130927171,3117.0,8.98,23.86,83.7,Minority,Low_poverty,LPM,33.5345983,-112.2074095
40131104002,819.0,56.53,16.85,15.75,White,Low_poverty,LPW,33.4840549,-112.087229
40133184003,988.0,53.34,14.57,43.62,White,Low_poverty,LPW,33.4456486,-111.9158486
40138152002,2983.0,64.13,3.35,31.18,White,Low_poverty,LPW,33.3160471,-111.6930136
40130715161,2413.0,66.06,11.5,28.97,White,Low_poverty,LPW,33.6041111,-112.257509
40136197003,1584.0,50.32,8.59,47.54,White,Low_poverty,LPW,33.6497759,-111.9911508
40130610423,330.0,97.27,10.0,2.72,White,Low_poverty,LPW,33.5830324,-112.3190644
40135231032,928.0,62.82,1.51,15.3,White,Low_poverty,LPW,33.2969377,-111.8632849
40136189002,1653.0,69.15,8.47,27.83,White,Low_poverty,LPW,33.6511589,-112.0698664
40138155003,1465.0,65.19,6.25,20.4,White,Low_poverty,LPW,33.2982164,-111.7512845
40131070001,2500.0,22.08,33.48,77.16,Minority,High_poverty,HPM,33.5348452,-112.1385758
40131124012,2476.0,4.28,26.94,95.72,Minority,Low_poverty,LPM,33.4768873,-112.1821063
40134226422,1250.0,54.4,5.12,36.8,White,Low_poverty,LPW,33.3687078,-111.6330051
40131032202,779.0,90.24,8.86,3.47,White,Low_poverty,LPW,33.6176985,-111.9290682
40134206022,1017.0,83.97,6.19,12.88,White,Low_poverty,LPW,33.4336363,-111.7836664
40134211023,1202.0,49.08,12.61,44.09,Other,Low_poverty,LPO,33.4260349,-111.8517065
40134223081,1785.0,50.2,3.14,48.51,White,Low_poverty,LPW,33.3680418,-111.7942234
40130927091,2593.0,66.45,9.84,25.53,White,Low_poverty,LPW,33.5584058,-112.2494328
40131132021,1344.0,16.0,40.18,78.27,Minority,High_poverty,HPM,33.4572546,-112.0608251
40131042231,744.0,84.54,4.57,7.39,White,Low_poverty,LPW,33.6011087,-112.1904267
40133199022,1271.0,52.4,6.4,44.61,White,Low_poverty,LPW,33.3730869,-111.9396719
40131085023,1256.0,53.42,23.65,44.59,White,Low_poverty,LPW,33.5002218,-112.0345398
40131144011,1458.0,14.95,37.84,85.05,Minority,High_poverty,HPM,33.443996,-112.1127649
40130610322,2281.0,75.23,2.53,18.94,White,Low_poverty,LPW,33.6128752,-112.4046401
40136150003,1432.0,70.53,5.44,21.02,White,Low_poverty,LPW,33.6701716,-111.982922
40130610103,1626.0,83.64,4.55,10.83,White,Low_poverty,LPW,33.5024385,-112.3683707
40131040004,2371.0,38.21,22.82,61.07,Minority,Low_poverty,LPM,33.6072146,-112.1295283
40134221061,3106.0,29.2,31.44,56.43,Minority,High_poverty,HPM,33.4040413,-111.8526454
40131112011,1342.0,58.27,18.07,17.74,White,Low_poverty,LPW,33.4791327,-111.9652637
40131104004,1292.0,60.22,8.36,28.87,White,Low_poverty,LPW,33.4914022,-112.0956208
40131114011,1727.0,25.42,17.49,69.08,Minority,Low_poverty,LPM,33.4767926,-112.0085561
40131126023,1155.0,4.5,24.76,91.77,Minority,Low_poverty,LPM,33.460182,-112.1475221
40131047011,1678.0,33.61,37.6,55.31,Minority,High_poverty,HPM,33.5739481,-112.0626686
40134226161,2810.0,56.76,7.41,33.06,White,Low_poverty,LPW,33.3894798,-111.5904414
40131115021,1305.0,37.7,13.74,56.24,Minority,Low_poverty,LPM,33.4762092,-112.0263879
40131108011,2172.0,34.21,37.02,59.94,Minority,High_poverty,HPM,33.4912959,-112.0258812
40130608021,1112.0,66.73,6.83,29.32,White,Low_poverty,LPW,33.6270731,-112.3165578
40133191041,1859.0,71.38,68.26,17.69,White,High_poverty,HPW,33.4129382,-111.9219754
40131097011,1207.0,5.47,40.51,86.66,Minority,High_poverty,HPM,33.4930111,-112.2054079
40130719091,697.0,75.75,7.89,22.81,White,Low_poverty,LPW,33.5760115,-112.2664349
40131167022,2316.0,2.29,42.18,65.37,Minority,High_poverty,HPM,33.3668402,-112.0782428
40131123023,887.0,14.77,12.63,80.61,Minority,Low_poverty,LPM,33.4786544,-112.1589214
40138163002,4382.0,76.13,2.85,15.41,White,Low_poverty,LPW,33.2558437,-111.7080825
40138121002,1807.0,52.52,11.18,38.02,White,Low_poverty,LPW,33.288153,-111.8316324
40132168131,1252.0,74.2,4.17,11.43,White,Low_poverty,LPW,33.5783964,-111.9168166
40131122012,3001.0,8.5,25.96,86.7,Minority,Low_poverty,LPM,33.4688118,-112.1388095
40138160001,9708.0,69.66,7.0,20.83,White,Low_poverty,LPW,33.2265251,-111.7437185
40134222111,1012.0,66.9,4.94,26.78,White,Low_poverty,LPW,33.3386805,-111.8849807
40136172002,1281.0,75.57,4.14,6.72,White,Low_poverty,LPW,33.6592345,-112.0096814
40134222161,821.0,65.53,11.01,27.89,White,Low_poverty,LPW,33.366498,-111.8465526
40131111001,1251.0,93.53,11.83,5.44,White,Low_poverty,LPW,33.4853124,-111.9565784
40134213023,404.0,57.18,23.27,42.82,White,Low_poverty,LPW,33.4113293,-111.8524929
40131035023,1004.0,85.76,2.19,14.24,White,Low_poverty,LPW,33.6005849,-112.0175177
40134224013,536.0,63.62,0.0,27.05,White,Low_poverty,LPW,33.3535235,-111.8026747
40134202142,1334.0,79.91,29.39,18.89,White,Low_poverty,LPW,33.4191873,-111.714796
40132172032,898.0,63.03,28.95,28.84,White,Low_poverty,LPW,33.504624,-111.9203138
40131064001,1411.0,68.39,14.32,28.91,White,Low_poverty,LPW,33.5276175,-112.0341945
40132170016,1051.0,71.84,11.32,17.41,White,Low_poverty,LPW,33.5202739,-111.9109707
40130718015,473.0,95.98,9.3,4.02,White,Low_poverty,LPW,33.5904762,-112.2770032
40131086011,1522.0,38.9,36.53,47.1,Other,High_poverty,HPO,33.4992412,-112.0597908
40131074006,1770.0,33.84,25.14,45.48,Other,Low_poverty,LPO,33.514994,-112.0954991
40132172011,834.0,93.41,5.04,5.64,White,Low_poverty,LPW,33.4935568,-111.9293679
40136123002,2472.0,55.66,0.58,10.15,White,Low_poverty,LPW,33.7289348,-112.1065956
40138122001,2967.0,57.26,4.62,10.31,White,Low_poverty,LPW,33.2718621,-111.871655
40132171012,1141.0,49.78,15.51,42.24,Other,Low_poverty,LPO,33.4987037,-111.9076094
40131126024,2452.0,3.87,45.76,96.13,Minority,High_poverty,HPM,33.4550103,-112.1495951
40133196003,1586.0,60.15,19.15,25.98,White,Low_poverty,LPW,33.3964964,-111.9392045
40130719142,752.0,33.91,23.94,56.78,Minority,Low_poverty,LPM,33.5760266,-112.2159448
40131167031,3132.0,14.94,13.37,82.34,Minority,Low_poverty,LPM,33.3703846,-112.0615808
40131076012,1537.0,46.78,29.41,48.6,Other,Low_poverty,LPO,33.5219265,-112.060609
40131086021,1769.0,37.87,27.31,47.54,Other,Low_poverty,LPO,33.5064924,-112.0518986
40130927153,1892.0,19.34,2.23,69.61,Minority,Low_poverty,LPM,33.519969,-112.2161588
40131032163,1188.0,81.14,10.77,15.32,White,Low_poverty,LPW,33.631721,-111.9746089
40131165001,2530.0,2.41,28.11,97.59,Minority,Low_poverty,LPM,33.3886236,-112.0776325
40131105012,1714.0,42.88,12.66,34.01,Other,Low_poverty,LPO,33.4912636,-112.0807609
40134226101,1215.0,98.6,6.42,1.4,White,Low_poverty,LPW,33.4005377,-111.6540489
40134223042,1207.0,48.14,17.65,38.11,Other,Low_poverty,LPO,33.3477207,-111.8374268
40138109003,1566.0,63.09,7.3,36.91,White,Low_poverty,LPW,33.3022207,-111.942323
40131143022,1879.0,5.22,35.53,85.47,Minority,High_poverty,HPM,33.4404112,-112.0868985
40131167202,1291.0,25.02,25.48,61.81,Minority,Low_poverty,LPM,33.317018,-111.9948258
40136140002,1610.0,81.49,1.56,17.21,White,Low_poverty,LPW,33.6854555,-112.2168808
40130928013,1780.0,7.64,62.08,90.79,Minority,High_poverty,HPM,33.5329607,-112.1990356
40130609011,841.0,35.67,51.37,60.88,Minority,High_poverty,HPM,33.6216691,-112.3347142
40131119002,619.0,69.47,7.27,24.72,White,Low_poverty,LPW,33.4693035,-112.0870711
40134225012,1914.0,75.18,15.46,19.49,White,Low_poverty,LPW,33.404698,-111.7666492
40131123024,1202.0,6.07,37.44,89.52,Minority,High_poverty,HPM,33.4786606,-112.1538271
40135229011,1757.0,64.2,5.5,30.79,White,Low_poverty,LPW,33.3315493,-111.8329518
40136166004,1335.0,67.34,7.03,29.36,White,Low_poverty,LPW,33.6582754,-112.0871681
40130719034,891.0,55.89,15.49,37.93,White,Low_poverty,LPW,33.5941842,-112.2158734
40131042272,813.0,56.33,31.24,37.02,White,High_poverty,HPW,33.5838068,-112.1596866
40131042253,1325.0,96.45,15.92,0.83,White,Low_poverty,LPW,33.6357259,-112.1643613
40134222131,1297.0,64.69,12.43,30.77,White,Low_poverty,LPW,33.3607889,-111.8806895
40134222112,1621.0,65.82,24.31,10.24,White,Low_poverty,LPW,33.3458953,-111.884983
40132171013,955.0,90.99,8.0,4.71,White,Low_poverty,LPW,33.498504,-111.9024198
40134214003,553.0,79.57,34.0,18.8,White,High_poverty,HPW,33.4114917,-111.8357027
40134226361,2076.0,71.1,4.33,18.98,White,Low_poverty,LPW,33.3900895,-111.7279789
40131162022,2123.0,11.73,32.98,79.23,Minority,High_poverty,HPM,33.3902332,-111.9822764
40130923084,1325.0,61.58,17.21,37.43,White,Low_poverty,LPW,33.5711163,-112.1559396
40131160001,1216.0,2.88,37.91,95.97,Minority,High_poverty,HPM,33.4032525,-112.0337116
40134226071,1770.0,77.74,6.03,21.86,White,Low_poverty,LPW,33.4008612,-111.7229839
40130715112,757.0,90.62,19.17,4.36,White,Low_poverty,LPW,33.6287304,-112.2067028
40130719093,697.0,77.47,5.16,16.93,White,Low_poverty,LPW,33.5757428,-112.2587302
40131125041,2540.0,7.05,25.12,89.88,Minority,Low_poverty,LPM,33.4764821,-112.1952395
40131096023,2787.0,5.74,43.31,93.44,Minority,High_poverty,HPM,33.4973122,-112.2163916
40130405184,1968.0,48.78,1.68,42.53,Other,Low_poverty,LPO,33.707694,-112.4197703
40136165003,1597.0,61.68,10.75,32.69,White,Low_poverty,LPW,33.6583375,-112.1041237
40133184001,2007.0,30.34,27.5,62.33,Minority,Low_poverty,LPM,33.4476431,-111.9221824
40134202121,1637.0,82.28,3.62,16.07,White,Low_poverty,LPW,33.4591346,-111.6883159
40130923071,1725.0,38.72,10.56,54.49,Minority,Low_poverty,LPM,33.5561451,-112.1754074
40131059002,1859.0,39.64,31.31,52.02,Minority,High_poverty,HPM,33.5430778,-112.1299816
40134219023,1574.0,16.07,30.94,83.23,Minority,High_poverty,HPM,33.4024131,-111.8097396
40138149001,2021.0,66.75,3.28,24.1,White,Low_poverty,LPW,33.3172769,-111.7983479
40133191033,1734.0,51.85,56.46,15.58,White,High_poverty,HPW,33.4199996,-111.9131453
40131125033,1921.0,8.43,19.99,85.42,Minority,Low_poverty,LPM,33.4765951,-112.2163114
40135230063,1301.0,54.73,4.61,36.58,White,Low_poverty,LPW,33.3099612,-111.8629487
40131039001,1327.0,41.3,53.28,14.32,Other,High_poverty,HPO,33.6075071,-112.1043812
40131032162,1578.0,85.49,6.3,2.53,White,Low_poverty,LPW,33.6296347,-111.9664118
40131042252,1212.0,71.95,3.5,16.42,White,Low_poverty,LPW,33.628751,-112.1596971
40130715102,1309.0,77.01,6.88,22.99,White,Low_poverty,LPW,33.5995641,-112.2158336
40131033022,1940.0,66.19,8.25,19.9,White,Low_poverty,LPW,33.6168596,-111.9996635
40130927051,1589.0,31.78,16.61,52.3,Minority,Low_poverty,LPM,33.5465273,-112.2131706
40131101002,1686.0,6.23,33.59,93.12,Minority,High_poverty,HPM,33.4840782,-112.1364911
40133200011,2764.0,35.02,6.22,38.82,Other,Low_poverty,LPO,33.3578772,-111.9522251
40135230033,1346.0,68.2,7.73,30.76,White,Low_poverty,LPW,33.3242635,-111.8460082
40133199054,944.0,73.52,1.69,20.97,White,Low_poverty,LPW,33.3529852,-111.9241363
40130927132,2780.0,23.63,13.52,54.75,Minority,Low_poverty,LPM,33.5187451,-112.2256577
40130927101,2687.0,41.94,14.39,51.02,Minority,Low_poverty,LPM,33.5345567,-112.2466884
40130610092,1869.0,23.54,11.24,66.35,Minority,Low_poverty,LPM,33.4555731,-112.3925218
40131132022,751.0,9.19,48.47,88.95,Minority,High_poverty,HPM,33.4535628,-112.0606697
40132182002,1765.0,61.3,11.44,29.69,White,Low_poverty,LPW,33.4546344,-111.9119038
40136118003,1017.0,74.63,24.19,25.37,White,Low_poverty,LPW,33.7019689,-112.1388266
40131048024,1075.0,79.44,11.38,17.3,White,Low_poverty,LPW,33.5935332,-112.0313235
40136186002,1506.0,50.2,18.66,43.56,White,Low_poverty,LPW,33.6505366,-112.1020638
40130506063,2712.0,66.04,1.41,33.96,White,Low_poverty,LPW,33.4785685,-112.4785246
40131067013,1761.0,32.65,32.82,59.11,Minority,High_poverty,HPM,33.5347446,-112.0930961
40131042154,486.0,70.37,0.0,21.81,White,Low_poverty,LPW,33.6339354,-112.1987018
40136168003,1423.0,71.19,30.64,23.68,White,High_poverty,HPW,33.6584875,-112.0612716
40130719032,634.0,56.47,0.0,33.75,White,Low_poverty,LPW,33.5868874,-112.2158711
40132169013,301.0,100.0,16.94,0.0,White,Low_poverty,LPW,33.5338929,-111.9115126
40131162031,1542.0,7.65,36.84,92.35,Minority,High_poverty,HPM,33.3998885,-112.0040408
40134219021,748.0,37.43,35.83,61.09,Minority,High_poverty,HPM,33.4060538,-111.8097418
40130405063,920.0,100.0,7.72,0.0,White,Low_poverty,LPW,33.6580721,-112.328492
40136180002,1558.0,70.99,8.66,29.01,White,Low_poverty,LPW,33.6507257,-112.1819483
40131075002,1584.0,78.6,3.75,5.12,White,Low_poverty,LPW,33.5201705,-112.0737104
40131101003,2269.0,3.31,32.44,96.7,Minority,High_poverty,HPM,33.4840935,-112.1472989
40135230021,1374.0,38.86,10.5,61.14,Minority,Low_poverty,LPM,33.3170296,-111.8459464
40131144021,910.0,12.53,31.3,87.04,Minority,High_poverty,HPM,33.4491062,-112.1040924
40131108012,1620.0,28.52,25.65,63.71,Minority,Low_poverty,LPM,33.4914446,-112.0194259
40134226342,2130.0,65.02,17.46,33.85,White,Low_poverty,LPW,33.3810273,-111.663489
40131089022,1830.0,33.28,29.12,50.11,Minority,Low_poverty,LPM,33.5032028,-112.0934543
40132180001,1297.0,64.38,5.01,35.62,White,Low_poverty,LPW,33.4766662,-111.930464
40131137004,2696.0,17.14,27.31,71.29,Minority,Low_poverty,LPM,33.4638676,-111.9910064
40130715123,1282.0,82.14,7.8,16.38,White,Low_poverty,LPW,33.5992017,-112.2333389
40133200021,1723.0,9.52,46.73,73.54,Minority,High_poverty,HPM,33.3740417,-111.965832
40136139003,2030.0,76.31,1.87,14.43,White,Low_poverty,LPW,33.6743717,-112.2355882
40138126001,2622.0,71.93,6.37,18.84,White,Low_poverty,LPW,33.2570676,-111.8736279
40138138003,689.0,98.84,5.81,1.16,White,Low_poverty,LPW,33.2149491,-111.8110507
40138154003,3286.0,58.79,0.94,24.83,White,Low_poverty,LPW,33.3016433,-111.7643149
40138171002,2364.0,85.91,11.21,8.8,White,Low_poverty,LPW,33.2391414,-111.6176269
40138175001,1322.0,93.42,4.46,6.58,White,Low_poverty,LPW,33.2110774,-111.8713592
40136117002,1114.0,84.65,2.24,10.15,White,Low_poverty,LPW,33.7052555,-112.1697768
40136104001,1472.0,78.6,2.85,12.57,White,Low_poverty,LPW,33.8530605,-112.1085647
40130405292,496.0,98.19,0.0,0.0,White,Low_poverty,LPW,33.6658874,-112.3900281
40134226393,504.0,85.12,46.23,8.93,White,High_poverty,HPW,33.3875156,-111.6936442
40131076013,1271.0,70.42,10.62,23.13,White,Low_poverty,LPW,33.5128536,-112.060623
40131171001,2038.0,62.81,24.6,29.44,White,Low_poverty,LPW,33.4996118,-112.0699713
40134201141,1143.0,44.79,2.45,48.82,Other,Low_poverty,LPO,33.4188033,-111.6630493
40134202122,1603.0,81.66,6.49,6.99,White,Low_poverty,LPW,33.4559155,-111.698997
40130405271,470.0,98.3,6.17,0.0,White,Low_poverty,LPW,33.6502138,-112.4319763
40131068022,1189.0,34.48,1.93,55.51,Minority,Low_poverty,LPM,33.5273231,-112.1083533
40131090012,2959.0,7.5,33.45,67.36,Minority,High_poverty,HPM,33.4986146,-112.1149418
40130931041,1981.0,15.4,41.85,76.32,Minority,High_poverty,HPM,33.5113509,-112.1797273
40131147031,1962.0,16.92,53.62,75.64,Minority,High_poverty,HPM,33.4332564,-112.1259049
40134223093,1191.0,51.05,3.61,36.36,White,Low_poverty,LPW,33.3609775,-111.8188662
40132172043,710.0,82.96,23.32,8.31,White,Low_poverty,LPW,33.5005714,-111.9151439
40134226073,770.0,94.16,11.43,5.85,White,Low_poverty,LPW,33.4049649,-111.7313436
40130610122,1234.0,55.51,4.25,43.27,White,Low_poverty,LPW,33.4551447,-112.3602252
40131166051,1765.0,36.77,3.78,42.44,Other,Low_poverty,LPO,33.384841,-112.1640897
40131166131,2744.0,14.14,8.97,77.98,Minority,Low_poverty,LPM,33.3849866,-112.1121002
40136164001,1376.0,78.34,4.0,9.01,White,Low_poverty,LPW,33.6608391,-112.1324149
40136175001,524.0,93.89,6.68,6.11,White,Low_poverty,LPW,33.6413033,-112.2661556
40131112031,1567.0,30.82,27.95,60.69,Minority,Low_poverty,LPM,33.4534134,-111.9746086
40131170001,1412.0,54.96,23.16,36.54,White,Low_poverty,LPW,33.4879741,-112.102714
40134213033,2243.0,41.82,19.5,49.62,Other,Low_poverty,LPO,33.4201159,-111.8609131
40134226232,3405.0,67.37,5.87,23.17,White,Low_poverty,LPW,33.3577927,-111.7004081
40134210011,2147.0,66.79,22.64,33.21,White,Low_poverty,LPW,33.4295771,-111.8334833
40134226413,3281.0,72.2,11.43,24.38,White,Low_poverty,LPW,33.3546306,-111.6490377
40136145001,1105.0,44.98,4.5,46.15,Other,Low_poverty,LPO,33.6883304,-112.122735
40130719141,865.0,34.45,42.66,55.38,Minority,High_poverty,HPM,33.5796627,-112.2159011
40130820181,2744.0,25.18,23.9,71.76,Minority,Low_poverty,LPM,33.4760737,-112.2508535
40132168093,1456.0,85.65,4.05,10.1,White,Low_poverty,LPW,33.5746383,-111.7884936
40130928024,1887.0,7.53,39.2,91.05,Minority,High_poverty,HPM,33.5281294,-112.1920106
40132168381,2001.0,66.47,5.1,14.5,White,Low_poverty,LPW,33.6079381,-111.8783473
40136131001,602.0,100.0,3.65,0.0,White,Low_poverty,LPW,33.7955584,-111.9361496
40136152002,3209.0,91.74,6.33,5.36,White,Low_poverty,LPW,33.6849112,-111.9633528
40136173003,790.0,88.73,3.92,11.26,White,Low_poverty,LPW,33.6592683,-111.9977353
40136199001,1179.0,73.45,2.71,11.37,White,Low_poverty,LPW,33.6516499,-111.9684099
40130608015,894.0,17.56,24.94,82.44,Minority,Low_poverty,LPM,33.6266284,-112.3381361
40134207081,1068.0,100.0,8.15,0.0,White,Low_poverty,LPW,33.4191621,-111.749563
40130610192,560.0,50.36,7.86,49.64,White,Low_poverty,LPW,33.4574181,-112.4441512
40131056012,1833.0,43.15,34.05,46.97,Other,High_poverty,HPO,33.5567146,-112.1212689
40131114012,2857.0,24.43,25.59,74.17,Minority,Low_poverty,LPM,33.4694101,-112.0085554
40130610354,919.0,57.45,4.46,37.54,White,Low_poverty,LPW,33.6160255,-112.3441417
40132168411,1091.0,88.54,2.38,6.23,White,Low_poverty,LPW,33.6901993,-111.898891
40130614012,1367.0,13.75,31.6,83.76,Minority,High_poverty,HPM,33.4322728,-112.3525429
40130923093,2288.0,59.48,35.8,36.19,White,High_poverty,HPW,33.5567162,-112.1645636
40132168452,1144.0,81.91,8.24,5.33,White,Low_poverty,LPW,33.6468118,-111.9157657
40136187002,1204.0,64.95,9.47,31.48,White,Low_poverty,LPW,33.6510469,-112.0956202
40130610414,1104.0,44.75,9.6,53.99,Minority,Low_poverty,LPM,33.5964526,-112.3317883
40136118001,2306.0,82.48,2.69,11.19,White,Low_poverty,LPW,33.7020633,-112.1473341
40130611003,1134.0,43.3,2.13,34.48,Other,Low_poverty,LPO,33.5376703,-112.3481985
40130822052,3940.0,21.12,15.37,74.39,Minority,Low_poverty,LPM,33.4296715,-112.2427036
40131036111,1708.0,73.13,12.65,9.54,White,Low_poverty,LPW,33.6362176,-112.0591785
40131096032,889.0,13.72,26.1,86.28,Minority,Low_poverty,LPM,33.5035455,-112.22371
40138109004,1864.0,63.36,2.68,32.51,White,Low_poverty,LPW,33.3002101,-111.9309306
40132175021,798.0,83.33,3.26,15.66,White,Low_poverty,LPW,33.4894042,-111.9325864
40134201053,1617.0,81.76,8.66,10.27,White,Low_poverty,LPW,33.4423033,-111.6778973
40131044011,2237.0,38.22,15.05,52.22,Minority,Low_poverty,LPM,33.5893468,-112.105337
40131132011,1309.0,21.85,32.1,73.79,Minority,High_poverty,HPM,33.4568786,-112.0518424
40131055012,950.0,32.84,29.47,50.52,Minority,Low_poverty,LPM,33.5572764,-112.1150943
40134210012,1844.0,52.55,13.86,38.99,White,Low_poverty,LPW,33.4295977,-111.8377747
40131032113,1026.0,80.41,6.53,14.72,White,Low_poverty,LPW,33.615456,-111.9912316
40136188001,571.0,52.54,43.61,42.73,White,High_poverty,HPW,33.6443012,-112.0943939
40132168531,1961.0,77.31,8.87,7.29,White,Low_poverty,LPW,33.6136821,-111.8736869
40133195003,1112.0,47.21,39.57,28.15,Other,High_poverty,HPO,33.405961,-111.9131839
40131149002,1568.0,12.05,49.94,73.6,Minority,High_poverty,HPM,33.4329935,-112.0780451
40130820192,1381.0,29.69,1.96,49.38,Other,Low_poverty,LPO,33.4900148,-112.3076808
40131042214,2093.0,64.55,10.58,27.8,White,Low_poverty,LPW,33.5855343,-112.1731111
40136174004,822.0,95.38,5.96,4.62,White,Low_poverty,LPW,33.6489672,-112.2840128
40130608012,1262.0,14.98,19.49,85.03,Minority,Low_poverty,LPM,33.6296372,-112.3269427
40131042261,1012.0,47.83,18.58,39.13,Other,Low_poverty,LPO,33.6367386,-112.1479156
40131033051,1234.0,32.01,27.31,66.45,Minority,Low_poverty,LPM,33.6368618,-112.0286376
40132173002,865.0,97.57,0.0,2.43,White,Low_poverty,LPW,33.4977407,-111.9409337
40131162033,1716.0,49.53,6.24,36.89,Other,Low_poverty,LPO,33.3856605,-112.0214399
40134226443,2433.0,78.87,1.21,12.41,White,Low_poverty,LPW,33.3562077,-111.5929314
40131056011,2156.0,24.17,37.38,74.4,Minority,High_poverty,HPM,33.563947,-112.1212707
40134217021,679.0,77.61,18.11,18.11,White,Low_poverty,LPW,33.4122967,-111.7739235
40138117002,1435.0,56.1,10.02,32.06,White,Low_poverty,LPW,33.3033363,-111.8029795
40133199032,1172.0,75.26,11.77,16.04,White,Low_poverty,LPW,33.3676045,-111.9155107
40131131001,822.0,60.34,15.82,31.63,White,Low_poverty,LPW,33.4550586,-112.0801411
40131032062,1458.0,76.75,4.05,16.19,White,Low_poverty,LPW,33.6067678,-111.9510352
40131032061,1166.0,91.42,2.67,2.57,White,Low_poverty,LPW,33.6000506,-111.953329
40131118002,1180.0,69.75,8.56,16.7,White,Low_poverty,LPW,33.4693887,-112.0782577
40134221042,1979.0,39.62,37.54,46.54,Other,High_poverty,HPO,33.3964461,-111.8761656
40132178004,1451.0,93.94,1.17,6.07,White,Low_poverty,LPW,33.4767335,-111.8960893
40131045021,1827.0,23.75,37.63,74.17,Minority,High_poverty,HPM,33.5779505,-112.0841836
40131167171,1718.0,55.82,16.3,31.84,White,Low_poverty,LPW,33.3236415,-111.9759948
40131056023,2349.0,14.22,44.49,80.5,Minority,High_poverty,HPM,33.5568533,-112.1317673
40131036054,1011.0,82.2,0.59,3.66,White,Low_poverty,LPW,33.6213807,-112.0694385
40133199051,1903.0,76.14,19.34,17.66,White,Low_poverty,LPW,33.3602444,-111.9242366
40134222164,2040.0,40.49,0.39,30.63,Other,Low_poverty,LPO,33.3734422,-111.8465025
40131032143,1397.0,69.15,6.7,6.29,White,Low_poverty,LPW,33.61518,-111.9560962
40131054001,1383.0,72.38,0.0,26.03,White,Low_poverty,LPW,33.5595639,-112.0866313
40131084003,1322.0,50.83,54.7,44.18,White,High_poverty,HPW,33.4985194,-112.0280368
40131073001,1958.0,22.47,20.89,65.06,Minority,Low_poverty,LPM,33.5204711,-112.1059707
40132178001,1877.0,60.31,5.38,25.62,White,Low_poverty,LPW,33.4694609,-111.896155
40136183001,1363.0,90.02,2.64,8.95,White,Low_poverty,LPW,33.6433573,-112.147479
40131036153,2021.0,29.79,42.4,67.84,Minority,High_poverty,HPM,33.5844355,-112.0958587
40131032121,1520.0,92.76,4.58,7.24,White,Low_poverty,LPW,33.6207621,-111.9642024
40131067031,1114.0,57.63,19.06,30.34,White,Low_poverty,LPW,33.5281926,-112.0958958
40136169003,1438.0,62.52,4.87,32.41,White,Low_poverty,LPW,33.6680621,-112.0343384
40131036071,1021.0,74.53,8.03,19.0,White,Low_poverty,LPW,33.6230313,-112.0347363
40130507022,1362.0,26.06,23.64,68.87,Minority,Low_poverty,LPM,33.3667822,-112.5965243
40131035011,1305.0,39.31,34.1,40.61,Other,High_poverty,HPO,33.6225401,-112.02688
40134226241,1223.0,96.16,22.66,3.68,White,Low_poverty,LPW,33.4116105,-111.7220396
40131117001,2542.0,22.58,18.26,67.19,Minority,Low_poverty,LPM,33.4765948,-112.0519933
40131036081,2670.0,48.69,3.75,24.83,Other,Low_poverty,LPO,33.6331644,-112.1069169
40131061002,986.0,58.52,3.04,29.11,White,Low_poverty,LPW,33.5494184,-112.0954302
40130715122,1778.0,50.06,2.81,31.1,White,Low_poverty,LPW,33.6073893,-112.2244928
40131090034,1074.0,7.54,36.87,91.71,Minority,High_poverty,HPM,33.4968209,-112.11068
40136177003,750.0,57.07,8.53,33.73,White,Low_poverty,LPW,33.6419364,-112.2255304
40138110001,1610.0,64.91,0.75,20.5,White,Low_poverty,LPW,33.2970058,-111.9184662
40136189003,858.0,57.23,16.55,42.77,White,Low_poverty,LPW,33.6508804,-112.078382
40134212013,778.0,24.04,28.92,57.58,Minority,Low_poverty,LPM,33.4282247,-111.872216
40131042263,737.0,79.65,12.89,8.68,White,Low_poverty,LPW,33.6279294,-112.1358256
40131098011,2836.0,4.41,25.81,93.51,Minority,Low_poverty,LPM,33.4835081,-112.198518
40138105003,1407.0,67.59,2.08,12.79,White,Low_poverty,LPW,33.3182626,-111.9412461
40135230061,1366.0,67.35,7.76,30.89,White,Low_poverty,LPW,33.3169668,-111.8634341
40138172004,818.0,90.46,0.49,6.97,White,Low_poverty,LPW,33.2244038,-111.6431344
40131041004,1742.0,53.5,22.73,36.51,White,Low_poverty,LPW,33.621645,-112.1287553
40136174001,1196.0,100.0,12.46,0.0,White,Low_poverty,LPW,33.6452311,-112.2942558
40131122022,1506.0,10.96,31.62,85.66,Minority,High_poverty,HPM,33.4715005,-112.1472969
40133198003,540.0,76.48,15.93,14.44,White,Low_poverty,LPW,33.3892301,-111.9372394
40131041001,2023.0,54.18,23.98,25.85,White,Low_poverty,LPW,33.6217149,-112.1203092
40131042191,1830.0,67.27,5.54,20.82,White,Low_poverty,LPW,33.6047337,-112.1584558
40131167024,1232.0,39.37,7.79,47.97,Other,Low_poverty,LPO,33.359463,-112.0694079
40130610223,3013.0,53.27,7.25,37.24,White,Low_poverty,LPW,33.4436948,-112.3836747
40138119002,1297.0,59.75,2.85,13.96,White,Low_poverty,LPW,33.2801026,-111.8638617
40136127001,1180.0,94.24,2.2,3.64,White,Low_poverty,LPW,33.7567685,-111.9757291
40134221051,1716.0,20.4,14.28,73.25,Minority,Low_poverty,LPM,33.3968923,-111.8443248
40134223091,1570.0,79.94,2.49,12.23,White,Low_poverty,LPW,33.3602588,-111.8104803
40131042192,1454.0,67.19,8.35,23.52,White,Low_poverty,LPW,33.5999415,-112.1642685
40131072021,3131.0,14.15,24.56,75.6,Minority,Low_poverty,LPM,33.5203513,-112.1299153
40131126022,2415.0,10.27,40.08,86.17,Minority,High_poverty,HPM,33.4550636,-112.1431151
40130718012,609.0,96.39,5.63,0.0,White,Low_poverty,LPW,33.5961757,-112.2771053
40130927112,1704.0,32.75,22.48,54.23,Minority,Low_poverty,LPM,33.5414818,-112.2247376
40132168134,1307.0,96.02,3.81,1.22,White,Low_poverty,LPW,33.5670462,-111.9069207
40131124013,2051.0,14.97,26.12,85.03,Minority,Low_poverty,LPM,33.475133,-112.1738286
40136127002,1096.0,89.23,8.58,3.74,White,Low_poverty,LPW,33.7624893,-111.9834857
40130927232,1638.0,42.61,6.47,52.93,Minority,Low_poverty,LPM,33.5580812,-112.3024248
40134201051,1750.0,89.83,7.49,8.0,White,Low_poverty,LPW,33.4432691,-111.6703167
40130405314,1277.0,91.7,15.97,8.3,White,Low_poverty,LPW,33.6408921,-112.3620533
40132173003,822.0,76.89,2.55,23.11,White,Low_poverty,LPW,33.5056962,-111.9389734
40134212021,1238.0,70.03,11.63,25.04,White,Low_poverty,LPW,33.4257665,-111.8608258
40134203022,1495.0,82.74,9.43,8.96,White,Low_poverty,LPW,33.4555715,-111.7748185
40131162023,738.0,22.63,1.36,76.42,Minority,Low_poverty,LPM,33.385715,-111.9870395
40131125113,995.0,14.27,33.57,85.73,Minority,High_poverty,HPM,33.4156508,-112.2083807
40138148001,3984.0,60.84,7.52,29.87,White,Low_poverty,LPW,33.3288065,-111.6955812
40134212011,1780.0,61.52,10.79,6.51,White,Low_poverty,LPW,33.4351528,-111.8722479
40131080001,1232.0,87.5,0.0,7.47,White,Low_poverty,LPW,33.4974498,-111.9683272
40130820261,3263.0,44.38,13.51,49.55,Other,Low_poverty,LPO,33.4459145,-112.3164791
40131096031,1366.0,10.25,23.28,88.36,Minority,Low_poverty,LPM,33.5004421,-112.2263507
40131033052,2000.0,37.8,21.57,61.25,Minority,Low_poverty,LPM,33.6369225,-112.0232484
40131042152,712.0,61.52,15.03,18.96,White,Low_poverty,LPW,33.6369635,-112.1986276
40134226152,1821.0,74.46,15.43,21.58,White,Low_poverty,LPW,33.3977992,-111.6116713
40136161001,1100.0,76.73,8.64,16.45,White,Low_poverty,LPW,33.6658447,-112.1660025
40138114003,1789.0,50.98,2.82,38.06,White,Low_poverty,LPW,33.3098007,-111.8109574
40138139003,1788.0,54.03,3.77,25.45,White,Low_poverty,LPW,33.2072839,-111.7965851
40131077004,785.0,86.75,0.0,7.52,White,Low_poverty,LPW,33.5195057,-112.0439151
40131166032,2915.0,34.72,1.41,56.02,Minority,Low_poverty,LPM,33.3858851,-112.1992335
40136155001,1175.0,94.04,2.3,4.51,White,Low_poverty,LPW,33.6574115,-112.2626093
40136176001,1801.0,79.51,11.76,10.11,White,Low_poverty,LPW,33.6420768,-112.2502171
40130820083,1457.0,11.32,34.19,87.71,Minority,High_poverty,HPM,33.5061163,-112.2428063
40132168193,1748.0,94.34,4.06,3.6,White,Low_poverty,LPW,33.6158616,-111.7485178
40130930012,1712.0,25.29,39.31,74.19,Minority,High_poverty,HPM,33.5348157,-112.1535909
40130609043,1205.0,38.92,14.6,57.51,Minority,Low_poverty,LPM,33.5982398,-112.3093249
40130820072,2071.0,14.2,19.41,85.81,Minority,Low_poverty,LPM,33.4978892,-112.2507465
40131123011,1348.0,4.38,52.82,88.79,Minority,High_poverty,HPM,33.4675356,-112.1554687
40138104003,821.0,65.9,8.04,21.07,White,Low_poverty,LPW,33.3137758,-111.9603879
40131050032,2196.0,88.8,2.23,3.23,White,Low_poverty,LPW,33.573736,-111.9550081
40131066001,2238.0,70.15,5.54,27.03,White,Low_poverty,LPW,33.5310702,-112.0780701
40132168312,1981.0,85.92,3.18,6.52,White,Low_poverty,LPW,33.589389,-111.9173151
40133192011,1680.0,29.7,53.45,58.03,Minority,High_poverty,HPM,33.4199646,-111.8958814
40131037021,815.0,56.56,9.81,41.84,White,Low_poverty,LPW,33.5879116,-112.0510762
40134204011,1322.0,41.6,32.3,58.39,Minority,High_poverty,HPM,33.461274,-111.8245509
40131083011,1171.0,73.19,6.83,18.7,White,Low_poverty,LPW,33.512422,-112.0049463
40134213031,2280.0,29.69,27.01,57.76,Minority,Low_poverty,LPM,33.4180456,-111.8755721
40130405312,723.0,92.39,0.0,3.87,White,Low_poverty,LPW,33.6422564,-112.3722281
40131083013,1247.0,70.57,3.69,17.65,White,Low_poverty,LPW,33.5062049,-111.9997405
40131172002,995.0,2.31,34.24,94.57,Minority,High_poverty,HPM,33.4340848,-112.0586525
40130609013,2381.0,38.01,10.75,56.87,Minority,Low_poverty,LPM,33.6149413,-112.3349253
40130610152,812.0,28.82,8.62,69.08,Minority,Low_poverty,LPM,33.4680882,-112.3375436
40130610341,3542.0,61.6,18.21,33.82,White,Low_poverty,LPW,33.619879,-112.3720878
40134207103,1973.0,28.74,32.12,70.4,Minority,High_poverty,HPM,33.4103304,-111.7409744
40132168362,2197.0,78.47,6.83,18.53,White,Low_poverty,LPW,33.5858743,-111.850364
40134226222,2277.0,72.46,8.1,18.93,White,Low_poverty,LPW,33.3731355,-111.6980464
40134226423,1546.0,80.98,3.36,11.77,White,Low_poverty,LPW,33.3681128,-111.6208125
40136137002,1151.0,94.18,3.39,5.13,White,Low_poverty,LPW,33.6708636,-112.2594006
40138164002,1658.0,73.52,10.21,22.86,White,Low_poverty,LPW,33.2141712,-111.7126267
40136142002,2291.0,69.53,5.94,21.0,White,Low_poverty,LPW,33.6757411,-112.1964132
40130820171,2706.0,23.28,13.54,61.82,Minority,Low_poverty,LPM,33.4685615,-112.2637669
40131036073,973.0,78.52,1.64,8.43,White,Low_poverty,LPW,33.6151354,-112.047813
40131125091,2552.0,14.81,12.74,84.29,Minority,Low_poverty,LPM,33.4726333,-112.2335235
40131167101,1653.0,83.91,4.94,9.8,White,Low_poverty,LPW,33.3304661,-112.0069578
40131090031,2095.0,16.13,35.27,79.24,Minority,High_poverty,HPM,33.499671,-112.10631
40131167283,1544.0,82.58,0.78,5.96,White,Low_poverty,LPW,33.3126488,-112.0477295
40131032072,1380.0,86.67,2.75,10.14,White,Low_poverty,LPW,33.6031802,-111.9328057
40134202093,705.0,88.94,11.35,9.64,White,Low_poverty,LPW,33.4264587,-111.7147542
40131042251,1475.0,79.73,5.97,8.34,White,Low_poverty,LPW,33.6360322,-112.155563
40130927151,897.0,29.1,6.91,70.9,Minority,Low_poverty,LPM,33.5200672,-112.2097034
40131110003,1282.0,77.38,1.56,1.95,White,Low_poverty,LPW,33.4840285,-111.9912334
40136144002,1294.0,68.32,4.02,18.62,White,Low_poverty,LPW,33.6747011,-112.1464762
40131050021,1047.0,58.83,0.0,36.49,White,Low_poverty,LPW,33.5227607,-111.9613531
40134226211,1405.0,51.1,1.57,20.93,White,Low_poverty,LPW,33.3761496,-111.714263
40134202111,2351.0,76.27,2.89,15.87,White,Low_poverty,LPW,33.4707662,-111.6928092
40131123021,2175.0,10.07,44.74,88.83,Minority,High_poverty,HPM,33.4769866,-112.1671248
40132168491,999.0,89.89,0.0,1.4,White,Low_poverty,LPW,33.6105034,-111.8458227
40136145002,1340.0,76.72,11.27,10.59,White,Low_poverty,LPW,33.6879497,-112.1297552
40134201121,1067.0,90.16,0.0,9.1,White,Low_poverty,LPW,33.4259181,-111.5935904
40130927052,3023.0,24.41,14.03,62.38,Minority,Low_poverty,LPM,33.5418371,-112.2073847
40132173001,2738.0,76.41,10.15,16.76,White,Low_poverty,LPW,33.5043408,-111.9322637
40131034001,1828.0,63.57,7.9,18.27,White,Low_poverty,LPW,33.6023576,-112.0073366
40130610442,2547.0,65.33,1.65,27.95,White,Low_poverty,LPW,33.5723256,-112.4482479
40136111001,1929.0,67.34,1.0,18.67,White,Low_poverty,LPW,33.7307517,-112.259519
40131090033,1076.0,6.88,69.14,82.53,Minority,High_poverty,HPM,33.5004167,-112.1106334
40130304013,1838.0,81.83,0.0,2.39,White,Low_poverty,LPW,33.8020675,-111.9079816
40131084005,684.0,67.84,9.8,19.88,White,Low_poverty,LPW,33.4986291,-112.0237349
40130612001,1907.0,26.11,25.12,71.95,Minority,Low_poverty,LPM,33.4493348,-112.3374149
40131099002,2846.0,12.09,67.28,86.72,Minority,High_poverty,HPM,33.4931583,-112.180314
40136143003,1050.0,93.33,2.48,4.28,White,Low_poverty,LPW,33.6727894,-112.1832027
40131032104,1165.0,54.68,12.7,45.32,White,Low_poverty,LPW,33.6060796,-111.993732
40131039004,2060.0,68.06,28.33,25.0,White,Low_poverty,LPW,33.6040566,-112.1131237
40131107022,2303.0,36.08,12.07,61.57,Minority,Low_poverty,LPM,33.4830477,-112.0350104
40135228001,981.0,58.41,23.74,18.66,White,Low_poverty,LPW,33.3057429,-111.6550856
40133189002,1116.0,80.73,18.67,14.79,White,Low_poverty,LPW,33.4150578,-111.9541723
40132168492,840.0,80.83,3.69,3.92,White,Low_poverty,LPW,33.5970965,-111.8304303
40136191001,1732.0,39.38,33.26,58.55,Minority,High_poverty,HPM,33.6424679,-112.0633861
40131159002,4147.0,17.1,20.5,77.21,Minority,Low_poverty,LPM,33.3960108,-112.0560808
40131041003,1699.0,54.62,0.0,38.08,White,Low_poverty,LPW,33.6142126,-112.1294554
40133185013,413.0,72.15,9.69,17.92,White,Low_poverty,LPW,33.4558696,-111.9390078
40134226391,904.0,98.23,0.0,0.0,White,Low_poverty,LPW,33.4040546,-111.7054488
40130715171,1244.0,70.74,7.13,22.99,White,Low_poverty,LPW,33.5986685,-112.2510239
40132168092,1176.0,70.92,4.51,6.97,White,Low_poverty,LPW,33.5784938,-111.8270296
40131167193,1955.0,58.01,9.72,26.95,White,Low_poverty,LPW,33.3160515,-111.9845384
40130304023,2052.0,93.03,10.09,2.63,White,Low_poverty,LPW,33.8166673,-111.9609624
40130820222,1936.0,41.17,11.0,38.07,Other,Low_poverty,LPO,33.4608729,-112.3204823
40131051033,1487.0,91.53,7.15,3.22,White,Low_poverty,LPW,33.5244973,-111.9968835
40131167292,1849.0,71.88,10.22,18.6,White,Low_poverty,LPW,33.314098,-112.031837
40130405252,490.0,94.08,6.94,1.84,White,Low_poverty,LPW,33.6633375,-112.4308387
40133194021,1774.0,76.27,7.22,14.09,White,Low_poverty,LPW,33.3893258,-111.9002276
40132168062,1872.0,71.47,5.61,15.06,White,Low_poverty,LPW,33.5420671,-111.9004707
40131167072,1260.0,83.02,3.57,11.58,White,Low_poverty,LPW,33.3538595,-111.991361
40131129001,1027.0,53.94,25.41,40.02,White,Low_poverty,LPW,33.4633986,-112.0911153
40131076011,773.0,70.38,9.18,23.68,White,Low_poverty,LPW,33.5183047,-112.06061
40134222042,1272.0,68.79,11.95,16.66,White,Low_poverty,LPW,33.386359,-111.8693476
40131166121,3268.0,13.19,17.2,78.28,Minority,Low_poverty,LPM,33.3848494,-112.1293265
40138160002,4764.0,64.82,3.16,30.73,White,Low_poverty,LPW,33.263751,-111.7286615
40131167311,1901.0,87.27,3.1,3.95,White,Low_poverty,LPW,33.2970346,-112.1033227
40130932003,2874.0,26.97,20.78,66.18,Minority,Low_poverty,LPM,33.5635243,-112.2072554
40131053003,1573.0,75.59,3.24,20.41,White,Low_poverty,LPW,33.560989,-112.0798849
40130715111,2711.0,60.86,11.4,17.49,White,Low_poverty,LPW,33.6281003,-112.2116579
40131153001,2003.0,6.69,41.74,86.92,Minority,High_poverty,HPM,33.4118346,-112.0386339
40131101001,1540.0,2.99,54.16,81.36,Minority,High_poverty,HPM,33.4914657,-112.1440218
40134201163,1142.0,68.91,17.72,31.08,White,Low_poverty,LPW,33.4187077,-111.5849866
40133189004,1031.0,80.41,21.14,9.21,White,Low_poverty,LPW,33.4143665,-111.9455639
40136101001,630.0,76.03,5.56,15.08,White,Low_poverty,LPW,33.8921677,-112.1072354
40130718011,1943.0,86.62,19.76,10.65,White,Low_poverty,LPW,33.5891082,-112.2685566
40135231034,1720.0,64.19,2.38,27.97,White,Low_poverty,LPW,33.2941319,-111.8687125
40132169011,1231.0,90.25,8.19,8.04,White,Low_poverty,LPW,33.528428,-111.9120731
40131162041,1167.0,31.96,16.07,62.73,Minority,Low_poverty,LPM,33.4011224,-111.9882432
40130405074,1184.0,89.36,9.63,3.29,White,Low_poverty,LPW,33.6487207,-112.3414807
40131051021,530.0,91.7,5.09,8.3,White,Low_poverty,LPW,33.5519314,-112.0118595
40131079001,616.0,86.36,6.33,5.52,White,Low_poverty,LPW,33.512147,-111.9639086
40131042173,1389.0,83.23,13.2,12.38,White,Low_poverty,LPW,33.6143137,-112.1727476
40133200013,2990.0,41.0,26.07,43.42,Other,Low_poverty,LPO,33.3517388,-111.9535091
40130715142,1251.0,78.82,14.35,17.83,White,Low_poverty,LPW,33.6302316,-112.2416616
40136102004,2589.0,94.4,2.63,4.56,White,Low_poverty,LPW,33.85964,-112.1017716
40132168203,1293.0,94.82,1.7,3.4,White,Low_poverty,LPW,33.6220907,-111.7051417
40138145001,1485.0,71.11,4.05,24.17,White,Low_poverty,LPW,33.3253058,-111.75949
40131095003,2112.0,14.68,7.63,79.31,Minority,Low_poverty,LPM,33.5057463,-112.1991137
40131073003,914.0,14.66,33.59,75.49,Minority,High_poverty,HPM,33.513174,-112.1092542
40131060011,1723.0,32.21,36.47,59.72,Minority,High_poverty,HPM,33.5458512,-112.1145949
40131098023,1372.0,12.24,6.49,87.18,Minority,Low_poverty,LPM,33.4821481,-112.1902899
40130719092,995.0,45.73,0.0,36.48,Other,Low_poverty,LPO,33.5693792,-112.2602341
40130610281,3064.0,80.25,10.71,14.59,White,Low_poverty,LPW,33.6344619,-112.3676263
40133197031,2155.0,37.08,17.31,59.21,Minority,Low_poverty,LPM,33.3822917,-111.970025
40131048025,536.0,69.78,3.36,12.69,White,Low_poverty,LPW,33.5845481,-112.0175863
40132177003,997.0,70.51,7.02,24.78,White,Low_poverty,LPW,33.4839907,-111.9045938
40132182003,2256.0,62.37,25.44,27.21,White,Low_poverty,LPW,33.4548894,-111.9221087
40131051013,1602.0,87.27,4.62,12.11,White,Low_poverty,LPW,33.571729,-112.0131968
40130610241,1895.0,51.03,7.41,39.32,White,Low_poverty,LPW,33.413794,-112.3997841
40131161002,1643.0,5.66,18.32,91.97,Minority,Low_poverty,LPM,33.3976377,-112.0222811
40130405242,668.0,91.77,4.64,7.19,White,Low_poverty,LPW,33.6792501,-112.4132171
40136113001,3810.0,67.35,4.25,19.18,White,Low_poverty,LPW,33.7800563,-112.1502101
40130405072,2450.0,98.82,10.84,0.0,White,Low_poverty,LPW,33.6500577,-112.3540513
40132168182,1616.0,85.52,1.42,14.48,White,Low_poverty,LPW,33.581057,-111.719681
40131167133,1184.0,79.65,4.9,18.41,White,Low_poverty,LPW,33.2984431,-112.0020339
40138101004,1660.0,70.78,4.46,19.46,White,Low_poverty,LPW,33.3311143,-111.9021408
40136197001,1505.0,83.52,6.25,11.76,White,Low_poverty,LPW,33.6515831,-111.9817292
40134213041,1054.0,37.67,19.73,24.67,Other,Low_poverty,LPO,33.4126614,-111.8850115
40131090021,1655.0,13.05,53.9,51.12,Minority,High_poverty,HPM,33.5077736,-112.1030883
40131042212,1710.0,61.05,16.74,33.21,White,Low_poverty,LPW,33.5930811,-112.1718326
40136125002,1785.0,95.29,3.87,4.15,White,Low_poverty,LPW,33.7951425,-111.987841
40130506103,1069.0,78.2,8.04,21.61,White,Low_poverty,LPW,33.420147,-112.4891194
40136174002,966.0,88.41,1.76,11.6,White,Low_poverty,LPW,33.652755,-112.3114177
40139413002,834.0,0.0,19.3,17.27,Other,Low_poverty,LPO,33.5231489,-111.7663951
40131042222,1167.0,63.58,11.23,34.11,White,Low_poverty,LPW,33.592637,-112.1987062
40136136001,4523.0,71.7,6.23,15.25,White,Low_poverty,LPW,33.6843822,-112.2656923
40133194032,1237.0,92.16,15.74,3.71,White,Low_poverty,LPW,33.3972396,-111.8972641
40134217023,1187.0,61.75,36.58,31.17,White,High_poverty,HPW,33.4123043,-111.7788867
40138138002,1005.0,95.82,2.39,1.69,White,Low_poverty,LPW,33.2114226,-111.8190655
40138161001,1746.0,94.44,0.46,4.98,White,Low_poverty,LPW,33.2657752,-111.7065599
40133196002,1668.0,76.02,17.99,17.81,White,Low_poverty,LPW,33.3965724,-111.9306078
40131045013,1961.0,22.23,60.79,68.07,Minority,High_poverty,HPM,33.5729551,-112.0873371
40130405192,1362.0,98.24,0.0,0.0,White,Low_poverty,LPW,33.736473,-112.3278633
40133191043,1148.0,39.98,37.98,39.38,Other,High_poverty,HPO,33.4128314,-111.913416
40130931043,1526.0,22.74,27.13,73.2,Minority,Low_poverty,LPM,33.5131957,-112.1841269
40131093001,1792.0,10.94,9.82,87.95,Minority,Low_poverty,LPM,33.5026378,-112.1581376
40131157003,1710.0,10.76,17.72,87.6,Minority,Low_poverty,LPM,33.3959212,-112.0948644
40130101012,2007.0,91.23,7.57,7.97,White,Low_poverty,LPW,33.7405709,-111.7196069
40136141002,1418.0,71.51,9.26,21.79,White,Low_poverty,LPW,33.678306,-112.2164081
40131042051,1657.0,51.84,7.91,38.92,White,Low_poverty,LPW,33.5787537,-112.1417374
40134202072,1137.0,78.8,2.55,16.97,White,Low_poverty,LPW,33.4842419,-111.689263
40130820121,3533.0,22.16,13.98,76.25,Minority,Low_poverty,LPM,33.4970619,-112.2960191
40132172012,1403.0,72.7,7.77,21.6,White,Low_poverty,LPW,33.4944737,-111.9228055
40131048012,1663.0,65.18,8.46,16.48,White,Low_poverty,LPW,33.5789712,-112.038422
40132180003,1215.0,70.78,7.08,17.2,White,Low_poverty,LPW,33.4692963,-111.9391382
40131069001,1693.0,22.09,20.85,76.67,Minority,Low_poverty,LPM,33.5349082,-112.1212502
40130506051,1971.0,46.07,18.57,53.93,Minority,Low_poverty,LPM,33.5530584,-112.7715344
40130610211,2100.0,43.38,1.52,42.29,Other,Low_poverty,LPO,33.4847537,-112.3482516
40131045011,1158.0,39.9,17.53,56.65,Minority,Low_poverty,LPM,33.5699123,-112.0956241
40132168073,1138.0,92.09,9.4,0.0,White,Low_poverty,LPW,33.5585694,-111.8947929
40131063004,1181.0,79.59,4.57,20.41,White,Low_poverty,LPW,33.5418841,-112.0607275
40132178003,1273.0,85.23,15.08,9.43,White,Low_poverty,LPW,33.4767387,-111.9046368
40134226062,2401.0,87.05,6.33,10.87,White,Low_poverty,LPW,33.3600267,-111.712768
40134201151,1095.0,95.07,22.96,1.55,White,Low_poverty,LPW,33.4187165,-111.6114425
40130610094,1635.0,82.26,20.43,9.72,White,Low_poverty,LPW,33.4687135,-112.3794473
40130715151,831.0,56.56,11.18,32.86,White,Low_poverty,LPW,33.6152369,-112.2438502
40134202071,1744.0,89.85,2.01,8.66,White,Low_poverty,LPW,33.49209,-111.6933864
40134201052,2735.0,76.01,5.23,20.77,White,Low_poverty,LPW,33.4451353,-111.6495394
40136198002,1396.0,42.34,7.31,4.3,Other,Low_poverty,LPO,33.6424075,-111.9796563
40130822071,1533.0,17.68,18.0,72.34,Minority,Low_poverty,LPM,33.3960683,-112.293697
40138138001,935.0,91.55,9.3,4.92,White,Low_poverty,LPW,33.2082633,-111.8098887
40130930013,982.0,35.54,23.22,40.84,Other,Low_poverty,LPO,33.5348192,-112.157883
40134225032,2073.0,48.96,33.33,46.11,Other,High_poverty,HPO,33.3898907,-111.7840627
40131048023,1992.0,74.1,0.0,21.84,White,Low_poverty,LPW,33.5855868,-112.0289972
40132171011,783.0,70.75,4.34,14.56,White,Low_poverty,LPW,33.5056868,-111.9033417
40131158011,3063.0,10.41,28.53,87.75,Minority,Low_poverty,LPM,33.4031486,-112.0689695
40136185001,2097.0,70.29,9.86,24.65,White,Low_poverty,LPW,33.6440429,-112.1234965
40131118003,1785.0,76.97,6.78,14.06,White,Low_poverty,LPW,33.4766529,-112.078349
40136107004,1072.0,85.54,0.0,9.42,White,Low_poverty,LPW,33.8642189,-112.0220495
40135230051,2197.0,69.0,5.18,14.75,White,Low_poverty,LPW,33.3250116,-111.8678385
40130822081,1855.0,15.15,25.5,81.4,Minority,Low_poverty,LPM,33.4130287,-112.3361543
40131075003,1166.0,82.59,5.75,14.24,White,Low_poverty,LPW,33.5129454,-112.0781009
40130715091,2273.0,56.31,1.86,18.43,White,Low_poverty,LPW,33.6304361,-112.2285986
40138159001,5759.0,58.38,4.23,23.19,White,Low_poverty,LPW,33.2705865,-111.7601512
40139413001,1979.0,0.0,42.75,23.04,Other,High_poverty,HPO,33.518506,-111.8741383
40131163001,2739.0,12.16,20.76,83.57,Minority,Low_poverty,LPM,33.3895502,-112.0344003
40134226292,956.0,74.69,9.31,22.17,White,Low_poverty,LPW,33.4113179,-111.6007744
40131061003,949.0,58.06,7.71,30.14,White,Low_poverty,LPW,33.5429737,-112.0960991
40130931011,748.0,22.59,31.95,66.98,Minority,High_poverty,HPM,33.5221567,-112.1539821
40130610323,983.0,73.45,3.66,26.55,White,Low_poverty,LPW,33.619941,-112.3980053
40131097032,1627.0,12.48,29.28,84.08,Minority,Low_poverty,LPM,33.4907277,-112.2164005
40130820092,3235.0,14.74,4.45,75.21,Minority,Low_poverty,LPM,33.4833645,-112.2508262
40130925002,1816.0,29.9,39.33,70.1,Minority,High_poverty,HPM,33.5421382,-112.1729923
40134226362,585.0,54.36,29.06,26.33,White,Low_poverty,LPW,33.3826967,-111.7289517
40135229032,1306.0,28.33,23.35,62.56,Minority,Low_poverty,LPM,33.3098367,-111.8349274
40137233031,106.0,20.75,0.0,79.25,Minority,Low_poverty,LPM,33.3384571,-112.3796232
40132169021,2363.0,80.66,6.47,9.35,White,Low_poverty,LPW,33.5316778,-111.8954233
40138122004,1166.0,75.64,10.55,9.01,White,Low_poverty,LPW,33.2728979,-111.862366
40131032103,1844.0,64.48,32.21,10.84,White,High_poverty,HPW,33.6091789,-111.989698
40134213024,407.0,29.73,16.95,59.46,Minority,Low_poverty,LPM,33.4114266,-111.8441269
40133199034,1701.0,54.61,4.94,34.92,White,Low_poverty,LPW,33.3750105,-111.917271
40131167192,892.0,41.7,12.56,24.32,Other,Low_poverty,LPO,33.3125714,-111.9762218
40131061004,1140.0,59.21,6.33,38.51,White,Low_poverty,LPW,33.5413589,-112.0866451
40130923123,908.0,65.64,22.8,34.36,White,Low_poverty,LPW,33.5655935,-112.1927597
40136140001,1477.0,78.81,1.59,17.47,White,Low_poverty,LPW,33.6872498,-112.2072832
40131053002,2449.0,45.77,25.77,53.65,Minority,Low_poverty,LPM,33.5635644,-112.0718475
40131089011,593.0,65.77,25.8,26.14,White,Low_poverty,LPW,33.4968106,-112.0868316
40136158003,1470.0,85.51,0.0,5.92,White,Low_poverty,LPW,33.6552493,-112.2063835
40134224023,1701.0,37.51,21.81,51.44,Minority,Low_poverty,LPM,33.353642,-111.7856871
40132168483,2719.0,90.66,10.89,4.38,White,Low_poverty,LPW,33.5968805,-111.775527
40131133001,1942.0,31.51,45.63,64.16,Minority,High_poverty,HPM,33.46222,-112.0389201
40136167001,2459.0,81.01,4.84,18.09,White,Low_poverty,LPW,33.660256,-112.0697878
40131166102,3935.0,33.9,9.0,55.0,Minority,Low_poverty,LPM,33.3711938,-112.1485436
40130927192,2254.0,25.73,7.81,65.75,Minority,Low_poverty,LPM,33.5120682,-112.280923
40134217022,2812.0,29.2,56.8,69.59,Minority,High_poverty,HPM,33.4111401,-111.7840678
40132182004,2596.0,39.68,9.39,42.18,Other,Low_poverty,LPO,33.4621318,-111.9219509
40131042054,1434.0,48.81,43.38,31.94,Other,High_poverty,HPO,33.5758737,-112.1215978
40130610153,1997.0,49.92,0.0,47.62,Other,Low_poverty,LPO,33.4661253,-112.3323568
40136114003,2183.0,75.63,1.33,15.39,White,Low_poverty,LPW,33.7339748,-112.1994142
40130610452,2607.0,87.07,1.66,11.7,White,Low_poverty,LPW,33.5247034,-112.4582067
40131036151,1394.0,32.42,39.45,65.71,Minority,High_poverty,HPM,33.5929681,-112.080164
40136124001,3172.0,75.85,3.71,16.39,White,Low_poverty,LPW,33.6995963,-112.03282
40131100012,2276.0,6.63,23.73,90.2,Minority,Low_poverty,LPM,33.4838924,-112.156886
40130405152,2191.0,91.92,12.7,5.43,White,Low_poverty,LPW,33.8289882,-112.7214249
40130405023,3128.0,83.15,19.94,2.56,White,Low_poverty,LPW,33.9832505,-112.7507406
40138161002,2032.0,59.79,1.77,35.87,White,Low_poverty,LPW,33.2717157,-111.7039555
40136114001,2726.0,82.87,2.05,2.35,White,Low_poverty,LPW,33.7278767,-112.1925304
40131094003,1922.0,22.74,36.06,55.05,Minority,High_poverty,HPM,33.5015179,-112.1720422
40131048022,1174.0,78.88,5.65,18.23,White,Low_poverty,LPW,33.5937168,-112.0230227
40134205011,1818.0,45.82,13.37,42.63,Other,Low_poverty,LPO,33.4404754,-111.83553
40136142001,1212.0,65.02,4.21,24.42,White,Low_poverty,LPW,33.6904625,-112.1968073
40131155002,2131.0,19.66,25.74,73.86,Minority,Low_poverty,LPM,33.3957269,-112.1422553
40130715131,799.0,69.34,8.51,22.41,White,Low_poverty,LPW,33.6239268,-112.2172567
40133194014,1658.0,73.34,3.98,17.49,White,Low_poverty,LPW,33.3831613,-111.9172816
40134226411,3436.0,73.92,6.75,11.09,White,Low_poverty,LPW,33.3582752,-111.6774309
40131032141,1320.0,88.56,0.0,7.42,White,Low_poverty,LPW,33.6154471,-111.9482555
40130304011,2051.0,97.9,6.47,1.81,White,Low_poverty,LPW,33.8116412,-111.9324432
40130405172,4222.0,63.15,5.05,35.12,White,Low_poverty,LPW,33.6910273,-112.496431
40131084002,900.0,85.44,13.33,14.56,White,Low_poverty,LPW,33.4992581,-112.0170425
40134222095,2674.0,35.79,7.41,56.13,Minority,Low_poverty,LPM,33.3405548,-111.8471073
40130927202,1107.0,41.82,16.54,48.87,Other,Low_poverty,LPO,33.5160213,-112.2463447
40131036051,1872.0,76.5,8.63,14.86,White,Low_poverty,LPW,33.6177229,-112.0918697
40130507012,3211.0,29.21,24.6,66.33,Minority,Low_poverty,LPM,33.3849664,-112.5761516
40136181002,952.0,73.74,1.26,17.02,White,Low_poverty,LPW,33.6508719,-112.164729
40138121003,1828.0,87.25,5.74,6.51,White,Low_poverty,LPW,33.2872563,-111.8156404
40134221022,2131.0,17.03,45.24,77.1,Minority,High_poverty,HPM,33.4030723,-111.8644749
40131045023,1778.0,23.06,17.46,73.28,Minority,Low_poverty,LPM,33.5784771,-112.0954194
40136107003,2724.0,92.99,8.33,4.74,White,Low_poverty,LPW,33.894855,-112.060341
40136145004,1477.0,71.43,9.21,20.92,White,Low_poverty,LPW,33.6952474,-112.1237641
40131105013,684.0,63.01,31.73,30.99,White,High_poverty,HPW,33.4839477,-112.0784378
40136182002,2257.0,58.62,9.17,31.95,White,Low_poverty,LPW,33.6509356,-112.147595
40130822102,2450.0,11.22,8.64,82.73,Minority,Low_poverty,LPM,33.4227,-112.2937759
40132168494,3166.0,95.1,3.73,1.77,White,Low_poverty,LPW,33.6287257,-111.8312693
40131097031,1652.0,10.59,26.13,85.89,Minority,Low_poverty,LPM,33.4835414,-112.2160243
40131169001,2661.0,7.44,42.51,90.46,Minority,High_poverty,HPM,33.4884301,-112.1233353
40134201143,1235.0,40.32,40.4,57.89,Minority,High_poverty,HPM,33.4183257,-111.6387183
40134220011,2323.0,16.7,30.06,78.87,Minority,High_poverty,HPM,33.404271,-111.8273013
40131055032,1958.0,42.08,15.78,38.87,Other,Low_poverty,LPO,33.5553106,-112.1059173
40134202161,1726.0,89.4,4.72,6.14,White,Low_poverty,LPW,33.4424379,-111.7123574
40131142001,994.0,14.29,42.48,79.78,Minority,High_poverty,HPM,33.4405135,-112.0737432
40130610202,1284.0,36.6,0.08,48.28,Other,Low_poverty,LPO,33.4896492,-112.3655138
40134224042,2364.0,66.67,1.9,29.86,White,Low_poverty,LPW,33.3412915,-111.778339
40138106004,1961.0,50.48,0.82,16.42,White,Low_poverty,LPW,33.3168288,-111.9244112
40134225023,3083.0,38.34,3.14,55.21,Minority,Low_poverty,LPM,33.4054254,-111.7835518
40131051011,1000.0,81.9,3.2,5.1,White,Low_poverty,LPW,33.5762493,-112.0030172
40132168461,1926.0,76.32,2.39,8.36,White,Low_poverty,LPW,33.6336627,-111.8582242
40137233081,3295.0,63.92,2.52,32.08,White,Low_poverty,LPW,33.3230204,-112.4525162
40131032203,1148.0,47.13,7.67,13.06,Other,Low_poverty,LPO,33.6208562,-111.936045
40130923051,2121.0,58.84,4.81,34.7,White,Low_poverty,LPW,33.5757793,-112.1930981
40131035024,1231.0,83.43,6.5,9.99,White,Low_poverty,LPW,33.6109459,-112.0285122
40131032093,2212.0,90.37,5.15,5.29,White,Low_poverty,LPW,33.587699,-111.957682
40136103001,6235.0,86.69,4.25,10.36,White,Low_poverty,LPW,33.8535035,-112.1275914
40136156001,661.0,97.13,0.0,2.87,White,Low_poverty,LPW,33.6569385,-112.2510429
40131096022,3222.0,5.77,43.33,90.34,Minority,High_poverty,HPM,33.4978841,-112.2081336
40131098021,2364.0,20.69,22.93,77.03,Minority,Low_poverty,LPM,33.4913812,-112.1907679
40131042062,1625.0,40.37,26.52,52.49,Minority,Low_poverty,LPM,33.5696969,-112.1389758
40135231033,1809.0,32.73,7.96,36.27,Other,Low_poverty,LPO,33.3025412,-111.8635708
40133197062,1185.0,34.18,22.45,24.47,Other,Low_poverty,LPO,33.3801987,-111.9498957
40131042023,1675.0,61.85,8.54,37.37,White,Low_poverty,LPW,33.6143061,-112.1469077
40132168162,2075.0,74.8,1.06,22.07,White,Low_poverty,LPW,33.6113862,-111.8993485
40134226302,1433.0,67.41,11.89,27.36,White,Low_poverty,LPW,33.4060208,-111.6240442
40136150001,3757.0,82.22,1.01,5.69,White,Low_poverty,LPW,33.6821304,-112.0124529
40132168401,2315.0,86.7,5.27,7.22,White,Low_poverty,LPW,33.7059496,-111.9166634
40132168293,1309.0,89.99,2.83,6.88,White,Low_poverty,LPW,33.7883642,-111.819893
40136112001,2603.0,73.07,6.88,10.87,White,Low_poverty,LPW,33.7151556,-112.210695
40138104001,819.0,67.03,2.1,4.51,White,Low_poverty,LPW,33.3236115,-111.9499596
40131050043,1142.0,78.11,0.0,4.2,White,Low_poverty,LPW,33.5456771,-111.9394282
40133199101,3596.0,62.24,4.48,23.22,White,Low_poverty,LPW,33.3418817,-111.9547434
40131166092,3539.0,22.41,5.56,75.28,Minority,Low_poverty,LPM,33.3514602,-112.1770668
40132168291,2132.0,80.16,6.8,18.06,White,Low_poverty,LPW,33.7487402,-111.8552258
40132169012,1791.0,86.54,7.37,2.29,White,Low_poverty,LPW,33.5332703,-111.919665
40131035021,1688.0,69.55,3.97,21.86,White,Low_poverty,LPW,33.6078662,-112.0175751
40131032071,1245.0,83.69,1.3,11.16,White,Low_poverty,LPW,33.6076852,-111.93889
40134226431,2469.0,69.18,1.79,25.44,White,Low_poverty,LPW,33.3574149,-111.6321254
40130405161,1875.0,86.03,7.2,11.31,White,Low_poverty,LPW,33.7037208,-112.7319754
40131167041,1864.0,48.98,9.31,30.58,Other,Low_poverty,LPO,33.3730185,-111.9816653
40136129001,1094.0,85.74,2.65,7.13,White,Low_poverty,LPW,33.7486794,-111.9661163
40131036112,1124.0,91.73,0.98,2.14,White,Low_poverty,LPW,33.6299322,-112.0578287
40130926001,859.0,50.64,55.65,49.36,White,High_poverty,HPW,33.5493767,-112.1905642
40131167321,2104.0,48.48,18.63,49.86,Other,Low_poverty,LPO,33.3540542,-112.1052667
40130609023,820.0,22.32,32.93,77.68,Minority,High_poverty,HPM,33.6121864,-112.3205164
40130506092,1227.0,81.42,3.18,15.89,White,Low_poverty,LPW,33.4405665,-112.5425608
40134202102,1525.0,92.13,11.93,5.18,White,Low_poverty,LPW,33.4482486,-111.6972148
40131032106,870.0,80.34,12.07,10.57,White,Low_poverty,LPW,33.601393,-111.9862704
40134201132,2167.0,53.67,21.4,42.59,White,Low_poverty,LPW,33.41811,-111.6711383
40131035013,780.0,87.31,21.94,7.18,White,Low_poverty,LPW,33.6155415,-112.0173702
40134217012,2087.0,60.37,9.91,35.94,White,Low_poverty,LPW,33.4186899,-111.7790781
40133191012,1345.0,32.79,55.46,31.67,Other,High_poverty,HPO,33.417624,-111.920263
40131167151,1162.0,67.21,3.63,23.24,White,Low_poverty,LPW,33.3567044,-111.9820008
40130715053,1455.0,85.64,7.42,12.17,White,Low_poverty,LPW,33.6187574,-112.2942293
40134212012,2418.0,52.32,12.56,32.3,White,Low_poverty,LPW,33.4256257,-111.8783873
40131070002,2718.0,33.48,24.06,59.6,Minority,Low_poverty,LPM,33.5275793,-112.138569
40138119004,2539.0,60.14,1.22,35.33,White,Low_poverty,LPW,33.2876478,-111.8630589
40130930021,1037.0,5.79,53.81,94.12,Minority,High_poverty,HPM,33.5257731,-112.1663606
40136104003,846.0,87.12,8.39,11.59,White,Low_poverty,LPW,33.847575,-112.1142176
40134224041,2039.0,79.01,2.5,14.52,White,Low_poverty,LPW,33.3446608,-111.7852802
40132168192,2211.0,85.53,2.71,4.57,White,Low_poverty,LPW,33.629449,-111.7224705
40130610252,2100.0,85.81,5.13,12.19,White,Low_poverty,LPW,33.632335,-112.4399975
40131036122,932.0,84.01,2.72,9.66,White,Low_poverty,LPW,33.6291087,-112.0695339
40138148002,5103.0,62.63,1.49,28.87,White,Low_poverty,LPW,33.3286703,-111.7126722
40136190003,1006.0,61.93,24.67,32.81,White,Low_poverty,LPW,33.6512143,-112.059037
40131078002,1448.0,87.29,10.08,11.6,White,Low_poverty,LPW,33.5172978,-112.0214715
40130923091,1541.0,57.3,3.11,37.83,White,Low_poverty,LPW,33.5639192,-112.15595
40138101003,1556.0,73.52,1.3,13.11,White,Low_poverty,LPW,33.3297797,-111.9209922
40131096041,1406.0,8.61,54.27,88.97,Minority,High_poverty,HPM,33.5065629,-112.2143381
40134222031,3486.0,41.59,29.93,45.81,Other,Low_poverty,LPO,33.3860653,-111.8444157
40134222033,1054.0,68.22,19.09,20.21,White,Low_poverty,LPW,33.3809659,-111.8539109
40130405241,765.0,95.56,4.31,3.01,White,Low_poverty,LPW,33.6722401,-112.4205202
40131125142,2458.0,11.47,23.43,78.07,Minority,Low_poverty,LPM,33.4171853,-112.1607794
40130506031,1309.0,74.03,8.99,22.3,White,Low_poverty,LPW,33.5764866,-113.0416254
40131036094,1233.0,30.82,9.08,32.2,Other,Low_poverty,LPO,33.6128904,-112.102057
40131050042,1096.0,90.69,8.39,5.84,White,Low_poverty,LPW,33.5468945,-111.972744
40136135001,2832.0,82.8,2.37,11.02,White,Low_poverty,LPW,33.6853743,-112.283214
40134215011,579.0,71.85,7.25,12.95,White,Low_poverty,LPW,33.4114358,-111.8207406
40134225112,1365.0,74.87,4.91,13.77,White,Low_poverty,LPW,33.346506,-111.7643429
40138108001,2268.0,46.56,5.63,21.43,Other,Low_poverty,LPO,33.3168231,-111.8853974
40134225121,1878.0,65.55,7.19,23.75,White,Low_poverty,LPW,33.3393029,-111.7439714
40131089012,608.0,42.11,13.16,57.07,Minority,Low_poverty,LPM,33.5005986,-112.0862377
40133199041,2600.0,64.04,3.52,28.73,White,Low_poverty,LPW,33.3705672,-111.9071267
40134222182,1578.0,72.56,7.1,22.43,White,Low_poverty,LPW,33.3526793,-111.888748
40131042071,1636.0,76.28,5.09,22.92,White,Low_poverty,LPW,33.6365572,-112.1274961
40130930023,1521.0,23.01,39.18,55.82,Minority,High_poverty,HPM,33.5294943,-112.1582041
40130715031,708.0,91.95,8.19,8.05,White,Low_poverty,LPW,33.6165826,-112.2716202
40131036142,1165.0,76.91,2.15,20.52,White,Low_poverty,LPW,33.6051013,-112.0748474
40134216012,1408.0,39.42,19.97,55.61,Minority,Low_poverty,LPM,33.4188152,-111.8011242
40131167331,260.0,28.85,15.0,44.62,Other,Low_poverty,LPO,33.3404521,-112.0749149
40131167121,2609.0,54.7,5.71,35.41,White,Low_poverty,LPW,33.2992068,-111.979021
40132168372,1788.0,73.04,4.98,11.35,White,Low_poverty,LPW,33.5894003,-111.8417131
40136124003,2978.0,92.61,3.39,1.88,White,Low_poverty,LPW,33.6985094,-112.0427151
40131069004,3705.0,24.24,24.89,71.04,Minority,Low_poverty,LPM,33.5348833,-112.1299504
40131119001,960.0,78.85,4.79,17.5,White,Low_poverty,LPW,33.4763017,-112.087117
40138102002,956.0,71.97,1.05,17.68,White,Low_poverty,LPW,33.3262151,-111.9029884
40131167142,1790.0,59.39,2.68,24.69,White,Low_poverty,LPW,33.2974092,-112.0266263
40138176001,2527.0,70.6,5.11,23.27,White,Low_poverty,LPW,33.311807,-111.6313607
40131061005,1211.0,69.69,23.58,12.47,White,Low_poverty,LPW,33.5403561,-112.0936732
40131081001,2377.0,80.65,4.99,14.47,White,Low_poverty,LPW,33.5033702,-111.9805171
40130719121,1409.0,21.86,3.26,72.82,Minority,Low_poverty,LPM,33.5899453,-112.2585376
40134225141,2898.0,64.73,16.39,28.13,White,Low_poverty,LPW,33.3868491,-111.7424545
40131032091,764.0,86.26,5.89,5.49,White,Low_poverty,LPW,33.5942279,-111.9745924
40130927092,1690.0,38.88,7.44,59.0,Minority,Low_poverty,LPM,33.5604178,-112.2413743
40134207092,796.0,94.97,13.19,2.39,White,Low_poverty,LPW,33.4138219,-111.7581676
40130820081,1744.0,18.41,11.26,81.59,Minority,Low_poverty,LPM,33.4974546,-112.2429663
40132168184,881.0,93.08,0.0,6.92,White,Low_poverty,LPW,33.6058209,-111.7223483
40131036063,1999.0,67.98,19.37,21.01,White,Low_poverty,LPW,33.6368421,-112.0385893
40131166021,4967.0,9.54,39.66,86.06,Minority,High_poverty,HPM,33.3886165,-112.0905313
40132168481,2415.0,70.31,2.61,6.25,White,Low_poverty,LPW,33.5847577,-111.8075743
40131033043,2359.0,16.02,30.62,82.49,Minority,High_poverty,HPM,33.6299302,-112.0177394
40131118001,650.0,63.54,32.31,29.38,White,High_poverty,HPW,33.476746,-112.0693539
40131114021,2104.0,27.95,20.06,69.2,Minority,Low_poverty,LPM,33.4767657,-111.9998648
40130715101,1721.0,73.1,3.44,15.46,White,Low_poverty,LPW,33.607254,-112.2122295
40130610222,3350.0,39.37,8.51,53.97,Minority,Low_poverty,LPM,33.4428112,-112.4010056
40133194012,2173.0,71.56,10.91,25.4,White,Low_poverty,LPW,33.3893128,-111.921598
40131033062,2870.0,31.53,32.88,62.96,Minority,High_poverty,HPM,33.6298237,-112.0221153
40131032164,1154.0,40.81,3.81,19.33,Other,Low_poverty,LPO,33.6382307,-111.972996
40131032082,1556.0,78.66,8.03,14.85,White,Low_poverty,LPW,33.5962305,-111.9845918
40131051022,1639.0,82.73,5.8,9.64,White,Low_poverty,LPW,33.544048,-112.0346365
40131106002,1153.0,23.5,7.98,60.97,Minority,Low_poverty,LPM,33.4929943,-112.0518574
40131167082,868.0,83.41,4.03,10.94,White,Low_poverty,LPW,33.3436524,-111.9772335
40131046003,1140.0,36.32,30.79,53.77,Minority,High_poverty,HPM,33.5722448,-112.0784056
40135231023,1177.0,63.21,11.13,25.49,White,Low_poverty,LPW,33.2952931,-111.8306239
40131032081,1271.0,86.15,8.73,3.15,White,Low_poverty,LPW,33.5863184,-111.9868106
40131032152,1727.0,69.54,16.91,21.66,White,Low_poverty,LPW,33.6297943,-111.9869083
40131032151,1497.0,85.57,4.07,11.83,White,Low_poverty,LPW,33.6369814,-111.9869389
40131072022,2123.0,18.37,45.55,76.49,Minority,High_poverty,HPM,33.5203994,-112.121255
40131070004,2315.0,18.83,39.83,76.97,Minority,High_poverty,HPM,33.5348262,-112.1471505
40131042244,1539.0,61.34,2.93,24.04,White,Low_poverty,LPW,33.5997388,-112.1782763
40131042155,1437.0,80.72,7.38,11.21,White,Low_poverty,LPW,33.6287515,-112.1899992
40130929002,1631.0,15.14,50.03,82.77,Minority,High_poverty,HPM,33.5308821,-112.1820802
40134222123,1046.0,72.94,1.53,22.66,White,Low_poverty,LPW,33.3674824,-111.891901
40131052001,1096.0,79.01,1.82,13.78,White,Low_poverty,LPW,33.5624716,-112.0453584
40131033061,1596.0,19.11,28.16,75.75,Minority,Low_poverty,LPM,33.6298116,-112.0275657
40131080002,1692.0,87.35,7.39,5.2,White,Low_poverty,LPW,33.4956954,-111.9511396
40130719062,2082.0,33.19,9.42,51.77,Minority,Low_poverty,LPM,33.5738542,-112.2415563
40134211011,1281.0,24.36,20.84,60.58,Minority,Low_poverty,LPM,33.4526514,-111.842567
40131154002,964.0,14.73,39.63,85.27,Minority,High_poverty,HPM,33.4130148,-112.0778885
40131034003,1765.0,67.2,5.61,31.84,White,Low_poverty,LPW,33.6048448,-111.9989122
40132168133,699.0,86.27,8.15,11.31,White,Low_poverty,LPW,33.5604162,-111.9040233
40131167123,3340.0,53.53,3.38,31.71,White,Low_poverty,LPW,33.2943493,-111.9887933
40131107021,2002.0,38.86,20.83,53.45,Minority,Low_poverty,LPM,33.4920757,-112.0372708
40131077001,1201.0,86.84,1.08,7.49,White,Low_poverty,LPW,33.5206293,-112.0357646
40131077003,791.0,55.63,3.03,33.38,White,Low_poverty,LPW,33.5129165,-112.045936
40131046002,1239.0,39.79,16.05,59.72,Minority,Low_poverty,LPM,33.571392,-112.0695251
40134225091,2423.0,64.42,11.23,20.26,White,Low_poverty,LPW,33.3547607,-111.7602254
40132180004,1670.0,73.05,9.45,21.68,White,Low_poverty,LPW,33.4765843,-111.9391305
40132182001,2480.0,58.15,1.71,31.53,White,Low_poverty,LPW,33.4632123,-111.9137623
40132177001,2200.0,74.32,10.59,22.95,White,Low_poverty,LPW,33.4875379,-111.8957928
40132170012,832.0,98.44,4.33,0.0,White,Low_poverty,LPW,33.5129791,-111.9241003
40131050022,1979.0,90.96,5.46,6.97,White,Low_poverty,LPW,33.5214049,-111.9384898
40131116011,1937.0,30.87,25.35,64.89,Minority,Low_poverty,LPM,33.4771115,-112.0334673
40134207061,2297.0,78.06,10.0,19.42,White,Low_poverty,LPW,33.4264077,-111.740458
40131122011,1940.0,7.32,9.95,92.42,Minority,Low_poverty,LPM,33.4765097,-112.1397872
40131167281,1263.0,62.47,1.59,11.16,White,Low_poverty,LPW,33.3119642,-112.0584318
40131167211,1568.0,77.3,3.46,14.54,White,Low_poverty,LPW,33.308453,-112.022343
40133194022,2320.0,75.22,13.36,19.7,White,Low_poverty,LPW,33.3821364,-111.9006523
40134222191,1067.0,44.61,19.78,45.27,Other,Low_poverty,LPO,33.3516131,-111.8645506
40131161003,653.0,11.49,8.27,71.37,Minority,Low_poverty,LPM,33.4051102,-112.0255053
40134213022,2488.0,31.59,28.14,52.01,Minority,Low_poverty,LPM,33.4185845,-111.8523971
40135229012,2630.0,47.6,8.33,31.75,Other,Low_poverty,LPO,33.3243144,-111.8328956
40134222032,953.0,43.65,18.68,53.1,Minority,Low_poverty,LPM,33.3882172,-111.8520086
40134214001,332.0,61.14,19.88,30.73,White,Low_poverty,LPW,33.418711,-111.8271787
40131167103,1540.0,75.52,0.0,10.52,White,Low_poverty,LPW,33.3234806,-112.0065616
40131167135,1172.0,54.61,21.76,40.96,White,Low_poverty,LPW,33.3034055,-112.0112628
40133200074,1414.0,48.16,6.44,8.2,Other,Low_poverty,LPO,33.3686455,-111.9505035
40133199061,2355.0,76.9,8.95,13.64,White,Low_poverty,LPW,33.3602732,-111.9027406
40134222132,1468.0,68.8,9.33,27.11,White,Low_poverty,LPW,33.3606764,-111.8902531
40135230062,1458.0,70.92,4.32,11.59,White,Low_poverty,LPW,33.313954,-111.8707738
40134222102,1948.0,70.02,9.6,21.45,White,Low_poverty,LPW,33.3458293,-111.8650487
40134222171,2083.0,63.32,20.5,33.36,White,Low_poverty,LPW,33.3606033,-111.8466846
40134223071,1078.0,62.89,6.68,30.34,White,Low_poverty,LPW,33.371607,-111.8159052
40134223052,1859.0,86.23,0.27,2.26,White,Low_poverty,LPW,33.3443423,-111.8097308
40134206042,2654.0,70.54,5.2,25.36,White,Low_poverty,LPW,33.4407152,-111.7964899
40134208002,664.0,58.73,11.3,36.15,White,Low_poverty,LPW,33.4271201,-111.8022089
40133197041,1935.0,47.13,18.24,39.58,Other,Low_poverty,LPO,33.4141727,-111.970576
40130929001,1672.0,7.42,31.04,90.19,Minority,High_poverty,HPM,33.5316078,-112.1734119
40130719036,679.0,86.01,6.77,6.33,White,Low_poverty,LPW,33.5914762,-112.2052553
40130923083,1729.0,40.2,12.36,53.56,Minority,Low_poverty,LPM,33.5783216,-112.1645362
40133199091,2495.0,74.35,6.37,17.24,White,Low_poverty,LPW,33.3425415,-111.9008883
40131107012,1501.0,33.84,32.79,59.96,Minority,High_poverty,HPM,33.4833045,-112.0433448
40131036152,2575.0,25.63,28.29,67.92,Minority,Low_poverty,LPM,33.5895132,-112.0954337
40130923082,2612.0,37.06,13.01,55.59,Minority,Low_poverty,LPM,33.5783264,-112.1558769
40131064002,1555.0,74.66,4.69,23.22,White,Low_poverty,LPW,33.531409,-112.0455354
40131032142,1684.0,77.43,5.69,10.45,White,Low_poverty,LPW,33.622477,-111.9516615
40130719111,3276.0,58.06,3.42,32.14,White,Low_poverty,LPW,33.5739624,-112.2290099
40136104004,2449.0,83.14,2.45,5.76,White,Low_poverty,LPW,33.8440907,-112.1131959
40136159002,1397.0,67.72,29.99,10.23,White,Low_poverty,LPW,33.66474,-112.1903414
40131167021,2345.0,11.98,22.69,84.9,Minority,Low_poverty,LPM,33.3669276,-112.0695867
40130820172,2015.0,2.63,33.83,92.16,Minority,High_poverty,HPM,33.4758456,-112.2639234
40134226212,1797.0,77.35,8.99,17.31,White,Low_poverty,LPW,33.3683784,-111.716346
40131042242,1769.0,81.68,8.05,10.51,White,Low_poverty,LPW,33.6036694,-112.1746314
40131125042,1928.0,8.87,43.96,89.05,Minority,High_poverty,HPM,33.4791421,-112.1918778
40131125022,997.0,5.52,23.95,94.48,Minority,Low_poverty,LPM,33.4679159,-112.1909114
40131099003,2134.0,8.29,38.58,91.71,Minority,High_poverty,HPM,33.4853419,-112.1822934
40131097021,2023.0,17.1,25.85,82.9,Minority,Low_poverty,LPM,33.4907771,-112.2332312
40131097012,2368.0,10.77,37.58,86.49,Minority,High_poverty,HPM,33.488496,-112.2080536
40131096033,1410.0,7.09,7.23,92.9,Minority,Low_poverty,LPM,33.5071024,-112.2250644
40131163002,2299.0,1.44,14.2,95.6,Minority,Low_poverty,LPM,33.3889372,-112.0430116
40131096011,2652.0,10.29,23.64,86.54,Minority,Low_poverty,LPM,33.5056236,-112.2333163
40134225011,1332.0,77.93,6.31,15.77,White,Low_poverty,LPW,33.4045801,-111.7581176
40134225071,1920.0,70.73,6.3,16.77,White,Low_poverty,LPW,33.3751468,-111.7483844
40134225062,322.0,88.82,0.0,11.18,White,Low_poverty,LPW,33.3756096,-111.7572284
40134226171,1791.0,54.22,28.31,43.49,White,Low_poverty,LPW,33.3670152,-111.6786302
40134225092,898.0,59.35,35.08,30.07,White,High_poverty,HPW,33.3625669,-111.7651695
40134225061,2388.0,77.09,8.0,13.02,White,Low_poverty,LPW,33.3731579,-111.7647973
40134225072,1699.0,65.98,1.6,12.89,White,Low_poverty,LPW,33.3688295,-111.7512557
40131042153,686.0,81.05,7.73,17.2,White,Low_poverty,LPW,33.6355029,-112.1903624
40130719104,2287.0,43.68,11.94,51.99,Minority,Low_poverty,LPM,33.5848584,-112.2331385
40131042142,958.0,72.03,4.18,23.69,White,Low_poverty,LPW,33.6331884,-112.1756447
40130820091,2659.0,13.35,28.51,84.24,Minority,Low_poverty,LPM,33.4906281,-112.2508067
40130820071,2518.0,25.22,22.1,71.84,Minority,Low_poverty,LPM,33.5051463,-112.2507087
40130719094,1641.0,46.68,7.8,44.92,Other,Low_poverty,LPO,33.5696009,-112.2674374
40130718024,875.0,94.17,6.74,1.83,White,Low_poverty,LPW,33.569933,-112.286607
40130718023,828.0,77.66,30.68,17.64,White,High_poverty,HPW,33.5775204,-112.2853599
40130718016,442.0,96.38,12.44,3.62,White,Low_poverty,LPW,33.5842643,-112.2782032
40130716001,2078.0,63.62,29.11,33.49,White,Low_poverty,LPW,33.5992314,-112.3036322
40139407001,123.0,6.5,12.2,0.0,Other,Low_poverty,LPO,32.5696,-112.417556
40130923063,2205.0,68.53,2.95,25.9,White,Low_poverty,LPW,33.5783237,-112.1818346
40131069002,2244.0,30.17,24.29,52.27,Minority,Low_poverty,LPM,33.527636,-112.1212359
40130715064,728.0,95.74,5.91,4.26,White,Low_poverty,LPW,33.6127481,-112.2629256
40130715062,1587.0,83.55,6.18,16.45,White,Low_poverty,LPW,33.6289993,-112.2614064
40130715052,759.0,95.52,3.29,2.64,White,Low_poverty,LPW,33.6296252,-112.2923457
40130715042,946.0,98.31,5.5,0.0,White,Low_poverty,LPW,33.6294009,-112.2828515
40130715033,829.0,93.37,7.48,2.41,White,Low_poverty,LPW,33.6111435,-112.2852619
40130613001,1891.0,32.26,16.08,65.26,Minority,Low_poverty,LPM,33.4414744,-112.3633814
40130612002,959.0,14.6,21.38,83.0,Minority,Low_poverty,LPM,33.4373657,-112.3456083
40130610091,3794.0,38.82,28.62,55.24,Minority,Low_poverty,LPM,33.455767,-112.4181662
40130405061,1924.0,100.0,9.98,0.0,White,Low_poverty,LPW,33.6645044,-112.3497081
40131094004,1936.0,15.34,39.46,84.66,Minority,High_poverty,HPM,33.4968629,-112.1806939
40130927122,2864.0,43.19,0.91,50.32,Minority,Low_poverty,LPM,33.5288449,-112.2283918
40130927121,3237.0,20.54,13.72,73.83,Minority,Low_poverty,LPM,33.5350922,-112.230735
40130405021,291.0,89.0,0.0,11.0,White,Low_poverty,LPW,33.9720038,-112.7132978
40130927081,2197.0,39.83,16.59,46.52,Other,Low_poverty,LPO,33.5590203,-112.2642453
40134221044,772.0,50.39,51.42,29.27,White,High_poverty,HPW,33.4041606,-111.8839129
40134221043,845.0,34.44,17.63,60.47,Minority,Low_poverty,LPM,33.3974439,-111.8803557
40134222094,642.0,68.22,7.32,31.77,White,Low_poverty,LPW,33.3369451,-111.8469054
40134211024,1228.0,40.07,54.01,54.23,Minority,High_poverty,HPM,33.4323119,-111.8422465
40131042035,2014.0,54.12,6.6,39.77,White,Low_poverty,LPW,33.5927224,-112.1470087
40131042031,1578.0,74.52,0.95,16.41,White,Low_poverty,LPW,33.5921636,-112.138281
40131042032,1317.0,68.94,2.93,29.54,White,Low_poverty,LPW,33.5849791,-112.1385197
40130923061,1150.0,54.26,4.78,37.13,White,Low_poverty,LPW,33.5783246,-112.1731886
40131042063,1394.0,53.73,5.95,43.04,White,Low_poverty,LPW,33.5711379,-112.1469977
40131059001,1709.0,44.76,6.79,39.2,Other,Low_poverty,LPO,33.5507363,-112.1264803
40131092003,1061.0,14.61,62.87,71.35,Minority,High_poverty,HPM,33.5010958,-112.1458756
40131124022,1378.0,3.99,5.3,88.03,Minority,Low_poverty,LPM,33.4714971,-112.1733869
40134218012,1937.0,31.6,9.44,61.69,Minority,Low_poverty,LPM,33.3970418,-111.8011376
40134223022,1291.0,57.09,8.65,12.32,White,Low_poverty,LPW,33.3898122,-111.7926018
40134223023,1889.0,54.0,14.93,44.58,White,Low_poverty,LPW,33.3841261,-111.7928315
40134225033,2277.0,49.58,8.52,36.54,Other,Low_poverty,LPO,33.3824141,-111.7762452
40131162032,2555.0,22.04,2.78,47.17,Other,Low_poverty,LPO,33.3853023,-112.0040867
40131162043,1962.0,27.17,39.65,70.99,Minority,High_poverty,HPM,33.3963249,-111.9800552
40133189003,2049.0,55.49,26.35,32.89,White,Low_poverty,LPW,33.4148908,-111.9498635
40133195004,2246.0,54.41,10.91,31.17,White,Low_poverty,LPW,33.3986197,-111.9129765
40130405202,3407.0,79.42,3.73,14.09,White,Low_poverty,LPW,33.7538439,-112.3071857
40134226322,1327.0,91.71,7.72,2.94,White,Low_poverty,LPW,33.4006142,-111.6371634
40131051031,994.0,87.02,4.23,2.42,White,Low_poverty,LPW,33.5506443,-111.9846072
40139410001,3176.0,0.6,36.19,17.6,Other,High_poverty,HPO,33.3033683,-112.2532976
40130719103,798.0,72.18,1.13,19.3,White,Low_poverty,LPW,33.590562,-112.2247292
40131032123,1290.0,87.83,0.86,4.42,White,Low_poverty,LPW,33.6212089,-111.9738427
40131039003,2222.0,56.08,15.12,36.82,White,Low_poverty,LPW,33.6022095,-112.105129
40131167132,1125.0,78.22,0.0,8.54,White,Low_poverty,LPW,33.2933135,-112.0056156
40130405301,1606.0,77.52,8.66,11.52,White,Low_poverty,LPW,33.6470136,-112.3830497
40134201072,2397.0,83.02,3.34,8.84,White,Low_poverty,LPW,33.48718,-111.6587704
40131154001,1092.0,13.64,53.21,85.34,Minority,High_poverty,HPM,33.4151379,-112.0709315
40131126021,2595.0,2.43,39.64,97.22,Minority,High_poverty,HPM,33.4576874,-112.1375764
40131042243,1695.0,73.16,27.72,21.42,White,Low_poverty,LPW,33.6093317,-112.1797773
40134225122,3013.0,72.59,3.15,17.72,White,Low_poverty,LPW,33.3447131,-111.7484498
40134206021,2758.0,62.51,22.92,31.11,White,Low_poverty,LPW,33.426306,-111.7795398
40132168503,1560.0,79.81,1.22,13.07,White,Low_poverty,LPW,33.6265562,-111.8773351
40131122021,1395.0,22.8,32.62,72.26,Minority,High_poverty,HPM,33.467868,-112.1475553
40134202104,1486.0,45.76,12.18,45.02,Other,Low_poverty,LPO,33.4391873,-111.6973537
40130610361,1748.0,59.61,6.12,29.69,White,Low_poverty,LPW,33.5915362,-112.4017704
40132168223,1140.0,99.04,7.54,0.0,White,Low_poverty,LPW,33.7430649,-111.9095798
40138150003,841.0,69.68,0.0,20.69,White,Low_poverty,LPW,33.3181785,-111.762326
40131033031,1891.0,63.41,2.22,32.84,White,Low_poverty,LPW,33.6330611,-112.0004652
40131033021,2782.0,49.14,11.12,49.46,Other,Low_poverty,LPO,33.6224932,-112.0043945
40132171021,1080.0,91.76,3.15,6.39,White,Low_poverty,LPW,33.5061096,-111.8938537
40134225101,972.0,80.04,6.58,8.33,White,Low_poverty,LPW,33.3552481,-111.7511176
40130610392,789.0,65.91,9.76,27.75,White,Low_poverty,LPW,33.5832357,-112.3695884
40131074004,1748.0,15.27,20.0,77.63,Minority,Low_poverty,LPM,33.5113646,-112.0955281
40137233042,2581.0,52.5,8.98,45.1,White,Low_poverty,LPW,33.336587,-112.4867825
40135229033,1423.0,25.23,16.23,74.78,Minority,Low_poverty,LPM,33.3170744,-111.8349708
40132168071,2041.0,81.92,3.38,10.83,White,Low_poverty,LPW,33.5781961,-111.8967071
40130923111,1203.0,51.7,37.74,40.98,White,High_poverty,HPW,33.5656787,-112.1884274
40136156003,1170.0,95.9,15.9,2.65,White,Low_poverty,LPW,33.6629054,-112.2455567
40133184002,2595.0,57.57,23.58,32.26,White,Low_poverty,LPW,33.4311846,-111.9069608
40130924021,1466.0,57.37,9.31,37.32,White,Low_poverty,LPW,33.5500924,-112.1556573
40131062002,1679.0,87.37,0.6,7.8,White,Low_poverty,LPW,33.5455265,-112.0694832
40132168493,1665.0,79.4,3.84,6.43,White,Low_poverty,LPW,33.6205868,-111.809318
40134211022,1529.0,49.25,38.16,42.51,Other,High_poverty,HPO,33.4256991,-111.8436299
40131152002,1126.0,12.7,21.31,87.3,Minority,Low_poverty,LPM,33.4099795,-112.019348
40131032111,1131.0,95.14,4.77,4.86,White,Low_poverty,LPW,33.6227233,-111.9913002
40134226351,1791.0,83.53,9.99,14.57,White,Low_poverty,LPW,33.386626,-111.6390108
40131074002,671.0,65.87,12.82,30.25,White,Low_poverty,LPW,33.513673,-112.0875643
40134222122,1830.0,84.54,12.51,12.51,White,Low_poverty,LPW,33.3676213,-111.8836485
40134222041,1777.0,69.11,18.18,14.35,White,Low_poverty,LPW,33.3852478,-111.8619896
40134211025,1629.0,51.07,25.72,30.08,White,Low_poverty,LPW,33.4312963,-111.8504819
40134226372,1950.0,77.85,6.41,19.59,White,Low_poverty,LPW,33.397144,-111.7140273
40131109012,2156.0,49.21,28.48,43.32,Other,Low_poverty,LPO,33.4841678,-112.0085609
40131167032,2479.0,37.96,1.25,56.07,Minority,Low_poverty,LPM,33.3664188,-112.0553444
40138113002,1576.0,64.34,6.54,16.43,White,Low_poverty,LPW,33.325133,-111.8180973
40135230064,1785.0,42.18,11.82,39.11,Other,Low_poverty,LPO,33.3169435,-111.8730128
40131132031,1950.0,29.28,33.38,66.36,Minority,High_poverty,HPM,33.4602584,-112.0564373
40134203041,1131.0,83.29,4.6,9.46,White,Low_poverty,LPW,33.4696054,-111.7447663
40130928012,1173.0,21.31,39.73,78.69,Minority,High_poverty,HPM,33.5367136,-112.190588
40131073004,2547.0,7.89,26.93,73.38,Minority,Low_poverty,LPM,33.5167832,-112.1145823
40138174001,1468.0,95.1,2.93,2.38,White,Low_poverty,LPW,33.211245,-111.8882002
40132168471,1925.0,98.6,6.65,0.78,White,Low_poverty,LPW,33.6665754,-111.8772511
40131090022,2320.0,4.66,46.34,87.42,Minority,High_poverty,HPM,33.5058416,-112.1093871
40131091011,2085.0,14.34,19.9,84.6,Minority,Low_poverty,LPM,33.5061556,-112.1288123
40131091021,2222.0,7.25,32.11,84.02,Minority,High_poverty,HPM,33.4987785,-112.1322281
40131108021,953.0,53.1,13.01,44.91,White,Low_poverty,LPW,33.4847633,-112.0165288
40131109011,993.0,64.45,3.42,29.91,White,Low_poverty,LPW,33.4915372,-112.0085759
40131115023,1764.0,10.2,30.39,88.21,Minority,High_poverty,HPM,33.4690972,-112.0148963
40131167141,1770.0,72.26,6.95,16.44,White,Low_poverty,LPW,33.2989129,-112.0188464
40131171002,674.0,51.48,4.75,35.76,White,Low_poverty,LPW,33.4993576,-112.0813885
40131173001,829.0,4.46,36.42,95.53,Minority,High_poverty,HPM,33.420063,-112.1144023
40134226174,1683.0,79.03,3.35,20.44,White,Low_poverty,LPW,33.3723605,-111.6753458
40134226182,1324.0,95.47,3.1,4.53,White,Low_poverty,LPW,33.3714959,-111.6656046
40134226221,1457.0,66.09,13.59,27.73,White,Low_poverty,LPW,33.366632,-111.7015248
40134226231,4020.0,74.1,10.5,24.2,White,Low_poverty,LPW,33.3481266,-111.6944952
40134201161,861.0,92.45,5.46,4.99,White,Low_poverty,LPW,33.4187059,-111.5936581
40134202131,1947.0,96.97,8.63,2.11,White,Low_poverty,LPW,33.4191806,-111.7277635
40134202141,840.0,89.88,6.79,7.14,White,Low_poverty,LPW,33.4187845,-111.7044288
40137233083,3969.0,73.62,6.53,23.18,White,Low_poverty,LPW,33.3329535,-112.4187017
40138114004,1029.0,61.52,1.26,25.85,White,Low_poverty,LPW,33.3098642,-111.819573
40138117001,1424.0,57.02,4.78,31.46,White,Low_poverty,LPW,33.2958492,-111.7984561
40138122003,1036.0,60.23,1.33,19.59,White,Low_poverty,LPW,33.269255,-111.8858206
40138123002,2233.0,50.6,2.22,19.97,White,Low_poverty,LPW,33.2728296,-111.8500852
40138125001,2246.0,51.07,2.45,29.88,White,Low_poverty,LPW,33.268879,-111.7843237
40138127001,3983.0,42.1,7.03,21.31,Other,Low_poverty,LPO,33.2560031,-111.8472576
40138127002,1488.0,56.18,6.72,30.78,White,Low_poverty,LPW,33.25152,-111.8562558
40138128001,4632.0,58.38,2.51,18.89,White,Low_poverty,LPW,33.2520335,-111.7864933
40138130001,2377.0,85.82,3.87,7.7,White,Low_poverty,LPW,33.2256759,-111.8498506
40138132002,2246.0,72.75,1.65,14.83,White,Low_poverty,LPW,33.2406776,-111.8196334
40138133001,2397.0,78.39,3.34,7.81,White,Low_poverty,LPW,33.2409301,-111.7970227
40138135002,1394.0,67.65,5.09,24.82,White,Low_poverty,LPW,33.2262088,-111.8152651
40131068021,1318.0,36.57,12.52,58.49,Minority,Low_poverty,LPM,33.5346457,-112.1059317
40131083012,1069.0,82.6,13.19,8.79,White,Low_poverty,LPW,33.5062645,-112.0085648
40131085012,1285.0,54.86,5.91,41.48,White,Low_poverty,LPW,33.5021451,-112.0414366
40138137001,1032.0,95.16,1.74,2.23,White,Low_poverty,LPW,33.2097621,-111.8545164
40138137002,1446.0,97.03,6.98,2.97,White,Low_poverty,LPW,33.2120189,-111.8469118
40138139002,2086.0,62.46,8.33,27.66,White,Low_poverty,LPW,33.2127794,-111.79549
40138140001,1380.0,78.04,8.12,13.91,White,Low_poverty,LPW,33.2118112,-111.7853296
40138141003,1365.0,71.21,2.93,19.42,White,Low_poverty,LPW,33.2149371,-111.758625
40138144002,2264.0,68.29,10.73,22.48,White,Low_poverty,LPW,33.3299332,-111.7839524
40138147002,1435.0,71.78,2.93,18.19,White,Low_poverty,LPW,33.3321569,-111.7297955
40138150002,2181.0,76.43,1.56,18.84,White,Low_poverty,LPW,33.3111098,-111.7607404
40136151002,2842.0,78.36,0.0,5.87,White,Low_poverty,LPW,33.6931034,-111.9763712
40136152001,3512.0,76.37,7.27,13.86,White,Low_poverty,LPW,33.6785364,-111.9410953
40136155002,604.0,98.51,1.32,1.49,White,Low_poverty,LPW,33.6634408,-112.2635409
40136161002,1502.0,78.7,4.73,13.84,White,Low_poverty,LPW,33.6639785,-112.1576393
40136165001,1073.0,78.66,14.6,12.96,White,Low_poverty,LPW,33.6653695,-112.1041323
40138131001,3563.0,54.31,2.36,15.44,White,Low_poverty,LPW,33.2404309,-111.8326323
40138153001,2590.0,66.53,6.25,17.56,White,Low_poverty,LPW,33.2865315,-111.783083
40138154001,3410.0,85.75,5.35,11.35,White,Low_poverty,LPW,33.2828999,-111.7456111
40138155002,1955.0,65.83,7.79,27.21,White,Low_poverty,LPW,33.3032528,-111.7453179
40138156001,2490.0,69.96,0.32,15.27,White,Low_poverty,LPW,33.298222,-111.697863
40138158001,5320.0,68.91,6.16,20.06,White,Low_poverty,LPW,33.2851685,-111.6952782
40136165002,921.0,53.53,24.43,25.63,White,Low_poverty,LPW,33.6613415,-112.1111642
40136169001,1029.0,92.91,9.82,5.34,White,Low_poverty,LPW,33.6629054,-112.040611
40136171001,1456.0,81.52,11.13,11.88,White,Low_poverty,LPW,33.6677248,-112.0080585
40136173001,1807.0,55.73,9.3,5.2,White,Low_poverty,LPW,33.6574246,-111.9852256
40136174003,2486.0,77.15,4.72,19.83,White,Low_poverty,LPW,33.6467747,-112.3030218
40136175002,1260.0,96.03,8.73,3.17,White,Low_poverty,LPW,33.6491045,-112.2711312
40136176003,1005.0,55.12,6.47,43.28,White,Low_poverty,LPW,33.6438582,-112.243508
40136192003,3741.0,43.52,20.77,50.31,Minority,Low_poverty,LPM,33.6439736,-112.0537294
40136198001,1855.0,79.35,6.42,8.51,White,Low_poverty,LPW,33.6456399,-111.98446
40130405183,1474.0,79.31,1.17,10.58,White,Low_poverty,LPW,33.7279271,-112.4256265
40130405191,4658.0,71.55,6.55,19.49,White,Low_poverty,LPW,33.8291364,-112.3645622
40130405221,1845.0,98.1,11.17,1.9,White,Low_poverty,LPW,33.6876333,-112.3749357
40130405223,1037.0,91.03,9.06,3.18,White,Low_poverty,LPW,33.6868222,-112.3634199
40138159002,4754.0,69.81,2.73,10.31,White,Low_poverty,LPW,33.2558068,-111.7553217
40138161003,3023.0,66.19,1.75,19.78,White,Low_poverty,LPW,33.2715232,-111.7129828
40138162002,2972.0,72.44,5.01,24.93,White,Low_poverty,LPW,33.2748588,-111.6946623
40138166001,5675.0,65.89,4.15,20.0,White,Low_poverty,LPW,33.2751553,-111.6800201
40138167001,2174.0,74.75,3.99,21.44,White,Low_poverty,LPW,33.2572261,-111.6776263
40138169002,4444.0,85.06,6.57,11.79,White,Low_poverty,LPW,33.2654081,-111.6368529
40138170001,2006.0,61.22,5.28,36.19,White,Low_poverty,LPW,33.2415303,-111.6649857
40138171001,1049.0,88.47,2.57,6.48,White,Low_poverty,LPW,33.2308225,-111.6058709
40138173001,2009.0,94.52,6.62,3.88,White,Low_poverty,LPW,33.2234615,-111.8760975
40137233041,2619.0,67.47,7.97,28.56,White,Low_poverty,LPW,33.2214078,-112.3848902
40137233071,2022.0,69.63,4.32,20.62,White,Low_poverty,LPW,33.3693212,-112.4319377
40138173002,1736.0,96.54,8.76,3.46,White,Low_poverty,LPW,33.2271969,-111.8868046
40138175002,1589.0,93.9,6.48,0.88,White,Low_poverty,LPW,33.2107935,-111.8626864
40138120001,2951.0,43.34,6.78,42.63,Other,Low_poverty,LPO,33.2802159,-111.8501034
40138120002,2038.0,56.58,5.74,27.72,White,Low_poverty,LPW,33.2876864,-111.8502128
40138165001,2028.0,85.6,9.88,10.5,White,Low_poverty,LPW,33.2158175,-111.6901623
40138172003,1414.0,95.26,1.56,4.1,White,Low_poverty,LPW,33.2160335,-111.6083964
40131065021,1234.0,53.32,16.05,38.98,White,Low_poverty,LPW,33.5291592,-112.0518664
40134201111,1571.0,67.09,19.2,26.03,White,Low_poverty,LPW,33.4332095,-111.6239598
40134201131,1640.0,69.88,15.24,29.63,White,Low_poverty,LPW,33.4195522,-111.6789281
40134201142,1625.0,67.02,20.49,25.48,White,Low_poverty,LPW,33.4191227,-111.6511352
40134202082,2036.0,64.29,27.16,32.37,White,Low_poverty,LPW,33.4286729,-111.7325749
40134202112,1887.0,87.33,2.34,9.75,White,Low_poverty,LPW,33.4779664,-111.6921959
40134202144,1107.0,62.15,18.7,31.44,White,Low_poverty,LPW,33.4192904,-111.6888366
40134204012,1984.0,47.48,25.76,41.69,Other,Low_poverty,LPO,33.4544572,-111.8156829
40134204013,1460.0,25.27,42.95,70.07,Minority,High_poverty,HPM,33.4566085,-111.8353202
40134205041,902.0,57.32,4.77,36.81,White,Low_poverty,LPW,33.4474435,-111.807328
40130405255,697.0,96.84,8.61,3.16,White,Low_poverty,LPW,33.6626808,-112.4210582
40130405261,959.0,97.08,3.65,0.94,White,Low_poverty,LPW,33.6449516,-112.4489144
40130405263,867.0,95.73,10.27,2.31,White,Low_poverty,LPW,33.6454187,-112.438543
40130405272,944.0,97.99,14.62,0.95,White,Low_poverty,LPW,33.6435829,-112.4299456
40130405281,677.0,94.53,4.28,5.47,White,Low_poverty,LPW,33.6445082,-112.4130543
40130405284,796.0,94.47,4.9,3.77,White,Low_poverty,LPW,33.6648738,-112.4031489
40131067032,1237.0,69.6,10.19,22.8,White,Low_poverty,LPW,33.5267209,-112.0882144
40134225103,1434.0,56.07,11.09,43.37,White,Low_poverty,LPW,33.3615873,-111.7525748
40134225142,2897.0,64.41,8.08,33.17,White,Low_poverty,LPW,33.3865051,-111.7507151
40134226172,1447.0,81.76,7.88,8.36,White,Low_poverty,LPW,33.3737848,-111.68369
40134207043,1252.0,79.79,6.31,15.1,White,Low_poverty,LPW,33.4310444,-111.766649
40134207102,1302.0,56.68,27.1,40.94,White,Low_poverty,LPW,33.4132255,-111.7439538
40134211013,1910.0,41.57,10.42,53.61,Minority,Low_poverty,LPM,33.4477557,-111.8475423
40134215013,1725.0,33.74,20.43,63.53,Minority,Low_poverty,LPM,33.4096748,-111.8119429
40134219012,1921.0,26.81,16.29,72.25,Minority,Low_poverty,LPM,33.3969803,-111.8185573
40134221045,2301.0,22.6,21.9,55.37,Minority,Low_poverty,LPM,33.4032586,-111.8780044
40134223041,1636.0,55.62,16.83,33.68,White,Low_poverty,LPW,33.3370497,-111.8287257
40134223054,1004.0,78.39,2.09,9.26,White,Low_poverty,LPW,33.3457133,-111.8155379
40131173002,434.0,8.06,75.81,73.5,Minority,High_poverty,HPM,33.4331259,-112.1036392
40132168311,1117.0,90.06,6.98,3.58,White,Low_poverty,LPW,33.5935562,-111.9388978
40132168341,1251.0,88.97,4.56,3.92,White,Low_poverty,LPW,33.5584487,-111.9197965
40136146001,1437.0,61.52,1.6,24.91,White,Low_poverty,LPW,33.6763475,-112.1290995
40136146005,1364.0,75.15,20.82,19.8,White,Low_poverty,LPW,33.6775058,-112.1180777
40136146006,747.0,55.96,8.17,26.23,White,Low_poverty,LPW,33.6744258,-112.1191407
40136150002,4924.0,74.86,2.32,11.01,White,Low_poverty,LPW,33.6918454,-111.9999156
40132172031,1349.0,73.02,8.9,11.86,White,Low_poverty,LPW,33.504901,-111.9120958
40132172034,702.0,76.64,1.14,5.99,White,Low_poverty,LPW,33.50663,-111.9233812
40132175022,1171.0,71.99,12.13,25.28,White,Low_poverty,LPW,33.483941,-111.9325927
40133191031,2637.0,18.01,60.56,13.61,Other,High_poverty,HPO,33.4202489,-111.9219165
40133191032,947.0,41.92,25.82,46.99,Other,Low_poverty,LPO,33.4164547,-111.9136768
40133197052,869.0,61.91,24.86,28.3,White,Low_poverty,LPW,33.3892891,-111.9497098
40133197063,3075.0,33.24,15.61,56.23,Minority,Low_poverty,LPM,33.3821629,-111.9569115
40134225093,1702.0,79.91,4.64,15.22,White,Low_poverty,LPW,33.3559193,-111.7678223
40134207093,741.0,75.57,12.15,23.07,White,Low_poverty,LPW,33.4101899,-111.7580275
40134210021,1205.0,18.84,43.9,81.16,Minority,High_poverty,HPM,33.4263863,-111.8272625
40134217013,759.0,45.06,34.65,54.94,Minority,High_poverty,HPM,33.4196841,-111.7735813
40134222222,978.0,76.99,2.66,11.86,White,Low_poverty,LPW,33.3675056,-111.8630341
40134226311,2479.0,64.95,8.72,24.81,White,Low_poverty,LPW,33.3927222,-111.6222571
40134226371,1537.0,81.78,10.21,13.34,White,Low_poverty,LPW,33.4042567,-111.7148079
40134226392,2195.0,99.27,6.15,0.73,White,Low_poverty,LPW,33.4005028,-111.6917741
40134226402,1674.0,70.67,14.87,12.06,White,Low_poverty,LPW,33.3756478,-111.6420174
40134226404,809.0,100.0,5.44,0.0,White,Low_poverty,LPW,33.368987,-111.6405512
40134226421,2737.0,79.72,6.21,14.83,White,Low_poverty,LPW,33.3733671,-111.6283738
40134226441,4894.0,60.75,2.21,17.19,White,Low_poverty,LPW,33.3684257,-111.6136682
40134226442,2437.0,96.47,9.4,1.68,White,Low_poverty,LPW,33.3706244,-111.5925143
40136133005,1041.0,89.82,0.0,3.17,White,Low_poverty,LPW,33.7244177,-111.9916294
40136134001,1595.0,85.45,4.58,11.23,White,Low_poverty,LPW,33.6799857,-112.2968702
40136137001,1794.0,76.7,7.65,20.29,White,Low_poverty,LPW,33.6775092,-112.259436
40136139002,1932.0,83.75,4.5,9.16,White,Low_poverty,LPW,33.6757017,-112.2294237
40136144003,1420.0,60.7,30.94,37.54,White,High_poverty,HPW,33.6742021,-112.1388985
40130101011,1791.0,97.77,2.23,1.45,White,Low_poverty,LPW,33.7694934,-111.7709334
40130101022,1487.0,89.31,9.55,0.0,White,Low_poverty,LPW,33.824603,-111.8513961
40130101023,2501.0,99.2,10.52,0.0,White,Low_poverty,LPW,33.9337779,-111.902076
40130304022,1842.0,91.31,15.31,5.37,White,Low_poverty,LPW,33.8448864,-111.9411415
40132168534,854.0,74.71,21.19,25.29,White,Low_poverty,LPW,33.6178898,-111.8753573
40133190003,605.0,77.85,6.61,9.59,White,Low_poverty,LPW,33.4185221,-111.9411822
40132168402,1197.0,87.8,3.51,6.51,White,Low_poverty,LPW,33.719952,-111.9079827
40132168412,2905.0,77.52,1.27,7.3,White,Low_poverty,LPW,33.6931742,-111.9176877
40132168421,1369.0,91.16,4.31,4.24,White,Low_poverty,LPW,33.6798819,-111.9032633
40130830001,3967.0,0.55,12.85,98.82,Minority,Low_poverty,LPM,33.4432156,-112.2639664
40130924013,2515.0,36.9,10.54,62.06,Minority,Low_poverty,LPM,33.5488138,-112.1637055
40136133002,1059.0,90.27,3.07,0.0,White,Low_poverty,LPW,33.709652,-111.9953519
40136184001,1968.0,61.53,41.12,22.1,White,High_poverty,HPW,33.6510217,-112.130127
40136189001,1851.0,81.9,17.18,4.65,White,Low_poverty,LPW,33.6439002,-112.06985
40136195003,2673.0,69.96,18.36,20.01,White,Low_poverty,LPW,33.6441848,-112.0221818
40136100002,2373.0,50.19,0.0,30.72,White,Low_poverty,LPW,33.8212284,-112.1868987
40136102001,416.0,90.87,0.0,4.33,White,Low_poverty,LPW,33.8520437,-112.0873306
40136105001,1647.0,75.11,3.4,22.34,White,Low_poverty,LPW,33.823058,-112.1256434
40136105003,2889.0,87.3,2.25,9.73,White,Low_poverty,LPW,33.8352439,-112.0913825
40136105004,1069.0,100.0,3.65,0.0,White,Low_poverty,LPW,33.8601687,-112.0760192
40136106003,3479.0,73.76,1.41,15.98,White,Low_poverty,LPW,33.8042981,-112.1196148
40136106004,1284.0,80.53,5.37,19.47,White,Low_poverty,LPW,33.8097191,-112.1262085
40130820221,2888.0,35.56,14.39,56.65,Minority,Low_poverty,LPM,33.4704997,-112.3136096
40130820231,1064.0,49.91,10.53,40.04,Other,Low_poverty,LPO,33.4750695,-112.302389
40130820241,1721.0,31.38,13.36,68.62,Minority,Low_poverty,LPM,33.4754581,-112.2812043
40130820242,2812.0,34.64,20.34,51.89,Minority,Low_poverty,LPM,33.4665638,-112.2812121
40130820262,2856.0,31.48,13.57,60.92,Minority,Low_poverty,LPM,33.439365,-112.3138756
40130822032,1877.0,14.44,5.65,76.45,Minority,Low_poverty,LPM,33.4170748,-112.2806931
40138174002,1322.0,94.93,8.85,1.36,White,Low_poverty,LPW,33.2112802,-111.8806477
40136100001,1807.0,96.73,9.7,0.33,White,Low_poverty,LPW,33.9342249,-112.1679433
40130610443,2654.0,58.18,2.6,34.36,White,Low_poverty,LPW,33.5589526,-112.4016176
40131131002,3455.0,61.85,44.46,24.81,White,High_poverty,HPW,33.45503,-112.071442
40135231041,1479.0,71.6,9.94,21.37,White,Low_poverty,LPW,33.3022121,-111.8534864
40136112003,971.0,85.27,0.0,9.27,White,Low_poverty,LPW,33.7038887,-112.2109133
40136118004,1519.0,73.21,3.55,12.64,White,Low_poverty,LPW,33.7094156,-112.1392603
40136128001,2335.0,81.71,11.06,12.85,White,Low_poverty,LPW,33.7467964,-111.9875678
40136138002,2247.0,81.13,0.93,11.21,White,Low_poverty,LPW,33.677557,-112.2460816
40136141001,2393.0,81.15,4.91,10.69,White,Low_poverty,LPW,33.6729383,-112.220894
40136147002,1212.0,52.31,40.1,34.9,White,High_poverty,HPW,33.6768816,-112.1062132
40130611002,589.0,64.18,0.0,20.54,White,Low_poverty,LPW,33.5423274,-112.3510387
40130614022,2079.0,7.84,31.27,92.16,Minority,High_poverty,HPM,33.4270012,-112.3459634
40130614023,2030.0,12.96,31.58,78.96,Minority,High_poverty,HPM,33.4273923,-112.3393587
40130820122,4209.0,22.9,7.48,65.27,Minority,Low_poverty,LPM,33.5041782,-112.3020419
40130610351,2659.0,50.21,3.45,42.3,White,Low_poverty,LPW,33.6199236,-112.3549082
40130610362,2558.0,56.68,1.15,36.51,White,Low_poverty,LPW,33.584734,-112.4018688
40130610382,1064.0,76.5,7.35,20.4,White,Low_poverty,LPW,33.5916118,-112.3803527
40130610393,1666.0,67.65,21.61,28.03,White,Low_poverty,LPW,33.598544,-112.3549051
40130610403,1738.0,47.81,1.96,47.01,Other,Low_poverty,LPO,33.5976681,-112.338868
40130610413,2135.0,35.13,6.89,61.03,Minority,Low_poverty,LPM,33.599451,-112.3267566
40130610421,267.0,93.26,1.87,6.74,White,Low_poverty,LPW,33.5909129,-112.3194282
40130610431,1614.0,42.13,9.29,55.88,Minority,Low_poverty,LPM,33.5931247,-112.3358146
40131125102,1616.0,5.45,29.15,93.5,Minority,Low_poverty,LPM,33.439747,-112.2182069
40131125131,4285.0,13.89,22.75,80.28,Minority,Low_poverty,LPM,33.4291106,-112.1996688
40131125133,2642.0,9.69,15.63,87.51,Minority,Low_poverty,LPM,33.4155317,-112.1996521
40130405142,1272.0,97.09,5.62,2.91,White,Low_poverty,LPW,33.6729374,-112.3431878
40130405151,2463.0,59.03,22.61,36.54,White,Low_poverty,LPW,33.8282171,-113.0881601
40131085022,771.0,80.03,0.0,17.38,White,Low_poverty,LPW,33.50387,-112.0323762
40131094001,1311.0,27.46,33.1,64.76,Minority,High_poverty,HPM,33.5065374,-112.1827117
40131096034,1652.0,19.43,11.32,80.57,Minority,Low_poverty,LPM,33.4965505,-112.2247084
40131097023,1335.0,7.12,3.07,92.88,Minority,Low_poverty,LPM,33.4835251,-112.2300557
40130822072,2154.0,18.9,9.8,80.54,Minority,Low_poverty,LPM,33.3993053,-112.2806826
40130822111,1117.0,21.4,29.25,67.5,Minority,Low_poverty,LPM,33.4284315,-112.3297557
40130830002,2495.0,1.76,31.46,92.62,Minority,High_poverty,HPM,33.4576059,-112.2638675
40130923112,2434.0,36.52,28.04,53.78,Minority,Low_poverty,LPM,33.5584428,-112.1883907
40130822042,4637.0,12.59,16.33,84.41,Minority,Low_poverty,LPM,33.3992658,-112.2628973
40130822061,5036.0,10.37,5.94,86.83,Minority,Low_poverty,LPM,33.4030611,-112.2496483
40131032191,1132.0,78.98,5.01,10.6,White,Low_poverty,LPW,33.6293665,-111.9317564
40131036074,1260.0,82.62,4.29,16.04,White,Low_poverty,LPW,33.6211349,-112.0387722
40131037023,1173.0,69.82,6.91,22.59,White,Low_poverty,LPW,33.5965587,-112.0559415
40131050041,1411.0,72.01,4.54,11.91,White,Low_poverty,LPW,33.5521565,-111.9613298
40130923122,2146.0,68.41,27.49,28.76,White,Low_poverty,LPW,33.5582662,-112.1989342
40130927212,1469.0,44.11,2.73,39.01,Other,Low_poverty,LPO,33.5477839,-112.2456923
40130928014,953.0,8.5,39.66,88.98,Minority,High_poverty,HPM,33.5365746,-112.199032
40130932001,855.0,43.51,21.87,39.3,Other,Low_poverty,LPO,33.5563085,-112.2073577
40131124023,1611.0,7.01,27.31,92.8,Minority,Low_poverty,LPM,33.4678878,-112.1734536
40131125055,1444.0,4.85,23.68,68.01,Minority,Low_poverty,LPM,33.4642229,-112.1992473
40131125101,3379.0,14.59,12.13,74.34,Minority,Low_poverty,LPM,33.4300366,-112.2297635
40138105002,989.0,47.12,18.1,36.1,Other,Low_poverty,LPO,33.3086691,-111.9385482
40138106003,1705.0,64.57,5.28,16.01,White,Low_poverty,LPW,33.3095143,-111.9199271
40138107002,2207.0,52.88,10.63,32.31,White,Low_poverty,LPW,33.3110878,-111.8997007
40138110002,1288.0,79.5,3.72,10.33,White,Low_poverty,LPW,33.3026903,-111.9237018
40138115001,2606.0,56.18,2.31,24.86,White,Low_poverty,LPW,33.3100347,-111.7983415
40138116003,778.0,61.83,0.0,32.52,White,Low_poverty,LPW,33.3029662,-111.8114623
40130610203,1282.0,42.98,24.41,37.75,Other,Low_poverty,LPO,33.4819798,-112.3658082
40130610221,3865.0,51.64,6.83,42.56,White,Low_poverty,LPW,33.4429158,-112.4181311
40130610234,3095.0,48.14,2.99,47.47,Other,Low_poverty,LPO,33.4281908,-112.3967123
40130610262,2393.0,71.0,15.44,22.11,White,Low_poverty,LPW,33.6316249,-112.4139254
40130610271,1159.0,63.33,0.0,35.29,White,Low_poverty,LPW,33.6357522,-112.4055988
40130610275,405.0,73.09,3.95,7.9,White,Low_poverty,LPW,33.6272765,-112.3961025
40130610292,1090.0,68.62,9.36,25.41,White,Low_poverty,LPW,33.6266103,-112.3546116
40130610294,1098.0,74.41,15.71,21.95,White,Low_poverty,LPW,33.6265096,-112.3461087
40130610303,3370.0,68.07,1.16,28.54,White,Low_poverty,LPW,33.6162951,-112.4324134
40131056021,1825.0,39.67,43.66,58.68,Minority,High_poverty,HPM,33.5565274,-112.1275187
40131057022,1734.0,29.01,13.21,63.09,Minority,Low_poverty,LPM,33.5567049,-112.1385801
40131066002,1860.0,84.25,9.03,10.97,White,Low_poverty,LPW,33.5310306,-112.0693696
40130610342,1280.0,39.53,0.88,41.26,Other,Low_poverty,LPO,33.6125967,-112.3724601
40131060031,2676.0,23.62,19.66,70.36,Minority,Low_poverty,LPM,33.5418093,-112.1026181
40130507023,1664.0,41.29,16.83,57.21,Minority,Low_poverty,LPM,33.3693877,-112.5684635
40130820282,3370.0,12.49,21.48,80.3,Minority,Low_poverty,LPM,33.4689627,-112.2502876
40130924011,1495.0,35.45,24.35,61.07,Minority,Low_poverty,LPM,33.5512655,-112.1666383
40130927162,749.0,45.13,26.57,39.25,Other,Low_poverty,LPO,33.5126936,-112.2173176
40130927181,1642.0,32.64,41.29,66.57,Minority,High_poverty,HPM,33.5271642,-112.2161331
40130927231,2199.0,55.84,16.64,33.47,White,Low_poverty,LPW,33.5584197,-112.2938499
40133192013,724.0,32.46,17.13,52.21,Minority,Low_poverty,LPM,33.4164831,-111.896109
40133194034,1151.0,68.46,10.21,29.8,White,Low_poverty,LPW,33.4053117,-111.8988716
40133198005,1358.0,52.21,14.95,35.86,White,Low_poverty,LPW,33.3829178,-111.9319575
40133200024,1910.0,0.73,23.3,67.91,Minority,Low_poverty,LPM,33.3681708,-111.9605636
40134201042,3060.0,69.25,11.68,26.44,White,Low_poverty,LPW,33.4305931,-111.6661114
40134201081,1758.0,80.94,11.83,15.24,White,Low_poverty,LPW,33.479578,-111.6405672
40134201092,1977.0,89.43,1.89,7.89,White,Low_poverty,LPW,33.4572241,-111.6475607
40130405132,1731.0,98.44,3.06,1.04,White,Low_poverty,LPW,33.6779862,-112.3706776
40130405182,1619.0,67.39,2.22,32.62,White,Low_poverty,LPW,33.7603594,-112.4442062
40131032201,1168.0,84.25,2.05,2.91,White,Low_poverty,LPW,33.6159259,-111.9376324
40131042021,1577.0,75.33,12.68,15.98,White,Low_poverty,LPW,33.6142746,-112.1382257
40131042211,1489.0,76.16,1.75,14.85,White,Low_poverty,LPW,33.5855289,-112.1817599
40131044012,947.0,45.51,6.44,54.38,Minority,Low_poverty,LPM,33.5882284,-112.1131079
40131047022,1521.0,45.69,38.53,50.23,Minority,High_poverty,HPM,33.5694448,-112.0557045
40131047024,539.0,80.89,22.82,17.44,White,Low_poverty,LPW,33.5798256,-112.050096
40136123001,3291.0,55.48,11.22,13.31,White,Low_poverty,LPW,33.7087409,-112.0800788
40130608013,1388.0,15.35,42.0,84.65,Minority,High_poverty,HPM,33.6351043,-112.3359792
40130608022,1825.0,30.3,13.25,63.89,Minority,Low_poverty,LPM,33.6167373,-112.3105801
40130609031,1043.0,19.27,10.64,75.94,Minority,Low_poverty,LPM,33.6053912,-112.3229734
40130609041,695.0,1.73,36.66,98.27,Minority,High_poverty,HPM,33.6053165,-112.3105491
40130610093,3979.0,81.58,4.37,10.93,White,Low_poverty,LPW,33.4702421,-112.4096339
40130610112,4934.0,49.17,5.63,38.45,Other,Low_poverty,LPO,33.5148586,-112.3324415
40130610123,1402.0,49.5,5.28,47.15,Other,Low_poverty,LPO,33.4683704,-112.3458128
40134213042,2183.0,36.88,34.31,46.86,Other,High_poverty,HPO,33.4110535,-111.8714098
40131043011,2151.0,61.6,10.36,37.65,White,Low_poverty,LPW,33.593592,-112.1289347
40131043022,2114.0,52.65,20.67,43.56,White,Low_poverty,LPW,33.5896579,-112.1208241
40130610151,2764.0,51.34,3.76,45.91,White,Low_poverty,LPW,33.4751989,-112.3347279
40130610182,1212.0,94.39,3.8,3.31,White,Low_poverty,LPW,33.4835075,-112.3916745
40131167293,1022.0,82.88,5.87,16.24,White,Low_poverty,LPW,33.3185089,-112.0186406
40131167322,1852.0,23.43,23.6,58.64,Minority,Low_poverty,LPM,33.3575623,-112.0831848
40132168185,1815.0,95.65,2.64,2.04,White,Low_poverty,LPW,33.5998613,-111.7239797
40132168202,2029.0,82.41,8.86,7.0,White,Low_poverty,LPW,33.6209237,-111.7126795
40132168214,1051.0,100.0,0.0,0.0,White,Low_poverty,LPW,33.5953055,-111.7413564
40130928021,2938.0,7.11,32.64,87.03,Minority,High_poverty,HPM,33.5291564,-112.1990474
40130928023,974.0,24.23,47.84,67.87,Minority,High_poverty,HPM,33.5268025,-112.1881916
40130930011,3002.0,20.02,18.85,77.21,Minority,Low_poverty,LPM,33.5340422,-112.1664625
40130931044,374.0,2.14,28.34,97.87,Minority,Low_poverty,LPM,33.5158664,-112.1712744
40130931061,1538.0,28.8,14.95,69.18,Minority,Low_poverty,LPM,33.5130303,-112.1990919
40130927203,1394.0,32.86,1.22,42.4,Other,Low_poverty,LPO,33.5239721,-112.2819701
40136124002,2011.0,62.75,1.62,27.8,White,Low_poverty,LPW,33.7557625,-112.0292045
40136129002,1675.0,82.03,1.61,11.88,White,Low_poverty,LPW,33.7469744,-111.974554
40136130001,3142.0,87.14,4.17,6.3,White,Low_poverty,LPW,33.7788462,-111.9490643
40136130002,2251.0,88.85,3.69,6.22,White,Low_poverty,LPW,33.7751214,-111.9684362
40136131003,1044.0,82.85,3.2,10.34,White,Low_poverty,LPW,33.780523,-111.9301042
40136132003,1430.0,80.77,2.87,13.71,White,Low_poverty,LPW,33.7629297,-111.9476194
40130719132,2151.0,53.74,43.51,44.77,White,High_poverty,HPW,33.5836757,-112.2435262
40130719151,766.0,64.1,5.95,32.63,White,Low_poverty,LPW,33.5707722,-112.205075
40130719152,1014.0,50.79,9.57,45.76,White,Low_poverty,LPW,33.570719,-112.2094194
40130820191,1475.0,40.88,4.0,58.71,Minority,Low_poverty,LPM,33.4887385,-112.29622
40130820201,2005.0,55.81,8.23,41.65,White,Low_poverty,LPW,33.4831193,-112.2953873
40130923052,2304.0,57.07,28.54,42.4,White,Low_poverty,LPW,33.571088,-112.1988085
40136108001,5472.0,75.09,1.96,16.6,White,Low_poverty,LPW,33.7754306,-112.2443648
40136109002,6606.0,72.28,0.9,12.58,White,Low_poverty,LPW,33.7215586,-112.2760302
40136111002,1828.0,79.21,7.99,16.08,White,Low_poverty,LPW,33.7173778,-112.2464915
40136112002,2751.0,76.84,0.84,15.3,White,Low_poverty,LPW,33.7209786,-112.2131738
40136114002,1510.0,95.63,6.82,4.37,White,Low_poverty,LPW,33.7185445,-112.2004857
40136115002,3171.0,75.37,3.41,6.12,White,Low_poverty,LPW,33.7249196,-112.1740775
40136117001,1981.0,70.62,13.71,7.12,White,Low_poverty,LPW,33.7040336,-112.1950497
40136119001,1569.0,75.97,1.19,17.65,White,Low_poverty,LPW,33.7210634,-112.1327758
40136122001,5975.0,73.17,2.02,11.43,White,Low_poverty,LPW,33.7525851,-112.090298
40136104002,850.0,66.71,4.59,31.41,White,Low_poverty,LPW,33.8463931,-112.0960547
40130506072,1151.0,64.73,5.97,32.84,White,Low_poverty,LPW,33.4253887,-112.6051371
40130506074,1943.0,24.29,10.27,56.67,Minority,Low_poverty,LPM,33.4095808,-112.5993784
40130506083,2357.0,45.74,12.46,40.52,Other,Low_poverty,LPO,33.4247275,-112.5487687
40130506093,1682.0,34.01,15.46,62.31,Minority,Low_poverty,LPM,33.4386927,-112.5310982
40130506102,3666.0,33.82,13.8,64.3,Minority,Low_poverty,LPM,33.4286477,-112.522394
40131108013,1710.0,39.18,18.6,45.84,Other,Low_poverty,LPO,33.4915282,-112.0151124
40131135012,2422.0,22.71,34.02,75.92,Minority,High_poverty,HPM,33.4641748,-112.0210577
40131168001,1211.0,13.38,66.56,78.94,Minority,High_poverty,HPM,33.458521,-112.1087067
40131168002,1583.0,53.32,11.56,44.22,White,Low_poverty,LPW,33.4732449,-112.1084986
40133201001,1346.0,78.16,13.89,18.28,White,Low_poverty,LPW,33.4430397,-111.9454052
40130405286,1286.0,95.33,4.67,2.41,White,Low_poverty,LPW,33.6486252,-112.3905869
40130506042,1405.0,60.36,12.74,38.86,White,Low_poverty,LPW,33.3460558,-112.7519205
40130506053,5502.0,67.7,2.56,27.81,White,Low_poverty,LPW,33.5419142,-112.5780922
40134226251,2431.0,50.02,19.2,47.06,White,Low_poverty,LPW,33.4124113,-111.7112526
40134226253,374.0,71.12,20.7,25.94,White,Low_poverty,LPW,33.4121462,-111.6897396
40134226282,3150.0,51.87,25.83,42.07,White,Low_poverty,LPW,33.4114748,-111.6240305
40134226331,2966.0,74.01,10.35,20.09,White,Low_poverty,LPW,33.3861685,-111.6765606
40131043021,1748.0,43.71,28.32,46.11,Other,Low_poverty,LPO,33.5860434,-112.1193848
40131065022,1151.0,71.59,5.3,26.41,White,Low_poverty,LPW,33.5346052,-112.0518723
40134226462,1572.0,61.77,3.94,37.09,White,Low_poverty,LPW,33.3461988,-111.5880828
40134201101,3216.0,76.37,3.51,18.87,White,Low_poverty,LPW,33.4571948,-111.6039437
40130405293,444.0,100.0,2.25,0.0,White,Low_poverty,LPW,33.6577583,-112.3798859
40130405313,411.0,87.1,8.76,9.49,White,Low_poverty,LPW,33.6524587,-112.3741355
40130405311,1191.0,77.25,12.17,13.1,White,Low_poverty,LPW,33.6482455,-112.3685879
40136166003,1357.0,85.78,6.93,13.04,White,Low_poverty,LPW,33.6654141,-112.0872551
40136168002,1228.0,66.86,2.04,16.94,White,Low_poverty,LPW,33.6656017,-112.0528146
40136170003,1199.0,74.73,7.34,11.93,White,Low_poverty,LPW,33.6738133,-112.0230485
40136174005,1593.0,96.17,8.65,3.01,White,Low_poverty,LPW,33.6411886,-112.2810847
40136176002,1802.0,84.24,0.68,12.04,White,Low_poverty,LPW,33.6490971,-112.2507284
40136177001,1765.0,64.31,20.4,9.63,White,Low_poverty,LPW,33.6454764,-112.2337155
40136178002,1827.0,83.2,5.86,12.53,White,Low_poverty,LPW,33.6462239,-112.2123054
40136182001,1886.0,61.66,19.78,30.17,White,Low_poverty,LPW,33.6510282,-112.138889
40130715172,705.0,80.14,3.97,16.46,White,Low_poverty,LPW,33.5982013,-112.2412953
40130719122,495.0,44.44,2.22,55.56,Minority,Low_poverty,LPM,33.5851054,-112.2628008
40130405302,2182.0,50.23,16.91,43.54,White,Low_poverty,LPW,33.6418643,-112.3844115
40131166031,4671.0,36.5,13.89,55.3,Minority,Low_poverty,LPM,33.3834224,-112.217892
40131166052,5505.0,18.51,17.16,69.86,Minority,Low_poverty,LPM,33.3847921,-112.1554609
40131166063,2138.0,14.03,19.83,74.09,Minority,Low_poverty,LPM,33.384877,-112.1380338
40131166082,1484.0,20.82,6.2,74.4,Minority,Low_poverty,LPM,33.3671923,-112.2025579
40131166101,2112.0,35.89,4.96,59.37,Minority,Low_poverty,LPM,33.3665578,-112.1604708
40131166111,1783.0,36.29,0.51,47.67,Other,Low_poverty,LPO,33.358248,-112.1596762
40131166123,1929.0,40.69,3.99,54.69,Minority,Low_poverty,LPM,33.3631767,-112.1261841
40131166133,2953.0,28.75,1.48,51.3,Minority,Low_poverty,LPM,33.3694034,-112.1039986
40131167282,1850.0,81.3,2.01,12.38,White,Low_poverty,LPW,33.3102584,-112.0707493
40136154002,1994.0,96.54,6.28,3.46,White,Low_poverty,LPW,33.6599901,-112.2850509
40136157001,1430.0,80.07,4.27,18.04,White,Low_poverty,LPW,33.6609998,-112.2285382
40136159001,1328.0,78.61,10.54,15.96,White,Low_poverty,LPW,33.6608544,-112.1991975
40136160001,1234.0,69.29,2.59,14.83,White,Low_poverty,LPW,33.6585619,-112.1770838
40136162001,1993.0,68.94,2.06,29.2,White,Low_poverty,LPW,33.6581628,-112.1647453
40136164002,811.0,85.57,1.97,11.47,White,Low_poverty,LPW,33.656988,-112.1182481
40130405181,1857.0,93.97,8.76,1.94,White,Low_poverty,LPW,33.8868599,-112.5539066
40130506071,1088.0,48.16,33.4,51.84,Minority,High_poverty,HPM,33.38035,-112.6347976
40130506111,4323.0,35.62,10.54,58.83,Minority,Low_poverty,LPM,33.4049657,-112.5460025
40130610161,7929.0,53.07,5.18,31.51,White,Low_poverty,LPW,33.5009527,-112.4355232
40132168301,1809.0,71.03,16.2,21.89,White,Low_poverty,LPW,33.5785588,-111.9348194
40132168331,1774.0,82.47,3.33,4.06,White,Low_poverty,LPW,33.5707968,-111.8642396
40132168371,1709.0,75.48,5.62,17.26,White,Low_poverty,LPW,33.5934249,-111.8368815
40132168392,1515.0,83.43,1.25,8.58,White,Low_poverty,LPW,33.6075025,-111.8608558
40131136021,2115.0,7.9,44.03,89.22,Minority,High_poverty,HPM,33.4562817,-112.009615
40132168433,1939.0,94.95,3.46,3.92,White,Low_poverty,LPW,33.7171489,-111.8410095
40131089024,925.0,42.27,37.62,52.86,Minority,High_poverty,HPM,33.503939,-112.0873751
40131098012,2158.0,4.54,27.11,95.09,Minority,Low_poverty,LPM,33.4902774,-112.1995885
40132168441,2057.0,77.25,3.89,6.47,White,Low_poverty,LPW,33.6631827,-111.8978535
40132168451,1021.0,71.69,12.93,17.05,White,Low_poverty,LPW,33.6427783,-111.8986732
40132168462,2205.0,73.38,13.06,8.88,White,Low_poverty,LPW,33.634237,-111.8749329
40132168482,1647.0,93.02,3.04,5.95,White,Low_poverty,LPW,33.5943917,-111.7981359
40132168502,2432.0,68.87,6.33,12.17,White,Low_poverty,LPW,33.6242712,-111.8862346
40132168513,1227.0,97.8,0.0,2.2,White,Low_poverty,LPW,33.6785966,-111.8750672
40132168514,977.0,88.33,1.94,4.91,White,Low_poverty,LPW,33.7026632,-111.8605279
40136188004,898.0,68.49,17.04,29.29,White,Low_poverty,LPW,33.6419848,-112.0900553
40136193001,1508.0,87.73,15.85,9.75,White,Low_poverty,LPW,33.6513325,-112.0439312
40136198003,1480.0,67.3,0.0,19.8,White,Low_poverty,LPW,33.6438535,-111.9918427
40136199003,1738.0,82.11,0.98,15.07,White,Low_poverty,LPW,33.643764,-111.9529869
40138100001,2949.0,62.36,10.89,16.45,White,Low_poverty,LPW,33.3292784,-111.9583649
40138104004,2413.0,56.03,6.66,23.62,White,Low_poverty,LPW,33.3121429,-111.9519518
40131166041,2404.0,31.91,21.09,53.16,Minority,Low_poverty,LPM,33.3849613,-112.1802908
40132183002,1313.0,72.12,11.42,25.97,White,Low_poverty,LPW,33.4620358,-111.9019386
40131163003,2159.0,22.79,21.25,73.22,Minority,Low_poverty,LPM,33.3816469,-112.0385041
40130610441,3968.0,56.25,0.96,39.24,White,Low_poverty,LPW,33.5738237,-112.4608339
40131071012,3211.0,13.58,30.24,80.1,Minority,High_poverty,HPM,33.5203441,-112.1385429
40134205042,2751.0,70.3,1.82,22.25,White,Low_poverty,LPW,33.4404011,-111.811931
40136100004,1983.0,68.03,7.5,24.31,White,Low_poverty,LPW,33.8639063,-112.1572541
40130506073,2028.0,28.99,19.92,53.35,Minority,Low_poverty,LPM,33.4170416,-112.6094361
40136133001,2507.0,88.55,10.25,2.92,White,Low_poverty,LPW,33.7240914,-111.9483997
40136143001,880.0,72.05,7.5,15.69,White,Low_poverty,LPW,33.6918675,-112.1616595
40135230031,2501.0,63.29,10.86,30.59,White,Low_poverty,LPW,33.3317456,-111.853868
40130610131,2953.0,47.1,3.45,33.63,Other,Low_poverty,LPO,33.5010132,-112.3206661
40132169022,1889.0,82.69,5.22,11.91,White,Low_poverty,LPW,33.5291197,-111.9064632
40138127003,1073.0,80.15,2.42,9.88,White,Low_poverty,LPW,33.2498858,-111.8607325
40131032171,1303.0,78.36,1.3,4.14,White,Low_poverty,LPW,33.6375824,-111.9498392
40131166022,3162.0,3.73,33.87,86.37,Minority,High_poverty,HPM,33.3813456,-112.0905365
40130927131,2571.0,35.12,11.12,55.35,Minority,Low_poverty,LPM,33.5141542,-112.2317533
40134226281,322.0,83.85,12.73,14.29,White,Low_poverty,LPW,33.4108497,-111.6089356
40132168263,1042.0,86.28,5.25,10.75,White,Low_poverty,LPW,33.5863512,-111.877414
40131104003,1517.0,45.35,21.09,53.59,Minority,Low_poverty,LPM,33.4841592,-112.0956455
40134203031,2632.0,67.33,11.63,28.27,White,Low_poverty,LPW,33.4556636,-111.7621448
40133200072,1739.0,40.14,22.02,51.12,Minority,Low_poverty,LPM,33.3751709,-111.9489455
40130931013,985.0,13.6,0.0,68.02,Minority,Low_poverty,LPM,33.520311,-112.164351
40130716002,1865.0,31.37,15.44,55.71,Minority,Low_poverty,LPM,33.5873868,-112.3014392
40131033042,813.0,27.06,29.77,69.38,Minority,Low_poverty,LPM,33.6316987,-112.0145031
40136176004,1052.0,82.79,25.29,2.57,White,Low_poverty,LPW,33.6490748,-112.2390313
40131148001,1729.0,12.9,45.11,83.05,Minority,High_poverty,HPM,33.4199018,-112.0951865
40131116023,2461.0,9.26,42.38,87.85,Minority,High_poverty,HPM,33.4752197,-112.0432885
40131045022,2279.0,28.21,29.77,66.08,Minority,Low_poverty,LPM,33.5782296,-112.0886977
40130610343,2601.0,58.52,3.54,21.49,White,Low_poverty,LPW,33.619689,-112.3637575
40138117003,1579.0,67.13,7.6,24.83,White,Low_poverty,LPW,33.3028533,-111.7940393
40134226291,2147.0,79.65,11.92,14.95,White,Low_poverty,LPW,33.411459,-111.5893436
40133190001,3647.0,66.08,71.19,20.34,White,High_poverty,HPW,33.4128903,-111.9344256
40131047021,1034.0,36.17,44.58,63.83,Minority,High_poverty,HPM,33.5763705,-112.0524656
40130715162,833.0,93.64,13.57,3.96,White,Low_poverty,LPW,33.6019781,-112.2668433
40134224012,604.0,62.09,5.63,31.95,White,Low_poverty,LPW,33.3535828,-111.793988
40134203021,1141.0,77.21,4.41,16.56,White,Low_poverty,LPW,33.4553549,-111.7832521
40131052002,1653.0,52.45,11.31,25.17,White,Low_poverty,LPW,33.556912,-112.0629649
40133201002,2063.0,71.16,30.73,19.24,White,High_poverty,HPW,33.4436718,-111.9283815
40131042232,1376.0,63.3,7.28,23.91,White,Low_poverty,LPW,33.6042021,-112.1961922
40136152003,1064.0,75.0,0.0,4.23,White,Low_poverty,LPW,33.6868833,-111.9716846
40134223053,1702.0,71.74,3.53,18.04,White,Low_poverty,LPW,33.3380202,-111.8181437
40136102002,2489.0,97.03,6.07,2.66,White,Low_poverty,LPW,33.868607,-112.1126217
40133187002,1836.0,58.06,54.38,17.05,White,High_poverty,HPW,33.4271114,-111.9378794
40134204022,2952.0,76.93,0.27,10.13,White,Low_poverty,LPW,33.4757463,-111.7688572
40130610191,2815.0,35.06,5.28,58.61,Minority,Low_poverty,LPM,33.404764,-112.4178746
40131051012,1779.0,82.12,4.89,14.67,White,Low_poverty,LPW,33.5735606,-111.9837614
40130405185,721.0,81.97,6.38,18.03,White,Low_poverty,LPW,33.7126897,-112.3772682
40131062001,1690.0,78.82,6.33,10.94,White,Low_poverty,LPW,33.5455962,-112.0781694
40131109022,2832.0,47.88,29.45,46.96,Other,Low_poverty,LPO,33.4888392,-111.9984497
40130610111,2997.0,28.03,29.36,61.66,Minority,Low_poverty,LPM,33.5326284,-112.3282847
40131042061,1357.0,66.91,28.92,24.76,White,Low_poverty,LPW,33.5755033,-112.1422598
40130923072,1204.0,37.79,38.37,38.95,Other,High_poverty,HPO,33.5637104,-112.1840848
40131167312,1288.0,77.8,0.0,8.77,White,Low_poverty,LPW,33.2949825,-112.0924956
40132179002,825.0,72.0,2.18,22.06,White,Low_poverty,LPW,33.4767049,-111.9218562
40132176001,998.0,82.06,16.13,11.32,White,Low_poverty,LPW,33.4921627,-111.9147856
40132168161,2526.0,91.73,4.75,5.27,White,Low_poverty,LPW,33.6180786,-111.9187858
40131089023,1472.0,37.09,52.33,55.57,Minority,High_poverty,HPM,33.5073304,-112.0866257
40131106004,1504.0,76.53,8.05,6.85,White,Low_poverty,LPW,33.4845825,-112.059724
40134223074,1175.0,56.0,24.03,34.64,White,Low_poverty,LPW,33.3717662,-111.8372809
40131167043,3523.0,41.33,7.31,53.88,Minority,Low_poverty,LPM,33.3685337,-112.0411188
40132168511,651.0,92.32,0.0,5.38,White,Low_poverty,LPW,33.6697276,-111.8262324
40134207051,1698.0,88.22,5.06,9.66,White,Low_poverty,LPW,33.4445688,-111.7448226
40134201091,2897.0,82.33,3.73,9.22,White,Low_poverty,LPW,33.459875,-111.6699405
40138163003,1525.0,93.97,5.25,2.23,White,Low_poverty,LPW,33.2555267,-111.6946421
40131113001,1056.0,42.61,16.19,42.8,Other,Low_poverty,LPO,33.4728335,-111.9847886
40136146003,817.0,59.49,0.24,38.31,White,Low_poverty,LPW,33.6732983,-112.1244528
40134202162,2593.0,73.81,8.33,21.87,White,Low_poverty,LPW,33.4482568,-111.7058563
40131055011,1659.0,26.22,41.59,65.58,Minority,High_poverty,HPM,33.5615597,-112.1117057
40131035025,1336.0,62.28,7.86,30.31,White,Low_poverty,LPW,33.5998225,-112.025438
40131054002,1617.0,60.42,18.18,36.55,White,Low_poverty,LPW,33.5643383,-112.0942588
40131158022,1548.0,12.92,15.57,85.34,Minority,Low_poverty,LPM,33.3958488,-112.0775936
40131032193,940.0,87.13,2.66,9.36,White,Low_poverty,LPW,33.6365122,-111.9348388
40131096012,1090.0,16.79,27.25,81.56,Minority,Low_poverty,LPM,33.4958264,-112.2332811
40131117002,1444.0,38.57,12.81,58.73,Minority,Low_poverty,LPM,33.4693651,-112.0520271
40131089021,889.0,41.62,17.66,44.21,Other,Low_poverty,LPO,33.5073077,-112.095928
40131140001,1968.0,45.12,18.19,45.73,Other,Low_poverty,LPO,33.4478787,-112.0563819
40131063001,1068.0,49.63,6.88,34.36,Other,Low_poverty,LPO,33.5499894,-112.0526068
40131042271,1384.0,61.63,17.77,26.66,White,Low_poverty,LPW,33.5877542,-112.165721
40138142001,1281.0,72.37,3.2,15.46,White,Low_poverty,LPW,33.3322863,-111.8176975
40130507021,1953.0,43.11,18.23,53.55,Minority,Low_poverty,LPM,33.3746105,-112.590118
40131161001,2014.0,3.82,26.42,89.62,Minority,Low_poverty,LPM,33.403336,-112.016902
40134226063,4951.0,71.62,7.61,15.43,White,Low_poverty,LPW,33.3456353,-111.7130574
40131152003,1084.0,14.67,21.22,66.33,Minority,Low_poverty,LPM,33.4158506,-111.9982927
40136180003,961.0,82.41,8.53,12.17,White,Low_poverty,LPW,33.6429336,-112.1821115
40131119003,902.0,67.74,21.84,16.63,White,Low_poverty,LPW,33.4695315,-112.0974462
40133195001,1920.0,71.93,20.0,20.88,White,Low_poverty,LPW,33.400044,-111.9194052
40139412001,1053.0,3.04,20.65,16.71,Other,Low_poverty,LPO,33.6461625,-111.6598954
40131036072,1312.0,76.6,15.72,17.99,White,Low_poverty,LPW,33.6143132,-112.0394085
40130506032,4011.0,64.35,13.99,31.52,White,Low_poverty,LPW,33.4607955,-113.0690991
40132168212,1875.0,87.09,5.55,12.0,White,Low_poverty,LPW,33.5739412,-111.7429939
40130506101,7808.0,36.13,4.06,59.72,Minority,Low_poverty,LPM,33.4482791,-112.4930887
40130719101,1232.0,44.4,6.74,32.95,Other,Low_poverty,LPO,33.5937621,-112.2296604
40130932002,324.0,17.28,0.0,82.72,Minority,Low_poverty,LPM,33.5595556,-112.2247283
40135230022,2222.0,35.28,33.44,56.48,Minority,High_poverty,HPM,33.3169881,-111.8547284
40130506061,3032.0,56.99,1.12,38.09,White,Low_poverty,LPW,33.5089345,-112.4919502
40138165002,2136.0,80.62,1.97,18.07,White,Low_poverty,LPW,33.2270774,-111.696411
40130719131,2326.0,60.4,4.63,31.99,White,Low_poverty,LPW,33.5909975,-112.2439325
40131032092,652.0,85.28,4.6,0.0,White,Low_poverty,LPW,33.5851602,-111.9748692
40137233051,1740.0,22.93,43.56,67.3,Minority,High_poverty,HPM,32.9421671,-112.7180621
40131042122,1534.0,48.24,0.0,47.78,Other,Low_poverty,LPO,33.6010607,-112.1378267
40131135011,2402.0,6.87,39.52,84.31,Minority,High_poverty,HPM,33.4601791,-112.0219788
40131167194,1911.0,60.65,6.23,20.35,White,Low_poverty,LPW,33.3108628,-111.9922461
40130931053,1326.0,24.51,47.96,70.14,Minority,High_poverty,HPM,33.5204955,-112.1884037
40134201041,2827.0,74.46,18.57,24.12,White,Low_poverty,LPW,33.4294221,-111.6415127
40130923094,899.0,34.82,3.45,61.07,Minority,Low_poverty,LPM,33.5567147,-112.1559122
40131132012,1365.0,7.4,51.82,84.25,Minority,High_poverty,HPM,33.4532891,-112.0521205
40131032105,640.0,78.13,11.56,18.91,White,Low_poverty,LPW,33.6050406,-111.9892674
40131075001,1093.0,77.95,1.28,22.05,White,Low_poverty,LPW,33.5128883,-112.0693709
40138113001,1469.0,65.15,5.92,19.12,White,Low_poverty,LPW,33.3233091,-111.8124208
40131136011,2921.0,23.76,16.78,55.12,Minority,Low_poverty,LPM,33.4620494,-111.9990272
40131166081,3428.0,26.2,34.13,66.39,Minority,High_poverty,HPM,33.3740314,-112.2134746
40138150001,947.0,69.9,2.64,24.5,White,Low_poverty,LPW,33.313792,-111.7695208
40130608014,1391.0,90.8,11.81,6.11,White,Low_poverty,LPW,33.6351944,-112.3196754
40131049002,1350.0,87.56,11.92,12.0,White,Low_poverty,LPW,33.5862991,-112.0000818
40131063003,1243.0,63.8,23.65,33.31,White,Low_poverty,LPW,33.54843,-112.0622852
40138134001,1375.0,64.58,9.89,17.96,White,Low_poverty,LPW,33.2233126,-111.8334303
40138103003,2603.0,64.43,1.51,14.44,White,Low_poverty,LPW,33.3319441,-111.8858488
40130820281,1301.0,20.98,15.53,75.95,Minority,Low_poverty,LPM,33.4685255,-112.2416771
40131086023,890.0,64.94,10.22,24.27,White,Low_poverty,LPW,33.5046868,-112.0622874
40134222212,960.0,69.58,2.81,19.06,White,Low_poverty,LPW,33.3664291,-111.872218
40132172041,952.0,86.45,4.41,8.3,White,Low_poverty,LPW,33.4996849,-111.9110889
40131042264,1396.0,67.77,3.85,17.62,White,Low_poverty,LPW,33.6295664,-112.1441225
40132168061,1596.0,85.46,8.96,6.2,White,Low_poverty,LPW,33.5471211,-111.8968987
40131042072,1442.0,68.31,1.18,18.93,White,Low_poverty,LPW,33.6312423,-112.1229551
40130820271,1484.0,34.7,19.41,60.98,Minority,Low_poverty,LPM,33.4554474,-112.2892327
40130715153,1815.0,78.13,1.69,16.2,White,Low_poverty,LPW,33.6184517,-112.2500518
40134223021,1663.0,50.15,7.54,46.84,White,Low_poverty,LPW,33.3859819,-111.8014111
40138145002,959.0,67.47,2.61,13.24,White,Low_poverty,LPW,33.3321434,-111.770365
40130719105,1823.0,55.73,11.08,37.41,White,Low_poverty,LPW,33.5849097,-112.2246184
40131071021,1434.0,9.62,51.12,88.01,Minority,High_poverty,HPM,33.5113732,-112.1469404
40130405171,4331.0,82.22,13.72,10.46,White,Low_poverty,LPW,33.7565722,-112.5578347
40131127001,2391.0,5.48,34.0,94.52,Minority,High_poverty,HPM,33.4598777,-112.1253555
40131118004,969.0,68.01,12.9,29.72,White,Low_poverty,LPW,33.4694957,-112.0695127
40131167203,1539.0,51.85,6.82,32.56,White,Low_poverty,LPW,33.3132836,-112.0006193
40136109001,2447.0,78.95,7.11,13.36,White,Low_poverty,LPW,33.70158,-112.2551593
40131036082,1743.0,62.08,19.25,32.93,White,Low_poverty,LPW,33.6298797,-112.1127866
40130719031,1075.0,51.72,3.81,47.62,White,Low_poverty,LPW,33.5832691,-112.2159078
40131167291,1232.0,74.11,0.0,13.39,White,Low_poverty,LPW,33.3074935,-112.0352582
40134209022,2083.0,65.72,19.83,29.95,White,Low_poverty,LPW,33.4261754,-111.8184314
40134222121,1558.0,82.99,8.92,13.93,White,Low_poverty,LPW,33.3756915,-111.8845255
40131125021,3707.0,6.82,22.09,89.97,Minority,Low_poverty,LPM,33.4695053,-112.1992196
40131167253,1273.0,79.65,2.2,12.96,White,Low_poverty,LPW,33.3014398,-112.0448253
40131036043,1300.0,66.38,5.54,24.84,White,Low_poverty,LPW,33.6375037,-112.0732772
40138164003,3745.0,62.56,1.01,28.62,White,Low_poverty,LPW,33.2410005,-111.7118839
40138107003,2447.0,48.14,9.08,44.75,Other,Low_poverty,LPO,33.3104664,-111.9072506
40131152001,900.0,40.67,14.25,55.0,Minority,Low_poverty,LPM,33.4094651,-111.9810597
40130820022,1944.0,34.98,13.31,58.38,Minority,Low_poverty,LPM,33.4986266,-112.2764579
40134218023,899.0,35.6,22.8,62.51,Minority,Low_poverty,LPM,33.4060941,-111.8000201
40131060032,1531.0,41.61,15.16,46.5,Other,Low_poverty,LPO,33.5425922,-112.1086291
40131096021,1260.0,18.57,23.89,80.48,Minority,Low_poverty,LPM,33.503144,-112.2172022
40131129004,1587.0,13.48,33.96,75.43,Minority,High_poverty,HPM,33.4562004,-112.0958543
40132174002,691.0,77.57,2.75,20.12,White,Low_poverty,LPW,33.4764299,-111.9565738
40131034002,1135.0,57.62,3.79,28.81,White,Low_poverty,LPW,33.6095793,-112.0034352
40130405282,978.0,96.73,1.53,3.27,White,Low_poverty,LPW,33.6507057,-112.4110365
40134224022,1264.0,55.14,2.37,35.13,White,Low_poverty,LPW,33.3536904,-111.7774217
40131110002,726.0,82.51,5.92,13.77,White,Low_poverty,LPW,33.4906111,-111.9904766
40132168211,1028.0,90.76,1.46,0.0,White,Low_poverty,LPW,33.5863257,-111.7554031
40130506075,2062.0,46.7,6.07,41.9,Other,Low_poverty,LPO,33.3956516,-112.6037947
40130507011,3315.0,54.33,16.42,42.72,White,Low_poverty,LPW,33.3855276,-112.6020029
40131078001,769.0,97.4,0.0,2.6,White,Low_poverty,LPW,33.5259577,-112.0198253
40130405064,1486.0,95.69,6.73,3.16,White,Low_poverty,LPW,33.6453339,-112.3320253
40132171022,1846.0,80.88,11.65,10.89,White,Low_poverty,LPW,33.4984977,-111.8959748
40132170011,619.0,90.63,6.3,2.1,White,Low_poverty,LPW,33.5129236,-111.9152075
40132168072,1966.0,97.66,1.68,2.34,White,Low_poverty,LPW,33.5696501,-111.8960094
40134219011,2023.0,20.81,31.93,75.73,Minority,High_poverty,HPM,33.3969835,-111.8097963
40134223073,1125.0,59.11,2.52,32.36,White,Low_poverty,LPW,33.3713707,-111.8286216
40131036052,2281.0,84.22,2.63,11.22,White,Low_poverty,LPW,33.6166417,-112.0797986
40131036113,2412.0,83.0,0.67,15.67,White,Low_poverty,LPW,33.6207028,-112.0554289
40132168352,1042.0,81.09,3.07,7.2,White,Low_poverty,LPW,33.5483288,-111.9199353
40130923074,1306.0,39.51,9.94,57.04,Minority,Low_poverty,LPM,33.5639193,-112.1732785
40130715044,1096.0,100.0,0.0,0.0,White,Low_poverty,LPW,33.6200928,-112.279911
40130715032,782.0,96.29,1.92,0.0,White,Low_poverty,LPW,33.6155005,-112.2831084
40130405024,1264.0,91.77,7.52,5.62,White,Low_poverty,LPW,33.9602113,-112.7527446
40134222201,948.0,79.22,2.44,4.75,White,Low_poverty,LPW,33.3541403,-111.8481834
40134225081,1165.0,80.94,0.94,18.37,White,Low_poverty,LPW,33.3754187,-111.7806555
40130719035,614.0,69.54,1.63,30.46,White,Low_poverty,LPW,33.5924581,-112.2094803
40130925001,1537.0,46.19,7.22,52.38,Minority,Low_poverty,LPM,33.5494222,-112.1731048
40131167042,3673.0,31.75,5.87,61.26,Minority,Low_poverty,LPM,33.3736162,-112.0187253
40131035012,955.0,81.78,3.87,11.41,White,Low_poverty,LPW,33.6226063,-112.0183945
40134221071,2827.0,37.0,12.17,48.78,Other,Low_poverty,LPO,33.398716,-111.8615142
40134214002,670.0,22.99,26.27,55.37,Minority,Low_poverty,LPM,33.4114539,-111.8272226
40134206041,2108.0,80.08,3.6,14.84,White,Low_poverty,LPW,33.447399,-111.794554
40134222202,1060.0,79.91,20.09,17.73,White,Low_poverty,LPW,33.3521674,-111.8539245
40134215021,1905.0,49.76,8.36,50.13,Minority,Low_poverty,LPM,33.4187676,-111.809689
40131157001,3303.0,9.05,29.09,89.53,Minority,Low_poverty,LPM,33.3994638,-112.0862416
40131095001,2840.0,17.15,28.31,72.15,Minority,Low_poverty,LPM,33.5058557,-112.1907172
40131162021,1792.0,18.08,8.26,77.96,Minority,Low_poverty,LPM,33.3897154,-111.9897236
40133195002,1128.0,73.32,2.57,18.8,White,Low_poverty,LPW,33.4003299,-111.9241059
40134211021,1481.0,65.77,17.62,23.97,White,Low_poverty,LPW,33.4359439,-111.8500615
40131042034,1315.0,54.37,7.71,35.13,White,Low_poverty,LPW,33.5864535,-112.1465637
40131069003,919.0,59.96,15.45,38.42,White,Low_poverty,LPW,33.5276041,-112.1299155
40134225034,1072.0,39.55,0.0,53.92,Minority,Low_poverty,LPM,33.3828982,-111.7846515
40134223051,710.0,84.51,3.94,6.62,White,Low_poverty,LPW,33.3464483,-111.8187123
40134225102,680.0,97.79,6.76,2.21,White,Low_poverty,LPW,33.3575453,-111.7429889
40130820101,2524.0,16.52,25.12,79.16,Minority,Low_poverty,LPM,33.4916043,-112.2420613
40130718014,842.0,87.77,6.29,12.23,White,Low_poverty,LPW,33.5841085,-112.2859062
40131126011,1570.0,4.2,56.37,95.41,Minority,High_poverty,HPM,33.4647077,-112.1481577
40131098022,2158.0,7.51,24.3,92.45,Minority,Low_poverty,LPM,33.4856684,-112.1910853
40132168391,1384.0,89.31,0.65,0.8,White,Low_poverty,LPW,33.6084879,-111.8692188
40130926002,1311.0,22.58,69.41,77.42,Minority,High_poverty,HPM,33.5452777,-112.1986614
40136105002,1666.0,87.21,2.22,5.46,White,Low_poverty,LPW,33.815096,-112.0816485
40131099001,2936.0,3.2,38.69,95.71,Minority,High_poverty,HPM,33.4824678,-112.1734402
40139413004,3049.0,1.84,40.01,12.53,Other,High_poverty,HPO,33.4969438,-111.8437221
40132168213,2395.0,95.74,5.8,2.55,White,Low_poverty,LPW,33.6048079,-111.7377439
40132168532,1179.0,84.22,1.87,12.81,White,Low_poverty,LPW,33.617997,-111.8694765
40134226201,1887.0,69.26,14.68,19.77,White,Low_poverty,LPW,33.3725864,-111.7342087
40131115024,1058.0,29.49,42.06,65.78,Minority,High_poverty,HPM,33.4703371,-112.0188673
40130610183,986.0,95.44,5.27,3.45,White,Low_poverty,LPW,33.4866159,-112.3832709
40133191042,3247.0,47.61,28.03,18.82,Other,Low_poverty,LPO,33.4095297,-111.9152418
40130506062,4597.0,68.59,5.37,26.84,White,Low_poverty,LPW,33.4838138,-112.5029196
40131048021,959.0,83.52,0.0,14.39,White,Low_poverty,LPW,33.5910456,-112.0168666
40131125141,2767.0,18.11,11.66,62.59,Minority,Low_poverty,LPM,33.396859,-112.182512
40136195002,1948.0,79.52,0.62,16.02,White,Low_poverty,LPW,33.6514711,-112.0178804
40130927201,1214.0,50.99,14.66,29.65,White,Low_poverty,LPW,33.5444299,-112.2637781
40131123013,1897.0,10.81,27.08,85.87,Minority,Low_poverty,LPM,33.4709143,-112.1587438
40130610461,1896.0,31.96,8.44,54.48,Minority,Low_poverty,LPM,33.5333881,-112.350695
40138146002,2077.0,67.36,4.43,22.29,White,Low_poverty,LPW,33.314543,-111.7465105
40130506041,2296.0,59.19,19.2,37.33,White,Low_poverty,LPW,33.3846981,-112.8025039
40130610453,2200.0,70.64,4.78,29.0,White,Low_poverty,LPW,33.5245786,-112.4055089
40130822101,2688.0,21.5,6.35,73.85,Minority,Low_poverty,LPM,33.4248946,-112.3026807
40131036062,1384.0,75.87,5.64,21.39,White,Low_poverty,LPW,33.6310697,-112.0439151
40130610332,2878.0,66.44,8.86,27.28,White,Low_poverty,LPW,33.6129873,-112.3878835
40131035022,936.0,73.29,0.0,19.34,White,Low_poverty,LPW,33.6008513,-112.0324242
40136134002,2059.0,83.39,4.61,12.43,White,Low_poverty,LPW,33.687197,-112.28912
40131106003,899.0,39.93,4.78,58.06,Minority,Low_poverty,LPM,33.4922662,-112.0607559
40134202061,1798.0,98.22,7.43,1.73,White,Low_poverty,LPW,33.4781574,-111.7214533
40130717023,502.0,88.84,13.15,2.99,White,Low_poverty,LPW,33.5855768,-112.2958744
40131036123,2013.0,75.96,3.78,23.25,White,Low_poverty,LPW,33.6293991,-112.0806102
40136156002,1127.0,84.83,17.1,14.91,White,Low_poverty,LPW,33.658989,-112.2380631
40133197033,1771.0,60.14,7.11,22.64,White,Low_poverty,LPW,33.3898725,-111.966842
40131079002,1819.0,94.39,1.54,2.42,White,Low_poverty,LPW,33.5182571,-111.9848332
40136186001,2024.0,52.82,9.04,33.94,White,Low_poverty,LPW,33.6511161,-112.1092492
40134224031,1987.0,71.31,2.9,18.98,White,Low_poverty,LPW,33.3384798,-111.7970387
40134223072,692.0,56.94,5.78,14.88,White,Low_poverty,LPW,33.3532113,-111.8298147
40132175013,1781.0,38.52,41.77,60.25,Minority,High_poverty,HPM,33.4833489,-111.9395584
40136115003,2762.0,55.07,3.66,15.39,White,Low_poverty,LPW,33.7268946,-112.1824494
40131107011,1173.0,24.89,29.2,59.08,Minority,Low_poverty,LPM,33.4896857,-112.0459448
40130405162,3532.0,92.41,4.37,7.02,White,Low_poverty,LPW,33.6534888,-112.5986238
40130609022,1388.0,1.15,33.72,98.84,Minority,High_poverty,HPM,33.6127824,-112.3272898
40130610102,2487.0,81.18,11.6,9.05,White,Low_poverty,LPW,33.4992798,-112.347771
40130610141,4901.0,35.89,9.34,52.09,Minority,Low_poverty,LPM,33.4903114,-112.3362011
40130610233,2000.0,52.1,13.7,40.8,White,Low_poverty,LPW,33.4282453,-112.4051847
40130610273,1570.0,63.44,10.06,27.58,White,Low_poverty,LPW,33.6305949,-112.4012827
40130610293,1447.0,74.71,15.34,21.9,White,Low_poverty,LPW,33.6343018,-112.3482084
40138106002,1566.0,66.79,1.03,33.07,White,Low_poverty,LPW,33.3165095,-111.9152416
40130101013,1264.0,100.0,2.85,0.0,White,Low_poverty,LPW,33.7230978,-111.6664268
40131167092,891.0,63.97,1.8,34.91,White,Low_poverty,LPW,33.3532872,-111.9756099
40133192021,1760.0,38.24,44.49,36.99,Other,High_poverty,HPO,33.412926,-111.9003218
40130405131,1247.0,97.03,5.45,1.6,White,Low_poverty,LPW,33.6712582,-112.361217
40131037012,2216.0,73.38,12.05,17.06,White,Low_poverty,LPW,33.6069846,-112.0517954
40131071022,2746.0,7.36,44.46,66.93,Minority,High_poverty,HPM,33.5152696,-112.145938
40130822082,1215.0,19.18,4.3,73.99,Minority,Low_poverty,LPM,33.3973099,-112.3277009
40130822113,1035.0,26.18,11.59,70.24,Minority,Low_poverty,LPM,33.4242136,-112.3149738
40130820272,3221.0,25.15,4.07,71.32,Minority,Low_poverty,LPM,33.4426419,-112.2980912
40134226202,1375.0,81.09,4.51,13.39,White,Low_poverty,LPW,33.3712976,-111.7259825
40134203011,2386.0,76.15,13.04,10.18,White,Low_poverty,LPW,33.4575906,-111.7937678
40134226061,3712.0,87.28,1.38,9.62,White,Low_poverty,LPW,33.3503074,-111.7299745
40134226382,1390.0,64.53,37.41,32.08,White,High_poverty,HPW,33.3827776,-111.7093919
40139806001,4291.0,71.13,4.8,21.6,White,Low_poverty,LPW,33.3410684,-111.6172105
40136136003,943.0,92.79,1.91,6.15,White,Low_poverty,LPW,33.6701525,-112.2679845
40136149001,1529.0,65.01,0.59,25.77,White,Low_poverty,LPW,33.6796695,-112.0561143
40138152001,7788.0,69.44,9.17,19.99,White,Low_poverty,LPW,33.3135624,-111.7090071
40138158002,1166.0,56.86,7.2,25.99,White,Low_poverty,LPW,33.2809879,-111.7066723
40138163001,411.0,94.65,3.41,1.95,White,Low_poverty,LPW,33.2609032,-111.6890516
40138169001,3946.0,70.27,2.51,25.36,White,Low_poverty,LPW,33.2524963,-111.5958217
40138143001,2387.0,62.71,6.54,26.35,White,Low_poverty,LPW,33.3294738,-111.8012462
40138146003,717.0,53.0,5.26,45.19,White,Low_poverty,LPW,33.3104559,-111.7525193
40136119002,1380.0,69.93,5.94,15.37,White,Low_poverty,LPW,33.7387008,-112.134232
40136125001,1442.0,87.73,0.0,0.9,White,Low_poverty,LPW,33.778958,-111.9864616
40130923124,1003.0,45.06,19.14,44.87,Other,Low_poverty,LPO,33.5583902,-112.1927488
40130610391,1968.0,58.28,2.79,26.02,White,Low_poverty,LPW,33.5903335,-112.3660383
40130610451,2085.0,73.05,2.3,21.87,White,Low_poverty,LPW,33.5409723,-112.4463483
40133198006,812.0,68.23,7.39,23.03,White,Low_poverty,LPW,33.3892553,-111.930678
40136140003,1265.0,83.95,1.34,6.88,White,Low_poverty,LPW,33.6933393,-112.2130847
40131125034,3015.0,2.45,11.94,94.93,Minority,Low_poverty,LPM,33.4693577,-112.2163088
40131125111,4014.0,19.08,6.35,71.6,Minority,Low_poverty,LPM,33.4045537,-112.2235081
40130715173,1887.0,62.8,9.38,21.41,White,Low_poverty,LPW,33.6058603,-112.2435072
40130820232,2030.0,32.61,6.9,56.45,Minority,Low_poverty,LPM,33.4656111,-112.2990493
40130927152,1715.0,13.64,30.15,77.08,Minority,High_poverty,HPM,33.520145,-112.2053294
40130927204,2429.0,57.43,9.99,42.32,White,Low_poverty,LPW,33.544312,-112.2915844
40131166091,1847.0,38.82,14.51,54.2,Minority,Low_poverty,LPM,33.3739071,-112.1774697
40136153001,1983.0,76.65,15.23,19.47,White,Low_poverty,LPW,33.6597474,-112.3007253
40136158002,2286.0,84.25,9.36,9.09,White,Low_poverty,LPW,33.6632815,-112.213657
40136168001,1472.0,81.11,6.86,14.74,White,Low_poverty,LPW,33.6585822,-112.0527488
40136178001,523.0,78.59,2.1,12.24,White,Low_poverty,LPW,33.6503276,-112.1992248
40130717022,640.0,67.5,6.09,17.34,White,Low_poverty,LPW,33.586162,-112.2923208
40132168222,1603.0,93.89,3.81,0.0,White,Low_poverty,LPW,33.7811585,-111.9085483
40130931052,1100.0,13.0,66.82,84.45,Minority,High_poverty,HPM,33.5223038,-112.2012413
40130506091,2231.0,33.26,0.78,63.78,Minority,Low_poverty,LPM,33.4559806,-112.5342711
40132168292,2228.0,94.48,0.0,0.76,White,Low_poverty,LPW,33.7354152,-111.8402253
40132168512,1438.0,79.9,2.85,2.64,White,Low_poverty,LPW,33.6920292,-111.8779055
40136194001,2661.0,53.48,17.51,31.49,White,Low_poverty,LPW,33.644101,-112.0351756
40138101002,1423.0,72.66,3.55,7.1,White,Low_poverty,LPW,33.3285949,-111.9410926
40134204021,1209.0,82.88,7.47,14.64,White,Low_poverty,LPW,33.463748,-111.8103924
40130405193,1058.0,95.46,3.88,2.93,White,Low_poverty,LPW,33.729134,-112.3321373
40130405231,3077.0,92.07,8.03,5.75,White,Low_poverty,LPW,33.6938574,-112.348232
40130405285,1316.0,94.53,8.13,5.47,White,Low_poverty,LPW,33.6483302,-112.4001947
40131105011,629.0,59.14,5.41,27.35,White,Low_poverty,LPW,33.491181,-112.0759903
40130610311,5098.0,64.69,6.09,29.99,White,Low_poverty,LPW,33.6023223,-112.4320713
40131112014,1014.0,74.65,17.46,21.2,White,Low_poverty,LPW,33.4754287,-111.9658904
40132168431,478.0,83.05,6.49,0.0,White,Low_poverty,LPW,33.7090695,-111.8080282
40131052004,2363.0,42.11,31.53,40.45,Other,High_poverty,HPO,33.5602025,-112.0543822
40134201102,2336.0,90.45,6.89,6.46,White,Low_poverty,LPW,33.451204,-111.624166
40134207062,1450.0,86.41,0.28,6.97,White,Low_poverty,LPW,33.4336333,-111.7450136
40134221033,1680.0,42.8,31.9,51.19,Minority,High_poverty,HPM,33.395747,-111.8723281
40132168342,1004.0,91.93,1.99,3.49,White,Low_poverty,LPW,33.5532247,-111.9131942
40133192012,2605.0,38.62,51.9,39.84,Other,High_poverty,HPO,33.4169364,-111.9047262
40134225042,1352.0,67.38,13.18,20.12,White,Low_poverty,LPW,33.3900785,-111.7665312
40138140002,731.0,95.35,6.98,3.56,White,Low_poverty,LPW,33.2087367,-111.7774206
40136161003,1067.0,62.98,6.75,34.02,White,Low_poverty,LPW,33.6676572,-112.1585911
40136170004,1017.0,78.07,7.57,19.08,White,Low_poverty,LPW,33.6659631,-112.0258794
40136189004,994.0,95.88,0.0,2.82,White,Low_poverty,LPW,33.6449793,-112.0787613
40138109001,992.0,69.05,9.53,21.57,White,Low_poverty,LPW,33.2996103,-111.9384241
40138121001,3027.0,44.4,0.99,44.36,Other,Low_poverty,LPO,33.2874009,-111.7983154
40138128002,2420.0,61.36,5.21,13.81,White,Low_poverty,LPW,33.2587898,-111.7977907
40138133002,3427.0,69.54,2.25,6.6,White,Low_poverty,LPW,33.2411183,-111.7810102
40136163001,2216.0,77.21,11.8,16.24,White,Low_poverty,LPW,33.6637508,-112.1458829
40138112001,2871.0,56.91,5.71,25.07,White,Low_poverty,LPW,33.2986622,-111.8852453
40136106002,1030.0,91.26,0.0,8.73,White,Low_poverty,LPW,33.8053,-112.1326273
40136109003,1419.0,73.36,5.85,13.39,White,Low_poverty,LPW,33.7091192,-112.2274671
40136115001,1712.0,77.92,0.06,14.37,White,Low_poverty,LPW,33.7229482,-112.168576
40131068012,1698.0,15.43,36.18,70.31,Minority,High_poverty,HPM,33.5303903,-112.1145473
40133194015,1100.0,62.91,5.38,21.09,White,Low_poverty,LPW,33.3801503,-111.9228926
40136149002,1387.0,83.63,2.62,3.82,White,Low_poverty,LPW,33.6782336,-112.0411145
40130506052,1945.0,57.63,4.58,41.08,White,Low_poverty,LPW,33.5527971,-112.7111984
40134226252,1736.0,89.29,13.16,10.49,White,Low_poverty,LPW,33.4119042,-111.7002754
40131067021,1377.0,76.4,9.01,17.29,White,Low_poverty,LPW,33.5348013,-112.0867781
40130506081,1975.0,20.91,19.75,66.83,Minority,Low_poverty,LPM,33.4385162,-112.5659085
40131125092,4985.0,19.64,16.19,59.54,Minority,Low_poverty,LPM,33.4635125,-112.227911
40130927111,1809.0,46.38,15.07,48.43,Other,Low_poverty,LPO,33.5462039,-112.2305002
40131167083,1559.0,35.73,0.9,57.92,Minority,Low_poverty,LPM,33.3408139,-111.9740505
40134225063,703.0,78.52,17.08,12.38,White,Low_poverty,LPW,33.372152,-111.7703896
40131160002,3123.0,26.16,14.31,54.34,Minority,Low_poverty,LPM,33.3963027,-112.0387437
40131051032,755.0,79.87,3.58,18.28,White,Low_poverty,LPW,33.537109,-111.9849253
40134223024,669.0,62.48,13.45,24.22,White,Low_poverty,LPW,33.3807376,-111.7924425
40138114002,1538.0,57.67,0.98,17.36,White,Low_poverty,LPW,33.316676,-111.8113977
40138103001,2400.0,60.46,2.13,11.01,White,Low_poverty,LPW,33.3239872,-111.8877054
40131115011,2148.0,6.28,23.33,91.11,Minority,Low_poverty,LPM,33.4685018,-112.0256724
40130610383,1823.0,61.88,6.09,23.53,White,Low_poverty,LPW,33.5846455,-112.3850494
40133200012,1654.0,23.4,6.59,33.37,Other,Low_poverty,LPO,33.3542898,-111.9655602
40134226151,2080.0,69.57,0.43,22.55,White,Low_poverty,LPW,33.3861424,-111.6075142
40134225131,719.0,89.01,2.92,8.62,White,Low_poverty,LPW,33.4024161,-111.7391989
40131042041,1128.0,51.68,1.99,39.81,White,Low_poverty,LPW,33.5886856,-112.1533766
40136103002,3303.0,77.35,9.78,18.41,White,Low_poverty,LPW,33.8474485,-112.1404205
40136133003,961.0,100.0,0.0,0.0,White,Low_poverty,LPW,33.7351093,-111.9864405
40131125134,2559.0,16.69,3.07,81.63,Minority,Low_poverty,LPM,33.4153902,-112.1908747
40134201122,2232.0,79.44,3.99,16.8,White,Low_poverty,LPW,33.429578,-111.5849861
40133200073,3513.0,31.28,14.83,53.4,Minority,Low_poverty,LPM,33.3752391,-111.9564204
40131149001,994.0,25.96,47.48,74.04,Minority,High_poverty,HPM,33.4276575,-112.072561
40136141004,1697.0,72.42,2.24,12.2,White,Low_poverty,LPW,33.6783543,-112.208025
40131093002,2295.0,5.36,19.11,94.64,Minority,Low_poverty,LPM,33.4991892,-112.1652533
40130610181,2100.0,94.57,2.76,5.43,White,Low_poverty,LPW,33.4859949,-112.411608
40133199043,1640.0,64.15,5.85,22.32,White,Low_poverty,LPW,33.3743788,-111.8987091
40130820082,2592.0,15.55,23.38,68.48,Minority,Low_poverty,LPM,33.501601,-112.2401457
40131041002,1777.0,62.92,16.49,33.31,White,Low_poverty,LPW,33.6147731,-112.1207126
40134221062,1515.0,36.44,27.72,62.84,Minority,Low_poverty,LPM,33.4041907,-111.8421627
40134219022,1905.0,14.49,45.75,72.02,Minority,High_poverty,HPM,33.4037263,-111.8170561
40131113005,1122.0,39.48,10.96,54.63,Minority,Low_poverty,LPM,33.4711769,-111.9913073
40131032122,1434.0,80.06,5.44,9.55,White,Low_poverty,LPW,33.6144513,-111.9695696
40132183003,1516.0,65.83,9.89,29.35,White,Low_poverty,LPW,33.4594069,-111.8953645
40131088021,1699.0,58.45,18.01,31.01,White,Low_poverty,LPW,33.5066096,-112.0802973
40131033023,2121.0,49.6,19.19,47.72,Other,Low_poverty,LPO,33.6184055,-112.0097878
40130926003,1001.0,19.98,61.34,77.02,Minority,High_poverty,HPM,33.5423889,-112.1901028
40132168163,2055.0,89.64,8.32,2.19,White,Low_poverty,LPW,33.5885008,-111.9021028
40136116001,1324.0,91.77,3.73,3.1,White,Low_poverty,LPW,33.722655,-112.1503099
40130405141,1884.0,97.93,4.25,2.07,White,Low_poverty,LPW,33.6767141,-112.3354641
40130506112,1758.0,53.81,0.0,45.45,White,Low_poverty,LPW,33.3785002,-112.5076523
40130610432,1169.0,59.28,5.06,38.58,White,Low_poverty,LPW,33.5727973,-112.333106
40134224021,2275.0,63.03,3.65,24.88,White,Low_poverty,LPW,33.3609022,-111.7814625
40131032172,1381.0,81.82,0.0,3.33,White,Low_poverty,LPW,33.6311931,-111.9472703
40131162051,1286.0,35.07,17.81,62.44,Minority,Low_poverty,LPM,33.3809848,-111.9911125
40136120001,3423.0,74.67,0.0,11.3,White,Low_poverty,LPW,33.7872015,-112.0784639
40130715051,2740.0,78.65,18.54,18.32,White,Low_poverty,LPW,33.62929,-112.3035869
40131032161,1034.0,75.63,7.02,14.32,White,Low_poverty,LPW,33.6368909,-111.9646308
40132174004,1422.0,93.95,8.3,1.2,White,Low_poverty,LPW,33.4832441,-111.9476152
40131082002,918.0,67.76,6.32,27.45,White,Low_poverty,LPW,33.4979921,-111.9831729
40131037011,1094.0,57.31,20.43,35.84,White,Low_poverty,LPW,33.6007945,-112.0403405
40131032101,1255.0,89.16,4.09,9.4,White,Low_poverty,LPW,33.6082925,-111.9800557
40134226072,1658.0,89.08,4.04,8.44,White,Low_poverty,LPW,33.3976653,-111.7317442
40135231044,1943.0,61.76,6.72,26.25,White,Low_poverty,LPW,33.295225,-111.8531563
40130610253,3973.0,70.0,0.4,23.46,White,Low_poverty,LPW,33.6315772,-112.4309092
40131036141,1744.0,77.41,11.4,14.22,White,Low_poverty,LPW,33.6052993,-112.0925928
40136138001,2086.0,88.97,0.0,4.84,White,Low_poverty,LPW,33.6884494,-112.2454349
40136100003,1984.0,74.04,6.6,15.92,White,Low_poverty,LPW,33.8835476,-112.1526039
40136107001,2618.0,94.42,4.05,4.85,White,Low_poverty,LPW,33.8094684,-112.0449671
40132168383,1904.0,84.3,2.44,13.6,White,Low_poverty,LPW,33.6006287,-111.8828954
40136116002,1586.0,73.64,1.51,10.91,White,Low_poverty,LPW,33.7156677,-112.1517251
40130610124,2028.0,34.66,14.15,37.38,Other,Low_poverty,LPO,33.4696922,-112.3507724
40130610251,5320.0,62.48,6.43,25.27,White,Low_poverty,LPW,33.6312792,-112.4511786
40130610301,2063.0,80.13,2.81,15.61,White,Low_poverty,LPW,33.6206428,-112.4508136
40134226272,2351.0,80.9,11.95,15.96,White,Low_poverty,LPW,33.4114795,-111.6414206
40134226463,1376.0,81.83,0.0,15.99,White,Low_poverty,LPW,33.3389817,-111.5880197
40134201113,1107.0,62.24,26.73,35.5,White,Low_poverty,LPW,33.4259543,-111.6196562
40131090023,699.0,51.93,13.45,29.33,White,Low_poverty,LPW,33.5041586,-112.1030857
40130822092,2410.0,5.81,19.34,94.19,Minority,Low_poverty,LPM,33.431646,-112.2977113
40130927191,2632.0,30.02,8.66,51.22,Minority,Low_poverty,LPM,33.5166774,-112.2812047
40130304021,647.0,98.3,12.21,0.0,White,Low_poverty,LPW,33.8766539,-111.9284957
40130405211,8898.0,72.12,9.62,19.51,White,Low_poverty,LPW,33.7046053,-112.3161584
40130405273,2680.0,73.77,9.09,18.06,White,Low_poverty,LPW,33.64616,-112.4225194
40131105022,1109.0,66.46,15.6,26.06,White,Low_poverty,LPW,33.4838713,-112.0694237
40130610381,1637.0,64.87,11.06,32.8,White,Low_poverty,LPW,33.5917954,-112.3898985
40130610424,1356.0,54.87,8.47,43.88,White,Low_poverty,LPW,33.5881146,-112.3129533
40136107002,634.0,80.6,13.56,11.99,White,Low_poverty,LPW,33.8362195,-111.982084
40130822031,7419.0,13.01,12.2,81.21,Minority,Low_poverty,LPM,33.4283352,-112.2810554
40138107004,1400.0,66.36,16.0,20.93,White,Low_poverty,LPW,33.3140187,-111.8957227
40130304012,1356.0,97.57,0.0,2.43,White,Low_poverty,LPW,33.834994,-111.9008058
40134201073,2212.0,87.84,3.71,10.17,White,Low_poverty,LPW,33.484969,-111.668194
40131055033,1549.0,29.63,31.63,38.67,Other,High_poverty,HPO,33.5587726,-112.1012735
40131166112,1904.0,31.51,11.27,62.29,Minority,Low_poverty,LPM,33.3417782,-112.1529332
40130927163,1000.0,17.7,12.9,76.1,Minority,Low_poverty,LPM,33.5128611,-112.2054529
40134207091,1935.0,63.0,18.26,27.03,White,Low_poverty,LPW,33.4096808,-111.766235
40134226321,2665.0,68.67,10.36,25.55,White,Low_poverty,LPW,33.4005752,-111.6458341
40136149003,1357.0,49.96,22.77,25.06,Other,Low_poverty,LPO,33.6711947,-112.0631038
40134216021,2383.0,19.18,34.96,75.41,Minority,High_poverty,HPM,33.4123504,-111.7987301
40131125121,770.0,10.52,23.9,88.05,Minority,Low_poverty,LPM,33.4488095,-112.1727317
40136164004,1423.0,86.16,5.13,12.16,White,Low_poverty,LPW,33.6608316,-112.1268689
40130717025,594.0,100.0,24.92,0.0,White,Low_poverty,LPW,33.5679004,-112.2945327
40131167081,1494.0,83.27,3.08,4.49,White,Low_poverty,LPW,33.3352678,-111.9865225
40134222213,1847.0,75.31,12.78,21.22,White,Low_poverty,LPW,33.37701,-111.8712195
40133197051,2024.0,36.36,25.4,52.37,Minority,Low_poverty,LPM,33.3981124,-111.9529297
40134226153,3197.0,83.64,8.87,13.95,White,Low_poverty,LPW,33.399556,-111.6026841
40130715061,886.0,96.61,15.58,3.38,White,Low_poverty,LPW,33.6342061,-112.2670851
40136166002,1043.0,63.18,4.51,22.82,White,Low_poverty,LPW,33.6583151,-112.0956323
40134208003,1304.0,51.38,35.2,44.33,White,High_poverty,HPW,33.4257477,-111.7966202
40135230023,1328.0,43.15,6.78,55.35,Minority,Low_poverty,LPM,33.3097028,-111.8546715
40131166132,2236.0,30.23,1.89,57.73,Minority,Low_poverty,LPM,33.3849691,-112.1034538
40132168191,2522.0,91.2,2.18,2.89,White,Low_poverty,LPW,33.6207338,-111.7692981
40138151001,2068.0,53.92,4.7,29.69,White,Low_poverty,LPW,33.3118251,-111.7314153
40138157001,2716.0,62.33,1.96,26.1,White,Low_poverty,LPW,33.2865274,-111.7098902
40138172002,856.0,73.48,0.0,25.47,White,Low_poverty,LPW,33.2237157,-111.6736553
40138146001,2294.0,77.42,6.22,18.61,White,Low_poverty,LPW,33.328505,-111.7470178
40136171002,947.0,77.4,0.74,8.55,White,Low_poverty,LPW,33.6660474,-112.0115182
40136193002,1454.0,19.6,43.81,78.95,Minority,High_poverty,HPM,33.6495485,-112.0351914
40138126003,1338.0,68.98,4.04,12.1,White,Low_poverty,LPW,33.2452444,-111.8777399
40138134002,2195.0,76.31,6.23,9.11,White,Low_poverty,LPW,33.2114091,-111.8324816
40131167071,1687.0,68.11,4.25,24.72,White,Low_poverty,LPW,33.3468181,-111.9935405
40130610402,987.0,47.11,7.5,49.85,Other,Low_poverty,LPO,33.602564,-112.3358614
40131036042,965.0,77.41,0.0,4.66,White,Low_poverty,LPW,33.6364602,-112.0828793
40131167271,2405.0,76.72,4.62,12.22,White,Low_poverty,LPW,33.2972745,-112.0772034
40130820023,1946.0,43.58,9.43,56.42,Minority,Low_poverty,LPM,33.4979758,-112.2850904
40131125031,2824.0,1.77,37.46,94.72,Minority,High_poverty,HPM,33.4767598,-112.2076365
40131096013,1749.0,11.78,27.22,85.08,Minority,Low_poverty,LPM,33.4995744,-112.2340939
40130715041,682.0,98.09,9.82,1.91,White,Low_poverty,LPW,33.6360605,-112.2803702
40131042053,1277.0,37.59,0.86,49.02,Other,Low_poverty,LPO,33.5761436,-112.1338557
40133199081,2699.0,49.17,8.76,40.64,Other,Low_poverty,LPO,33.3533622,-111.9341876
40134222093,474.0,66.46,0.0,25.11,White,Low_poverty,LPW,33.3390813,-111.8560543
40131165002,1100.0,20.64,16.55,78.27,Minority,Low_poverty,LPM,33.3813714,-112.0775899
40134202021,1667.0,76.0,7.99,15.54,White,Low_poverty,LPW,33.435035,-111.6928417
40135231042,2140.0,15.42,34.72,80.7,Minority,High_poverty,HPM,33.2983094,-111.8444286
40132168463,1194.0,85.93,3.18,0.0,White,Low_poverty,LPW,33.6223293,-111.8600864
40136188003,1547.0,44.21,11.76,51.65,Minority,Low_poverty,LPM,33.6436152,-112.085479
40133185012,1083.0,65.0,13.94,31.4,White,Low_poverty,LPW,33.452263,-111.930812
40133194031,1640.0,40.24,17.38,40.18,Other,Low_poverty,LPO,33.4038027,-111.9066869
40131042033,1101.0,30.25,27.07,61.4,Minority,Low_poverty,LPM,33.5831098,-112.1483981
40134225013,647.0,61.36,21.79,31.84,White,Low_poverty,LPW,33.3975193,-111.7670608
40130405071,1583.0,94.44,11.09,3.03,White,Low_poverty,LPW,33.6668541,-112.3797599
