origin_geoid,Tot_Population_ACS_15_19,pct_NH_White_alone_ACS_15_19,pct_Prs_Blw_Pov_Lev_ACS_15_19,pct_Minority,Race,Poverty,origin_geoid_type,latitude,longitude
60730033051,1087.0,5.89,39.45,77.37,Minority,High_poverty,HPM,32.7019416,-117.0903834
60730083472,1903.0,26.54,6.41,11.61,Other,Low_poverty,LPO,32.9269617,-117.1476478
60730080063,632.0,85.44,13.45,10.92,White,Low_poverty,LPW,32.807978,-117.2581191
60730158011,1834.0,51.69,35.28,44.82,White,High_poverty,HPW,32.7967726,-116.9569813
60730116012,1331.0,2.7,29.77,89.41,Minority,Low_poverty,LPM,32.6671217,-117.0990496
60730091061,1080.0,49.91,12.31,41.85,Other,Low_poverty,LPO,32.7705564,-117.2038745
60730024022,2385.0,2.35,31.61,81.55,Minority,High_poverty,HPM,32.7468056,-117.1070243
60730194052,1783.0,8.81,22.71,91.19,Minority,Low_poverty,LPM,33.1941198,-117.2730433
60730054004,2956.0,70.53,11.2,21.69,White,Low_poverty,LPW,32.708619,-117.159753
60730170391,672.0,43.75,0.0,10.71,Other,Low_poverty,LPO,32.9693497,-117.0699037
60730185042,1711.0,68.21,2.28,24.37,White,Low_poverty,LPW,33.1954823,-117.3413044
60730132031,967.0,9.2,11.48,67.94,Minority,Low_poverty,LPM,32.6058843,-117.0682339
60730166171,1147.0,82.39,2.35,13.86,White,Low_poverty,LPW,32.8353616,-116.9672115
60730148051,751.0,81.23,7.81,10.65,White,Low_poverty,LPW,32.776616,-117.0308024
60730195023,1418.0,22.28,13.68,74.26,Minority,Low_poverty,LPM,33.2066408,-117.2388682
60730018003,818.0,24.08,48.66,59.05,Minority,High_poverty,HPM,32.7622012,-117.1202
60730031013,1710.0,1.93,23.22,88.18,Minority,Low_poverty,LPM,32.6961383,-117.0810813
60730083572,1241.0,24.17,25.46,19.66,Other,Low_poverty,LPO,32.9157478,-117.1337445
60730212022,1541.0,60.48,10.41,38.93,White,Low_poverty,LPW,32.7782205,-116.6545595
60730028041,2953.0,68.1,52.27,21.33,White,High_poverty,HPW,32.7687115,-117.0738622
60730169013,1104.0,71.11,14.86,18.65,White,Low_poverty,LPW,32.8730518,-116.9416057
60730130003,1974.0,17.38,19.67,79.23,Minority,Low_poverty,LPM,32.620976,-117.0787498
60730008001,831.0,73.53,5.29,20.33,White,Low_poverty,LPW,32.7470238,-117.1400412
60730034032,1945.0,13.78,16.79,83.54,Minority,Low_poverty,LPM,32.7132794,-117.1066079
60730011002,1152.0,62.67,2.6,27.0,White,Low_poverty,LPW,32.7624523,-117.1311357
60730102004,1413.0,22.65,3.68,59.94,Minority,Low_poverty,LPM,32.5780507,-117.1270828
60730083521,943.0,40.19,11.03,14.0,Other,Low_poverty,LPO,32.9269424,-117.1339018
60730081022,1073.0,84.53,2.24,3.08,White,Low_poverty,LPW,32.8222254,-117.2725777
60730170222,716.0,69.13,10.2,2.23,White,Low_poverty,LPW,32.9056758,-117.094796
60730013002,1909.0,57.57,4.24,22.32,White,Low_poverty,LPW,32.7503339,-117.1289171
60730171092,1408.0,68.61,1.14,14.63,White,Low_poverty,LPW,33.0717093,-117.2382852
60730012004,1739.0,51.93,11.44,39.27,White,Low_poverty,LPW,32.7581423,-117.1357528
60730185044,2157.0,80.53,0.83,9.83,White,Low_poverty,LPW,33.1861433,-117.3459833
60730200293,2095.0,7.97,23.86,90.6,Minority,Low_poverty,LPM,33.1383596,-117.1686223
60730171072,1026.0,84.31,2.05,4.29,White,Low_poverty,LPW,33.0626645,-117.256971
60730170482,1366.0,59.74,21.3,34.92,White,Low_poverty,LPW,32.9539599,-117.0481369
60730163022,2713.0,46.0,27.24,41.84,Other,Low_poverty,LPO,32.8016675,-116.9433421
60730177012,1368.0,74.78,2.56,14.62,White,Low_poverty,LPW,33.077204,-117.3080922
60730209041,903.0,82.06,5.54,16.28,White,Low_poverty,LPW,33.0539458,-116.6401903
60730170302,1238.0,77.14,2.34,0.0,White,Low_poverty,LPW,33.0372508,-117.0821093
60730133095,1573.0,25.62,2.23,51.68,Minority,Low_poverty,LPM,32.61734,-117.0310465
60730027122,1680.0,16.07,15.89,43.22,Other,Low_poverty,LPO,32.7303521,-117.078762
60730100092,1905.0,5.14,6.19,84.93,Minority,Low_poverty,LPM,32.5470683,-117.0518661
60730151004,1126.0,76.47,6.57,19.8,White,Low_poverty,LPW,32.7911318,-117.0000529
60730083562,1906.0,38.93,5.09,25.39,Other,Low_poverty,LPO,32.9225587,-117.1401401
60730163011,2413.0,58.93,23.58,30.0,White,Low_poverty,LPW,32.8053889,-116.9565751
60730009006,1176.0,41.67,7.27,52.38,Minority,Low_poverty,LPM,32.7537067,-117.1444399
60730096031,2074.0,44.5,20.06,44.07,Other,Low_poverty,LPO,32.78728,-117.1112412
60730220002,3108.0,7.82,10.39,52.19,Minority,Low_poverty,LPM,32.6764865,-117.0867186
60730136014,1298.0,24.88,17.87,69.56,Minority,Low_poverty,LPM,32.7508973,-116.9851821
60730083632,2885.0,33.28,37.78,19.97,Other,High_poverty,HPO,32.8671983,-117.2222971
60730021001,1555.0,42.38,5.98,23.22,Other,Low_poverty,LPO,32.7617346,-117.1069693
60730024011,1470.0,20.2,36.39,70.27,Minority,High_poverty,HPM,32.7469622,-117.1113246
60730031111,2381.0,5.12,25.21,94.87,Minority,Low_poverty,LPM,32.7079812,-117.0800716
60730009005,666.0,53.75,2.4,33.03,White,Low_poverty,LPW,32.7512263,-117.1444271
60730200171,1608.0,55.22,6.9,36.87,White,Low_poverty,LPW,33.161128,-117.2146832
60730176032,1270.0,69.29,8.58,26.06,White,Low_poverty,LPW,33.0584813,-117.2879032
60730061002,572.0,48.08,19.5,37.94,Other,Low_poverty,LPO,32.7342169,-117.1742465
60730125011,1793.0,18.35,28.18,76.41,Minority,Low_poverty,LPM,32.6353203,-117.0943743
60730197021,916.0,57.86,1.09,37.23,White,Low_poverty,LPW,33.1897547,-117.248098
60730032021,1791.0,10.39,6.31,75.76,Minority,Low_poverty,LPM,32.6763538,-117.0652732
60730118021,2752.0,6.94,23.84,71.51,Minority,Low_poverty,LPM,32.6874474,-117.0983219
60730083411,2569.0,39.63,42.74,10.43,Other,High_poverty,HPO,32.8698489,-117.2243086
60730149012,1912.0,39.49,22.62,44.56,Other,Low_poverty,LPO,32.7581719,-117.0120373
60730177022,1029.0,89.41,4.47,8.07,White,Low_poverty,LPW,33.0574754,-117.3020799
60730158012,1710.0,44.74,17.13,45.56,Other,Low_poverty,LPO,32.7971389,-116.9645043
60730192061,1683.0,2.85,25.81,92.87,Minority,Low_poverty,LPM,33.2143091,-117.2422699
60730026021,1587.0,13.42,30.72,66.98,Minority,High_poverty,HPM,32.737566,-117.0984021
60730083551,902.0,37.36,5.54,18.96,Other,Low_poverty,LPO,32.9227019,-117.1332525
60730134182,2784.0,10.31,0.79,66.74,Minority,Low_poverty,LPM,32.6512759,-116.9786623
60730079081,619.0,53.31,10.99,42.49,White,Low_poverty,LPW,32.8000429,-117.2350454
60730202093,650.0,66.0,8.46,30.46,White,Low_poverty,LPW,33.1336723,-117.0468846
60730073021,769.0,84.27,12.09,10.01,White,Low_poverty,LPW,32.7383953,-117.2425477
60730189044,2318.0,51.29,8.26,47.58,White,Low_poverty,LPW,33.3792453,-117.2371202
60730146011,1975.0,76.61,14.92,16.61,White,Low_poverty,LPW,32.7655579,-117.0257197
60730214002,1451.0,74.16,11.03,17.02,White,Low_poverty,LPW,32.7300893,-117.2281795
60730181001,2284.0,53.02,12.87,42.86,White,Low_poverty,LPW,33.1843723,-117.3630201
60730003005,893.0,80.07,20.27,15.12,White,Low_poverty,LPW,32.743649,-117.1655925
60730162022,2852.0,59.08,20.3,32.82,White,Low_poverty,LPW,32.799091,-116.9700886
60730170312,700.0,57.14,3.29,17.57,White,Low_poverty,LPW,33.0309028,-117.0844839
60730032084,1044.0,10.82,23.66,47.7,Other,Low_poverty,LPO,32.6780845,-117.0424303
60730195012,1784.0,13.96,20.21,73.21,Minority,Low_poverty,LPM,33.2072807,-117.2505917
60730194053,1454.0,44.5,8.05,49.11,Other,Low_poverty,LPO,33.1925962,-117.2774393
60730200272,871.0,35.71,1.72,32.49,Other,Low_poverty,LPO,33.1258142,-117.1753279
60730074006,936.0,97.86,14.21,2.14,White,Low_poverty,LPW,32.7428622,-117.2392301
60730182002,1660.0,31.2,16.75,61.99,Minority,Low_poverty,LPM,33.1928898,-117.3661886
60730076004,483.0,65.84,2.69,16.36,White,Low_poverty,LPW,32.7619521,-117.2507774
60730073012,1803.0,79.03,3.28,14.92,White,Low_poverty,LPW,32.7449881,-117.2538024
60730077023,1052.0,81.46,11.98,16.25,White,Low_poverty,LPW,32.7936196,-117.2325357
60730103002,1661.0,38.41,18.54,53.34,Minority,Low_poverty,LPM,32.5724112,-117.1131059
60730029042,3722.0,66.5,64.59,23.56,White,High_poverty,HPW,32.769209,-117.0682333
60730186093,2758.0,8.12,11.75,83.46,Minority,Low_poverty,LPM,33.2495252,-117.3148675
60730132063,2200.0,13.05,20.39,75.14,Minority,Low_poverty,LPM,32.601614,-117.0733248
60730091041,1020.0,79.9,7.35,18.14,White,Low_poverty,LPW,32.7813624,-117.2032921
60730101111,1580.0,2.85,16.39,95.82,Minority,Low_poverty,LPM,32.564481,-117.0643919
60730098023,1569.0,59.15,1.4,39.89,White,Low_poverty,LPW,32.7977481,-117.0090634
60730189053,3341.0,44.12,4.62,51.84,Minority,Low_poverty,LPM,33.3715406,-117.2393315
60730209033,2436.0,69.21,14.99,12.52,White,Low_poverty,LPW,33.2530529,-116.637401
60730207051,1312.0,33.0,2.06,49.93,Other,Low_poverty,LPO,33.127594,-117.0482615
60730202063,2033.0,13.72,28.29,82.44,Minority,Low_poverty,LPM,33.1381849,-117.0572932
60730100054,990.0,4.04,44.44,95.96,Minority,High_poverty,HPM,32.5661898,-117.0590766
60730164024,1319.0,46.93,35.78,52.47,Minority,High_poverty,HPM,32.8016825,-116.9313166
60730118023,2279.0,7.42,17.39,72.8,Minority,Low_poverty,LPM,32.6843938,-117.0967155
60730170221,778.0,85.6,6.04,3.21,White,Low_poverty,LPW,32.9098777,-117.0934329
60730178083,1181.0,87.21,1.44,2.79,White,Low_poverty,LPW,33.0980697,-117.2875241
60730174011,1934.0,89.25,13.5,6.77,White,Low_poverty,LPW,33.0274565,-117.2842738
60730186103,1356.0,35.1,9.59,59.15,Minority,Low_poverty,LPM,33.2518868,-117.3024081
60730003004,1149.0,71.54,6.48,23.85,White,Low_poverty,LPW,32.7430139,-117.1627521
60730101073,2526.0,6.85,4.13,81.86,Minority,Low_poverty,LPM,32.5784822,-117.0792245
60730130001,1180.0,28.39,13.95,56.44,Minority,Low_poverty,LPM,32.6299357,-117.078671
60730174034,1385.0,86.35,2.67,1.73,White,Low_poverty,LPW,33.0407622,-117.2560367
60730030011,1391.0,5.9,1.23,81.95,Minority,Low_poverty,LPM,32.7223119,-117.0709142
60730054003,1189.0,61.48,5.89,24.82,White,Low_poverty,LPW,32.7122706,-117.1691386
60730029032,1294.0,43.28,7.11,46.98,Other,Low_poverty,LPO,32.7527989,-117.0536169
60730032011,1356.0,5.53,15.49,39.16,Other,Low_poverty,LPO,32.6808177,-117.0683047
60730095062,1886.0,67.13,1.27,10.08,White,Low_poverty,LPW,32.8253401,-117.100028
60730036033,964.0,5.39,6.64,92.63,Minority,Low_poverty,LPM,32.6882173,-117.105218
60730151002,1863.0,58.56,8.11,32.32,White,Low_poverty,LPW,32.7866735,-116.9911281
60730131031,977.0,8.8,16.65,89.66,Minority,Low_poverty,LPM,32.6077084,-117.0923994
60730047001,633.0,35.07,28.75,60.98,Minority,Low_poverty,LPM,32.7102821,-117.1448627
60730179003,1159.0,39.17,6.13,58.5,Minority,Low_poverty,LPM,33.1583443,-117.3441019
60730203091,2137.0,65.89,12.25,25.59,White,Low_poverty,LPW,33.135806,-117.1109185
60730034042,2435.0,4.07,18.6,76.22,Minority,Low_poverty,LPM,32.7142362,-117.097825
60730193012,2813.0,54.99,1.0,20.79,White,Low_poverty,LPW,33.2251113,-117.2830681
60730171083,1448.0,68.99,3.87,22.37,White,Low_poverty,LPW,33.0496432,-117.2490335
60730157042,1783.0,56.48,15.09,43.01,White,Low_poverty,LPW,32.7912921,-116.940931
60730197013,1193.0,76.95,3.69,10.65,White,Low_poverty,LPW,33.1867899,-117.2602995
60730186012,3691.0,52.45,13.38,27.88,White,Low_poverty,LPW,33.229794,-117.355054
60730132032,503.0,10.74,19.48,66.2,Minority,Low_poverty,LPM,32.6090802,-117.0650397
60730102003,802.0,36.16,1.5,39.27,Other,Low_poverty,LPO,32.5821009,-117.127405
60730054002,2560.0,67.66,9.57,13.71,White,Low_poverty,LPW,32.7161522,-117.1698802
60730165044,819.0,57.26,7.94,27.96,White,Low_poverty,LPW,32.8156113,-116.9596665
60730034012,1162.0,34.94,17.9,61.96,Minority,Low_poverty,LPM,32.7223415,-117.1012128
60730093052,686.0,50.29,0.0,20.99,White,Low_poverty,LPW,32.7970265,-117.1278749
60730185094,750.0,24.0,58.8,67.87,Minority,High_poverty,HPM,33.2018162,-117.3546138
60730027032,1541.0,16.42,4.8,46.79,Other,Low_poverty,LPO,32.7454182,-117.0653256
60730164022,244.0,74.18,12.7,25.82,White,Low_poverty,LPW,32.8029934,-116.9217158
60730019001,1215.0,64.86,4.39,31.85,White,Low_poverty,LPW,32.7698524,-117.1246003
60730136044,2364.0,50.85,6.09,38.74,White,Low_poverty,LPW,32.7464198,-116.9251126
60730197023,966.0,76.5,4.35,10.77,White,Low_poverty,LPW,33.1859627,-117.2304403
60730134144,1713.0,32.05,2.16,43.43,Other,Low_poverty,LPO,32.6268642,-117.017274
60730198061,3799.0,61.75,5.03,36.67,White,Low_poverty,LPW,33.1629579,-117.2498743
60730126003,1708.0,3.34,18.38,86.01,Minority,Low_poverty,LPM,32.6215218,-117.0889872
60730202021,2244.0,14.97,20.6,78.97,Minority,Low_poverty,LPM,33.1360292,-117.0748027
60730201092,1486.0,21.53,9.44,73.35,Minority,Low_poverty,LPM,33.1493623,-117.0602472
60730202133,1570.0,3.31,34.52,94.07,Minority,High_poverty,HPM,33.1307732,-117.0777831
60730207094,1727.0,40.47,0.87,52.46,Minority,Low_poverty,LPM,33.1421459,-117.0313587
60730218002,1146.0,84.21,3.84,12.91,White,Low_poverty,LPW,32.6915341,-117.1892052
60730180002,2004.0,86.83,5.54,10.83,White,Low_poverty,LPW,33.1495928,-117.3434696
60730218001,1257.0,68.58,1.75,25.22,White,Low_poverty,LPW,32.6830997,-117.1814149
60730079051,1060.0,75.47,26.23,20.67,White,Low_poverty,LPW,32.7995411,-117.2558573
60730079082,3107.0,63.47,9.82,31.41,White,Low_poverty,LPW,32.7971957,-117.2342124
60730170532,1653.0,77.01,1.52,9.8,White,Low_poverty,LPW,32.9936962,-117.0293533
60730004003,913.0,60.35,11.28,36.14,White,Low_poverty,LPW,32.7542669,-117.1662252
60730026013,1730.0,7.17,28.5,52.37,Minority,Low_poverty,LPM,32.7430655,-117.0944717
60730033041,1613.0,5.46,21.33,61.13,Minority,Low_poverty,LPM,32.7059566,-117.0932116
60730077024,547.0,84.46,24.31,8.59,White,Low_poverty,LPW,32.7915555,-117.2373896
60730079101,1421.0,77.34,9.15,13.3,White,Low_poverty,LPW,32.7943264,-117.2551413
60730083292,1823.0,56.88,0.0,9.38,White,Low_poverty,LPW,32.9389769,-117.2343781
60730007003,978.0,68.51,17.28,17.28,White,Low_poverty,LPW,32.7422747,-117.1492951
60730157033,2929.0,44.21,30.04,42.95,Other,High_poverty,HPO,32.7913006,-116.9523162
60730163023,2128.0,50.38,29.14,34.4,White,Low_poverty,LPW,32.8054253,-116.9477859
60730166093,2144.0,69.68,16.56,22.99,White,Low_poverty,LPW,32.8695478,-116.9734717
60730125012,1490.0,5.37,37.74,89.19,Minority,High_poverty,HPM,32.6318677,-117.0930214
60730125022,1422.0,11.6,20.32,79.4,Minority,Low_poverty,LPM,32.6386606,-117.096132
60730134142,2157.0,23.37,5.05,65.32,Minority,Low_poverty,LPM,32.6333778,-117.0156278
60730134211,824.0,28.64,7.89,36.77,Other,Low_poverty,LPO,32.6490325,-117.0101617
60730140011,959.0,25.76,14.59,51.3,Minority,Low_poverty,LPM,32.7356566,-117.0250909
60730083504,2207.0,31.94,1.0,10.38,Other,Low_poverty,LPO,32.9068583,-117.1660672
60730083641,1315.0,47.38,24.26,13.84,Other,Low_poverty,LPO,32.8576312,-117.2259345
60730085104,1715.0,41.52,7.58,17.49,Other,Low_poverty,LPO,32.8049947,-117.1667916
60730090002,1559.0,48.3,13.26,40.6,Other,Low_poverty,LPO,32.7794879,-117.1811051
60730043001,768.0,59.77,6.12,38.8,White,Low_poverty,LPW,32.7392663,-117.1314594
60730044001,1400.0,68.86,6.0,23.64,White,Low_poverty,LPW,32.7216057,-117.1279476
60730076005,691.0,81.19,11.43,5.07,White,Low_poverty,LPW,32.7657463,-117.251207
60730077021,927.0,83.39,4.18,6.68,White,Low_poverty,LPW,32.7847457,-117.2355608
60730080031,1350.0,72.15,6.45,20.67,White,Low_poverty,LPW,32.8040056,-117.2558221
60730080064,704.0,94.18,4.05,2.84,White,Low_poverty,LPW,32.8104178,-117.2578186
60730100123,1438.0,0.0,47.08,93.53,Minority,High_poverty,HPM,32.5574442,-117.0573093
60730135053,482.0,69.92,11.2,18.68,White,Low_poverty,LPW,32.7302876,-116.9666214
60730087021,2256.0,53.81,23.64,35.51,White,Low_poverty,LPW,32.7943626,-117.1535273
60730095101,1383.0,41.43,10.27,43.46,Other,Low_poverty,LPO,32.8139152,-117.1060519
60730101041,1516.0,17.35,5.08,68.6,Minority,Low_poverty,LPM,32.5636143,-117.0970072
60730138022,1619.0,24.15,19.31,73.68,Minority,Low_poverty,LPM,32.7367167,-117.0103439
60730148061,1246.0,33.31,20.63,56.34,Minority,Low_poverty,LPM,32.7700182,-117.0361468
60730077013,1620.0,75.86,12.28,10.13,White,Low_poverty,LPW,32.7910515,-117.2396499
60730083623,1088.0,75.92,9.65,8.46,White,Low_poverty,LPW,32.8583333,-117.2329341
60730002011,1891.0,82.97,12.48,7.93,White,Low_poverty,LPW,32.7540028,-117.1733775
60730195033,2121.0,38.9,7.02,48.75,Other,Low_poverty,LPO,33.200015,-117.2528083
60730196014,1143.0,65.79,4.46,28.0,White,Low_poverty,LPW,33.202,-117.2227036
60730165032,1179.0,77.27,2.48,19.93,White,Low_poverty,LPW,32.8220974,-116.9528044
60730170422,2082.0,48.41,6.15,9.8,Other,Low_poverty,LPO,32.9450384,-117.0898868
60730170432,2550.0,37.53,2.39,10.67,Other,Low_poverty,LPO,32.9307013,-117.1007977
60730170542,808.0,80.82,5.57,5.82,White,Low_poverty,LPW,32.9782198,-117.0460746
60730170562,1847.0,38.01,1.68,24.63,Other,Low_poverty,LPO,32.9700759,-117.085235
60730170471,1554.0,57.53,0.0,13.57,White,Low_poverty,LPW,32.9201738,-117.0701638
60730172003,1163.0,66.98,13.16,14.27,White,Low_poverty,LPW,32.9578282,-117.2650382
60730178014,1825.0,55.01,2.41,23.78,White,Low_poverty,LPW,33.1757782,-117.3317045
60730182004,1264.0,13.53,23.02,86.47,Minority,Low_poverty,LPM,33.1947437,-117.3695861
60730193033,2038.0,75.66,4.42,16.68,White,Low_poverty,LPW,33.2511682,-117.2475116
60730198081,983.0,87.28,0.0,9.87,White,Low_poverty,LPW,33.164992,-117.2622234
60730200173,868.0,36.29,12.9,58.53,Minority,Low_poverty,LPM,33.1603722,-117.2070413
60730200261,669.0,69.51,4.04,20.63,White,Low_poverty,LPW,33.1297174,-117.2054491
60730200281,2367.0,1.06,11.96,97.72,Minority,Low_poverty,LPM,33.1418074,-117.1679709
60730202114,1376.0,31.32,23.04,64.68,Minority,Low_poverty,LPM,33.1290473,-117.058841
60730208093,2156.0,37.85,0.7,51.16,Minority,Low_poverty,LPM,33.0592874,-116.8598141
60730210001,554.0,83.21,24.37,9.92,White,Low_poverty,LPW,33.0324132,-116.2651768
60730212053,2977.0,74.07,17.87,18.34,White,Low_poverty,LPW,32.8355192,-116.7601257
60730215003,729.0,78.74,0.0,6.45,White,Low_poverty,LPW,32.9560555,-117.2094635
60730221003,3485.0,68.92,0.89,10.13,White,Low_poverty,LPW,33.1075061,-117.2802153
60730148031,1742.0,65.38,22.45,21.36,White,Low_poverty,LPW,32.7828165,-117.0217571
60730098025,465.0,57.85,11.18,32.91,White,Low_poverty,LPW,32.8012102,-117.0148149
60730097066,942.0,61.68,10.3,33.12,White,Low_poverty,LPW,32.7931109,-117.0602088
60730097063,1422.0,71.31,8.65,20.25,White,Low_poverty,LPW,32.7985014,-117.0446414
60730097031,1309.0,60.05,1.53,28.04,White,Low_poverty,LPW,32.7960655,-117.0663678
60730096043,1123.0,41.59,8.55,42.92,Other,Low_poverty,LPO,32.7904848,-117.0942061
60730096033,1273.0,25.84,11.86,44.86,Other,Low_poverty,LPO,32.7837415,-117.1124346
60730095071,1936.0,61.83,13.33,19.22,White,Low_poverty,LPW,32.818488,-117.0839995
60730095021,1739.0,64.46,5.0,13.34,White,Low_poverty,LPW,32.8369878,-117.1095274
60730091034,1050.0,82.67,6.86,8.48,White,Low_poverty,LPW,32.7874149,-117.203141
60730085053,736.0,53.13,1.9,16.3,White,Low_poverty,LPW,32.8377617,-117.1773878
60730085011,1947.0,76.58,16.54,16.8,White,Low_poverty,LPW,32.8311143,-117.2196295
60730083584,2798.0,38.35,3.07,27.24,Other,Low_poverty,LPO,32.9093269,-117.133441
60730083561,2122.0,33.08,8.59,24.12,Other,Low_poverty,LPO,32.9189888,-117.139319
60730083523,1333.0,12.0,8.1,18.45,Other,Low_poverty,LPO,32.927709,-117.142461
60730083512,449.0,30.73,7.01,6.68,Other,Low_poverty,LPO,32.9096827,-117.1524848
60730083473,1715.0,28.98,0.0,33.18,Other,Low_poverty,LPO,32.9216649,-117.1511162
60730083452,1566.0,76.37,16.28,10.22,White,Low_poverty,LPW,32.8488442,-117.1949045
60730083352,877.0,10.95,0.0,8.78,Other,Low_poverty,LPO,32.9625162,-117.1423186
60730083311,2621.0,68.64,2.4,9.12,White,Low_poverty,LPW,32.9426037,-117.2241058
60730083132,1178.0,78.35,2.97,7.73,White,Low_poverty,LPW,32.8565232,-117.2431993
60730083112,1279.0,97.97,5.79,0.63,White,Low_poverty,LPW,32.819888,-117.2623973
60730083072,2137.0,70.89,17.78,18.77,White,Low_poverty,LPW,32.8562213,-117.2120836
60730083033,552.0,70.65,27.9,5.07,White,Low_poverty,LPW,32.8359294,-117.25347
60730082001,928.0,81.57,3.99,13.69,White,Low_poverty,LPW,32.842312,-117.2762251
60730081015,684.0,79.39,4.39,11.55,White,Low_poverty,LPW,32.829781,-117.2746123
60730080022,1304.0,86.89,3.99,4.83,White,Low_poverty,LPW,32.8094873,-117.2429906
60730078005,1147.0,69.75,2.53,16.22,White,Low_poverty,LPW,32.8067017,-117.229376
60730085094,3176.0,53.59,11.49,20.78,White,Low_poverty,LPW,32.8144675,-117.1755492
60730085101,1610.0,25.16,17.39,41.74,Other,Low_poverty,LPO,32.8050987,-117.1577147
60730092013,1345.0,59.85,17.58,15.09,White,Low_poverty,LPW,32.795454,-117.1466643
60730134181,1634.0,13.34,3.0,78.7,Minority,Low_poverty,LPM,32.6555946,-116.9755787
60730130004,1220.0,20.0,3.02,78.28,Minority,Low_poverty,LPM,32.6246312,-117.0847065
60730010002,1229.0,39.14,1.87,52.81,Minority,Low_poverty,LPM,32.7600382,-117.1419406
60730018005,803.0,45.08,6.85,30.76,Other,Low_poverty,LPO,32.7643897,-117.1194997
60730013003,1283.0,51.44,5.77,46.61,White,Low_poverty,LPW,32.7515813,-117.13448
60730016003,705.0,33.9,20.57,63.4,Minority,Low_poverty,LPM,32.7522285,-117.1228434
60730016001,1960.0,10.31,22.14,83.67,Minority,Low_poverty,LPM,32.7524065,-117.1174
60730138013,1472.0,29.89,11.62,50.67,Minority,Low_poverty,LPM,32.7402656,-117.0104078
60730027052,1621.0,21.41,16.96,41.82,Other,Low_poverty,LPO,32.7378902,-117.0833919
60730029031,1546.0,25.55,25.68,52.26,Minority,Low_poverty,LPM,32.7492972,-117.0586435
60730034033,1461.0,11.36,11.98,84.26,Minority,Low_poverty,LPM,32.7099169,-117.1040348
60730049002,1445.0,11.49,32.6,84.64,Minority,High_poverty,HPM,32.6990099,-117.1363781
60730075014,1396.0,83.31,16.26,14.4,White,Low_poverty,LPW,32.7538782,-117.2438157
60730075013,971.0,56.13,13.43,38.93,White,Low_poverty,LPW,32.7504725,-117.2452704
60730017004,472.0,64.41,12.92,26.27,White,Low_poverty,LPW,32.7592988,-117.1252
60730139092,2911.0,20.47,11.11,73.86,Minority,Low_poverty,LPM,32.711135,-116.9932973
60730085055,1628.0,34.34,24.26,38.2,Other,Low_poverty,LPO,32.8364166,-117.1910828
60730012002,858.0,48.83,5.01,32.17,Other,Low_poverty,LPO,32.7581715,-117.1301781
60730133114,2351.0,22.42,8.96,51.56,Minority,Low_poverty,LPM,32.6357132,-116.9577781
60730140013,1111.0,47.88,6.84,50.76,Minority,Low_poverty,LPM,32.7391762,-117.0190318
60730140014,1326.0,38.24,5.66,51.58,Minority,Low_poverty,LPM,32.7368029,-117.028604
60730010003,1081.0,68.09,7.12,23.31,White,Low_poverty,LPW,32.7581695,-117.1419391
60730068021,1532.0,29.77,27.09,64.42,Minority,Low_poverty,LPM,32.7485638,-117.2121918
60730032022,2506.0,11.65,16.4,74.46,Minority,Low_poverty,LPM,32.6695108,-117.0638646
60730147001,2269.0,56.54,16.0,33.06,White,Low_poverty,LPW,32.7652597,-117.0346397
60730031012,1304.0,0.54,13.57,95.71,Minority,Low_poverty,LPM,32.7002752,-117.0789413
60730070021,1595.0,73.79,6.92,18.62,White,Low_poverty,LPW,32.7365769,-117.2353301
60730085095,636.0,65.41,0.0,15.1,White,Low_poverty,LPW,32.8188177,-117.1742422
60730211001,1247.0,37.13,32.63,62.87,Minority,High_poverty,HPM,32.6875782,-116.5835984
60730085074,1426.0,42.08,14.1,35.21,Other,Low_poverty,LPO,32.8223277,-117.1798656
60730100053,2965.0,3.37,46.44,96.39,Minority,High_poverty,HPM,32.5642328,-117.0530398
60730093043,4905.0,66.52,11.15,27.18,White,Low_poverty,LPW,32.7738178,-117.1476686
60730138012,1102.0,62.43,2.0,30.85,White,Low_poverty,LPW,32.7449286,-117.0110286
60730017002,1179.0,54.28,5.0,40.97,White,Low_poverty,LPW,32.7579589,-117.1194706
60730124011,1307.0,24.94,23.57,65.88,Minority,Low_poverty,LPM,32.6549468,-117.086685
60730213021,4893.0,36.54,29.22,52.89,Minority,Low_poverty,LPM,32.6208952,-116.8074327
60730085063,1475.0,78.1,7.53,15.59,White,Low_poverty,LPW,32.8280223,-117.1854228
60730105024,968.0,37.6,11.26,54.44,Minority,Low_poverty,LPM,32.5883206,-117.1166471
60730104011,2542.0,28.09,27.03,66.37,Minority,Low_poverty,LPM,32.5794072,-117.1072875
60730032073,2427.0,14.75,1.61,51.96,Minority,Low_poverty,LPM,32.6826406,-117.0210237
60730009003,787.0,44.47,9.66,40.16,Other,Low_poverty,LPO,32.7503126,-117.1412761
60730029044,1490.0,79.06,64.56,10.94,White,High_poverty,HPW,32.765257,-117.0645431
60730159023,698.0,63.47,12.61,26.65,White,Low_poverty,LPW,32.7840313,-116.970902
60730056001,2847.0,53.35,9.2,36.42,White,Low_poverty,LPW,32.7214504,-117.1629514
60730074005,1966.0,70.8,4.22,14.39,White,Low_poverty,LPW,32.7420916,-117.2353256
60730043003,1084.0,73.43,14.85,20.76,White,Low_poverty,LPW,32.7335538,-117.1315409
60730157041,2153.0,44.91,14.35,48.68,Other,Low_poverty,LPO,32.7903734,-116.934174
60730103004,560.0,68.93,33.21,24.46,White,High_poverty,HPW,32.5793213,-117.116382
60730109001,966.0,87.99,5.28,6.83,White,Low_poverty,LPW,32.6856391,-117.1691659
60730041001,823.0,41.68,4.7,58.33,Minority,Low_poverty,LPM,32.717947,-117.1317106
60730019002,1550.0,67.68,5.42,19.1,White,Low_poverty,LPW,32.7701424,-117.1149467
60730029041,3360.0,61.13,57.19,20.44,White,High_poverty,HPW,32.7743246,-117.0615404
60730170374,1186.0,54.64,0.0,13.41,White,Low_poverty,LPW,32.9518056,-117.1259327
60730170361,1146.0,46.86,9.08,16.41,Other,Low_poverty,LPO,32.9568052,-117.1255459
60730170313,2233.0,45.32,4.97,24.23,Other,Low_poverty,LPO,33.0282133,-117.0814444
60730170225,1141.0,65.03,3.77,16.65,White,Low_poverty,LPW,32.8992692,-117.110974
60730170182,1886.0,51.11,6.45,14.74,White,Low_poverty,LPW,32.9575511,-117.1046179
60730170152,796.0,78.39,9.48,7.42,White,Low_poverty,LPW,33.0254554,-117.0637255
60730170092,2119.0,46.96,3.92,34.83,Other,Low_poverty,LPO,32.960115,-117.0294396
60730170061,1624.0,79.68,2.34,8.56,White,Low_poverty,LPW,33.0132967,-117.0542437
60730168091,1077.0,66.11,14.63,18.94,White,Low_poverty,LPW,32.8234733,-116.9099888
60730158023,1095.0,44.84,15.43,42.01,Other,Low_poverty,LPO,32.7912983,-116.9642409
60730163012,2925.0,43.01,31.69,46.8,Other,High_poverty,HPO,32.800831,-116.9564032
60730153012,1738.0,65.71,33.83,18.76,White,High_poverty,HPW,32.7844664,-116.9602261
60730156012,2376.0,60.52,2.99,32.41,White,Low_poverty,LPW,32.7887255,-116.9229355
60730168071,625.0,75.52,13.6,15.04,White,Low_poverty,LPW,32.8504814,-116.9211593
60730167012,1667.0,59.27,0.0,11.64,White,Low_poverty,LPW,32.847011,-116.9506121
60730166141,1993.0,74.56,10.54,12.84,White,Low_poverty,LPW,32.8460585,-116.9904098
60730166101,2146.0,66.4,8.55,24.32,White,Low_poverty,LPW,32.8581018,-116.9745062
60730166053,1282.0,91.26,16.22,3.04,White,Low_poverty,LPW,32.8321031,-117.0229198
60730164013,2505.0,69.7,14.29,20.0,White,Low_poverty,LPW,32.8167851,-116.9295145
60730157012,2506.0,43.38,36.47,40.06,Other,High_poverty,HPO,32.7979433,-116.9365317
60730123021,1708.0,22.54,30.99,71.72,Minority,High_poverty,HPM,32.6409446,-117.080293
60730116013,2339.0,1.71,18.17,84.91,Minority,Low_poverty,LPM,32.6646222,-117.097932
60730028032,1382.0,32.13,2.32,44.14,Other,Low_poverty,LPO,32.7615158,-117.08589
60730142001,3058.0,16.29,12.63,65.69,Minority,Low_poverty,LPM,32.7290433,-117.0464208
60730128001,1233.0,19.71,2.11,71.7,Minority,Low_poverty,LPM,32.6383858,-117.0697217
60730131032,1529.0,17.72,15.96,71.22,Minority,Low_poverty,LPM,32.6099586,-117.0843978
60730101101,1851.0,10.75,4.75,68.18,Minority,Low_poverty,LPM,32.5797046,-117.0890515
60730100052,1194.0,5.19,9.63,93.72,Minority,Low_poverty,LPM,32.5607602,-117.0463093
60730133094,1620.0,24.14,2.31,72.72,Minority,Low_poverty,LPM,32.6106432,-117.0333304
60730096034,1077.0,42.9,13.0,40.57,Other,Low_poverty,LPO,32.782975,-117.1055868
60730092011,1648.0,29.37,7.58,27.36,Other,Low_poverty,LPO,32.8074145,-117.1463079
60730091021,1493.0,64.03,20.29,21.64,White,Low_poverty,LPW,32.8045613,-117.1947339
60730085045,1909.0,63.75,12.68,19.49,White,Low_poverty,LPW,32.8207214,-117.1942264
60730203052,1571.0,44.81,0.0,41.63,Other,Low_poverty,LPO,33.149792,-117.0994904
60730202111,814.0,58.11,20.52,29.73,White,Low_poverty,LPW,33.1396558,-117.0681583
60730202101,2395.0,26.43,14.08,51.49,Minority,Low_poverty,LPM,33.1479142,-117.041047
60730202072,2412.0,13.64,22.06,83.38,Minority,Low_poverty,LPM,33.1351082,-117.0549198
60730201094,1553.0,35.16,7.28,44.62,Other,Low_poverty,LPO,33.1429073,-117.0719868
60730201062,1702.0,16.45,12.69,76.73,Minority,Low_poverty,LPM,33.1432835,-117.0843319
60730200251,1674.0,52.45,6.33,21.21,White,Low_poverty,LPW,33.1435646,-117.1336007
60730200212,1863.0,3.81,20.13,77.78,Minority,Low_poverty,LPM,33.143907,-117.1649795
60730200193,2824.0,56.44,14.48,30.21,White,Low_poverty,LPW,33.1277635,-117.2200497
60730200183,1522.0,14.39,11.3,79.89,Minority,Low_poverty,LPM,33.1531939,-117.2041754
60730200162,1496.0,99.67,2.07,0.33,White,Low_poverty,LPW,33.0836204,-117.245199
60730200131,7178.0,72.6,4.12,15.64,White,Low_poverty,LPW,33.1151161,-117.2578699
60730199021,2657.0,61.12,8.28,32.71,White,Low_poverty,LPW,33.1758549,-117.2195976
60730198032,1572.0,79.07,2.42,4.97,White,Low_poverty,LPW,33.1721312,-117.2980707
60730196023,2269.0,14.24,29.53,81.8,Minority,Low_poverty,LPM,33.189426,-117.2282393
60730195021,2351.0,1.36,20.68,98.64,Minority,Low_poverty,LPM,33.2078166,-117.2434105
60730194032,1945.0,14.19,13.68,73.99,Minority,Low_poverty,LPM,33.2076834,-117.2579853
60730193023,2747.0,36.62,10.48,49.8,Other,Low_poverty,LPO,33.2214466,-117.2666017
60730192073,3119.0,17.92,7.02,80.09,Minority,Low_poverty,LPM,33.2194395,-117.2207315
60730192063,1324.0,35.57,10.64,55.51,Minority,Low_poverty,LPM,33.2140531,-117.2314233
60730192031,963.0,66.77,11.63,25.75,White,Low_poverty,LPW,33.2431179,-117.2342919
60730190013,3264.0,74.42,8.89,20.28,White,Low_poverty,LPW,33.381897,-117.19523
60730189062,1868.0,29.34,16.43,64.08,Minority,Low_poverty,LPM,33.3658338,-117.2536443
60730189051,2166.0,12.47,35.87,80.88,Minority,High_poverty,HPM,33.3736808,-117.2567645
60730189032,434.0,49.31,2.3,36.17,Other,Low_poverty,LPO,33.3893378,-117.2343263
60730186113,2771.0,16.31,5.49,67.27,Minority,Low_poverty,LPM,33.2593686,-117.2945349
60730186102,817.0,8.81,6.86,81.4,Minority,Low_poverty,LPM,33.2586242,-117.3005043
60730186092,1635.0,33.15,10.4,46.18,Other,Low_poverty,LPO,33.2473067,-117.311545
60730185181,1536.0,35.35,1.44,57.94,Minority,Low_poverty,LPM,33.1945913,-117.2906637
60730185151,680.0,81.91,7.5,1.47,White,Low_poverty,LPW,33.1899364,-117.3242691
60730185113,1025.0,46.63,0.78,14.64,Other,Low_poverty,LPO,33.2080317,-117.3402163
60730209021,668.0,75.75,10.05,20.51,White,Low_poverty,LPW,32.950159,-116.629375
60730069002,671.0,60.36,4.17,21.31,White,Low_poverty,LPW,32.7393341,-117.2264866
60730074004,1388.0,75.43,0.0,9.51,White,Low_poverty,LPW,32.7441856,-117.2301529
60730068023,2136.0,72.0,11.33,10.2,White,Low_poverty,LPW,32.7507332,-117.2263164
60730066001,1811.0,42.57,12.81,41.63,Other,Low_poverty,LPO,32.745617,-117.2061684
60730004001,1961.0,58.54,5.91,24.73,White,Low_poverty,LPW,32.7545438,-117.1617092
60730003002,1018.0,62.38,8.64,29.37,White,Low_poverty,LPW,32.7467016,-117.1616946
60730008003,1449.0,56.87,0.0,38.85,White,Low_poverty,LPW,32.7424967,-117.1429981
60730057002,1150.0,62.35,32.92,20.87,White,High_poverty,HPW,32.7252861,-117.1641201
60730110002,1491.0,84.71,2.95,11.13,White,Low_poverty,LPW,32.6924052,-117.1721628
60730045013,290.0,65.52,21.72,25.52,White,Low_poverty,LPW,32.717626,-117.1413943
60730044002,1083.0,49.58,26.13,45.15,Other,Low_poverty,LPO,32.7270402,-117.127778
60730025022,2303.0,16.93,24.4,71.73,Minority,Low_poverty,LPM,32.7317066,-117.1034745
60730040003,922.0,5.97,35.68,76.03,Minority,High_poverty,HPM,32.7102713,-117.1286895
60730035012,1183.0,2.62,21.39,96.45,Minority,Low_poverty,LPM,32.7038688,-117.1186312
60730035023,1683.0,6.3,6.71,91.26,Minority,Low_poverty,LPM,32.6986366,-117.1146307
60730034041,2627.0,3.65,38.79,84.51,Minority,High_poverty,HPM,32.7136965,-117.0893563
60730117004,700.0,12.57,32.14,63.14,Minority,High_poverty,HPM,32.6754422,-117.1029962
60730034014,2743.0,18.12,7.66,64.23,Minority,Low_poverty,LPM,32.7262393,-117.0897175
60730185101,1000.0,56.5,5.1,35.8,White,Low_poverty,LPW,33.2099134,-117.3454616
60730185072,3107.0,25.46,8.14,70.94,Minority,Low_poverty,LPM,33.2345041,-117.3045831
60730183001,576.0,74.13,0.0,16.67,White,Low_poverty,LPW,33.1883257,-117.3787352
60730181002,605.0,96.03,9.09,1.98,White,Low_poverty,LPW,33.17731,-117.3585289
60730179004,2043.0,35.1,20.26,60.8,Minority,Low_poverty,LPM,33.1538448,-117.3410236
60730178084,1534.0,81.23,1.89,9.39,White,Low_poverty,LPW,33.0991603,-117.2716569
60730177023,1040.0,85.1,6.06,10.96,White,Low_poverty,LPW,33.051639,-117.2974156
60730176043,1532.0,76.7,18.09,15.93,White,Low_poverty,LPW,33.0500659,-117.2733053
60730175023,1169.0,59.97,13.93,38.93,White,Low_poverty,LPW,33.0380765,-117.2749325
60730175021,1164.0,56.01,2.24,41.49,White,Low_poverty,LPW,33.0449361,-117.2768699
60730174041,1219.0,53.49,7.55,37.41,White,Low_poverty,LPW,33.033025,-117.2763398
60730174013,1301.0,84.78,6.0,12.68,White,Low_poverty,LPW,33.0230521,-117.2800874
60730173053,1357.0,89.46,2.06,4.05,White,Low_poverty,LPW,32.998274,-117.2473505
60730173042,2010.0,39.0,4.43,56.27,Minority,Low_poverty,LPM,32.9884062,-117.2579314
60730171042,1738.0,69.62,0.52,19.68,White,Low_poverty,LPW,33.047595,-117.2443152
60730170462,1088.0,61.21,1.84,10.66,White,Low_poverty,LPW,32.9199466,-117.0802821
60730142003,1443.0,23.98,3.05,58.91,Minority,Low_poverty,LPM,32.7211985,-117.04441
60730120032,2092.0,5.4,13.1,65.15,Minority,Low_poverty,LPM,32.6771724,-117.0781151
60730121022,1436.0,8.5,25.0,84.96,Minority,Low_poverty,LPM,32.6726587,-117.0739204
60730031093,1129.0,13.73,15.32,29.58,Other,Low_poverty,LPO,32.6929918,-117.0586343
60730032082,790.0,24.18,8.23,17.85,Other,Low_poverty,LPO,32.6840684,-117.0462833
60730126004,885.0,11.3,4.86,86.44,Minority,Low_poverty,LPM,32.6183312,-117.0899378
60730105021,1704.0,16.9,24.41,73.82,Minority,Low_poverty,LPM,32.5863232,-117.1086454
60730104022,1322.0,13.62,7.34,51.37,Minority,Low_poverty,LPM,32.5709241,-117.1080205
60730124022,1274.0,16.72,3.45,78.89,Minority,Low_poverty,LPM,32.6430381,-117.0873525
60730123041,834.0,11.03,6.0,84.65,Minority,Low_poverty,LPM,32.6421577,-117.0768321
60730133091,1954.0,21.85,9.24,76.05,Minority,Low_poverty,LPM,32.6255931,-117.0382302
60730131043,2438.0,6.77,10.3,85.69,Minority,Low_poverty,LPM,32.6096801,-117.0765965
60730132061,3383.0,4.55,13.48,91.58,Minority,Low_poverty,LPM,32.6062316,-117.0752474
60730101074,1272.0,19.34,2.91,80.27,Minority,Low_poverty,LPM,32.5786424,-117.0728131
60730133032,946.0,16.91,11.68,74.0,Minority,Low_poverty,LPM,32.6071639,-117.048689
60730100051,2654.0,2.07,5.4,90.05,Minority,Low_poverty,LPM,32.5651231,-117.0457243
60730031051,2850.0,12.46,7.18,78.98,Minority,Low_poverty,LPM,32.7121048,-117.0305764
60730031052,1814.0,13.34,7.0,63.67,Minority,Low_poverty,LPM,32.7075489,-117.0273173
60730032132,2364.0,14.38,6.81,38.63,Other,Low_poverty,LPO,32.6880795,-117.0336957
60730135043,2236.0,37.3,7.05,40.74,Other,Low_poverty,LPO,32.7253877,-116.973969
60730139091,2157.0,35.65,11.73,39.64,Other,Low_poverty,LPO,32.7121957,-116.9856303
60730208062,2951.0,49.07,8.37,48.26,Other,Low_poverty,LPO,33.0362225,-116.8732139
60730207082,1794.0,50.78,24.69,45.6,White,Low_poverty,LPW,33.0977913,-117.0628132
60730207071,3134.0,39.95,23.23,53.06,Minority,Low_poverty,LPM,33.1080045,-117.0697194
60730207052,1115.0,44.04,0.0,39.1,Other,Low_poverty,LPO,33.1251492,-117.0542323
60730206023,1595.0,56.93,10.91,35.93,White,Low_poverty,LPW,33.1184513,-117.0717401
60730206013,3058.0,12.69,16.74,86.2,Minority,Low_poverty,LPM,33.1110259,-117.0784073
60730204041,1657.0,24.56,10.32,59.14,Minority,Low_poverty,LPM,33.1065613,-117.1029709
60730203074,2269.0,30.15,0.66,41.25,Other,Low_poverty,LPO,33.1033765,-117.1093481
60730140012,1104.0,20.38,14.49,50.09,Minority,Low_poverty,LPM,32.7304191,-117.0269765
60730026011,1448.0,8.7,36.88,84.6,Minority,High_poverty,HPM,32.743048,-117.0987931
60730017003,1032.0,57.46,7.07,36.24,White,Low_poverty,LPW,32.7579716,-117.1227504
60730083453,1278.0,68.86,18.0,20.34,White,Low_poverty,LPW,32.8507952,-117.2011097
60730100121,864.0,3.82,0.0,95.37,Minority,Low_poverty,LPM,32.5635363,-117.0596411
60730170484,1422.0,56.89,1.2,16.81,White,Low_poverty,LPW,32.9428659,-117.0552062
60730008004,2188.0,66.73,16.32,26.88,White,Low_poverty,LPW,32.7464164,-117.1442217
60730050001,2195.0,12.53,28.54,86.24,Minority,Low_poverty,LPM,32.6948583,-117.1411804
60730073013,1765.0,82.61,4.99,10.42,White,Low_poverty,LPW,32.7419937,-117.2516601
60730023021,2487.0,21.39,26.34,47.85,Other,Low_poverty,LPO,32.7543374,-117.0961635
60730079052,1599.0,88.24,14.26,7.75,White,Low_poverty,LPW,32.799793,-117.2506882
60730021004,1022.0,39.63,3.23,53.42,Minority,Low_poverty,LPM,32.7576094,-117.1108512
60730018006,819.0,57.14,6.11,35.9,White,Low_poverty,LPW,32.7644053,-117.1240381
60730033042,2486.0,5.43,25.93,85.24,Minority,Low_poverty,LPM,32.707203,-117.0885503
60730070022,953.0,71.98,7.14,19.62,White,Low_poverty,LPW,32.7309837,-117.2358438
60730119023,928.0,14.87,9.16,74.67,Minority,Low_poverty,LPM,32.6881787,-117.0890737
60730087011,1513.0,48.78,13.01,25.58,Other,Low_poverty,LPO,32.7983146,-117.1661652
60730048001,1279.0,9.93,24.94,88.35,Minority,Low_poverty,LPM,32.7100391,-117.135991
60730182005,1026.0,52.44,9.26,30.7,White,Low_poverty,LPW,33.1910496,-117.3744231
60730085073,1692.0,48.11,3.43,21.16,Other,Low_poverty,LPO,32.8228228,-117.1727951
60730012003,1425.0,47.16,19.79,48.91,Other,Low_poverty,LPO,32.7581641,-117.1326547
60730075012,402.0,81.09,25.37,16.67,White,Low_poverty,LPW,32.7479057,-117.2421991
60730030012,1710.0,9.01,10.41,79.94,Minority,Low_poverty,LPM,32.7173735,-117.0798199
60730022023,1246.0,10.59,14.29,80.09,Minority,Low_poverty,LPM,32.7523277,-117.1075906
60730146013,333.0,43.24,0.0,42.34,Other,Low_poverty,LPO,32.7561778,-117.0302022
60730166172,2306.0,60.58,10.93,26.84,White,Low_poverty,LPW,32.834961,-116.978717
60730027022,1558.0,37.29,19.13,42.1,Other,Low_poverty,LPO,32.7536912,-117.0690701
60730100131,2522.0,3.05,11.93,96.95,Minority,Low_poverty,LPM,32.5548216,-117.0447331
60730170414,1499.0,40.09,2.6,35.42,Other,Low_poverty,LPO,32.9667971,-117.0383601
60730093051,2831.0,57.61,9.68,21.83,White,Low_poverty,LPW,32.7868363,-117.1299995
60730027083,1875.0,3.52,34.29,70.35,Minority,High_poverty,HPM,32.7553041,-117.0843137
60730097064,744.0,96.51,2.55,3.49,White,Low_poverty,LPW,32.7963066,-117.0479898
60730185114,2736.0,24.93,11.99,65.32,Minority,Low_poverty,LPM,33.2053478,-117.3366274
60730134141,2863.0,23.4,7.72,42.01,Other,Low_poverty,LPO,32.6320329,-117.0064433
60730132051,2431.0,3.33,29.92,93.21,Minority,Low_poverty,LPM,32.5966578,-117.0802103
60730203083,3959.0,41.9,19.87,50.69,Minority,Low_poverty,LPM,33.1391887,-117.0989325
60730202142,2294.0,18.66,48.82,80.04,Minority,High_poverty,HPM,33.1237025,-117.0828443
60730097032,784.0,75.0,1.91,16.07,White,Low_poverty,LPW,32.7993071,-117.0721728
60730071001,1293.0,91.72,12.22,3.4,White,Low_poverty,LPW,32.7145648,-117.237928
60730156013,1196.0,67.98,31.77,17.39,White,High_poverty,HPW,32.7908074,-116.9292496
60730132033,3283.0,0.76,18.67,97.32,Minority,Low_poverty,LPM,32.6044938,-117.0631609
60730074003,1269.0,79.35,9.46,17.97,White,Low_poverty,LPW,32.7461077,-117.2391311
60730171091,2712.0,91.81,2.77,2.84,White,Low_poverty,LPW,33.066086,-117.2332615
60730200165,881.0,87.4,2.95,0.0,White,Low_poverty,LPW,33.0826781,-117.2581513
60730032083,1422.0,7.17,1.34,68.78,Minority,Low_poverty,LPM,32.680759,-117.0446213
60730170372,873.0,31.73,1.95,31.73,Other,Low_poverty,LPO,32.9550197,-117.1161605
60730205003,2158.0,14.09,19.08,77.29,Minority,Low_poverty,LPM,33.1074236,-117.0831649
60730026012,2431.0,4.57,29.66,63.84,Minority,Low_poverty,LPM,32.7477181,-117.0966183
60730059001,1594.0,69.39,6.33,23.34,White,Low_poverty,LPW,32.7292979,-117.1612051
60730178131,1692.0,90.54,9.16,6.86,White,Low_poverty,LPW,33.0949154,-117.3100007
60730075021,1263.0,71.81,12.52,10.06,White,Low_poverty,LPW,32.7450859,-117.245553
60730117003,1989.0,5.93,28.51,67.32,Minority,Low_poverty,LPM,32.6725156,-117.1006702
60730052002,3668.0,50.16,19.27,35.45,White,Low_poverty,LPW,32.7168177,-117.1547726
60730101071,2698.0,4.08,3.87,80.76,Minority,Low_poverty,LPM,32.5861226,-117.0803213
60730165023,2191.0,60.52,15.15,39.48,White,Low_poverty,LPW,32.8105133,-116.9477839
60730103003,1431.0,18.1,38.99,59.4,Minority,High_poverty,HPM,32.5794309,-117.1124518
60730163021,1024.0,69.24,25.52,21.29,White,Low_poverty,LPW,32.805433,-116.9401747
60730159011,2471.0,46.62,36.18,47.75,Other,High_poverty,HPO,32.7912392,-116.96752
60730171082,1354.0,90.1,1.48,6.87,White,Low_poverty,LPW,33.055891,-117.2501271
60730170311,1237.0,72.19,0.65,11.96,White,Low_poverty,LPW,33.0266799,-117.0882832
60730073014,643.0,85.23,6.22,11.51,White,Low_poverty,LPW,32.7392875,-117.2514684
60730131042,805.0,11.43,5.47,86.83,Minority,Low_poverty,LPM,32.6154249,-117.0765662
60730139052,769.0,32.12,8.84,52.79,Minority,Low_poverty,LPM,32.7177853,-116.994728
60730164023,1684.0,27.2,38.2,61.82,Minority,High_poverty,HPM,32.8059435,-116.9241572
60730005003,850.0,56.12,8.44,34.94,White,Low_poverty,LPW,32.7581356,-117.1497189
60730083442,1763.0,71.3,8.0,9.3,White,Low_poverty,LPW,32.8563491,-117.195184
60730039022,1162.0,3.1,16.78,96.39,Minority,Low_poverty,LPM,32.6979818,-117.1228473
60730133061,2299.0,9.05,16.92,80.16,Minority,Low_poverty,LPM,32.5998409,-117.0394923
60730053002,901.0,59.71,26.3,28.19,White,Low_poverty,LPW,32.7136025,-117.1587874
60730083631,774.0,25.32,2.33,8.01,Other,Low_poverty,LPO,32.8653502,-117.2230081
60730083371,1979.0,52.55,7.02,12.63,White,Low_poverty,LPW,32.9593651,-117.1380318
60730192082,2018.0,77.9,5.17,13.83,White,Low_poverty,LPW,33.1988659,-117.1949484
60730023023,1982.0,5.5,29.97,86.68,Minority,Low_poverty,LPM,32.7504886,-117.0965691
60730083271,2212.0,62.3,1.54,8.95,White,Low_poverty,LPW,32.9573376,-117.2374674
60730175011,456.0,78.07,0.0,9.87,White,Low_poverty,LPW,33.0461095,-117.2897098
60730098013,1398.0,71.32,4.51,21.1,White,Low_poverty,LPW,32.8003135,-117.0320866
60730171103,2012.0,77.24,0.86,11.93,White,Low_poverty,LPW,33.0575527,-117.2266091
60730103001,833.0,77.31,6.72,19.93,White,Low_poverty,LPW,32.5738372,-117.1165478
60730194061,957.0,37.2,1.67,58.93,Minority,Low_poverty,LPM,33.1966561,-117.2662448
60730185112,712.0,55.06,3.37,38.2,White,Low_poverty,LPW,33.2047472,-117.3446153
60730032092,1609.0,7.58,5.28,73.71,Minority,Low_poverty,LPM,32.680907,-117.0361898
60730085076,1181.0,18.63,17.36,45.3,Other,Low_poverty,LPO,32.8309387,-117.1771979
60730006001,830.0,58.07,9.76,25.06,White,Low_poverty,LPW,32.7554285,-117.1493074
60730031112,1865.0,6.38,25.79,86.65,Minority,Low_poverty,LPM,32.7050779,-117.0761004
60730165031,2302.0,41.79,20.66,42.83,Other,Low_poverty,LPO,32.8220777,-116.9582484
60730195022,2159.0,12.41,23.77,87.59,Minority,Low_poverty,LPM,33.2092748,-117.2401604
60730149011,1106.0,93.49,1.55,4.34,White,Low_poverty,LPW,32.7657205,-117.0066637
60730192074,595.0,36.47,50.25,54.62,Minority,High_poverty,HPM,33.2200501,-117.2239108
60730200133,2888.0,82.83,22.82,5.96,White,Low_poverty,LPW,33.118774,-117.2416839
60730202132,841.0,28.06,11.65,63.73,Minority,Low_poverty,LPM,33.1278243,-117.0761597
60730201091,1477.0,13.68,6.47,83.08,Minority,Low_poverty,LPM,33.1462747,-117.0672683
60730219002,1002.0,3.59,16.97,86.33,Minority,Low_poverty,LPM,32.6758479,-117.1131363
60730027111,2005.0,21.05,8.46,53.01,Minority,Low_poverty,LPM,32.7392472,-117.0716346
60730027033,1732.0,24.48,17.9,57.39,Minority,Low_poverty,LPM,32.7455825,-117.0756691
60730083483,2288.0,19.89,3.15,8.83,Other,Low_poverty,LPO,32.9121164,-117.1687159
60730088004,2289.0,6.82,21.93,56.14,Minority,Low_poverty,LPM,32.783364,-117.1678588
60730080023,1140.0,82.63,8.16,10.26,White,Low_poverty,LPW,32.8081684,-117.2370782
60730092014,1378.0,34.62,4.21,55.95,Minority,Low_poverty,LPM,32.8028384,-117.1430889
60730149022,673.0,61.37,23.63,36.26,White,Low_poverty,LPW,32.7717286,-117.0039826
60730134091,1414.0,26.8,1.06,70.01,Minority,Low_poverty,LPM,32.6317142,-117.0405425
60730170521,1902.0,56.47,0.89,14.93,White,Low_poverty,LPW,33.0016165,-117.0724576
60730170512,1522.0,55.32,2.1,17.28,White,Low_poverty,LPW,33.0047611,-117.0611001
60730183004,474.0,84.39,15.82,15.61,White,Low_poverty,LPW,33.1955133,-117.383743
60730142002,1055.0,30.43,7.24,62.75,Minority,Low_poverty,LPM,32.7291728,-117.0390886
60730206011,1810.0,22.6,12.11,61.71,Minority,Low_poverty,LPM,33.1130181,-117.0744432
60730060002,1102.0,72.6,5.77,8.44,White,Low_poverty,LPW,32.7348055,-117.1616836
60730139071,1987.0,9.56,20.44,87.26,Minority,Low_poverty,LPM,32.7166119,-117.0044267
60730075023,1073.0,80.71,2.98,15.28,White,Low_poverty,LPW,32.7476311,-117.2483163
60730031092,911.0,4.06,7.46,7.14,Other,Low_poverty,LPO,32.6909008,-117.0569164
60730028031,1885.0,29.81,12.15,43.23,Other,Low_poverty,LPO,32.758139,-117.0839054
60730088002,1391.0,15.67,23.44,28.4,Other,Low_poverty,LPO,32.7821537,-117.1683059
60730018004,737.0,44.64,5.56,44.5,Other,Low_poverty,LPO,32.7621991,-117.1250606
60730027073,1120.0,9.02,27.86,80.36,Minority,Low_poverty,LPM,32.7512943,-117.0885293
60730040001,1288.0,2.1,16.52,97.13,Minority,Low_poverty,LPM,32.7093167,-117.1224458
60730101042,2242.0,22.97,13.96,57.99,Minority,Low_poverty,LPM,32.5728369,-117.0970686
60730085042,747.0,57.3,11.65,29.05,White,Low_poverty,LPW,32.8257357,-117.2002195
60730134143,695.0,32.66,3.17,25.04,Other,Low_poverty,LPO,32.6380359,-117.0062458
60730042004,860.0,60.47,2.91,36.28,White,Low_poverty,LPW,32.7259543,-117.1212151
60730150004,770.0,69.61,11.17,22.99,White,Low_poverty,LPW,32.7887515,-117.0159772
60730202112,2851.0,22.38,18.56,74.85,Minority,Low_poverty,LPM,33.1336357,-117.0639142
60730200242,833.0,49.46,3.36,36.25,Other,Low_poverty,LPO,33.1454276,-117.1273662
60730200182,2248.0,8.94,29.05,86.83,Minority,Low_poverty,LPM,33.154137,-117.1997192
60730198052,717.0,55.79,11.99,27.06,White,Low_poverty,LPW,33.1778041,-117.2898622
60730170371,1905.0,53.81,8.35,22.36,White,Low_poverty,LPW,32.9499102,-117.1122001
60730134092,2283.0,31.1,8.33,52.69,Minority,Low_poverty,LPM,32.6379158,-117.048489
60730170192,1661.0,86.57,3.67,12.46,White,Low_poverty,LPW,33.0341702,-117.0539075
60730168074,1579.0,56.87,3.67,25.14,White,Low_poverty,LPW,32.8226612,-116.9163328
60730164011,657.0,59.82,15.07,35.31,White,Low_poverty,LPW,32.8163648,-116.9207855
60730193024,1486.0,75.17,7.74,14.34,White,Low_poverty,LPW,33.2182905,-117.2748207
60730189063,2427.0,62.26,10.14,33.58,White,Low_poverty,LPW,33.3598628,-117.2378466
60730186101,2326.0,39.85,13.28,37.14,Other,Low_poverty,LPO,33.263126,-117.3036078
60730098054,1576.0,68.65,3.05,19.36,White,Low_poverty,LPW,32.8148878,-117.0505058
60730097041,1378.0,58.78,5.95,27.58,White,Low_poverty,LPW,32.805212,-117.070758
60730015004,825.0,56.85,0.97,20.61,White,Low_poverty,LPW,32.7461279,-117.1266192
60730085054,1041.0,74.45,5.0,21.61,White,Low_poverty,LPW,32.8423982,-117.1923286
60730091071,2619.0,63.8,14.32,26.46,White,Low_poverty,LPW,32.7664076,-117.1919274
60730005001,1111.0,80.47,8.73,9.99,White,Low_poverty,LPW,32.7624613,-117.1519868
60730148033,1163.0,69.22,10.04,17.89,White,Low_poverty,LPW,32.7746825,-117.0215015
60730101103,1685.0,17.39,26.41,56.38,Minority,Low_poverty,LPM,32.5732598,-117.0905751
60730007002,2066.0,61.42,4.26,29.53,White,Low_poverty,LPW,32.7459696,-117.1488433
60730032121,1335.0,8.31,3.54,43.45,Other,Low_poverty,LPO,32.6674318,-117.0523849
60730133081,2522.0,10.51,11.7,78.83,Minority,Low_poverty,LPM,32.591717,-117.0409809
60730150001,1828.0,67.45,8.48,30.36,White,Low_poverty,LPW,32.7885298,-117.0074341
60730030041,2776.0,3.85,15.46,92.69,Minority,Low_poverty,LPM,32.7126041,-117.0670288
60730027021,1312.0,36.05,14.41,42.68,Other,Low_poverty,LPO,32.7581849,-117.06979
60730185093,1370.0,24.67,14.47,71.02,Minority,Low_poverty,LPM,33.2049732,-117.3591956
60730184001,1179.0,49.36,16.28,43.0,Other,Low_poverty,LPO,33.2020033,-117.3840882
60730178113,2391.0,61.02,4.43,19.78,White,Low_poverty,LPW,33.1082445,-117.3035482
60730175013,1324.0,85.2,2.43,12.99,White,Low_poverty,LPW,33.0395026,-117.2878531
60730173044,1716.0,90.79,14.04,6.88,White,Low_poverty,LPW,32.9828356,-117.2622969
60730091011,899.0,80.76,1.89,10.23,White,Low_poverty,LPW,32.8067446,-117.2055419
60730083514,1536.0,26.56,4.83,15.11,Other,Low_poverty,LPO,32.9048355,-117.1519381
60730045012,344.0,50.29,7.85,26.75,White,Low_poverty,LPW,32.7176437,-117.1392394
60730035021,791.0,0.0,22.38,100.0,Minority,Low_poverty,LPM,32.698596,-117.1187401
60730083241,2602.0,79.17,1.42,6.42,White,Low_poverty,LPW,32.9396677,-117.250753
60730081011,572.0,93.01,5.59,6.99,White,Low_poverty,LPW,32.8348975,-117.2762829
60730078003,2198.0,52.09,9.33,40.17,White,Low_poverty,LPW,32.7994701,-117.227732
60730159021,685.0,56.35,4.38,38.39,White,Low_poverty,LPW,32.7839597,-116.9752446
60730091072,2476.0,71.57,34.78,14.83,White,High_poverty,HPW,32.7694329,-117.1841219
60730101033,2183.0,24.05,14.57,60.6,Minority,Low_poverty,LPM,32.5798625,-117.1013027
60730139062,1003.0,18.94,40.98,66.6,Minority,High_poverty,HPM,32.7175226,-117.0119374
60730085052,1782.0,18.13,12.74,53.37,Minority,Low_poverty,LPM,32.8357528,-117.1849873
60730031091,1218.0,12.97,0.83,14.62,Other,Low_poverty,LPO,32.6910273,-117.0509075
60730124021,1337.0,18.4,13.98,76.58,Minority,Low_poverty,LPM,32.6446557,-117.0838361
60730133012,2254.0,30.97,8.24,52.57,Minority,Low_poverty,LPM,32.6213898,-117.0506027
60730100031,2508.0,2.67,2.15,65.39,Minority,Low_poverty,LPM,32.5786962,-117.0401642
60730039011,1428.0,4.97,15.97,94.74,Minority,Low_poverty,LPM,32.704203,-117.1225554
60730021003,591.0,30.29,5.92,65.14,Minority,Low_poverty,LPM,32.7570007,-117.1076927
60730083402,459.0,70.59,25.27,17.65,White,Low_poverty,LPW,32.8700061,-117.2103693
60730186034,531.0,18.46,10.55,81.54,Minority,Low_poverty,LPM,33.2029454,-117.3723717
60730079031,946.0,69.45,2.64,15.75,White,Low_poverty,LPW,32.8046634,-117.2345154
60730131044,895.0,16.31,25.7,81.68,Minority,Low_poverty,LPM,32.6160071,-117.0813355
60730180003,578.0,74.74,7.44,18.86,White,Low_poverty,LPW,33.1558317,-117.3488798
60730013001,1071.0,32.12,11.39,53.87,Minority,Low_poverty,LPM,32.7537609,-117.1289298
60730200223,3208.0,26.84,14.31,67.58,Minority,Low_poverty,LPM,33.153187,-117.154884
60730033052,2452.0,0.9,38.66,92.86,Minority,High_poverty,HPM,32.6984925,-117.0895562
60730101104,1894.0,0.0,34.21,93.98,Minority,High_poverty,HPM,32.5691593,-117.0906047
60730150003,1745.0,31.75,25.39,40.11,Other,Low_poverty,LPO,32.7835003,-117.0169577
60730083362,1474.0,62.75,3.19,8.07,White,Low_poverty,LPW,32.9679161,-117.131806
60730166102,1936.0,76.03,3.46,11.0,White,Low_poverty,LPW,32.8586907,-116.9828923
60730170551,1558.0,48.01,2.76,3.72,Other,Low_poverty,LPO,32.9741497,-117.0729035
60730200191,1997.0,78.72,26.09,9.51,White,Low_poverty,LPW,33.1362127,-117.2180122
60730195032,778.0,69.67,28.85,29.43,White,Low_poverty,LPW,33.198729,-117.2378191
60730202141,2938.0,16.47,35.91,80.33,Minority,High_poverty,HPM,33.1285654,-117.0849153
60730079072,1580.0,63.86,14.43,24.12,White,Low_poverty,LPW,32.7968808,-117.2399542
60730013005,1090.0,46.51,13.03,51.47,Minority,Low_poverty,LPM,32.7493936,-117.1344699
60730027123,2344.0,11.9,56.42,80.33,Minority,High_poverty,HPM,32.7232735,-117.0807963
60730091063,744.0,75.4,3.23,17.74,White,Low_poverty,LPW,32.7707236,-117.1985486
60730104023,2635.0,10.51,23.19,78.1,Minority,Low_poverty,LPM,32.5709828,-117.1035581
60730159012,1566.0,33.27,17.82,54.91,Minority,Low_poverty,LPM,32.7896037,-116.970897
60730199052,2714.0,55.2,9.65,32.61,White,Low_poverty,LPW,33.1598795,-117.2300053
60730016002,1961.0,27.54,12.44,61.25,Minority,Low_poverty,LPM,32.7527488,-117.1204973
60730201093,889.0,33.86,15.41,30.6,Other,Low_poverty,LPO,33.1401856,-117.0774848
60730198053,1108.0,50.81,3.51,35.65,White,Low_poverty,LPW,33.1763697,-117.2834572
60730193032,2816.0,44.03,29.58,50.0,Minority,Low_poverty,LPM,33.2276195,-117.2552816
60730186031,2247.0,22.3,31.02,68.4,Minority,High_poverty,HPM,33.2071251,-117.3766315
60730185071,1328.0,49.4,4.74,37.72,Other,Low_poverty,LPO,33.2442318,-117.295277
60730174042,1032.0,85.08,0.29,8.24,White,Low_poverty,LPW,33.034233,-117.2697516
60730118013,600.0,5.83,30.17,70.17,Minority,High_poverty,HPM,32.683007,-117.1051881
60730083533,987.0,27.46,2.16,19.86,Other,Low_poverty,LPO,32.9331852,-117.1332588
60730092012,1374.0,23.51,35.88,54.95,Minority,High_poverty,HPM,32.802703,-117.1477061
60730074001,1055.0,69.48,32.61,25.21,White,High_poverty,HPW,32.7512701,-117.2309058
60730001001,1504.0,72.27,2.33,23.14,White,Low_poverty,LPW,32.7544143,-117.1827574
60730015002,1002.0,68.86,5.29,21.05,White,Low_poverty,LPW,32.7416744,-117.1202955
60730157032,2441.0,81.16,42.81,11.8,White,High_poverty,HPW,32.791291,-116.9463957
60730040004,1449.0,0.0,20.86,100.0,Minority,Low_poverty,LPM,32.7077472,-117.1318686
60730100034,1492.0,20.17,14.71,63.67,Minority,Low_poverty,LPM,32.5812482,-117.0478511
60730029051,998.0,40.08,19.21,41.28,Other,Low_poverty,LPO,32.7685903,-117.0500462
60730089012,594.0,20.03,13.64,70.87,Minority,Low_poverty,LPM,32.7737442,-117.1708115
60730023012,938.0,21.32,32.3,56.19,Minority,High_poverty,HPM,32.7572512,-117.0938846
60730027101,1968.0,13.11,18.13,56.2,Minority,Low_poverty,LPM,32.7463368,-117.0818739
60730100032,1055.0,8.72,4.74,78.58,Minority,Low_poverty,LPM,32.5792066,-117.0437123
60730085031,1785.0,68.52,6.61,19.27,White,Low_poverty,LPW,32.8169668,-117.2201449
60730032081,1520.0,7.3,40.92,72.7,Minority,High_poverty,HPM,32.6864079,-117.0481223
60730158022,3008.0,47.44,20.95,47.4,Other,Low_poverty,LPO,32.7901817,-116.9579931
60730021002,762.0,51.84,18.9,45.54,White,Low_poverty,LPW,32.7567894,-117.1038012
60730105023,1926.0,18.43,19.05,66.45,Minority,Low_poverty,LPM,32.5855376,-117.1142063
60730132042,1165.0,19.23,7.84,69.36,Minority,Low_poverty,LPM,32.599757,-117.0624045
60730170353,1168.0,32.28,40.26,28.94,Other,High_poverty,HPO,32.9724335,-117.0950705
60730170062,1333.0,78.99,1.65,5.33,White,Low_poverty,LPW,33.0114092,-117.0454764
60730034031,688.0,14.24,24.85,83.14,Minority,Low_poverty,LPM,32.7154348,-117.1114843
60730098042,763.0,91.09,2.1,1.84,White,Low_poverty,LPW,32.8054575,-117.0209661
60730091013,1319.0,88.93,14.63,4.32,White,Low_poverty,LPW,32.7921337,-117.2018753
60730083573,2275.0,17.89,23.16,22.41,Other,Low_poverty,LPO,32.9151322,-117.1400628
60730083243,706.0,68.41,6.94,0.0,White,Low_poverty,LPW,32.9476758,-117.2559297
60730081014,600.0,78.33,6.17,18.66,White,Low_poverty,LPW,32.8291692,-117.2784775
60730036032,1009.0,0.89,22.89,94.95,Minority,Low_poverty,LPM,32.6848546,-117.1063686
60730146021,1282.0,76.52,12.95,15.05,White,Low_poverty,LPW,32.7596549,-117.0233066
60730144001,2362.0,15.75,27.14,68.67,Minority,Low_poverty,LPM,32.7447424,-117.0261175
60730080021,560.0,76.07,1.96,23.93,White,Low_poverty,LPW,32.8064064,-117.246469
60730023022,2831.0,1.38,36.04,93.75,Minority,High_poverty,HPM,32.75227,-117.0965384
60730200213,1581.0,26.94,1.83,58.19,Minority,Low_poverty,LPM,33.1578384,-117.1861907
60730166054,2165.0,69.33,6.37,22.68,White,Low_poverty,LPW,32.8343743,-117.0101418
60730016004,1195.0,42.34,34.81,42.35,Other,High_poverty,HPO,32.7513473,-117.125062
60730167024,3193.0,75.54,20.96,18.73,White,Low_poverty,LPW,32.8471891,-116.9383642
60730085032,1881.0,33.76,2.84,63.69,Minority,Low_poverty,LPM,32.8249755,-117.2084578
60730098011,1033.0,93.03,3.58,0.29,White,Low_poverty,LPW,32.7995203,-117.0234687
60730134191,7724.0,16.65,3.18,62.67,Minority,Low_poverty,LPM,32.6567838,-116.9507737
60730152004,690.0,77.54,2.61,21.01,White,Low_poverty,LPW,32.7729122,-116.9907691
60730202102,2689.0,34.29,10.15,61.4,Minority,Low_poverty,LPM,33.1433642,-117.0410898
60730134212,2499.0,20.33,13.2,47.06,Other,Low_poverty,LPO,32.6445252,-117.0277741
60730072001,2303.0,79.2,3.0,10.55,White,Low_poverty,LPW,32.7165102,-117.2499775
60730173041,804.0,82.34,5.6,3.73,White,Low_poverty,LPW,32.9863312,-117.2726326
60730092022,3202.0,56.62,7.02,25.74,White,Low_poverty,LPW,32.7897247,-117.138746
60730170331,1994.0,40.17,1.35,14.24,Other,Low_poverty,LPO,32.9636916,-117.116383
60730027074,1586.0,7.69,33.42,65.64,Minority,High_poverty,HPM,32.7513115,-117.0911857
60730101062,2352.0,9.18,23.32,85.59,Minority,Low_poverty,LPM,32.5735819,-117.0778378
60730189052,1384.0,17.85,23.77,81.58,Minority,Low_poverty,LPM,33.3730096,-117.2506958
60730208061,2078.0,37.3,6.88,59.81,Minority,Low_poverty,LPM,33.0490026,-116.8803948
60730041002,2153.0,32.28,32.49,55.04,Minority,High_poverty,HPM,32.7137161,-117.1381057
60730093063,1377.0,37.25,2.98,13.51,Other,Low_poverty,LPO,32.8048854,-117.1265598
60730095073,1004.0,67.63,12.95,19.62,White,Low_poverty,LPW,32.8136597,-117.0682504
60730205001,1243.0,45.21,10.69,46.66,Other,Low_poverty,LPO,33.112166,-117.0952875
60730204042,1699.0,43.08,2.35,45.08,Other,Low_poverty,LPO,33.1012606,-117.094234
60730207072,1988.0,31.99,27.06,50.2,Minority,Low_poverty,LPM,33.1038846,-117.0688933
60730192072,2590.0,55.52,19.23,41.85,White,Low_poverty,LPW,33.2222649,-117.2181798
60730095052,1446.0,59.89,16.87,10.17,White,Low_poverty,LPW,32.8410963,-117.0820528
60730095072,933.0,56.16,11.95,26.48,White,Low_poverty,LPW,32.8224202,-117.0706856
60730132043,1262.0,5.15,22.9,94.85,Minority,Low_poverty,LPM,32.5970681,-117.061673
60730039012,1205.0,2.57,36.27,90.38,Minority,High_poverty,HPM,32.7042748,-117.1292025
60730053004,1530.0,77.84,3.79,12.09,White,Low_poverty,LPW,32.7122964,-117.1645989
60730087023,1442.0,26.7,18.93,59.43,Minority,Low_poverty,LPM,32.8047319,-117.1529376
60730085103,1661.0,59.12,9.27,29.8,White,Low_poverty,LPW,32.8115034,-117.1577385
60730170411,1770.0,88.42,3.36,10.4,White,Low_poverty,LPW,32.9681535,-117.0469701
60730049001,1232.0,13.47,25.65,85.23,Minority,Low_poverty,LPM,32.7027506,-117.1352187
60730209031,400.0,79.5,12.75,15.75,White,Low_poverty,LPW,33.330477,-116.7941963
60730128003,1962.0,19.52,23.39,75.74,Minority,Low_poverty,LPM,32.6349631,-117.0751706
60730167023,762.0,80.45,3.81,19.55,White,Low_poverty,LPW,32.8332275,-116.9363959
60730154053,1443.0,85.03,9.98,12.33,White,Low_poverty,LPW,32.7677111,-116.9192317
60730207081,1846.0,67.93,6.61,18.04,White,Low_poverty,LPW,33.0880785,-117.066471
60730083602,1796.0,17.2,14.81,33.68,Other,Low_poverty,LPO,32.8992181,-117.1304432
60730185192,3052.0,17.23,11.15,76.8,Minority,Low_poverty,LPM,33.1902533,-117.2843
60730096041,621.0,66.34,6.44,30.6,White,Low_poverty,LPW,32.7905192,-117.0866324
60730098043,836.0,69.5,3.59,14.0,White,Low_poverty,LPW,32.8111103,-117.0162094
60730181006,861.0,73.17,0.0,0.0,White,Low_poverty,LPW,33.1807537,-117.3595858
60730185193,1084.0,14.85,18.73,75.55,Minority,Low_poverty,LPM,33.1963211,-117.2835532
60730170154,1586.0,57.31,8.01,24.27,White,Low_poverty,LPW,33.0285775,-117.0754927
60730083651,1737.0,44.39,2.53,3.74,Other,Low_poverty,LPO,32.9450495,-117.1384059
60730199022,1619.0,19.15,15.63,70.04,Minority,Low_poverty,LPM,33.166797,-117.2093686
60730137021,2544.0,38.05,14.4,52.2,Minority,Low_poverty,LPM,32.7446587,-116.9954646
60730170212,1763.0,85.82,4.96,6.52,White,Low_poverty,LPW,33.0016204,-116.9905713
60730201033,3046.0,65.43,5.19,20.32,White,Low_poverty,LPW,33.1887067,-117.1031898
60730032041,1467.0,39.47,7.92,47.58,Other,Low_poverty,LPO,32.6547185,-117.0575927
60730030042,2488.0,7.96,26.0,82.52,Minority,Low_poverty,LPM,32.7134551,-117.0558244
60730027092,1707.0,24.72,29.94,58.82,Minority,Low_poverty,LPM,32.7425185,-117.0906967
60730170541,1369.0,67.06,6.16,18.7,White,Low_poverty,LPW,32.9844011,-117.0567997
60730098041,2147.0,71.54,6.93,19.38,White,Low_poverty,LPW,32.8064007,-117.0116434
60730201032,2474.0,47.41,6.02,38.52,Other,Low_poverty,LPO,33.1677467,-117.0674269
60730204051,1405.0,72.1,4.63,21.07,White,Low_poverty,LPW,33.0859277,-117.0962247
60730085033,1858.0,72.17,8.18,14.37,White,Low_poverty,LPW,32.816749,-117.2077334
60730136013,2000.0,45.85,10.5,41.6,Other,Low_poverty,LPO,32.7492848,-116.970827
60730128002,1211.0,27.66,4.87,67.13,Minority,Low_poverty,LPM,32.6344751,-117.068545
60730092021,3832.0,51.91,10.57,24.24,White,Low_poverty,LPW,32.7820463,-117.1473603
60730178112,2409.0,81.2,5.02,4.19,White,Low_poverty,LPW,33.1171616,-117.3071127
60730194031,2849.0,44.44,1.59,45.84,Other,Low_poverty,LPO,33.2094426,-117.2667155
60730031082,1635.0,24.71,3.32,57.19,Minority,Low_poverty,LPM,32.7032002,-117.0161265
60730139072,2683.0,16.25,9.58,75.36,Minority,Low_poverty,LPM,32.7218712,-117.0019985
60730032072,2179.0,21.16,4.08,58.06,Minority,Low_poverty,LPM,32.6746475,-117.034918
60730166142,1994.0,66.9,7.38,24.07,White,Low_poverty,LPW,32.8508558,-116.9912391
60730100042,3181.0,3.4,9.71,84.87,Minority,Low_poverty,LPM,32.5709587,-117.0593457
60730046001,1437.0,49.48,10.93,38.0,Other,Low_poverty,LPO,32.7169839,-117.1446108
60730076006,440.0,100.0,5.68,0.0,White,Low_poverty,LPW,32.7843246,-117.2527148
60730186141,1490.0,38.79,0.74,38.86,Other,Low_poverty,LPO,33.2260805,-117.3341562
60730085062,1385.0,59.78,4.33,26.42,White,Low_poverty,LPW,32.8318409,-117.1906459
60730185141,4409.0,47.54,12.76,38.08,Other,Low_poverty,LPO,33.2283633,-117.29996
60730151003,862.0,60.56,13.96,35.27,White,Low_poverty,LPW,32.7837232,-116.9952225
60730033053,3062.0,9.47,28.97,83.15,Minority,Low_poverty,LPM,32.6941911,-117.0901211
60730178011,1323.0,58.81,3.25,39.83,White,Low_poverty,LPW,33.1643019,-117.3391565
60730186142,1350.0,33.26,1.63,46.6,Other,Low_poverty,LPO,33.2343627,-117.3274901
60730083123,539.0,71.61,2.6,2.6,White,Low_poverty,LPW,32.8649886,-117.2479486
60730083474,438.0,36.07,4.57,5.71,Other,Low_poverty,LPO,32.9292352,-117.1498655
60730060003,1508.0,80.37,5.37,11.94,White,Low_poverty,LPW,32.7356854,-117.1663872
60730022012,1581.0,13.47,24.35,72.29,Minority,Low_poverty,LPM,32.752384,-117.1144392
60730185091,1686.0,9.91,26.22,78.23,Minority,Low_poverty,LPM,33.1972797,-117.3632512
60730170451,2686.0,49.07,1.86,9.16,Other,Low_poverty,LPO,32.9301351,-117.0679368
60730185162,1317.0,32.73,11.01,52.85,Minority,Low_poverty,LPM,33.1983332,-117.2931195
60730083361,949.0,66.91,0.0,10.01,White,Low_poverty,LPW,32.9676947,-117.135818
60730168112,1761.0,63.26,5.62,26.12,White,Low_poverty,LPW,32.8389918,-116.9009581
60730191014,1460.0,31.37,12.53,29.52,Other,Low_poverty,LPO,33.3930991,-117.0923286
60730211004,405.0,52.59,0.0,38.77,White,Low_poverty,LPW,32.6308513,-116.2137693
60730198064,2920.0,61.47,1.71,16.3,White,Low_poverty,LPW,33.1585001,-117.2771634
60730178013,2410.0,74.19,4.11,8.92,White,Low_poverty,LPW,33.1667362,-117.3271523
60730083622,674.0,79.38,5.64,10.83,White,Low_poverty,LPW,32.8549942,-117.234097
60730116011,1800.0,3.28,36.78,87.5,Minority,High_poverty,HPM,32.6674824,-117.0922986
60730028033,636.0,84.43,3.14,7.71,White,Low_poverty,LPW,32.765039,-117.084785
60730162021,1016.0,45.28,16.04,33.27,Other,Low_poverty,LPO,32.8175505,-116.9713285
60730031081,2162.0,16.51,13.87,72.34,Minority,Low_poverty,LPM,32.7098577,-117.0152661
60730173051,1234.0,77.39,3.32,9.0,White,Low_poverty,LPW,33.0061848,-117.2528278
60730029052,1098.0,44.17,11.29,38.52,Other,Low_poverty,LPO,32.7691597,-117.0435075
60730083461,3321.0,54.14,2.59,6.62,White,Low_poverty,LPW,32.9089362,-117.1935293
60730083071,1161.0,63.82,9.99,10.08,White,Low_poverty,LPW,32.8467083,-117.2156597
60730102002,815.0,47.12,1.6,52.88,Minority,Low_poverty,LPM,32.5729209,-117.1206433
60730085111,4989.0,41.63,7.45,31.13,Other,Low_poverty,LPO,32.8260087,-117.1415707
60730008002,710.0,72.54,0.0,20.28,White,Low_poverty,LPW,32.7439171,-117.1398307
60730207062,1695.0,60.24,7.73,31.33,White,Low_poverty,LPW,33.1127084,-117.0313034
60730079102,1516.0,86.08,22.03,5.41,White,Low_poverty,LPW,32.7961156,-117.2491983
60730178091,2214.0,80.08,4.88,12.15,White,Low_poverty,LPW,33.1575414,-117.3267034
60730083291,2971.0,63.72,12.69,20.13,White,Low_poverty,LPW,32.9495005,-117.2310555
60730009004,963.0,66.67,19.52,17.24,White,Low_poverty,LPW,32.7493632,-117.1444141
60730085071,1245.0,53.73,0.48,43.93,White,Low_poverty,LPW,32.8279861,-117.1699566
60730186143,2860.0,43.64,15.56,41.09,Other,Low_poverty,LPO,33.2318988,-117.3339269
60730200262,2074.0,68.42,17.86,17.27,White,Low_poverty,LPW,33.1309135,-117.176135
60730083591,2589.0,30.13,12.56,35.5,Other,Low_poverty,LPO,32.9112333,-117.1204195
60730158021,774.0,64.6,25.04,24.55,White,Low_poverty,LPW,32.793816,-116.9580078
60730168021,1692.0,97.4,8.16,1.12,White,Low_poverty,LPW,32.8624431,-116.8562907
60730188012,1965.0,72.77,4.38,24.58,White,Low_poverty,LPW,33.3601692,-117.2178536
60730143002,1524.0,27.76,8.79,59.85,Minority,Low_poverty,LPM,32.7379784,-117.034085
60730212043,531.0,59.51,24.11,12.05,White,Low_poverty,LPW,32.8259683,-116.7019634
60730219001,6105.0,32.91,27.58,53.76,Minority,Low_poverty,LPM,32.6525486,-117.1156959
60730202061,1983.0,20.93,15.4,70.85,Minority,Low_poverty,LPM,33.1438442,-117.0611297
60730129001,1492.0,30.09,6.43,65.62,Minority,Low_poverty,LPM,32.6250497,-117.0696679
60730023011,1400.0,20.29,14.36,69.36,Minority,Low_poverty,LPM,32.7576864,-117.0901086
60730160002,1538.0,67.3,9.82,24.0,White,Low_poverty,LPW,32.7876313,-116.9832348
60730148043,1087.0,43.61,17.39,42.32,Other,Low_poverty,LPO,32.7823638,-117.0362222
60730194042,2252.0,13.68,10.71,84.77,Minority,Low_poverty,LPM,33.2150522,-117.2491669
60730155022,1539.0,93.11,8.03,3.44,White,Low_poverty,LPW,32.8339231,-116.8310292
60730167021,1868.0,71.31,16.17,21.15,White,Low_poverty,LPW,32.8534866,-116.9287451
60730166161,1610.0,57.33,14.01,34.29,White,Low_poverty,LPW,32.8358792,-116.991567
60730181005,726.0,52.62,3.31,34.57,White,Low_poverty,LPW,33.1779586,-117.3662718
60730170401,1935.0,61.14,3.57,23.15,White,Low_poverty,LPW,32.9709234,-117.060374
60730091032,1024.0,66.02,6.64,26.75,White,Low_poverty,LPW,32.7900629,-117.1934569
60730018002,1433.0,28.54,65.53,68.11,Minority,High_poverty,HPM,32.7629759,-117.1158402
60730171063,1198.0,93.66,3.34,6.34,White,Low_poverty,LPW,33.0343151,-117.2103363
60730201052,2968.0,36.62,9.62,54.58,Minority,Low_poverty,LPM,33.1518649,-117.0943743
60730209042,763.0,96.59,7.34,0.0,White,Low_poverty,LPW,33.046831,-116.5567708
60730185043,1569.0,57.43,33.63,28.81,White,High_poverty,HPW,33.1853196,-117.3325739
60730200291,2125.0,43.72,13.38,54.82,Minority,Low_poverty,LPM,33.1370638,-117.1933342
60730131021,1265.0,23.95,10.79,75.97,Minority,Low_poverty,LPM,32.6189707,-117.0644316
60730079071,1996.0,74.45,16.13,15.53,White,Low_poverty,LPW,32.7961399,-117.2436491
60730170224,860.0,58.95,10.81,27.91,White,Low_poverty,LPW,32.9007141,-117.1041111
60730027051,2512.0,9.75,9.6,46.18,Other,Low_poverty,LPO,32.7308408,-117.0837145
60730096022,1002.0,60.98,10.51,18.17,White,Low_poverty,LPW,32.7944942,-117.0931555
60730093012,1502.0,56.72,8.23,16.77,White,Low_poverty,LPW,32.7964852,-117.1342016
60730081021,734.0,88.28,2.45,6.81,White,Low_poverty,LPW,32.822908,-117.2799949
60730181004,607.0,86.49,6.92,10.21,White,Low_poverty,LPW,33.1711382,-117.3631643
60730170303,998.0,98.4,18.2,1.6,White,Low_poverty,LPW,33.0502398,-117.073982
60730198082,1609.0,65.76,4.23,9.26,White,Low_poverty,LPW,33.1679034,-117.2553359
60730171093,865.0,72.6,4.39,14.45,White,Low_poverty,LPW,33.0778466,-117.2346026
60730044004,904.0,70.91,16.81,23.12,White,Low_poverty,LPW,32.7217328,-117.1320767
60730170492,2323.0,48.51,17.31,34.74,Other,Low_poverty,LPO,32.9420605,-117.0304498
60730201082,1034.0,45.16,30.95,51.45,Minority,High_poverty,HPM,33.1380161,-117.0908506
60730101112,1650.0,8.42,22.67,90.42,Minority,Low_poverty,LPM,32.5639003,-117.068194
60730190012,1932.0,75.88,6.01,17.34,White,Low_poverty,LPW,33.4136325,-117.196097
60730051001,1881.0,26.69,26.32,51.04,Minority,Low_poverty,LPM,32.7089039,-117.1498194
60730173031,1062.0,75.61,2.54,10.64,White,Low_poverty,LPW,32.9977034,-117.2694178
60730026022,1292.0,9.52,16.87,73.07,Minority,Low_poverty,LPM,32.7371672,-117.094323
60730146022,2261.0,15.75,3.41,63.25,Minority,Low_poverty,LPM,32.7535513,-117.0184996
60730101063,1116.0,6.99,10.93,89.34,Minority,Low_poverty,LPM,32.5678923,-117.0707445
60730083101,1443.0,39.57,12.82,37.08,Other,Low_poverty,LPO,32.8325156,-117.2391334
60730098024,2421.0,57.87,25.11,33.7,White,Low_poverty,LPW,32.7936526,-117.0125446
60730085023,1037.0,65.77,6.75,22.57,White,Low_poverty,LPW,32.8364535,-117.2086423
60730188031,383.0,85.64,11.49,12.27,White,Low_poverty,LPW,33.3018896,-117.1742937
60730083431,2870.0,41.39,29.16,21.77,Other,Low_poverty,LPO,32.8631048,-117.2191367
60730135032,2108.0,18.17,16.37,72.25,Minority,Low_poverty,LPM,32.74467,-116.9802662
60730085043,1111.0,61.21,9.72,29.43,White,Low_poverty,LPW,32.8225815,-117.199538
60730053001,1040.0,65.58,17.21,18.95,White,Low_poverty,LPW,32.7178015,-117.1588227
60730200172,866.0,25.06,4.56,69.17,Minority,Low_poverty,LPM,33.1463447,-117.2243167
60730170342,816.0,59.19,14.83,14.46,White,Low_poverty,LPW,32.9936729,-117.0885179
60730035022,2280.0,3.73,50.35,94.78,Minority,High_poverty,HPM,32.698573,-117.1094135
60730085041,1287.0,60.99,8.39,35.74,White,Low_poverty,LPW,32.8304182,-117.2004751
60730134171,2071.0,20.91,2.61,56.73,Minority,Low_poverty,LPM,32.65904,-116.9844864
60730215002,3580.0,54.92,2.74,6.56,White,Low_poverty,LPW,32.952985,-117.2061648
60730131041,2335.0,6.25,9.25,90.8,Minority,Low_poverty,LPM,32.6125568,-117.0799849
60730207063,1860.0,73.28,3.17,15.59,White,Low_poverty,LPW,33.0879345,-117.0378217
60730191063,3219.0,49.33,5.61,20.35,Other,Low_poverty,LPO,33.2123663,-117.0016525
60730032122,2819.0,14.22,8.1,54.49,Minority,Low_poverty,LPM,32.6709119,-117.0545579
60730086004,1698.0,4.65,32.21,83.75,Minority,High_poverty,HPM,32.789346,-117.1697593
60730160001,727.0,34.39,26.7,57.08,Minority,Low_poverty,LPM,32.790651,-116.9750142
60730216002,818.0,82.15,14.91,16.26,White,Low_poverty,LPW,32.6776539,-117.1725041
60730079032,1681.0,85.54,33.31,8.03,White,High_poverty,HPW,32.8019569,-117.237076
60730027081,1459.0,15.15,36.6,70.05,Minority,High_poverty,HPM,32.7552225,-117.0812058
60730101105,550.0,47.64,2.73,11.27,Other,Low_poverty,LPO,32.5634746,-117.0883263
60730102001,2768.0,38.15,36.05,32.11,Other,High_poverty,HPO,32.5599268,-117.1209865
60730201084,1491.0,37.76,12.45,41.25,Other,Low_poverty,LPO,33.1385599,-117.082273
60730119024,1188.0,4.04,3.87,76.43,Minority,Low_poverty,LPM,32.6915933,-117.0843513
60730083332,8751.0,50.18,4.14,12.43,White,Low_poverty,LPW,32.9296949,-117.221605
60730001002,1589.0,81.94,1.89,8.87,White,Low_poverty,LPW,32.7519389,-117.1882694
60730198083,1762.0,98.3,4.31,0.0,White,Low_poverty,LPW,33.1582981,-117.2661544
60730203053,1595.0,55.99,10.74,33.6,White,Low_poverty,LPW,33.1467733,-117.1162727
60730154044,1960.0,65.46,3.78,20.87,White,Low_poverty,LPW,32.7836572,-116.9323247
60730134202,2189.0,19.14,5.07,38.65,Other,Low_poverty,LPO,32.6398346,-117.0228831
60730178081,1020.0,75.69,9.31,18.33,White,Low_poverty,LPW,33.0945768,-117.2739641
60730168022,1914.0,63.27,3.0,22.51,White,Low_poverty,LPW,32.8728267,-116.8357461
60730170211,1605.0,76.76,1.19,11.28,White,Low_poverty,LPW,32.9902339,-117.0156259
60730108001,1347.0,72.38,12.1,19.23,White,Low_poverty,LPW,32.6898948,-117.1805303
60730174045,938.0,90.3,0.0,3.3,White,Low_poverty,LPW,33.0214165,-117.2701472
60730185191,1410.0,38.44,9.08,46.03,Other,Low_poverty,LPO,33.2007487,-117.2830749
60730202022,2817.0,9.98,38.23,85.66,Minority,High_poverty,HPM,33.1327352,-117.0727679
60730153021,2944.0,66.1,8.86,19.91,White,Low_poverty,LPW,32.7777632,-116.9697737
60730200252,1214.0,68.37,9.74,24.96,White,Low_poverty,LPW,33.1387245,-117.1333728
60730208052,1895.0,55.62,7.01,39.0,White,Low_poverty,LPW,33.035168,-116.8959245
60730170522,2208.0,52.26,0.0,12.14,White,Low_poverty,LPW,33.0018515,-117.077922
60730100012,3790.0,18.26,2.3,64.65,Minority,Low_poverty,LPM,32.5870375,-117.0554842
60730098052,744.0,74.06,8.06,7.79,White,Low_poverty,LPW,32.8175002,-117.0327383
60730073023,657.0,85.24,3.81,7.76,White,Low_poverty,LPW,32.7331882,-117.2466578
60730083502,1497.0,38.34,13.23,6.42,Other,Low_poverty,LPO,32.8995311,-117.1749459
60730065003,1435.0,47.53,27.67,44.12,Other,Low_poverty,LPO,32.7452495,-117.1898623
60730083582,775.0,29.42,0.0,13.68,Other,Low_poverty,LPO,32.9146549,-117.1280625
60730027031,1673.0,33.05,2.39,40.11,Other,Low_poverty,LPO,32.7489833,-117.0671988
60730133093,837.0,20.43,1.94,78.49,Minority,Low_poverty,LPM,32.61856,-117.0371618
60730085022,1008.0,35.42,5.75,34.92,Other,Low_poverty,LPO,32.8362778,-117.1995973
60730035013,1085.0,12.17,62.21,80.92,Minority,High_poverty,HPM,32.7090817,-117.1153684
60730025013,1843.0,7.7,36.03,73.63,Minority,High_poverty,HPM,32.7422983,-117.1041651
60730172001,867.0,95.5,1.96,4.5,White,Low_poverty,LPW,32.958249,-117.2672738
60730100094,682.0,0.0,15.88,100.0,Minority,Low_poverty,LPM,32.544742,-117.0382219
60730083012,1069.0,75.3,3.37,15.62,White,Low_poverty,LPW,32.8149109,-117.2357728
60730033031,2172.0,9.85,27.49,88.63,Minority,Low_poverty,LPM,32.69034,-117.0983788
60730083302,2827.0,41.17,7.25,8.31,Other,Low_poverty,LPO,32.9515311,-117.2257179
60730167011,7841.0,70.02,7.65,17.21,White,Low_poverty,LPW,32.8336124,-116.9486869
60730194051,757.0,49.8,1.59,43.06,Other,Low_poverty,LPO,33.2006149,-117.2766244
60730083331,7612.0,56.38,3.7,4.88,White,Low_poverty,LPW,32.9235872,-117.201021
60730085122,1428.0,70.45,8.05,13.09,White,Low_poverty,LPW,32.8095472,-117.1848356
60730141021,2480.0,9.56,6.21,59.84,Minority,Low_poverty,LPM,32.715851,-117.040256
60730170193,2272.0,81.73,3.04,4.18,White,Low_poverty,LPW,33.0475966,-117.0492638
60730138011,2372.0,33.98,32.97,55.61,Minority,High_poverty,HPM,32.7514376,-117.0060058
60730199053,511.0,39.92,2.35,16.05,Other,Low_poverty,LPO,33.1518414,-117.2337908
60730148062,1532.0,47.65,6.14,37.14,Other,Low_poverty,LPO,32.7717214,-117.0350038
60730200163,3318.0,71.79,1.24,10.58,White,Low_poverty,LPW,33.0777915,-117.251014
60730176013,2660.0,89.29,2.6,3.72,White,Low_poverty,LPW,33.0812238,-117.2787053
60730097033,1401.0,66.45,16.92,29.62,White,Low_poverty,LPW,32.7923069,-117.0769105
60730155011,872.0,71.56,5.62,24.31,White,Low_poverty,LPW,32.7961175,-116.864254
60730083373,1667.0,50.39,1.08,11.52,White,Low_poverty,LPW,32.9553442,-117.1368837
60730051002,5821.0,46.14,34.87,44.34,Other,High_poverty,HPO,32.7028942,-117.1532998
60730200232,1764.0,60.71,3.17,27.72,White,Low_poverty,LPW,33.1521238,-117.1355052
60730168111,3057.0,68.14,14.33,23.72,White,Low_poverty,LPW,32.8489128,-116.8961586
60730200161,2183.0,87.77,0.6,9.85,White,Low_poverty,LPW,33.0712908,-117.2532062
60730186132,522.0,43.49,2.68,53.64,Minority,Low_poverty,LPM,33.2368019,-117.3351131
60730206022,1372.0,47.67,33.75,36.95,Other,High_poverty,HPO,33.1225939,-117.0736699
60730186111,1835.0,86.87,3.0,9.7,White,Low_poverty,LPW,33.2903714,-117.2593504
60730176042,2368.0,76.01,1.06,11.91,White,Low_poverty,LPW,33.0559657,-117.264541
60730083661,6753.0,49.43,2.75,6.71,Other,Low_poverty,LPO,32.9526852,-117.1604288
60730088001,2441.0,11.39,14.95,48.91,Other,Low_poverty,LPO,32.78966,-117.161958
60730108002,1389.0,92.58,6.62,4.68,White,Low_poverty,LPW,32.6914848,-117.1850928
60730148052,2302.0,58.86,9.12,20.16,White,Low_poverty,LPW,32.7760616,-117.0352673
60730100093,626.0,1.6,3.83,98.4,Minority,Low_poverty,LPM,32.5530167,-117.0543927
60730030033,1230.0,17.8,17.08,65.45,Minority,Low_poverty,LPM,32.7194589,-117.0542176
60730170322,3071.0,43.67,1.27,13.48,Other,Low_poverty,LPO,33.0055028,-117.0851944
60730192054,908.0,33.81,42.29,56.38,Minority,High_poverty,HPM,33.2210405,-117.2277715
60730134012,2400.0,26.71,5.61,69.25,Minority,Low_poverty,LPM,32.6312681,-117.0547737
60730027084,1779.0,6.69,22.6,67.29,Minority,Low_poverty,LPM,32.7510443,-117.0864515
60730207092,1569.0,54.56,3.98,38.43,White,Low_poverty,LPW,33.1332732,-117.0394911
60730095053,2662.0,57.02,5.94,14.05,White,Low_poverty,LPW,32.8317322,-117.0927792
60730032071,1672.0,29.43,10.37,45.87,Other,Low_poverty,LPO,32.6651407,-117.0336283
60730095102,2426.0,55.85,11.42,36.81,White,Low_poverty,LPW,32.8171946,-117.1103281
60730102006,726.0,51.65,18.6,48.35,White,Low_poverty,LPW,32.5803697,-117.1217501
60730168043,2162.0,80.99,2.41,13.32,White,Low_poverty,LPW,32.8597232,-116.9133873
60730170421,3481.0,51.82,5.06,11.18,White,Low_poverty,LPW,32.9428131,-117.0719571
60730190011,641.0,72.07,18.56,25.12,White,Low_poverty,LPW,33.4667347,-117.3567733
60730203061,7674.0,55.6,11.21,29.8,White,Low_poverty,LPW,33.1094305,-117.1490799
60730186011,1800.0,49.78,1.29,39.39,Other,Low_poverty,LPO,33.2152148,-117.374912
60730166081,2737.0,73.11,7.8,20.46,White,Low_poverty,LPW,32.8685872,-116.9617915
60730101092,3322.0,4.52,4.73,87.83,Minority,Low_poverty,LPM,32.5609914,-117.0697521
60730155012,2950.0,69.05,8.14,27.15,White,Low_poverty,LPW,32.8352003,-116.8598662
60730136051,3393.0,67.4,10.43,24.43,White,Low_poverty,LPW,32.7603692,-116.9372036
60730186121,1922.0,76.48,6.14,19.72,White,Low_poverty,LPW,33.2550012,-117.2609565
60730166123,2343.0,69.83,7.04,17.54,White,Low_poverty,LPW,32.8559001,-117.000469
60730170481,2172.0,28.59,19.71,44.2,Other,Low_poverty,LPO,32.9517892,-117.0575913
60730171064,867.0,80.16,4.44,19.84,White,Low_poverty,LPW,33.0152845,-117.2134778
60730031033,1610.0,8.51,10.24,77.95,Minority,Low_poverty,LPM,32.7098993,-117.0467913
60730085034,1409.0,62.17,16.82,23.63,White,Low_poverty,LPW,32.8172972,-117.2134308
60730039024,609.0,2.3,9.52,96.39,Minority,Low_poverty,LPM,32.6968615,-117.1289907
60730120021,775.0,17.55,16.8,35.87,Other,Low_poverty,LPO,32.6801334,-117.0835902
60730193022,2122.0,62.35,5.18,15.03,White,Low_poverty,LPW,33.2162993,-117.2806609
60730133011,2951.0,17.99,8.69,73.57,Minority,Low_poverty,LPM,32.6258914,-117.0514131
60730212052,1715.0,72.89,8.63,18.6,White,Low_poverty,LPW,32.825506,-116.7671371
60730220001,1573.0,12.84,11.13,45.14,Other,Low_poverty,LPO,32.6835515,-117.0876963
60730100151,3821.0,6.6,5.46,83.04,Minority,Low_poverty,LPM,32.5601366,-116.9530619
60730208103,3392.0,83.99,3.5,13.36,White,Low_poverty,LPW,33.017643,-116.8133833
60730214001,4359.0,49.78,1.3,25.94,Other,Low_poverty,LPO,32.7335567,-117.2165766
60730133102,19303.0,10.28,5.41,58.35,Minority,Low_poverty,LPM,32.6365618,-116.98055
60730183003,458.0,86.24,1.75,6.11,White,Low_poverty,LPW,33.2063374,-117.3940656
60730080032,1379.0,73.68,9.14,11.09,White,Low_poverty,LPW,32.8054473,-117.2513908
60730083611,1913.0,42.86,30.32,15.21,Other,High_poverty,HPO,32.8689428,-117.2340925
60730198091,1682.0,66.11,9.69,14.81,White,Low_poverty,LPW,33.1774473,-117.263108
60730203081,887.0,56.93,23.91,26.16,White,Low_poverty,LPW,33.1376588,-117.0949781
60730203092,2273.0,29.39,10.73,49.62,Other,Low_poverty,LPO,33.134898,-117.103094
60730211003,4830.0,48.76,24.83,46.84,Other,Low_poverty,LPO,32.6477541,-116.4559297
60730212051,2121.0,76.9,6.08,19.52,White,Low_poverty,LPW,32.8358604,-116.7889381
60730106012,1004.0,66.33,7.97,25.4,White,Low_poverty,LPW,32.623646,-117.1291938
60730148053,1305.0,54.33,14.41,28.05,White,Low_poverty,LPW,32.7768618,-117.0438597
60730089022,1065.0,55.31,3.66,33.99,White,Low_poverty,LPW,32.7666935,-117.1740746
60730093061,2851.0,62.29,8.31,19.93,White,Low_poverty,LPW,32.7992122,-117.12126
60730093064,1381.0,50.98,15.21,18.46,White,Low_poverty,LPW,32.8000419,-117.1158305
60730048002,1605.0,7.98,39.63,89.97,Minority,High_poverty,HPM,32.7094888,-117.1402846
60730093014,1019.0,55.45,44.06,29.05,White,High_poverty,HPW,32.8035881,-117.1316526
60730093053,1013.0,59.43,2.17,32.38,White,Low_poverty,LPW,32.7912715,-117.1261021
60730097044,637.0,86.97,3.77,0.47,White,Low_poverty,LPW,32.8023694,-117.0600514
60730136064,1426.0,75.46,8.87,16.97,White,Low_poverty,LPW,32.7468552,-116.9316642
60730142004,957.0,57.37,7.94,32.71,White,Low_poverty,LPW,32.7335355,-117.0379761
60730157013,1731.0,34.72,21.78,55.64,Minority,Low_poverty,LPM,32.797555,-116.947777
60730077011,1126.0,75.84,0.0,13.23,White,Low_poverty,LPW,32.7911199,-117.2432015
60730077022,1490.0,89.19,5.44,5.17,White,Low_poverty,LPW,32.7913901,-117.2349498
60730080062,902.0,82.82,2.22,11.31,White,Low_poverty,LPW,32.8102035,-117.2624318
60730081012,934.0,86.72,8.04,3.96,White,Low_poverty,LPW,32.8368915,-117.2741359
60730095054,1978.0,51.57,0.0,20.52,White,Low_poverty,LPW,32.8376586,-117.0929441
60730101122,2365.0,4.4,24.06,92.86,Minority,Low_poverty,LPM,32.5657562,-117.0775449
60730134114,1099.0,30.12,6.73,33.94,Other,Low_poverty,LPO,32.6586603,-117.002839
60730083031,1274.0,81.0,11.3,5.65,White,Low_poverty,LPW,32.8375413,-117.2644905
60730085024,1107.0,71.36,5.24,20.96,White,Low_poverty,LPW,32.8353226,-117.2110193
60730087022,1622.0,54.93,7.09,19.23,White,Low_poverty,LPW,32.7812135,-117.1582498
60730080061,618.0,87.22,6.47,9.23,White,Low_poverty,LPW,32.8083362,-117.2677365
60730149021,2503.0,61.57,12.88,23.85,White,Low_poverty,LPW,32.7705516,-117.013258
60730027112,1274.0,17.35,7.46,40.66,Other,Low_poverty,LPO,32.7400539,-117.0762187
60730031142,2189.0,8.5,15.06,34.86,Other,Low_poverty,LPO,32.6997221,-117.0468684
60730191033,1742.0,72.68,9.18,25.32,White,Low_poverty,LPW,33.2595035,-117.0509791
60730168093,2550.0,73.1,8.02,23.53,White,Low_poverty,LPW,32.83514,-116.8968405
60730139032,2749.0,27.14,6.27,50.49,Minority,Low_poverty,LPM,32.7023018,-116.9939347
60730171101,1692.0,86.94,8.16,8.33,White,Low_poverty,LPW,33.0526045,-117.1659409
60730178132,2326.0,79.15,4.73,7.65,White,Low_poverty,LPW,33.1291832,-117.3337769
60730174014,917.0,82.66,0.0,6.0,White,Low_poverty,LPW,33.0125287,-117.2732545
60730178012,1284.0,74.3,4.75,5.45,White,Low_poverty,LPW,33.1727884,-117.341198
60730200282,2458.0,2.77,38.97,94.42,Minority,High_poverty,HPM,33.1418026,-117.1724808
60730182003,1516.0,31.0,12.91,59.17,Minority,Low_poverty,LPM,33.1944838,-117.3715626
60730185131,3006.0,44.41,3.53,34.77,Other,Low_poverty,LPO,33.2101376,-117.3068009
60730185143,2171.0,56.24,3.13,32.19,White,Low_poverty,LPW,33.2317069,-117.2881845
60730159024,2705.0,64.81,23.07,32.65,White,Low_poverty,LPW,32.7822113,-116.9655259
60730166062,1268.0,85.88,6.61,11.05,White,Low_poverty,LPW,32.8453362,-117.0171038
60730166162,2831.0,75.42,13.14,16.07,White,Low_poverty,LPW,32.8287571,-116.9938183
60730125021,1481.0,7.16,26.6,82.79,Minority,Low_poverty,LPM,32.6421028,-117.1094056
60730125023,1427.0,19.27,14.79,76.38,Minority,Low_poverty,LPM,32.6441796,-117.0966479
60730155013,1358.0,78.79,7.66,17.3,White,Low_poverty,LPW,32.8065021,-116.8765334
60730162013,2031.0,80.35,0.59,8.47,White,Low_poverty,LPW,32.8093157,-116.9981607
60730165042,2741.0,46.37,9.52,46.15,Other,Low_poverty,LPO,32.8101731,-116.9576263
60730170292,1773.0,86.69,7.5,3.72,White,Low_poverty,LPW,32.9942725,-117.1996448
60730170392,3912.0,53.43,3.25,14.52,White,Low_poverty,LPW,32.957734,-117.095822
60730170423,2600.0,43.58,0.88,11.81,Other,Low_poverty,LPO,32.9411708,-117.0954248
60730170442,3394.0,53.27,0.59,5.69,White,Low_poverty,LPW,32.9297891,-117.0902213
60730170523,1167.0,34.36,23.22,9.0,Other,Low_poverty,LPO,32.9963355,-117.0711508
60730170552,2222.0,46.58,3.69,8.29,Other,Low_poverty,LPO,32.9766927,-117.0768774
60730170553,1673.0,50.75,1.14,6.99,White,Low_poverty,LPW,32.9835542,-117.0704454
60730166131,701.0,82.6,5.56,7.56,White,Low_poverty,LPW,32.847615,-117.0004516
60730170543,814.0,72.73,5.04,20.76,White,Low_poverty,LPW,32.9817495,-117.0341763
60730132062,1602.0,16.1,8.24,80.02,Minority,Low_poverty,LPM,32.594187,-117.0700909
60730134103,1643.0,37.49,0.79,41.81,Other,Low_poverty,LPO,32.671036,-117.004306
60730134201,1279.0,31.9,5.94,43.32,Other,Low_poverty,LPO,32.6411837,-117.0095477
60730136053,1389.0,76.67,1.94,22.1,White,Low_poverty,LPW,32.7575383,-116.9651432
60730208112,2060.0,91.84,1.84,6.75,White,Low_poverty,LPW,32.9883635,-116.8066692
60730212061,3274.0,86.07,2.13,8.89,White,Low_poverty,LPW,32.8633016,-116.7519651
60730215001,6769.0,46.68,8.75,14.18,Other,Low_poverty,LPO,32.9506518,-117.1858644
60730133131,19689.0,15.03,7.97,47.64,Other,Low_poverty,LPO,32.6023081,-116.9846947
60730221002,3911.0,36.23,9.1,52.78,Minority,Low_poverty,LPM,33.1189489,-117.2827405
60730025023,1465.0,29.62,31.81,61.71,Minority,High_poverty,HPM,32.7348737,-117.1065744
60730026023,1573.0,11.57,14.05,74.51,Minority,Low_poverty,LPM,32.7325627,-117.098789
60730029022,4390.0,36.61,35.1,50.29,Minority,High_poverty,HPM,32.7586341,-117.0622872
60730032143,1389.0,13.39,2.38,60.61,Minority,Low_poverty,LPM,32.6915701,-117.0247178
60730041004,2037.0,48.36,15.86,43.94,Other,Low_poverty,LPO,32.7149318,-117.124618
60730072002,3751.0,73.47,4.05,18.77,White,Low_poverty,LPW,32.7266569,-117.2544569
60730080065,1047.0,69.82,3.63,16.91,White,Low_poverty,LPW,32.810086,-117.2528027
60730083273,1015.0,87.29,1.67,0.0,White,Low_poverty,LPW,32.9703783,-117.2429643
60730083293,2462.0,60.44,3.66,8.0,White,Low_poverty,LPW,32.9442844,-117.2344082
60730002021,1331.0,88.73,11.19,7.21,White,Low_poverty,LPW,32.743901,-117.177338
60730027121,1634.0,19.09,11.14,68.24,Minority,Low_poverty,LPM,32.7320561,-117.0689777
60730083353,8244.0,42.61,9.95,15.02,Other,Low_poverty,LPO,32.968166,-117.1489095
60730203044,2164.0,60.03,2.4,33.73,White,Low_poverty,LPW,33.1800919,-117.1372485
60730207053,2413.0,61.58,4.11,31.37,White,Low_poverty,LPW,33.1130761,-117.056091
60730207101,1818.0,62.98,10.84,20.08,White,Low_poverty,LPW,33.0785891,-117.0160101
60730208102,506.0,93.87,4.74,1.78,White,Low_poverty,LPW,33.0106827,-116.8392827
60730186104,3302.0,9.54,6.94,83.79,Minority,Low_poverty,LPM,33.2517339,-117.3060363
60730186131,3551.0,42.58,16.36,35.87,Other,Low_poverty,LPO,33.2387371,-117.3293993
60730188025,2081.0,82.94,9.83,13.65,White,Low_poverty,LPW,33.3279249,-117.222931
60730196012,605.0,71.4,7.77,19.33,White,Low_poverty,LPW,33.2064735,-117.2300148
60730198033,1008.0,61.51,4.28,25.0,White,Low_poverty,LPW,33.1746991,-117.3061086
60730198063,5270.0,51.56,19.35,28.03,White,Low_poverty,LPW,33.1386145,-117.2515778
60730199043,2569.0,59.52,10.98,27.25,White,Low_poverty,LPW,33.1676372,-117.2365325
60730200152,2677.0,85.92,3.21,8.71,White,Low_poverty,LPW,33.0931946,-117.2320343
60730208111,2190.0,74.61,0.96,15.71,White,Low_poverty,LPW,32.9963997,-116.7615323
60730186033,2763.0,10.71,34.11,73.1,Minority,High_poverty,HPM,33.2095397,-117.3700612
60730200263,1718.0,57.1,1.92,19.03,White,Low_poverty,LPW,33.1237499,-117.1984217
60730200292,1588.0,37.03,22.17,45.15,Other,Low_poverty,LPO,33.1446894,-117.1850157
60730202131,1454.0,5.78,40.72,93.06,Minority,High_poverty,HPM,33.1340244,-117.0797672
60730202143,962.0,7.17,44.7,89.71,Minority,High_poverty,HPM,33.1317883,-117.0869749
60730083412,5779.0,30.11,47.79,5.73,Other,High_poverty,HPO,32.8717691,-117.216157
60730083462,1589.0,24.23,2.71,8.68,Other,Low_poverty,LPO,32.9322708,-117.156419
60730083532,2653.0,36.37,9.05,20.54,Other,Low_poverty,LPO,32.9282508,-117.1296278
60730083621,1652.0,66.71,16.77,7.81,White,Low_poverty,LPW,32.8635613,-117.2314058
60730083642,2430.0,31.98,30.82,22.3,Other,High_poverty,HPO,32.8621091,-117.2276112
60730083643,2286.0,47.55,21.43,4.89,Other,Low_poverty,LPO,32.858681,-117.2298905
60730083652,1270.0,58.19,2.22,8.11,White,Low_poverty,LPW,32.9395829,-117.1466907
60730085072,1184.0,24.66,11.66,29.39,Other,Low_poverty,LPO,32.8217726,-117.1692613
60730032085,1882.0,22.21,11.28,54.62,Minority,Low_poverty,LPM,32.6753334,-117.0454224
60730121011,2104.0,10.6,22.97,70.3,Minority,Low_poverty,LPM,32.6651034,-117.0878571
60730123032,1064.0,45.3,33.19,47.56,Other,High_poverty,HPO,32.6489674,-117.0809724
60730100102,2378.0,6.85,16.95,83.38,Minority,Low_poverty,LPM,32.5800861,-117.0666443
60730100112,2628.0,5.37,13.28,75.61,Minority,Low_poverty,LPM,32.581469,-117.0574236
60730134184,958.0,17.01,4.03,45.93,Other,Low_poverty,LPO,32.6462606,-116.9759709
60730156011,2471.0,59.29,10.24,31.16,White,Low_poverty,LPW,32.7955939,-116.9286515
60730127002,1486.0,15.07,16.42,73.89,Minority,Low_poverty,LPM,32.6328176,-117.0832736
60730133113,1059.0,23.98,3.59,25.31,Other,Low_poverty,LPO,32.6426216,-116.9599215
60730145003,853.0,43.49,4.22,47.24,Other,Low_poverty,LPO,32.7525635,-117.0462869
60730136012,1839.0,46.33,14.96,42.25,Other,Low_poverty,LPO,32.7545435,-116.9806013
60730161003,1821.0,60.13,1.65,33.72,White,Low_poverty,LPW,32.7989476,-117.0006799
60730073011,1202.0,82.03,7.4,10.07,White,Low_poverty,LPW,32.7370899,-117.2528295
60730164021,2922.0,77.89,12.83,20.16,White,Low_poverty,LPW,32.8105585,-116.905311
60730136041,1091.0,63.43,3.76,18.97,White,Low_poverty,LPW,32.7566309,-116.9227974
60730141022,1718.0,10.3,15.48,88.36,Minority,Low_poverty,LPM,32.718083,-117.0300311
60730086002,1830.0,5.9,44.81,79.62,Minority,High_poverty,HPM,32.7912362,-117.1722757
60730006002,1173.0,65.81,12.36,29.07,White,Low_poverty,LPW,32.753799,-117.154829
60730209032,209.0,44.5,25.36,8.13,Other,Low_poverty,LPO,33.1642663,-116.8084521
60730208091,2339.0,37.84,1.37,59.73,Minority,Low_poverty,LPM,33.044168,-116.8495908
60730208012,2276.0,79.13,3.94,14.1,White,Low_poverty,LPW,33.0548444,-116.9336186
60730208011,1297.0,59.29,20.82,24.6,White,Low_poverty,LPW,32.9903258,-116.9539243
60730207061,3042.0,73.57,4.66,17.59,White,Low_poverty,LPW,33.0987934,-117.0499759
60730206024,1195.0,73.56,5.19,20.75,White,Low_poverty,LPW,33.1171893,-117.0653549
60730206012,1366.0,21.45,8.59,66.03,Minority,Low_poverty,LPM,33.1178745,-117.0804787
60730110001,2076.0,74.71,3.7,19.6,White,Low_poverty,LPW,32.694483,-117.1685108
60730213032,6496.0,34.14,3.39,41.32,Other,Low_poverty,LPO,32.6989207,-116.9309592
60730213042,1211.0,73.66,2.89,19.15,White,Low_poverty,LPW,32.7174664,-116.8663817
60730106011,1149.0,81.64,6.88,13.05,White,Low_poverty,LPW,32.6239378,-117.13269
60730145002,1650.0,30.91,30.76,61.4,Minority,High_poverty,HPM,32.7472596,-117.0462655
60730140022,2772.0,18.72,5.71,64.68,Minority,Low_poverty,LPM,32.7277179,-117.0186373
60730085021,2307.0,71.82,11.57,12.92,White,Low_poverty,LPW,32.8414819,-117.2051731
60730085102,2097.0,57.61,11.06,22.22,White,Low_poverty,LPW,32.8114473,-117.1637832
60730085121,844.0,56.99,2.27,24.05,White,Low_poverty,LPW,32.8163296,-117.1834213
60730100111,1506.0,11.02,11.22,79.02,Minority,Low_poverty,LPM,32.5781695,-117.0529599
60730145001,1377.0,37.25,7.26,48.22,Other,Low_poverty,LPO,32.7495348,-117.0406161
60730213022,2723.0,51.12,10.17,42.93,White,Low_poverty,LPW,32.7336064,-116.7486316
60730019003,506.0,66.6,10.28,30.04,White,Low_poverty,LPW,32.7663267,-117.1206742
60730139031,1550.0,34.97,10.75,52.26,Minority,Low_poverty,LPM,32.7043366,-117.0051804
60730134113,870.0,41.61,7.24,35.52,Other,Low_poverty,LPO,32.6649431,-117.019015
60730135031,2218.0,31.79,18.13,59.11,Minority,Low_poverty,LPM,32.7394349,-116.986169
60730139053,859.0,21.89,6.75,56.22,Minority,Low_poverty,LPM,32.7181918,-116.9893665
60730134183,1322.0,31.01,2.12,63.92,Minority,Low_poverty,LPM,32.6467784,-116.9828085
60730134093,1724.0,31.96,1.86,59.16,Minority,Low_poverty,LPM,32.6307344,-117.0269028
60730209043,557.0,70.2,0.0,27.47,White,Low_poverty,LPW,33.0699177,-116.6027784
60730200164,1835.0,76.89,1.25,17.11,White,Low_poverty,LPW,33.0854463,-117.2648635
60730200144,1775.0,66.7,1.87,19.66,White,Low_poverty,LPW,33.1027685,-117.2345026
60730200141,1408.0,85.58,2.27,0.0,White,Low_poverty,LPW,33.0915448,-117.2621415
60730208051,1427.0,53.26,6.66,45.41,White,Low_poverty,LPW,33.024624,-116.8852956
60730152001,1193.0,75.94,4.95,16.43,White,Low_poverty,LPW,32.7672863,-116.9832799
60730123042,2862.0,32.39,8.98,59.71,Minority,Low_poverty,LPM,32.6442692,-117.069106
60730022011,1747.0,5.72,37.56,67.08,Minority,High_poverty,HPM,32.7525388,-117.1113275
60730135042,644.0,62.73,4.5,24.38,White,Low_poverty,LPW,32.7300357,-116.985156
60730031151,2590.0,3.86,44.63,85.33,Minority,High_poverty,HPM,32.6984268,-117.0299925
60730134121,2423.0,42.47,3.31,46.97,Other,Low_poverty,LPO,32.6512403,-117.0372746
60730031153,889.0,22.27,0.0,39.6,Other,Low_poverty,LPO,32.6980456,-117.0355587
60730029043,1506.0,27.16,34.33,53.19,Minority,High_poverty,HPM,32.7679788,-117.0597304
60730028034,994.0,53.22,21.73,29.98,White,Low_poverty,LPW,32.7662775,-117.0818671
60730154032,1257.0,84.57,1.67,7.72,White,Low_poverty,LPW,32.766478,-116.9502791
60730086001,3001.0,44.15,8.04,23.93,Other,Low_poverty,LPO,32.7913374,-117.1797834
60730133111,5065.0,10.48,4.17,64.7,Minority,Low_poverty,LPM,32.6324963,-116.965665
60730010004,835.0,45.51,31.05,43.36,Other,High_poverty,HPO,32.7562461,-117.1419333
60730200132,4613.0,75.5,1.86,15.65,White,Low_poverty,LPW,33.1220738,-117.2322585
60730199051,1084.0,70.2,3.69,22.23,White,Low_poverty,LPW,33.1639121,-117.2316003
60730199042,1454.0,74.35,11.76,13.34,White,Low_poverty,LPW,33.1691337,-117.2217366
60730199031,2209.0,67.32,6.05,29.2,White,Low_poverty,LPW,33.1832532,-117.2085399
60730198062,658.0,92.55,5.78,1.06,White,Low_poverty,LPW,33.1498208,-117.2911822
60730198051,2439.0,44.53,26.01,52.77,Minority,Low_poverty,LPM,33.1820425,-117.2862957
60730198043,1667.0,69.77,2.78,8.4,White,Low_poverty,LPW,33.1618112,-117.3078407
60730197024,2060.0,78.4,2.04,17.08,White,Low_poverty,LPW,33.1827127,-117.243121
60730197022,1128.0,40.34,15.67,58.77,Minority,Low_poverty,LPM,33.1940924,-117.244032
60730196021,1004.0,65.84,4.92,28.88,White,Low_poverty,LPW,33.1941943,-117.2268315
60730013004,903.0,67.44,7.2,26.25,White,Low_poverty,LPW,32.7543721,-117.132947
60730093041,2640.0,53.64,12.77,28.71,White,Low_poverty,LPW,32.779845,-117.1214086
60730101031,1981.0,6.71,27.56,92.02,Minority,Low_poverty,LPM,32.5996184,-117.0958327
60730031113,2156.0,7.28,1.72,31.35,Other,Low_poverty,LPO,32.696125,-117.0741376
60730027082,282.0,9.57,24.11,81.21,Minority,Low_poverty,LPM,32.7512828,-117.0820803
60730138021,1904.0,18.86,7.25,71.06,Minority,Low_poverty,LPM,32.7324963,-117.010477
60730164012,2178.0,54.36,21.69,37.74,White,Low_poverty,LPW,32.8104312,-116.9270565
60730162012,1162.0,78.83,4.48,19.79,White,Low_poverty,LPW,32.8201951,-116.9889838
60730024021,2804.0,6.38,23.91,81.92,Minority,Low_poverty,LPM,32.7468248,-117.1027022
60730203073,1308.0,54.82,10.55,36.32,White,Low_poverty,LPW,33.1120802,-117.1091083
60730203072,1691.0,54.17,24.6,38.14,White,Low_poverty,LPW,33.1186318,-117.1121308
60730139061,4288.0,35.28,9.21,44.66,Other,Low_poverty,LPO,32.7281694,-117.0064844
60730139082,3054.0,15.42,19.62,64.67,Minority,Low_poverty,LPM,32.7111349,-117.0071494
60730031152,1427.0,13.67,7.99,47.94,Other,Low_poverty,LPO,32.6942083,-117.0355454
60730203041,2193.0,77.02,1.46,16.14,White,Low_poverty,LPW,33.1688001,-117.1214513
60730202091,2001.0,28.24,19.04,62.42,Minority,Low_poverty,LPM,33.1412031,-117.0488763
60730202071,2382.0,11.21,10.33,85.39,Minority,Low_poverty,LPM,33.130948,-117.0525279
60730202023,1728.0,7.23,22.33,90.74,Minority,Low_poverty,LPM,33.1282143,-117.0709603
60730201083,2116.0,14.98,7.14,75.09,Minority,Low_poverty,LPM,33.137318,-117.0863466
60730201071,1985.0,51.08,4.82,25.04,White,Low_poverty,LPW,33.1553454,-117.078385
60730201061,2002.0,59.29,3.25,24.38,White,Low_poverty,LPW,33.1522858,-117.0874853
60730201051,1061.0,62.77,9.24,33.36,White,Low_poverty,LPW,33.1651294,-117.0991303
60730200222,1261.0,69.31,8.25,9.83,White,Low_poverty,LPW,33.1596253,-117.1466215
60730200221,2378.0,68.08,10.58,9.26,White,Low_poverty,LPW,33.1661803,-117.1555413
60730200202,2652.0,28.62,0.64,39.48,Other,Low_poverty,LPO,33.1620265,-117.1899633
60730200192,2272.0,31.78,9.9,61.09,Minority,Low_poverty,LPM,33.1365157,-117.2080571
60730169011,1625.0,83.45,2.11,5.35,White,Low_poverty,LPW,32.9121276,-116.9607955
60730168101,3022.0,80.48,7.74,12.71,White,Low_poverty,LPW,32.8479042,-116.9106547
60730083581,2013.0,23.99,5.51,24.94,Other,Low_poverty,LPO,32.9089488,-117.1403041
60730083541,7583.0,33.51,7.53,15.3,Other,Low_poverty,LPO,32.9341488,-117.1180044
60730083531,1493.0,17.88,11.65,26.33,Other,Low_poverty,LPO,32.9318335,-117.138916
60730022021,1926.0,4.0,38.47,76.22,Minority,High_poverty,HPM,32.7523089,-117.1019826
60730027023,3480.0,22.87,24.19,56.32,Minority,Low_poverty,LPM,32.7532037,-117.0759691
60730042001,2360.0,34.96,1.1,59.95,Minority,Low_poverty,LPM,32.7287908,-117.1167176
60730032091,2693.0,0.82,7.88,29.82,Other,Low_poverty,LPO,32.6872961,-117.0407884
60730031122,2600.0,6.27,5.09,64.88,Minority,Low_poverty,LPM,32.7057283,-117.0660797
60730061001,1798.0,65.8,1.0,27.15,White,Low_poverty,LPW,32.7386438,-117.1731717
60730039023,1587.0,3.53,23.82,95.53,Minority,Low_poverty,LPM,32.6941023,-117.1282376
60730022022,2305.0,11.32,37.92,72.89,Minority,High_poverty,HPM,32.7525615,-117.1044792
60730133071,2266.0,7.02,18.93,87.07,Minority,Low_poverty,LPM,32.5980361,-117.0550438
60730071002,2473.0,86.45,1.84,9.62,White,Low_poverty,LPW,32.7183624,-117.2430625
60730011001,1176.0,69.3,9.01,20.4,White,Low_poverty,LPW,32.7666255,-117.1337425
60730203071,2166.0,49.82,1.71,31.21,Other,Low_poverty,LPO,33.0799566,-117.1364681
60730203051,3055.0,46.19,2.53,23.57,Other,Low_poverty,LPO,33.1528089,-117.1127668
60730203043,1758.0,57.91,6.2,27.42,White,Low_poverty,LPW,33.1593116,-117.1162923
60730200184,3809.0,25.81,10.32,66.55,Minority,Low_poverty,LPM,33.1462913,-117.2088748
60730200181,1162.0,12.99,11.37,76.6,Minority,Low_poverty,LPM,33.1589434,-117.2022765
60730168073,2538.0,64.14,2.4,20.61,White,Low_poverty,LPW,32.8315537,-116.9149792
60730168072,2873.0,80.47,4.46,15.07,White,Low_poverty,LPW,32.8406515,-116.9236568
60730168062,1235.0,47.45,25.83,45.75,Other,Low_poverty,LPO,32.8261028,-116.9302983
60730168023,1043.0,88.02,28.19,7.86,White,Low_poverty,LPW,32.8596692,-116.8389773
60730167022,2694.0,57.54,12.44,32.37,White,Low_poverty,LPW,32.8499778,-116.9343716
60730166151,4488.0,63.17,4.78,25.45,White,Low_poverty,LPW,32.8477576,-116.9795687
60730166121,2705.0,76.52,7.75,14.2,White,Low_poverty,LPW,32.872302,-116.9941687
60730166092,1388.0,70.75,0.0,8.21,White,Low_poverty,LPW,32.8642299,-116.9760193
60730165022,2725.0,54.57,31.12,28.48,White,High_poverty,HPW,32.8105391,-116.9401676
60730164025,2235.0,74.18,15.58,22.73,White,Low_poverty,LPW,32.8054479,-116.931326
60730095041,5705.0,58.07,0.77,18.98,White,Low_poverty,LPW,32.9019274,-117.0284232
60730095022,2477.0,62.05,10.29,17.72,White,Low_poverty,LPW,32.8277226,-117.1114684
60730083522,1411.0,39.76,12.97,12.76,Other,Low_poverty,LPO,32.9270946,-117.1383069
60730083503,945.0,30.9,4.34,2.96,Other,Low_poverty,LPO,32.9082744,-117.1582245
60730085132,967.0,85.83,3.52,11.38,White,Low_poverty,LPW,32.8019045,-117.183121
60730030032,1957.0,19.26,23.79,74.29,Minority,Low_poverty,LPM,32.7223628,-117.0597988
60730088003,1096.0,37.86,11.69,13.14,Other,Low_poverty,LPO,32.7779307,-117.1646313
60730087012,1679.0,39.9,15.04,28.89,Other,Low_poverty,LPO,32.7974058,-117.1590331
60730093042,1646.0,50.79,12.18,28.07,White,Low_poverty,LPW,32.7687597,-117.1484131
60730151001,1065.0,71.17,3.1,17.65,White,Low_poverty,LPW,32.7929539,-116.9919552
60730122002,2334.0,11.05,18.67,77.63,Minority,Low_poverty,LPM,32.6645262,-117.071401
60730032131,2218.0,4.28,2.76,31.33,Other,Low_poverty,LPO,32.6888741,-117.0285123
60730100122,2897.0,0.24,14.01,99.76,Minority,Low_poverty,LPM,32.5601049,-117.0581461
60730014002,658.0,69.91,1.82,17.78,White,Low_poverty,LPW,32.7423031,-117.1319802
60730012001,2015.0,21.24,21.84,74.14,Minority,Low_poverty,LPM,32.757829,-117.1274219
60730015003,791.0,72.19,5.82,12.77,White,Low_poverty,LPW,32.7419786,-117.1252525
60730025012,1537.0,31.23,20.95,55.63,Minority,Low_poverty,LPM,32.742317,-117.1127885
60730018001,807.0,53.04,4.34,44.86,White,Low_poverty,LPW,32.7619822,-117.1119106
60730023013,735.0,14.83,39.46,66.94,Minority,High_poverty,HPM,32.7572015,-117.0979723
60730020013,888.0,79.17,1.8,19.03,White,Low_poverty,LPW,32.7613844,-117.1015355
60730094001,4356.0,48.85,7.56,39.63,Other,Low_poverty,LPO,32.8653405,-117.1173286
60730091042,2174.0,71.25,1.61,18.77,White,Low_poverty,LPW,32.7791653,-117.1924459
60730091033,1214.0,76.19,4.14,21.33,White,Low_poverty,LPW,32.7863086,-117.1954103
60730091012,2510.0,78.84,3.47,19.93,White,Low_poverty,LPW,32.7983896,-117.1993052
60730085051,1201.0,61.78,17.57,9.66,White,Low_poverty,LPW,32.8409012,-117.1795623
60730085012,2033.0,64.93,3.89,20.46,White,Low_poverty,LPW,32.8340028,-117.2257517
60730083601,1921.0,16.76,14.63,41.75,Other,Low_poverty,LPO,32.8990035,-117.1193649
60730083583,1881.0,10.47,3.51,22.97,Other,Low_poverty,LPO,32.9090644,-117.1277046
60730170403,1090.0,44.95,2.39,25.41,Other,Low_poverty,LPO,32.9567228,-117.0578455
60730170402,1463.0,61.79,3.1,2.67,White,Low_poverty,LPW,32.9692967,-117.0549278
60730170363,1471.0,59.01,9.59,11.9,White,Low_poverty,LPW,32.9626849,-117.1225916
60730170362,989.0,43.07,7.99,23.76,Other,Low_poverty,LPO,32.9591854,-117.1189446
60730170351,1243.0,36.04,1.13,21.4,Other,Low_poverty,LPO,32.9748772,-117.0997987
60730170341,2329.0,52.55,4.51,26.11,White,Low_poverty,LPW,32.988855,-117.0923905
60730170291,6775.0,67.96,8.46,9.39,White,Low_poverty,LPW,32.9881564,-117.1614853
60730170223,752.0,85.24,0.0,5.85,White,Low_poverty,LPW,32.9042955,-117.0913109
60730170201,2374.0,76.37,4.81,11.25,White,Low_poverty,LPW,33.0425674,-117.0099184
60730170181,2201.0,22.72,6.95,25.48,Other,Low_poverty,LPO,32.9679934,-117.0975835
60730170151,881.0,70.94,0.0,11.12,White,Low_poverty,LPW,33.0357385,-117.0630796
60730170142,1271.0,87.1,3.93,9.28,White,Low_poverty,LPW,33.0124686,-117.0630429
60730170101,1295.0,66.95,0.0,8.65,White,Low_poverty,LPW,32.9597031,-116.9885847
60730170091,2738.0,63.55,8.8,26.41,White,Low_poverty,LPW,32.9708739,-117.0279237
60730085091,1756.0,38.61,3.3,44.99,Other,Low_poverty,LPO,32.8180192,-117.1654864
60730118012,1237.0,10.59,26.84,78.9,Minority,Low_poverty,LPM,32.6812926,-117.1044966
60730117001,2147.0,6.57,9.92,59.48,Minority,Low_poverty,LPM,32.6758236,-117.093287
60730027034,2137.0,28.12,16.19,51.99,Minority,Low_poverty,LPM,32.7422573,-117.059633
60730191031,1135.0,87.84,11.89,3.17,White,Low_poverty,LPW,33.2922497,-117.0539426
60730191011,1416.0,17.66,12.6,17.59,Other,Low_poverty,LPO,33.32559,-116.9464771
60730189061,2503.0,15.82,14.83,83.34,Minority,Low_poverty,LPM,33.3631809,-117.2562587
60730189041,1180.0,32.8,13.04,64.49,Minority,Low_poverty,LPM,33.3793445,-117.2564634
60730189033,2317.0,26.46,26.15,67.89,Minority,Low_poverty,LPM,33.3871277,-117.2468644
60730189031,1321.0,69.64,2.88,26.72,White,Low_poverty,LPW,33.3997253,-117.240908
60730188011,1946.0,75.8,0.92,20.45,White,Low_poverty,LPW,33.3415517,-117.2428223
60730186112,5500.0,51.07,11.82,23.22,White,Low_poverty,LPW,33.2745564,-117.273156
60730186091,2044.0,48.63,6.85,41.04,Other,Low_poverty,LPO,33.2483915,-117.318826
60730186082,741.0,72.33,0.0,25.91,White,Low_poverty,LPW,33.247389,-117.3251155
60730185172,3284.0,58.53,17.02,27.62,White,Low_poverty,LPW,33.1850092,-117.304498
60730185152,4087.0,65.89,4.5,23.25,White,Low_poverty,LPW,33.19031,-117.3146998
60730185133,1496.0,50.27,3.68,29.07,White,Low_poverty,LPW,33.2176933,-117.310335
60730185122,1136.0,61.09,4.49,34.85,White,Low_poverty,LPW,33.2172165,-117.325039
60730170333,2293.0,58.18,1.53,10.64,White,Low_poverty,LPW,32.9812095,-117.1151044
60730170321,12290.0,41.83,4.49,9.26,Other,Low_poverty,LPO,33.008998,-117.1044271
60730169014,2755.0,61.81,6.72,30.09,White,Low_poverty,LPW,32.8620743,-116.9321181
60730098053,1379.0,82.96,3.26,8.92,White,Low_poverty,LPW,32.8082033,-117.0454956
60730098051,1326.0,67.57,4.98,24.96,White,Low_poverty,LPW,32.81123,-117.0226945
60730098044,1540.0,72.27,1.17,22.01,White,Low_poverty,LPW,32.8120814,-117.010525
60730098012,1650.0,57.76,0.91,26.55,White,Low_poverty,LPW,32.7939408,-117.0314715
60730097067,818.0,82.52,3.67,12.35,White,Low_poverty,LPW,32.7887174,-117.0605982
60730097065,957.0,82.97,1.25,12.23,White,Low_poverty,LPW,32.7967285,-117.0545081
60730097053,1515.0,63.7,3.3,20.66,White,Low_poverty,LPW,32.7816317,-117.0726004
60730097052,1791.0,63.6,9.49,27.14,White,Low_poverty,LPW,32.7856419,-117.0753403
60730097042,839.0,55.66,7.39,16.33,White,Low_poverty,LPW,32.814657,-117.060331
60730096044,1169.0,55.09,6.24,37.13,White,Low_poverty,LPW,32.7836934,-117.0928608
60730096042,715.0,72.87,17.76,17.9,White,Low_poverty,LPW,32.7866468,-117.0904633
60730096024,617.0,83.95,12.62,7.94,White,Low_poverty,LPW,32.7972888,-117.0803536
60730096023,1001.0,83.12,1.0,14.19,White,Low_poverty,LPW,32.795473,-117.0874547
60730096021,1554.0,56.95,2.77,36.74,White,Low_poverty,LPW,32.8018159,-117.0836473
60730068022,2215.0,70.79,6.89,16.47,White,Low_poverty,LPW,32.7518874,-117.2195596
60730191071,2067.0,57.72,5.67,27.48,White,Low_poverty,LPW,33.2114753,-116.9120553
60730191062,1368.0,63.96,21.52,26.97,White,Low_poverty,LPW,33.2925177,-117.0052467
60730191061,4021.0,46.16,8.62,38.25,Other,Low_poverty,LPO,33.2659869,-116.9748196
60730188023,1492.0,75.94,3.35,15.01,White,Low_poverty,LPW,33.3402667,-117.1844471
60730188021,1474.0,80.05,0.0,10.38,White,Low_poverty,LPW,33.3089326,-117.2369147
60730148042,2044.0,71.92,13.18,24.02,White,Low_poverty,LPW,32.7861955,-117.0316635
60730148032,1913.0,51.12,2.98,31.57,White,Low_poverty,LPW,32.7806743,-117.0277265
60730119022,2215.0,21.81,3.19,56.16,Minority,Low_poverty,LPM,32.6875974,-117.0800299
60730101072,692.0,48.41,5.29,36.13,Other,Low_poverty,LPO,32.5825147,-117.074828
60730127001,3382.0,11.86,13.25,84.74,Minority,Low_poverty,LPM,32.6359282,-117.087627
60730007001,1580.0,66.71,5.51,17.85,White,Low_poverty,LPW,32.7450063,-117.1539374
60730005002,1190.0,78.24,9.08,15.55,White,Low_poverty,LPW,32.7586342,-117.1532878
60730004002,927.0,48.44,2.91,32.04,Other,Low_poverty,LPO,32.7496873,-117.1604516
60730003003,1632.0,78.98,17.43,17.4,White,Low_poverty,LPW,32.7442234,-117.1587548
60730059003,729.0,57.61,11.39,33.06,White,Low_poverty,LPW,32.7294491,-117.1675007
60730060001,1206.0,81.76,6.38,8.45,White,Low_poverty,LPW,32.7388174,-117.1617024
60730052001,3419.0,48.87,16.85,35.48,Other,Low_poverty,LPO,32.7151358,-117.1512987
60730046002,567.0,44.62,10.41,50.79,Minority,Low_poverty,LPM,32.7133285,-117.1451966
60730047002,1070.0,9.25,21.91,84.95,Minority,Low_poverty,LPM,32.7072051,-117.1452161
60730044003,712.0,72.75,7.3,14.61,White,Low_poverty,LPW,32.7269254,-117.1321155
60730042003,807.0,96.78,6.2,3.22,White,Low_poverty,LPW,32.7227263,-117.1247703
60730024012,1529.0,29.3,24.53,61.81,Minority,Low_poverty,LPM,32.7471589,-117.1148343
60730034013,512.0,19.34,0.0,73.82,Minority,Low_poverty,LPM,32.7196919,-117.0891926
60730048003,1287.0,6.29,26.5,90.67,Minority,Low_poverty,LPM,32.7066632,-117.1377112
60730039013,1746.0,4.64,33.85,93.42,Minority,High_poverty,HPM,32.7022204,-117.1288765
60730033012,1659.0,2.89,32.43,92.22,Minority,High_poverty,HPM,32.7045358,-117.1023429
60730036011,3006.0,2.83,23.49,96.08,Minority,Low_poverty,LPM,32.6909981,-117.1165301
60730033032,2649.0,7.51,33.6,77.35,Minority,High_poverty,HPM,32.6940534,-117.0987858
60730134122,2268.0,23.99,12.3,60.8,Minority,Low_poverty,LPM,32.6437428,-117.0455746
60730101121,3318.0,8.71,40.01,85.96,Minority,High_poverty,HPM,32.5699671,-117.0813763
60730196013,2592.0,32.18,10.88,64.86,Minority,Low_poverty,LPM,33.2005446,-117.2294085
60730195031,2739.0,14.42,13.69,79.01,Minority,Low_poverty,LPM,33.2004768,-117.2463332
60730194041,1157.0,17.8,10.49,66.9,Minority,Low_poverty,LPM,33.2182615,-117.2555755
60730193031,3067.0,44.15,9.72,47.37,Other,Low_poverty,LPO,33.2426961,-117.2601244
60730191053,2177.0,67.98,8.89,27.93,White,Low_poverty,LPW,33.2322467,-117.0732711
60730191051,781.0,63.12,11.4,24.33,White,Low_poverty,LPW,33.233772,-117.1369981
60730124012,2232.0,13.35,14.34,75.04,Minority,Low_poverty,LPM,32.6480026,-117.0898231
60730146012,2546.0,42.89,16.77,43.95,Other,Low_poverty,LPO,32.756458,-117.0345796
60730141012,1573.0,33.18,2.86,55.5,Minority,Low_poverty,LPM,32.7214285,-117.0326737
60730136061,846.0,29.67,31.45,57.68,Minority,High_poverty,HPM,32.7485478,-116.9595023
60730031073,1100.0,6.09,2.69,57.54,Minority,Low_poverty,LPM,32.7004706,-117.0203515
60730136063,2632.0,62.54,4.22,22.72,White,Low_poverty,LPW,32.7518852,-116.934589
60730029053,2182.0,53.71,23.24,29.37,White,Low_poverty,LPW,32.7733507,-117.0523153
60730085025,1886.0,45.23,9.54,47.77,Other,Low_poverty,LPO,32.8304766,-117.2073369
60730085014,837.0,59.62,6.45,13.38,White,Low_poverty,LPW,32.8263026,-117.2162634
60730091062,3288.0,60.04,20.08,26.33,White,Low_poverty,LPW,32.7724697,-117.1912853
60730091031,869.0,76.41,11.97,8.63,White,Low_poverty,LPW,32.7890649,-117.1893743
60730085075,1084.0,81.64,5.63,1.57,White,Low_poverty,LPW,32.8261794,-117.1783159
60730136043,2694.0,80.18,5.57,15.96,White,Low_poverty,LPW,32.7519077,-116.9137814
60730147004,1689.0,68.98,8.96,22.85,White,Low_poverty,LPW,32.7631842,-117.0413644
60730028042,1901.0,68.65,18.52,23.67,White,Low_poverty,LPW,32.7642511,-117.0730744
60730029021,3208.0,41.49,10.16,34.01,Other,Low_poverty,LPO,32.7620131,-117.0558877
60730161001,3171.0,69.88,10.41,19.3,White,Low_poverty,LPW,32.7996881,-116.9820549
60730153022,1533.0,89.17,3.63,9.92,White,Low_poverty,LPW,32.771776,-116.9701921
60730133022,2660.0,10.34,8.72,86.47,Minority,Low_poverty,LPM,32.6140992,-117.0528557
60730132041,1543.0,6.35,14.78,89.05,Minority,Low_poverty,LPM,32.5989692,-117.0671329
60730101061,2347.0,5.07,12.57,88.49,Minority,Low_poverty,LPM,32.5724954,-117.0705189
60730132034,1239.0,12.19,17.52,73.2,Minority,Low_poverty,LPM,32.6085027,-117.0602826
60730133072,2514.0,13.52,13.58,74.9,Minority,Low_poverty,LPM,32.5991999,-117.0478344
60730100132,3148.0,1.49,29.92,98.29,Minority,Low_poverty,LPM,32.5564082,-117.050798
60730100041,2037.0,8.2,20.42,80.51,Minority,Low_poverty,LPM,32.5708984,-117.0466481
60730141011,1797.0,43.52,22.79,46.24,Other,Low_poverty,LPO,32.7267749,-117.0325347
60730176011,1062.0,79.38,2.64,4.61,White,Low_poverty,LPW,33.0741837,-117.2978211
60730175022,1380.0,72.9,13.42,10.43,White,Low_poverty,LPW,33.0413228,-117.279313
60730175012,1118.0,66.46,15.38,21.11,White,Low_poverty,LPW,33.0412265,-117.2948935
60730193021,1337.0,74.72,8.83,14.88,White,Low_poverty,LPW,33.2157694,-117.2845101
60730193011,1529.0,59.12,3.53,25.7,White,Low_poverty,LPW,33.2334785,-117.2656626
60730192081,1351.0,58.92,1.5,35.6,White,Low_poverty,LPW,33.2202271,-117.1669739
60730192062,2902.0,24.98,5.62,70.4,Minority,Low_poverty,LPM,33.2174459,-117.2384462
60730192051,1117.0,27.57,7.88,70.37,Minority,Low_poverty,LPM,33.225577,-117.2445757
60730150002,3024.0,49.5,12.51,33.9,Other,Low_poverty,LPO,32.7805738,-117.006707
60730032013,1793.0,29.84,6.02,53.43,Minority,Low_poverty,LPM,32.6850449,-117.0607552
60730157031,1776.0,60.87,33.44,34.68,White,High_poverty,HPW,32.7912863,-116.9495778
60730157011,1729.0,39.04,23.42,57.03,Minority,Low_poverty,LPM,32.7975419,-116.9423612
60730154042,929.0,90.53,18.34,9.47,White,Low_poverty,LPW,32.7840288,-116.9523189
60730154041,3483.0,63.28,28.6,35.02,White,Low_poverty,LPW,32.7838972,-116.9468388
60730136052,1445.0,88.86,6.78,5.19,White,Low_poverty,LPW,32.7576712,-116.9543156
60730137022,1655.0,17.4,5.14,69.31,Minority,Low_poverty,LPM,32.7417728,-117.0018673
60730144002,2050.0,8.15,17.07,85.51,Minority,Low_poverty,LPM,32.7420663,-117.0436809
60730105022,857.0,21.0,7.12,57.53,Minority,Low_poverty,LPM,32.5831037,-117.1111225
60730027071,1376.0,23.04,38.66,49.56,Other,High_poverty,HPO,32.7546896,-117.0905724
60730027091,2763.0,2.24,57.87,87.48,Minority,High_poverty,HPM,32.7458905,-117.0882771
60730133092,749.0,25.23,6.54,31.11,Other,Low_poverty,LPO,32.6232434,-117.0302539
60730032012,2008.0,17.58,13.2,65.64,Minority,Low_poverty,LPM,32.685918,-117.0543638
60730134011,1974.0,40.22,4.03,50.76,Minority,Low_poverty,LPM,32.6380122,-117.0571741
60730032111,2249.0,21.83,3.39,61.58,Minority,Low_poverty,LPM,32.6760508,-117.0561289
60730126001,1038.0,18.21,55.97,70.81,Minority,High_poverty,HPM,32.6200568,-117.1034056
60730032141,1858.0,16.25,22.01,46.72,Other,Low_poverty,LPO,32.6933586,-117.0219467
60730129003,1253.0,20.43,4.48,62.65,Minority,Low_poverty,LPM,32.6303757,-117.0688574
60730126002,1167.0,18.59,7.28,79.01,Minority,Low_poverty,LPM,32.6248978,-117.0905713
60730105011,1547.0,54.49,12.49,39.04,White,Low_poverty,LPW,32.5854741,-117.1255467
60730104021,2174.0,21.71,11.91,73.64,Minority,Low_poverty,LPM,32.5746955,-117.1057045
60730101032,2120.0,15.19,14.0,82.55,Minority,Low_poverty,LPM,32.5804618,-117.0958427
60730124023,2496.0,13.78,17.98,80.81,Minority,Low_poverty,LPM,32.641895,-117.0914493
60730130002,1687.0,18.49,8.89,73.98,Minority,Low_poverty,LPM,32.6254669,-117.0781914
60730131022,2900.0,9.38,8.8,82.24,Minority,Low_poverty,LPM,32.6130969,-117.0643636
60730185111,1029.0,58.11,9.14,27.89,White,Low_poverty,LPW,33.2009794,-117.3503897
60730185102,1816.0,35.79,6.69,57.98,Minority,Low_poverty,LPM,33.2162193,-117.3367166
60730185092,1648.0,18.99,9.44,73.61,Minority,Low_poverty,LPM,33.1992878,-117.3581149
60730185074,4327.0,37.72,11.12,41.9,Other,Low_poverty,LPO,33.2376407,-117.3203325
60730184002,1018.0,46.76,26.82,51.08,Minority,Low_poverty,LPM,33.198997,-117.3800033
60730183002,611.0,64.48,6.46,28.8,White,Low_poverty,LPW,33.1843531,-117.3738101
60730182001,1288.0,54.89,12.97,34.08,White,Low_poverty,LPW,33.186784,-117.3690652
60730181003,1031.0,66.63,3.49,29.87,White,Low_poverty,LPW,33.1719425,-117.3552942
60730179005,1066.0,72.33,5.63,18.76,White,Low_poverty,LPW,33.1480207,-117.3377502
60730179001,1940.0,78.25,10.22,10.83,White,Low_poverty,LPW,33.1669183,-117.3496811
60730178111,1145.0,74.59,3.41,18.52,White,Low_poverty,LPW,33.1147169,-117.314826
60730178101,1870.0,73.74,1.98,17.59,White,Low_poverty,LPW,33.148443,-117.3269739
60730178082,2747.0,73.68,2.53,4.88,White,Low_poverty,LPW,33.1030755,-117.2992284
60730174044,1278.0,90.53,9.15,9.47,White,Low_poverty,LPW,33.0305327,-117.2711446
60730174043,2632.0,81.57,11.07,14.17,White,Low_poverty,LPW,33.0245131,-117.2612241
60730174032,1396.0,96.92,0.0,0.0,White,Low_poverty,LPW,33.031013,-117.2509086
60730173061,1609.0,80.3,0.68,9.57,White,Low_poverty,LPW,32.9886118,-117.2480971
60730173052,659.0,97.12,2.73,1.06,White,Low_poverty,LPW,33.0055552,-117.2422785
60730173043,1452.0,74.86,9.23,13.37,White,Low_poverty,LPW,32.9887991,-117.2657125
60730172004,931.0,91.84,6.12,8.17,White,Low_poverty,LPW,32.9568265,-117.2608854
60730171071,1848.0,75.16,1.84,10.33,White,Low_poverty,LPW,33.0623309,-117.2466644
60730170483,1798.0,51.78,6.84,33.54,White,Low_poverty,LPW,32.9498839,-117.0503304
60730170472,1147.0,66.61,0.0,20.75,White,Low_poverty,LPW,32.9139496,-117.0766128
60730170431,4230.0,39.29,12.17,26.34,Other,Low_poverty,LPO,32.9263482,-117.1095009
60730170412,2101.0,67.4,4.9,14.9,White,Low_poverty,LPW,32.9626278,-117.042649
60730029033,1191.0,34.09,0.0,53.99,Minority,Low_poverty,LPM,32.7468352,-117.0514523
60730031011,1027.0,7.89,31.74,91.14,Minority,High_poverty,HPM,32.7025793,-117.0804688
60730031131,2745.0,9.18,6.52,36.98,Other,Low_poverty,LPO,32.697799,-117.0607159
60730116021,2480.0,13.47,16.06,79.12,Minority,Low_poverty,LPM,32.6619804,-117.0957718
60730204052,2100.0,66.38,2.48,21.09,White,Low_poverty,LPW,33.0813072,-117.0819922
60730204043,1669.0,75.49,4.01,16.54,White,Low_poverty,LPW,33.0940676,-117.1041192
60730204012,1242.0,86.07,4.35,9.58,White,Low_poverty,LPW,33.0652378,-117.0919228
60730177014,1703.0,68.76,33.71,27.01,White,High_poverty,HPW,33.0692345,-117.3018825
60730177011,690.0,90.87,6.52,4.78,White,Low_poverty,LPW,33.082628,-117.3051963
60730176031,1303.0,61.7,2.76,36.68,White,Low_poverty,LPW,33.0570131,-117.2926148
60730083013,636.0,68.87,1.73,15.25,White,Low_poverty,LPW,32.8216413,-117.2381666
60730083011,1219.0,78.92,1.98,11.81,White,Low_poverty,LPW,32.8148187,-117.2267686
60730081023,1606.0,79.08,1.99,9.65,White,Low_poverty,LPW,32.815004,-117.2666888
60730081013,970.0,96.6,4.74,3.4,White,Low_poverty,LPW,32.8330044,-117.2809039
60730079034,829.0,62.73,6.39,26.06,White,Low_poverty,LPW,32.8041129,-117.2392515
60730079033,862.0,63.46,9.74,29.12,White,Low_poverty,LPW,32.8015005,-117.2443337
60730078004,766.0,65.14,5.22,28.72,White,Low_poverty,LPW,32.8029082,-117.2294323
60730078001,1448.0,56.77,5.32,36.74,White,Low_poverty,LPW,32.8027598,-117.2191848
60730076002,538.0,61.34,5.58,29.0,White,Low_poverty,LPW,32.769976,-117.2492438
60730076001,359.0,40.39,33.9,56.55,Minority,High_poverty,HPM,32.7727787,-117.2172697
60730075011,1110.0,86.58,14.95,10.54,White,Low_poverty,LPW,32.7508763,-117.2393824
60730083391,1987.0,51.59,39.61,14.8,White,High_poverty,HPW,32.9028483,-117.2312349
60730083351,1017.0,53.79,0.1,5.9,White,Low_poverty,LPW,32.9788587,-117.1335583
60730083281,6440.0,48.07,5.03,7.3,Other,Low_poverty,LPO,32.9681818,-117.2061448
60730083272,2654.0,63.56,6.03,9.15,White,Low_poverty,LPW,32.9617452,-117.2284222
60730083242,2452.0,76.31,3.47,4.12,White,Low_poverty,LPW,32.9596588,-117.2516376
60730083124,1393.0,83.35,11.13,5.17,White,Low_poverty,LPW,32.8545178,-117.2572423
60730083122,1058.0,68.15,12.87,14.47,White,Low_poverty,LPW,32.8555167,-117.2494331
60730083111,1657.0,73.99,1.64,14.66,White,Low_poverty,LPW,32.8279798,-117.26378
60730083073,616.0,79.06,6.66,13.31,White,Low_poverty,LPW,32.8497895,-117.2079376
60730083063,1407.0,83.3,3.91,8.03,White,Low_poverty,LPW,32.8478548,-117.2275185
60730083061,558.0,67.74,1.43,9.14,White,Low_poverty,LPW,32.8502103,-117.220299
60730101091,2019.0,14.91,5.58,75.13,Minority,Low_poverty,LPM,32.5494881,-117.0884184
60730133062,2218.0,10.28,17.31,75.25,Minority,Low_poverty,LPM,32.6077085,-117.0406069
60730120022,2773.0,1.66,32.67,47.96,Other,High_poverty,HPO,32.6828541,-117.0764011
60730006003,1204.0,61.54,11.05,22.51,White,Low_poverty,LPW,32.7503205,-117.1500392
60730069001,3099.0,72.67,11.42,11.04,White,Low_poverty,LPW,32.7461812,-117.222042
60730083492,2213.0,25.44,2.03,11.93,Other,Low_poverty,LPO,32.914662,-117.1500478
60730083491,1628.0,35.69,0.37,21.26,Other,Low_poverty,LPO,32.9210042,-117.146114
60730083482,1047.0,24.83,6.29,10.6,Other,Low_poverty,LPO,32.9170836,-117.1581353
60730083471,3424.0,23.22,6.66,13.61,Other,Low_poverty,LPO,32.9218334,-117.164715
60730083441,2001.0,61.07,5.52,15.39,White,Low_poverty,LPW,32.861453,-117.204115
60730083401,4322.0,43.41,25.66,16.22,Other,Low_poverty,LPO,32.8643325,-117.1958595
60730083032,1670.0,79.4,4.61,11.56,White,Low_poverty,LPW,32.8446149,-117.2531864
60730122001,1323.0,9.37,13.0,81.63,Minority,Low_poverty,LPM,32.6645671,-117.0770019
60730045011,1871.0,29.72,12.67,64.46,Minority,Low_poverty,LPM,32.7176294,-117.1360148
60730134162,2742.0,26.19,7.44,55.88,Minority,Low_poverty,LPM,32.6437403,-116.989592
60730154061,2468.0,78.89,2.25,17.79,White,Low_poverty,LPW,32.7723038,-116.8984175
60730054001,1183.0,62.81,2.96,34.24,White,Low_poverty,LPW,32.710436,-117.1681521
60730020011,851.0,83.67,2.12,4.7,White,Low_poverty,LPW,32.7697627,-117.106661
60730020021,1011.0,79.13,20.22,10.18,White,Low_poverty,LPW,32.7658586,-117.0902076
60730030013,1563.0,11.13,7.21,79.21,Minority,Low_poverty,LPM,32.7132971,-117.0755326
60730170332,649.0,81.51,10.94,7.71,White,Low_poverty,LPW,32.9654598,-117.1127862
60730140021,2279.0,38.35,19.43,53.18,Minority,Low_poverty,LPM,32.720729,-117.0210328
60730097045,1542.0,64.85,8.43,23.22,White,Low_poverty,LPW,32.8048626,-117.0519783
60730097043,1472.0,73.78,4.01,18.55,White,Low_poverty,LPW,32.8099233,-117.0588646
60730189043,1212.0,38.37,16.4,41.59,Other,Low_poverty,LPO,33.3846898,-117.2354135
60730170352,1094.0,68.46,9.96,2.84,White,Low_poverty,LPW,32.9770103,-117.093442
60730170373,1611.0,46.12,5.28,27.87,Other,Low_poverty,LPO,32.946156,-117.1205339
60730053003,2376.0,30.98,72.65,57.2,Minority,High_poverty,HPM,32.7162596,-117.1636449
60730133101,11815.0,18.67,9.94,38.99,Other,Low_poverty,LPO,32.6245001,-117.0077835
60730083403,3224.0,39.33,23.85,7.28,Other,Low_poverty,LPO,32.8718309,-117.1999695
60730172002,1340.0,81.19,0.0,17.69,White,Low_poverty,LPW,32.9692985,-117.261283
60730083372,1014.0,61.93,0.89,10.65,White,Low_poverty,LPW,32.960761,-117.1298572
60730040002,854.0,1.05,36.3,96.96,Minority,High_poverty,HPM,32.70693,-117.1273797
60730202092,2573.0,23.63,24.29,63.58,Minority,Low_poverty,LPM,33.1374631,-117.0466708
60730156021,1294.0,75.81,5.02,18.24,White,Low_poverty,LPW,32.7927912,-116.9051528
60730136062,1576.0,69.73,22.9,14.59,White,Low_poverty,LPW,32.7454449,-116.9465723
60730185073,1377.0,46.91,18.08,43.42,Other,Low_poverty,LPO,33.2330356,-117.3198283
60730098014,1113.0,79.07,18.12,11.95,White,Low_poverty,LPW,32.8031434,-117.0418915
60730036022,1759.0,3.81,8.24,93.69,Minority,Low_poverty,LPM,32.6929149,-117.1102783
60730154051,2601.0,63.17,13.98,32.37,White,Low_poverty,LPW,32.7828856,-116.92094
60730209022,1567.0,78.05,1.28,17.48,White,Low_poverty,LPW,32.8395842,-116.5148176
60730177013,1380.0,81.67,18.99,3.91,White,Low_poverty,LPW,33.0769421,-117.3042615
60730208063,1350.0,90.96,4.92,4.67,White,Low_poverty,LPW,33.024461,-116.8724056
60730093013,1646.0,48.72,18.04,26.98,Other,Low_poverty,LPO,32.80832,-117.131615
60730166073,1894.0,71.65,5.17,23.02,White,Low_poverty,LPW,32.855392,-116.9650475
60730129002,726.0,29.48,2.62,59.09,Minority,Low_poverty,LPM,32.6264943,-117.0632608
60730091022,2167.0,50.76,24.04,35.71,White,Low_poverty,LPW,32.8025973,-117.1962562
60730185041,1158.0,75.82,1.38,21.85,White,Low_poverty,LPW,33.1873524,-117.3555287
60730159022,1090.0,49.63,5.23,39.45,Other,Low_poverty,LPO,32.7858474,-116.9655316
60730171062,1004.0,77.49,2.09,22.51,White,Low_poverty,LPW,33.0235204,-117.1828159
60730200253,1883.0,40.68,18.79,45.67,Other,Low_poverty,LPO,33.1370633,-117.1233303
60730076003,1123.0,91.01,16.3,4.45,White,Low_poverty,LPW,32.7695739,-117.2435975
60730065002,814.0,66.71,5.04,18.18,White,Low_poverty,LPW,32.75467,-117.1959793
60730173062,830.0,89.4,1.69,4.1,White,Low_poverty,LPW,32.98944,-117.2328448
60730210002,317.0,80.76,13.65,19.24,White,Low_poverty,LPW,33.3725471,-116.3551094
60730111001,2291.0,77.91,6.59,16.94,White,Low_poverty,LPW,32.6968796,-117.1760074
60730201034,821.0,65.77,5.36,14.74,White,Low_poverty,LPW,33.1903466,-117.0876426
60730119021,1342.0,12.44,0.82,56.93,Minority,Low_poverty,LPM,32.6876893,-117.0718241
60730199032,2826.0,49.47,2.14,47.63,Other,Low_poverty,LPO,33.176162,-117.1928174
60730154031,1362.0,85.9,2.94,4.99,White,Low_poverty,LPW,32.7747086,-116.9500421
60730170102,1980.0,63.94,3.33,17.53,White,Low_poverty,LPW,32.9634323,-117.0169407
60730148041,981.0,67.38,15.38,32.52,White,Low_poverty,LPW,32.788411,-117.027052
60730135061,4103.0,33.71,12.13,55.82,Minority,Low_poverty,LPM,32.7285885,-116.9524694
60730170491,1041.0,82.42,1.92,7.49,White,Low_poverty,LPW,32.9527397,-117.0178805
60730135041,909.0,25.74,11.61,45.54,Other,Low_poverty,LPO,32.7168646,-116.9799294
60730083131,1036.0,70.95,8.01,13.03,White,Low_poverty,LPW,32.8538458,-117.2387208
60730042002,2264.0,58.83,6.88,23.14,White,Low_poverty,LPW,32.734071,-117.1206945
60730191032,2805.0,57.25,2.32,36.97,White,Low_poverty,LPW,33.2697942,-117.1253192
60730083612,721.0,55.34,10.12,15.81,White,Low_poverty,LPW,32.8630363,-117.2345241
60730168092,1998.0,71.87,3.25,21.12,White,Low_poverty,LPW,32.8291853,-116.8902032
60730192053,1270.0,25.98,24.76,72.13,Minority,Low_poverty,LPM,33.2208671,-117.231249
60730165021,617.0,70.99,3.89,10.53,White,Low_poverty,LPW,32.8172896,-116.940191
60730191013,3577.0,59.07,3.27,31.23,White,Low_poverty,LPW,33.3163616,-117.1148197
60730191064,1936.0,41.12,28.36,56.1,Minority,Low_poverty,LPM,33.2358319,-116.9937701
60730170191,2740.0,70.99,4.82,18.87,White,Low_poverty,LPW,33.0242346,-117.0557799
60730202113,1440.0,23.61,12.99,69.03,Minority,Low_poverty,LPM,33.1269787,-117.0607384
60730194063,1650.0,52.24,4.08,44.97,White,Low_poverty,LPW,33.2018708,-117.2686502
60730021005,1541.0,49.77,18.43,44.64,Other,Low_poverty,LPO,32.7578364,-117.1139667
60730207093,1565.0,45.88,0.77,21.47,Other,Low_poverty,LPO,33.1316427,-117.0234779
60730200243,1159.0,45.64,3.02,20.88,Other,Low_poverty,LPO,33.1423523,-117.1192283
60730194062,2281.0,31.7,5.22,59.66,Minority,Low_poverty,LPM,33.1995513,-117.2585366
60730100101,1783.0,8.75,22.94,82.16,Minority,Low_poverty,LPM,32.5778336,-117.061546
60730118011,2332.0,7.46,25.41,79.76,Minority,Low_poverty,LPM,32.6787023,-117.1034839
60730031072,2298.0,7.09,5.66,67.1,Minority,Low_poverty,LPM,32.7012839,-117.0259074
60730170544,2740.0,74.67,6.46,15.29,White,Low_poverty,LPW,32.9925471,-117.0467712
60730189042,844.0,23.58,8.06,76.42,Minority,Low_poverty,LPM,33.3809963,-117.2495266
60730089014,1454.0,70.63,10.66,19.12,White,Low_poverty,LPW,32.7686029,-117.1740106
60730139051,2269.0,44.12,3.13,35.04,Other,Low_poverty,LPO,32.7237853,-116.9893109
60730174012,1534.0,79.66,20.47,15.19,White,Low_poverty,LPW,33.0170034,-117.2725973
60730097062,1755.0,53.05,2.05,33.84,White,Low_poverty,LPW,32.7809015,-117.0588022
60730089021,1166.0,65.44,7.12,26.84,White,Low_poverty,LPW,32.762476,-117.174368
60730166091,1935.0,74.78,1.97,20.73,White,Low_poverty,LPW,32.8768271,-116.9788048
60730137011,1565.0,72.72,11.89,25.68,White,Low_poverty,LPW,32.756104,-116.9893187
60730085092,1380.0,48.7,0.0,36.37,Other,Low_poverty,LPO,32.8123751,-117.1689714
60730152003,681.0,41.7,0.0,56.98,Minority,Low_poverty,LPM,32.7735775,-116.9987906
60730074002,926.0,69.65,1.51,16.31,White,Low_poverty,LPW,32.7484884,-117.2324472
60730146023,1902.0,53.15,7.2,26.24,White,Low_poverty,LPW,32.750774,-117.0291269
60730095103,1240.0,36.13,23.55,58.39,Minority,Low_poverty,LPM,32.8194207,-117.1074394
60730166071,3464.0,62.76,11.66,26.42,White,Low_poverty,LPW,32.8557123,-116.9572413
60730197011,3110.0,51.45,7.86,35.59,White,Low_poverty,LPW,33.1854317,-117.2664798
60730027072,1323.0,7.33,47.92,83.9,Minority,High_poverty,HPM,32.7548505,-117.0879084
60730170531,1652.0,77.42,4.72,8.29,White,Low_poverty,LPW,33.0084274,-117.0336379
60730208101,1331.0,83.02,1.8,14.2,White,Low_poverty,LPW,33.0432387,-116.7707447
60730166051,2275.0,65.67,1.19,21.23,White,Low_poverty,LPW,32.8350684,-117.0323101
60730134151,1302.0,26.65,2.23,57.45,Minority,Low_poverty,LPM,32.6383744,-116.9983443
60730083501,2330.0,33.99,1.55,9.44,Other,Low_poverty,LPO,32.8883324,-117.171132
60730028011,1610.0,63.11,31.88,13.61,White,High_poverty,HPW,32.7757556,-117.0882662
60730171094,2130.0,82.86,0.99,0.52,White,Low_poverty,LPW,33.0834184,-117.2276277
60730155021,1350.0,75.04,7.49,13.11,White,Low_poverty,LPW,32.8014376,-116.8356712
60730185123,867.0,83.74,12.0,12.68,White,Low_poverty,LPW,33.2124472,-117.3292053
60730185121,1957.0,55.95,11.73,38.02,White,Low_poverty,LPW,33.2217468,-117.3239815
60730205002,1677.0,20.93,22.88,76.62,Minority,Low_poverty,LPM,33.1140838,-117.0869974
60730198041,1733.0,71.15,0.81,13.27,White,Low_poverty,LPW,33.1633361,-117.3168264
60730196022,2124.0,76.22,6.35,18.69,White,Low_poverty,LPW,33.196367,-117.2132045
60730185171,1420.0,58.66,3.8,34.93,White,Low_poverty,LPW,33.1917885,-117.3005048
60730170502,1797.0,58.15,14.53,20.2,White,Low_poverty,LPW,32.9580664,-117.0729388
60730100011,1201.0,6.16,4.33,84.76,Minority,Low_poverty,LPM,32.5852794,-117.0551766
60730149013,1068.0,71.54,3.37,22.84,White,Low_poverty,LPW,32.7629361,-117.0111871
60730015001,1209.0,44.17,8.27,48.14,Other,Low_poverty,LPO,32.7458285,-117.122749
60730065001,1110.0,64.95,21.71,30.09,White,Low_poverty,LPW,32.7540326,-117.2088997
60730165024,2102.0,74.74,13.64,25.26,White,Low_poverty,LPW,32.8178188,-116.9473185
60730211002,1516.0,55.47,25.39,24.28,White,Low_poverty,LPW,32.7431804,-116.3383041
60730100033,1026.0,6.34,3.65,73.09,Minority,Low_poverty,LPM,32.5762538,-117.0477528
60730200273,3035.0,67.97,1.85,25.73,White,Low_poverty,LPW,33.1130656,-117.213287
60730010001,1327.0,55.24,2.34,17.79,White,Low_poverty,LPW,32.76357,-117.1414317
60730204032,1911.0,53.38,13.35,29.14,White,Low_poverty,LPW,33.0932231,-117.0765609
60730196011,3128.0,43.89,5.64,48.01,Other,Low_poverty,LPO,33.211098,-117.2197559
60730200241,2525.0,48.63,9.27,49.74,Other,Low_poverty,LPO,33.1511251,-117.1272406
60730014003,2274.0,66.75,7.04,22.64,White,Low_poverty,LPW,32.7452975,-117.135353
60730213031,2248.0,75.4,2.05,8.89,White,Low_poverty,LPW,32.7508921,-116.8676481
60730083511,1172.0,24.49,10.24,7.16,Other,Low_poverty,LPO,32.9099796,-117.1474006
60730083404,1757.0,52.99,36.54,20.04,White,High_poverty,HPW,32.8678234,-117.2045327
60730109002,1258.0,80.45,5.25,16.77,White,Low_poverty,LPW,32.6879037,-117.1758666
60730134161,1519.0,32.06,6.91,57.6,Minority,Low_poverty,LPM,32.650749,-116.9958276
60730166132,1180.0,67.29,7.96,21.86,White,Low_poverty,LPW,32.8456215,-117.0043675
60730136011,662.0,89.43,2.42,8.61,White,Low_poverty,LPW,32.759184,-116.9732614
60730170393,2780.0,58.06,8.02,6.16,White,Low_poverty,LPW,32.9530043,-117.0897495
60730085093,421.0,81.0,21.87,0.95,White,Low_poverty,LPW,32.8087226,-117.1740864
60730170461,2949.0,59.82,2.95,8.01,White,Low_poverty,LPW,32.9125992,-117.0976777
60730143001,2607.0,28.46,12.35,68.27,Minority,Low_poverty,LPM,32.7374556,-117.0443714
60730083513,1068.0,30.15,7.49,19.57,Other,Low_poverty,LPO,32.9036897,-117.1481579
60730030031,2532.0,27.49,3.37,66.71,Minority,Low_poverty,LPM,32.7304908,-117.0577466
60730118022,2370.0,8.19,29.07,78.65,Minority,Low_poverty,LPM,32.6810061,-117.0953082
60730133033,1286.0,13.61,12.52,71.23,Minority,Low_poverty,LPM,32.6116512,-117.0452437
60730154043,1459.0,78.75,14.1,7.82,White,Low_poverty,LPW,32.7773118,-116.9365941
60730089011,1430.0,20.77,45.8,58.95,Minority,High_poverty,HPM,32.7788348,-117.1712927
60730031031,2142.0,5.37,6.16,68.81,Minority,Low_poverty,LPM,32.7065726,-117.0362853
60730135052,2852.0,42.71,17.88,48.1,Other,Low_poverty,LPO,32.7392224,-116.9584692
60730085044,1472.0,74.59,4.21,10.94,White,Low_poverty,LPW,32.8206678,-117.1866406
60730166052,2108.0,75.14,8.63,16.84,White,Low_poverty,LPW,32.8247137,-117.0120038
60730017001,1765.0,27.65,13.65,69.57,Minority,Low_poverty,LPM,32.7582998,-117.1166732
60730170301,18882.0,39.15,3.74,10.14,Other,Low_poverty,LPO,33.0362376,-117.1267567
60730083603,3084.0,23.8,3.73,9.24,Other,Low_poverty,LPO,32.9039036,-117.1391907
60730200143,2138.0,76.01,10.52,14.31,White,Low_poverty,LPW,33.1043234,-117.2441704
60730188033,3206.0,59.01,5.94,32.81,White,Low_poverty,LPW,33.2782788,-117.2115331
60730170501,1307.0,59.22,1.81,15.08,White,Low_poverty,LPW,32.9848381,-117.0629988
60730173033,703.0,77.24,0.0,19.77,White,Low_poverty,LPW,33.0033903,-117.2781545
60730201031,3850.0,47.27,3.81,24.49,Other,Low_poverty,LPO,33.1901121,-117.0393163
60730170473,1270.0,76.38,0.55,9.92,White,Low_poverty,LPW,32.9103781,-117.0818503
60730161002,1330.0,65.64,5.94,25.26,White,Low_poverty,LPW,32.8007549,-116.9897076
60730083103,2530.0,81.42,3.64,8.22,White,Low_poverty,LPW,32.8199438,-117.2530483
60730134101,5125.0,14.07,4.9,56.45,Minority,Low_poverty,LPM,32.6833474,-116.9822983
60730073022,842.0,91.45,3.21,4.75,White,Low_poverty,LPW,32.7358481,-117.2447013
60730031071,2747.0,22.02,11.76,52.42,Minority,Low_poverty,LPM,32.7106648,-117.0224629
60730095042,750.0,83.47,6.13,11.87,White,Low_poverty,LPW,32.9118928,-117.0677678
60730117002,1242.0,31.0,17.47,49.28,Other,Low_poverty,LPO,32.6703555,-117.0957041
60730131023,2220.0,5.18,15.99,79.77,Minority,Low_poverty,LPM,32.6165667,-117.0724908
60730133121,2549.0,12.91,6.41,80.23,Minority,Low_poverty,LPM,32.6009868,-117.0326101
60730178102,2708.0,93.39,5.69,1.59,White,Low_poverty,LPW,33.1487599,-117.3141558
60730170413,553.0,79.75,3.98,2.35,White,Low_poverty,LPW,32.9589129,-117.0507352
60730186081,2071.0,42.15,1.98,26.42,Other,Low_poverty,LPO,33.2541915,-117.3215948
60730031032,2353.0,9.48,18.58,72.8,Minority,Low_poverty,LPM,32.7062974,-117.049928
60730031141,1273.0,8.56,3.67,33.7,Other,Low_poverty,LPO,32.7000142,-117.0398828
60730202081,2565.0,26.86,7.6,65.14,Minority,Low_poverty,LPM,33.1460659,-117.0530649
60730198031,2535.0,70.3,20.78,11.83,White,Low_poverty,LPW,33.1799173,-117.3191035
60730171041,2168.0,87.36,6.69,7.52,White,Low_poverty,LPW,33.0490959,-117.2386347
60730069003,2084.0,89.2,3.55,8.59,White,Low_poverty,LPW,32.7410139,-117.2189178
60730133141,22349.0,13.35,5.92,53.44,Minority,Low_poverty,LPM,32.6100176,-116.9557576
60730135033,1939.0,54.0,7.43,35.48,White,Low_poverty,LPW,32.7356717,-116.9780633
60730134112,1165.0,29.96,3.0,59.05,Minority,Low_poverty,LPM,32.6642925,-117.012726
60730185142,2373.0,49.18,3.75,43.02,Other,Low_poverty,LPO,33.2397381,-117.2836666
60730025021,2711.0,35.85,20.88,48.14,Other,Low_poverty,LPO,32.7241391,-117.1108717
60730198042,1012.0,83.3,10.97,11.46,White,Low_poverty,LPW,33.1686214,-117.3113496
60730095111,1961.0,50.18,6.83,37.48,White,Low_poverty,LPW,32.8043239,-117.1070019
60730099011,767.0,57.24,0.0,33.51,White,Low_poverty,LPW,32.6853619,-117.2455744
60730089013,2208.0,54.26,7.16,22.55,White,Low_poverty,LPW,32.7711941,-117.1736689
60730020012,1567.0,80.73,3.08,6.12,White,Low_poverty,LPW,32.7716456,-117.1043921
60730116022,1420.0,2.75,16.49,96.84,Minority,Low_poverty,LPM,32.6574063,-117.0940437
60730170513,2113.0,58.83,6.39,19.83,White,Low_poverty,LPW,33.0091347,-117.0704318
60730095112,2452.0,57.63,6.69,33.53,White,Low_poverty,LPW,32.8035325,-117.1089666
60730002022,691.0,63.82,3.76,32.42,White,Low_poverty,LPW,32.7475718,-117.1791893
60730071003,769.0,74.77,11.0,25.22,White,Low_poverty,LPW,32.7203455,-117.232961
60730083052,1460.0,38.42,30.82,30.75,Other,High_poverty,HPO,32.8780446,-117.2230986
60730203082,969.0,28.59,9.08,58.82,Minority,Low_poverty,LPM,33.1325533,-117.0988401
60730214003,1597.0,70.88,11.66,22.61,White,Low_poverty,LPW,32.7241826,-117.2300546
60730187001,38754.0,57.66,7.44,37.24,White,Low_poverty,LPW,33.3802376,-117.3901004
60730083244,1466.0,82.54,6.07,14.19,White,Low_poverty,LPW,32.9450503,-117.2459198
60730194033,476.0,57.77,11.13,13.45,White,Low_poverty,LPW,33.2133538,-117.2701862
60730083633,1338.0,29.15,23.24,8.82,Other,Low_poverty,LPO,32.8630916,-117.2237614
60730028012,1604.0,50.75,79.86,21.95,White,High_poverty,HPW,32.774924,-117.073322
60730070023,566.0,93.64,0.0,3.53,White,Low_poverty,LPW,32.7276005,-117.2358304
60730095092,1757.0,52.48,5.29,9.85,White,Low_poverty,LPW,32.8129806,-117.0959978
60730082003,903.0,81.28,6.76,14.51,White,Low_poverty,LPW,32.8453522,-117.2706411
60730098021,1235.0,73.04,0.0,16.52,White,Low_poverty,LPW,32.7961346,-117.0200128
60730165041,2841.0,40.94,25.6,39.57,Other,Low_poverty,LPO,32.8163652,-116.9541731
60730113001,2467.0,48.8,18.42,44.91,Other,Low_poverty,LPO,32.6992345,-117.2096422
60730200271,13555.0,62.68,7.44,19.86,White,Low_poverty,LPW,33.1073172,-117.1845024
60730208013,2104.0,70.01,16.35,28.28,White,Low_poverty,LPW,32.9881561,-116.8842286
60730210003,803.0,89.04,0.0,10.96,White,Low_poverty,LPW,33.1803184,-116.3856973
60730216001,2464.0,64.33,3.95,26.7,White,Low_poverty,LPW,32.6572021,-117.1561371
60730186122,2170.0,40.05,17.28,53.87,Minority,Low_poverty,LPM,33.251261,-117.2929865
60730049003,2828.0,6.61,27.62,92.83,Minority,Low_poverty,LPM,32.7033228,-117.1412831
60730085061,1760.0,32.16,8.86,35.34,Other,Low_poverty,LPO,32.8328956,-117.1834046
60730058001,3953.0,69.34,7.36,21.98,White,Low_poverty,LPW,32.7249041,-117.1705895
60730134213,1165.0,21.37,17.51,56.91,Minority,Low_poverty,LPM,32.6448046,-117.0056112
60730156022,1138.0,71.0,8.18,24.43,White,Low_poverty,LPW,32.7985748,-116.9107333
60730170304,4230.0,81.8,4.74,3.5,White,Low_poverty,LPW,33.0369001,-117.0874618
60730086003,849.0,12.13,7.89,58.78,Minority,Low_poverty,LPM,32.7864139,-117.1731409
60730011003,840.0,47.98,3.57,40.36,Other,Low_poverty,LPO,32.7627882,-117.1356437
60730056002,1740.0,75.52,9.37,13.16,White,Low_poverty,LPW,32.7307737,-117.146543
60730041003,2294.0,28.12,25.15,57.02,Minority,Low_poverty,LPM,32.7151261,-117.1309105
60730020022,1599.0,66.1,5.88,27.33,White,Low_poverty,LPW,32.7636813,-117.0947541
60730170561,2639.0,54.45,1.69,18.99,White,Low_poverty,LPW,32.9822016,-117.082482
60730174031,1177.0,58.11,3.82,40.87,White,Low_poverty,LPW,33.0369267,-117.2452819
60730123031,2178.0,23.37,3.95,65.88,Minority,Low_poverty,LPM,32.6513365,-117.073402
60730027102,2672.0,8.87,28.78,60.74,Minority,Low_poverty,LPM,32.7427189,-117.0858353
60730085123,2557.0,72.66,3.4,17.32,White,Low_poverty,LPW,32.8083621,-117.1899088
60730153011,1822.0,64.76,2.63,19.37,White,Low_poverty,LPW,32.7836589,-116.9561502
60730035011,2661.0,4.43,17.26,88.72,Minority,Low_poverty,LPM,32.7042659,-117.1122724
60730133112,2661.0,13.79,3.53,56.45,Minority,Low_poverty,LPM,32.6477918,-116.9547185
60730133082,1147.0,4.01,4.97,92.5,Minority,Low_poverty,LPM,32.5917741,-117.0528148
60730085013,1152.0,81.6,8.59,13.72,White,Low_poverty,LPW,32.8266386,-117.2228722
60730100142,14828.0,12.33,3.85,62.14,Minority,Low_poverty,LPM,32.5787826,-117.0187686
60730031132,2675.0,5.72,5.7,30.21,Other,Low_poverty,LPO,32.6938713,-117.0698718
60730032042,1818.0,21.62,4.04,75.3,Minority,Low_poverty,LPM,32.6613797,-117.0582338
60730136042,487.0,76.59,0.0,23.41,White,Low_poverty,LPW,32.7589956,-116.9141885
60730057001,440.0,53.64,8.86,36.82,White,Low_poverty,LPW,32.7252986,-117.1610627
60730168044,1827.0,61.85,17.3,27.86,White,Low_poverty,LPW,32.8586622,-116.9189331
60730111003,1008.0,73.61,4.76,8.73,White,Low_poverty,LPW,32.6984704,-117.1822368
60730009002,920.0,34.57,6.96,51.96,Minority,Low_poverty,LPM,32.7503168,-117.1388058
60730147002,1429.0,56.54,11.62,42.69,White,Low_poverty,LPW,32.7582227,-117.0409606
60730002023,2520.0,70.16,1.38,11.91,White,Low_poverty,LPW,32.7451109,-117.1711131
60730014001,524.0,60.5,8.59,21.76,White,Low_poverty,LPW,32.7462893,-117.1304763
60730193013,2384.0,54.57,13.71,43.96,White,Low_poverty,LPW,33.2322334,-117.2726399
60730032112,1306.0,8.35,2.07,66.47,Minority,Low_poverty,LPM,32.6808838,-117.0517996
60730033011,2161.0,1.25,24.53,98.75,Minority,Low_poverty,LPM,32.6985451,-117.1008495
60730147003,2621.0,56.85,22.46,21.52,White,Low_poverty,LPW,32.7610753,-117.0489535
60730091014,1425.0,68.0,3.12,12.99,White,Low_poverty,LPW,32.7994272,-117.2083373
60730208113,1850.0,71.57,1.78,24.65,White,Low_poverty,LPW,33.0189999,-116.7635843
60730137023,1329.0,55.91,4.82,29.64,White,Low_poverty,LPW,32.7359175,-116.9969677
60730201081,1883.0,15.03,15.91,77.64,Minority,Low_poverty,LPM,33.1350429,-117.0907745
60730168024,2564.0,92.16,5.92,5.5,White,Low_poverty,LPW,32.8564751,-116.881043
60730009001,1229.0,47.27,21.81,41.66,Other,Low_poverty,LPO,32.7537247,-117.1400499
60730095051,1038.0,68.5,0.0,4.53,White,Low_poverty,LPW,32.8336316,-117.0560613
60730168042,1473.0,65.17,11.27,34.08,White,Low_poverty,LPW,32.8626413,-116.9152509
60730168041,2039.0,72.63,12.6,10.98,White,Low_poverty,LPW,32.8657631,-116.9046594
60730043002,2091.0,68.39,7.72,20.47,White,Low_poverty,LPW,32.7353279,-117.1272233
60730170511,1553.0,53.38,1.55,15.39,White,Low_poverty,LPW,32.9955915,-117.064798
60730169012,1943.0,79.46,2.42,13.33,White,Low_poverty,LPW,32.8854286,-116.9420975
60730031154,1968.0,7.77,1.59,31.66,Other,Low_poverty,LPO,32.6931805,-117.044442
60730188024,1890.0,78.25,8.31,17.72,White,Low_poverty,LPW,33.3491188,-117.1727675
60730152002,1209.0,72.37,4.63,26.55,White,Low_poverty,LPW,32.764284,-116.9978285
60730184003,1202.0,45.59,13.73,38.35,Other,Low_poverty,LPO,33.1966921,-117.3760367
60730083552,2559.0,18.95,2.9,17.63,Other,Low_poverty,LPO,32.9215041,-117.1248432
60730195011,2284.0,5.78,23.0,93.82,Minority,Low_poverty,LPM,33.2101532,-117.2481989
60730137012,868.0,62.56,6.57,21.31,White,Low_poverty,LPW,32.7562487,-116.9978638
60730173032,1167.0,86.29,6.68,9.6,White,Low_poverty,LPW,33.0018093,-117.2636175
60730171061,1469.0,84.68,24.62,0.68,White,Low_poverty,LPW,33.0072991,-117.2301592
60730200231,2892.0,41.04,2.65,44.82,Other,Low_poverty,LPO,33.1443283,-117.1501026
60730178114,720.0,92.22,2.22,3.47,White,Low_poverty,LPW,33.107313,-117.3110454
60730170153,4493.0,53.66,15.74,20.79,White,Low_poverty,LPW,33.0417215,-117.0709571
60730185161,2582.0,46.98,8.47,33.43,Other,Low_poverty,LPO,33.2003826,-117.2988685
60730198092,1382.0,73.59,1.74,13.02,White,Low_poverty,LPW,33.170751,-117.2659616
60730162011,2189.0,63.41,6.08,30.52,White,Low_poverty,LPW,32.8106967,-116.9853359
60730076007,344.0,94.77,12.5,5.23,White,Low_poverty,LPW,32.7895354,-117.2527002
60730221001,2609.0,78.31,4.94,9.04,White,Low_poverty,LPW,33.1364305,-117.3025918
60730078002,596.0,67.95,7.38,26.51,White,Low_poverty,LPW,32.807006,-117.2198018
60730083542,2664.0,23.35,5.26,8.26,Other,Low_poverty,LPO,32.9284272,-117.1225547
60730077012,927.0,83.93,10.36,2.48,White,Low_poverty,LPW,32.7845886,-117.2380249
60730093062,699.0,30.76,1.43,29.9,Other,Low_poverty,LPO,32.8000368,-117.1261193
60730213041,1488.0,64.58,2.42,31.52,White,Low_poverty,LPW,32.6847916,-116.8687112
60730191012,472.0,70.97,22.88,19.7,White,Low_poverty,LPW,33.3286177,-117.0427555
60730207091,3478.0,57.68,6.07,24.09,White,Low_poverty,LPW,33.1311558,-116.9769969
60730134192,1152.0,25.52,0.0,47.31,Other,Low_poverty,LPO,32.653664,-116.9681127
60730165043,455.0,51.65,6.59,27.91,White,Low_poverty,LPW,32.8113996,-116.9531161
60730185132,5419.0,51.5,5.78,34.31,White,Low_poverty,LPW,33.2245563,-117.3110903
60730083121,538.0,77.88,1.12,7.99,White,Low_poverty,LPW,32.9053825,-117.252727
60730212021,2186.0,68.02,7.53,18.62,White,Low_poverty,LPW,32.8704274,-116.6372756
60730212041,2539.0,94.49,11.76,3.66,White,Low_poverty,LPW,32.7991926,-116.79434
60730166122,888.0,63.29,9.57,25.0,White,Low_poverty,LPW,32.8534954,-117.0091169
60730098022,1025.0,55.22,30.63,26.54,White,High_poverty,HPW,32.8011558,-117.0094017
60730097061,1242.0,84.7,0.0,5.23,White,Low_poverty,LPW,32.7852456,-117.0400525
60730096032,1120.0,58.39,25.54,25.27,White,Low_poverty,LPW,32.7867315,-117.1067273
60730095061,2795.0,61.79,2.4,21.79,White,Low_poverty,LPW,32.8244863,-117.0893658
60730083102,1752.0,70.09,0.91,22.09,White,Low_poverty,LPW,32.8227803,-117.2453617
60730082002,1139.0,83.76,3.62,8.17,White,Low_poverty,LPW,32.8463177,-117.2765927
60730075015,365.0,88.22,12.88,3.56,White,Low_poverty,LPW,32.7518594,-117.249371
60730034011,1965.0,9.52,6.82,75.88,Minority,Low_poverty,LPM,32.7310972,-117.0939213
60730036031,1934.0,0.98,23.68,94.0,Minority,Low_poverty,LPM,32.6871318,-117.1103976
60730028043,896.0,60.6,15.96,29.35,White,Low_poverty,LPW,32.7603347,-117.0756864
60730166061,2307.0,59.82,4.9,27.91,White,Low_poverty,LPW,32.8392995,-117.0105038
60730083571,1423.0,28.39,3.44,11.11,Other,Low_poverty,LPO,32.9186177,-117.1304977
60730083481,2356.0,22.03,9.21,18.93,Other,Low_poverty,LPO,32.9126233,-117.1638763
60730083432,1388.0,45.97,32.06,20.46,Other,High_poverty,HPO,32.8625433,-117.2137018
60730083301,2444.0,66.9,8.31,3.68,White,Low_poverty,LPW,32.9510538,-117.2184255
60730100103,1270.0,11.81,10.21,69.53,Minority,Low_poverty,LPM,32.5747341,-117.058853
60730134102,1059.0,56.0,14.83,40.13,White,Low_poverty,LPW,32.6671235,-117.0028425
60730213033,712.0,86.94,25.0,13.06,White,Low_poverty,LPW,32.7229546,-116.8835149
60730120031,1244.0,10.29,8.6,60.77,Minority,Low_poverty,LPM,32.6844348,-117.0690185
60730170343,1909.0,52.91,7.07,13.15,White,Low_poverty,LPW,32.9886553,-117.0896256
60730170226,1222.0,57.2,9.26,8.18,White,Low_poverty,LPW,32.9085642,-117.1046265
60730170141,1282.0,80.58,6.38,9.99,White,Low_poverty,LPW,33.0183582,-117.0716919
60730169021,2841.0,63.71,12.63,17.74,White,Low_poverty,LPW,32.9312875,-116.8538493
60730168061,1943.0,79.26,7.98,19.4,White,Low_poverty,LPW,32.8320855,-116.9287865
60730093011,768.0,49.48,8.33,13.67,Other,Low_poverty,LPO,32.8056697,-117.1374047
60730083592,1951.0,20.96,16.45,36.49,Other,Low_poverty,LPO,32.9042504,-117.1210367
60730003001,547.0,65.63,2.93,26.5,White,Low_poverty,LPW,32.7473602,-117.1666806
60730111002,1508.0,89.32,3.18,3.98,White,Low_poverty,LPW,32.6973094,-117.1794765
60730068011,2971.0,68.93,12.99,18.04,White,Low_poverty,LPW,32.7547548,-117.2292638
60730208071,2720.0,82.87,13.93,11.8,White,Low_poverty,LPW,33.0729131,-116.8231124
60730204031,1794.0,46.49,7.92,38.91,Other,Low_poverty,LPO,33.1024615,-117.0860651
60730203062,1985.0,69.97,11.13,7.4,White,Low_poverty,LPW,33.1331105,-117.1440531
60730202062,2061.0,22.42,7.09,74.53,Minority,Low_poverty,LPM,33.1408887,-117.0586306
60730201072,1938.0,39.06,11.46,54.8,Minority,Low_poverty,LPM,33.1489958,-117.0719458
60730200201,5231.0,48.88,4.47,27.01,Other,Low_poverty,LPO,33.1667746,-117.1733584
60730200142,2514.0,67.86,3.98,15.31,White,Low_poverty,LPW,33.0978559,-117.2536051
60730199041,2893.0,71.31,4.71,20.67,White,Low_poverty,LPW,33.1745112,-117.2402117
60730197012,2911.0,41.36,20.36,44.24,Other,Low_poverty,LPO,33.1913184,-117.2586928
60730031121,1856.0,15.36,32.83,63.74,Minority,High_poverty,HPM,32.7086218,-117.056505
60730102005,631.0,59.9,14.58,27.1,White,Low_poverty,LPW,32.5815023,-117.1309862
60730100091,3765.0,0.27,27.36,99.74,Minority,Low_poverty,LPM,32.5453695,-117.0559349
60730101102,1891.0,20.94,14.97,59.23,Minority,Low_poverty,LPM,32.5728373,-117.086239
60730133031,2879.0,18.51,16.24,77.25,Minority,Low_poverty,LPM,32.6052762,-117.0558846
60730139081,1066.0,17.64,11.91,77.11,Minority,Low_poverty,LPM,32.711405,-116.9995724
60730032093,1167.0,12.94,2.83,50.64,Minority,Low_poverty,LPM,32.6790866,-117.0388095
60730210004,1032.0,47.09,18.7,52.81,Minority,Low_poverty,LPM,33.2474898,-116.3290841
60730208092,2998.0,68.01,5.43,21.44,White,Low_poverty,LPW,33.0265145,-116.8485801
60730206021,1860.0,7.63,23.49,92.37,Minority,Low_poverty,LPM,33.1247099,-117.0675582
60730171081,1093.0,81.88,0.74,4.57,White,Low_poverty,LPW,33.0552173,-117.2582004
60730170441,2432.0,46.79,2.92,18.63,Other,Low_poverty,LPO,32.9249078,-117.0727219
60730192071,3364.0,65.78,3.78,28.78,White,Low_poverty,LPW,33.2349615,-117.2024693
60730192032,1863.0,58.45,3.71,32.58,White,Low_poverty,LPW,33.2332536,-117.2375151
60730191052,2758.0,72.15,2.15,8.05,White,Low_poverty,LPW,33.225247,-117.1140597
60730189034,833.0,52.58,23.17,45.02,White,Low_poverty,LPW,33.3865308,-117.2555126
60730188022,1383.0,70.93,11.28,20.9,White,Low_poverty,LPW,33.334365,-117.2033247
60730185182,2228.0,17.24,19.91,76.03,Minority,Low_poverty,LPM,33.1873762,-117.2921464
60730180001,676.0,96.01,5.72,3.11,White,Low_poverty,LPW,33.1641898,-117.3572635
60730177021,1558.0,75.74,3.92,20.47,White,Low_poverty,LPW,33.0583931,-117.2973931
60730176012,1862.0,82.98,5.64,6.82,White,Low_poverty,LPW,33.0767169,-117.290341
60730174033,1387.0,81.54,0.0,7.14,White,Low_poverty,LPW,33.0413326,-117.2641395
60730083433,809.0,53.77,14.09,11.12,White,Low_poverty,LPW,32.8653028,-117.2147295
60730212042,2475.0,82.71,4.64,13.73,White,Low_poverty,LPW,32.81654,-116.7512837
60730154052,1525.0,86.43,2.3,8.59,White,Low_poverty,LPW,32.7777437,-116.9157385
60730134111,2026.0,31.69,7.7,54.15,Minority,Low_poverty,LPM,32.6573357,-117.0169946
60730024013,1792.0,32.25,8.59,55.35,Minority,Low_poverty,LPM,32.7471033,-117.1187179
60730039021,1030.0,1.84,32.62,98.15,Minority,High_poverty,HPM,32.6994484,-117.1294499
60730025011,2026.0,4.74,7.32,81.19,Minority,Low_poverty,LPM,32.7380994,-117.1095942
60730135051,2342.0,42.27,8.54,40.35,Other,Low_poverty,LPO,32.7391151,-116.9669046
60730133021,2113.0,31.66,7.37,64.74,Minority,Low_poverty,LPM,32.6172124,-117.0436939
60730059002,1021.0,67.97,9.11,26.93,White,Low_poverty,LPW,32.7292768,-117.164375
60730036021,1668.0,1.8,23.44,88.73,Minority,Low_poverty,LPM,32.6929528,-117.105261
60730121021,1949.0,9.8,8.36,73.07,Minority,Low_poverty,LPM,32.6686202,-117.082093
60730198093,923.0,82.12,4.77,13.87,White,Low_poverty,LPW,33.1797036,-117.2769638
60730203042,698.0,65.9,0.0,9.89,White,Low_poverty,LPW,33.1679294,-117.1363347
60730200211,3257.0,29.94,17.19,51.21,Minority,Low_poverty,LPM,33.150745,-117.177058
60730200151,2324.0,78.7,6.29,6.46,White,Low_poverty,LPW,33.0882102,-117.2508345
60730090001,3420.0,18.65,10.63,65.38,Minority,Low_poverty,LPM,32.7771882,-117.1767401
60730032142,2067.0,9.48,1.6,77.41,Minority,Low_poverty,LPM,32.6975961,-117.0155069
60730179002,891.0,66.44,4.38,31.76,White,Low_poverty,LPW,33.162339,-117.3479234
60730176041,3541.0,69.64,6.83,26.12,White,Low_poverty,LPW,33.06099,-117.2757907
60730171084,964.0,75.41,1.26,10.48,White,Low_poverty,LPW,33.0486724,-117.255927
60730080033,1116.0,86.11,6.9,10.13,White,Low_poverty,LPW,32.8043812,-117.2588906
60730192052,2978.0,33.51,19.46,60.17,Minority,Low_poverty,LPM,33.2253159,-117.2355392
60730190021,2175.0,54.07,10.36,39.58,White,Low_poverty,LPW,33.3908759,-117.1450804
60730188032,1252.0,74.44,3.67,19.17,White,Low_poverty,LPW,33.2774817,-117.1696462
60730204011,966.0,80.23,0.83,17.91,White,Low_poverty,LPW,33.0662672,-117.0755248
60730170202,1301.0,80.4,0.0,5.53,White,Low_poverty,LPW,33.0252442,-117.0384407
60730168063,1678.0,46.25,7.03,37.72,Other,Low_poverty,LPO,32.8224809,-116.927349
60730166072,2074.0,80.14,0.92,13.26,White,Low_poverty,LPW,32.8607962,-116.9650585
60730097051,926.0,79.27,1.19,13.83,White,Low_poverty,LPW,32.7899479,-117.0687396
60730095091,3126.0,52.18,10.15,22.36,White,Low_poverty,LPW,32.8089036,-117.0870148
60730083451,1168.0,60.96,4.99,14.13,White,Low_poverty,LPW,32.8506331,-117.1853613
60730083062,1226.0,78.71,2.45,8.65,White,Low_poverty,LPW,32.8428882,-117.2263389
60730075022,983.0,80.87,11.39,18.21,White,Low_poverty,LPW,32.7490068,-117.25244
60730085131,1861.0,59.27,4.08,15.21,White,Low_poverty,LPW,32.8019874,-117.1758426
60730171102,8202.0,59.88,7.19,23.87,White,Low_poverty,LPW,33.0778986,-117.1962459
60730186032,1206.0,27.86,46.35,67.16,Minority,High_poverty,HPM,33.215899,-117.354356
